scenario,instance_id,b_C,b_R,solution_id,cost,risk,archive_id,solution_path
baseline,test-Test-4-000--revision-v4,51700.426665000006,15393.350068342135,7f468db3d4e5b381ce0ffaae12d5809272f831ad732186367cc8d2c0b4f0c1bd,34916.597803000026,11309.691628639162,PPO-Test-4-large-r1-B40320,solutions/test-Test-4-000--revision-v4/7f468db3d4e5b381ce0ffaae12d5809272f831ad732186367cc8d2c0b4f0c1bd.json
baseline,test-Test-4-000--revision-v4,51700.426665000006,15393.350068342135,a01a7a48307c42f475be918aa9ea02813b1f3baff34dd0d865355500292f95bd,35168.40480300003,11186.421480529143,PPO-Test-4-large-r1-B40320,solutions/test-Test-4-000--revision-v4/a01a7a48307c42f475be918aa9ea02813b1f3baff34dd0d865355500292f95bd.json
baseline,test-Test-4-000--revision-v4,51700.426665000006,15393.350068342135,f3511f752995283ae677b6368816c1679d774434876fdda71d0ddc8505429310,35582.67589800003,11146.870175569946,PPO-Test-4-large-r1-B40320,solutions/test-Test-4-000--revision-v4/f3511f752995283ae677b6368816c1679d774434876fdda71d0ddc8505429310.json
baseline,test-Test-4-000--revision-v4,51700.426665000006,15393.350068342135,24f41f0b0cb9f93817e46e9f1ee7a3fa11f119a71364da214eb13465c3d54742,35718.87939600002,10327.926913661575,PPO-Test-4-large-r2-B40320,solutions/test-Test-4-000--revision-v4/24f41f0b0cb9f93817e46e9f1ee7a3fa11f119a71364da214eb13465c3d54742.json
baseline,test-Test-4-000--revision-v4,51700.426665000006,15393.350068342135,649574e3c4bcff56b95458adb4cd54f3694249bc9e65fb821d5c8bbb2176f24a,35744.82634900001,8974.285956691641,PPO-Test-4-large-r0-B40320,solutions/test-Test-4-000--revision-v4/649574e3c4bcff56b95458adb4cd54f3694249bc9e65fb821d5c8bbb2176f24a.json
baseline,test-Test-4-000--revision-v4,51700.426665000006,15393.350068342135,e14c574eec47a0e80e60434c6c5afaeabc304d29a205140e6b8e8e84024e084e,35770.487097000005,8631.104113721925,PPO-Test-4-large-r0-B40320,solutions/test-Test-4-000--revision-v4/e14c574eec47a0e80e60434c6c5afaeabc304d29a205140e6b8e8e84024e084e.json
baseline,test-Test-4-000--revision-v4,51700.426665000006,15393.350068342135,61e1d802f8aecf46da0826f9a6b7b846b09c3d991d4074369f522038380c4c4d,36160.68901600002,8447.429975016756,PPO-Test-4-large-r0-B40320,solutions/test-Test-4-000--revision-v4/61e1d802f8aecf46da0826f9a6b7b846b09c3d991d4074369f522038380c4c4d.json
baseline,test-Test-4-000--revision-v4,51700.426665000006,15393.350068342135,96f1f0ee6cb74bc746b29f91a84f49bc878ce2ba5fe877e6c116e9e81d4dd2e9,36261.93300600002,7270.723367619426,PPO-Test-4-large-r1-B40320,solutions/test-Test-4-000--revision-v4/96f1f0ee6cb74bc746b29f91a84f49bc878ce2ba5fe877e6c116e9e81d4dd2e9.json
baseline,test-Test-4-000--revision-v4,51700.426665000006,15393.350068342135,4fb4a6f390c284e31b30d2ec060c42100fd2bc624055d4650d5bdb97b5bc355b,36573.56100600002,7253.467282626684,PPO-Test-4-large-r1-B40320,solutions/test-Test-4-000--revision-v4/4fb4a6f390c284e31b30d2ec060c42100fd2bc624055d4650d5bdb97b5bc355b.json
baseline,test-Test-4-000--revision-v4,51700.426665000006,15393.350068342135,a1f3a0f28c05ff982e25822ef8d07de6a8cb95858e9952404ca93058e104b4b2,36586.603519000004,4663.557303520598,PPO-Test-4-large-r0-B40320,solutions/test-Test-4-000--revision-v4/a1f3a0f28c05ff982e25822ef8d07de6a8cb95858e9952404ca93058e104b4b2.json
baseline,test-Test-4-000--revision-v4,51700.426665000006,15393.350068342135,29074b26d60b047c93cefffa5e4ac1241792006904affbdbd7a9590570a51e3d,36710.586070000005,4627.369404592713,PPO-Test-4-large-r0-B40320,solutions/test-Test-4-000--revision-v4/29074b26d60b047c93cefffa5e4ac1241792006904affbdbd7a9590570a51e3d.json
baseline,test-Test-4-000--revision-v4,51700.426665000006,15393.350068342135,1304440d12d400d4e22728d1fc8b1efcb82cca0a33822e5c3145e3ff6dd71c7d,36710.800003,4610.578948748348,PPO-Test-4-large-r0-B40320,solutions/test-Test-4-000--revision-v4/1304440d12d400d4e22728d1fc8b1efcb82cca0a33822e5c3145e3ff6dd71c7d.json
baseline,test-Test-4-000--revision-v4,51700.426665000006,15393.350068342135,a0b4be97594e7b6d17f8d9f0271f8247c550ab2853533a7ac4ed2972880903ab,36725.866918,4596.720449581045,PPO-Test-4-large-r0-B40320,solutions/test-Test-4-000--revision-v4/a0b4be97594e7b6d17f8d9f0271f8247c550ab2853533a7ac4ed2972880903ab.json
baseline,test-Test-4-000--revision-v4,51700.426665000006,15393.350068342135,e7d1be50dd9cf17b7f6812f1919b7e4baeade38a1f19517b79ff5b896fd1e88f,36762.595918,4596.066666677609,PPO-Test-4-large-r0-B40320,solutions/test-Test-4-000--revision-v4/e7d1be50dd9cf17b7f6812f1919b7e4baeade38a1f19517b79ff5b896fd1e88f.json
baseline,test-Test-4-000--revision-v4,51700.426665000006,15393.350068342135,325a575c28a6f362c242b13487142d889fca12c426b516a683e1ed0236492cfc,37051.312917999996,4589.704146914068,PPO-Test-4-large-r0-B40320,solutions/test-Test-4-000--revision-v4/325a575c28a6f362c242b13487142d889fca12c426b516a683e1ed0236492cfc.json
baseline,test-Test-4-000--revision-v4,51700.426665000006,15393.350068342135,277ca6f2f1a5a7ee764c0119e04195841c0f7333e24baeacd2a77e0ef35cbf75,37164.97891800001,4095.288678035187,PPO-Test-4-large-r0-B40320,solutions/test-Test-4-000--revision-v4/277ca6f2f1a5a7ee764c0119e04195841c0f7333e24baeacd2a77e0ef35cbf75.json
baseline,test-Test-4-000--revision-v4,51700.426665000006,15393.350068342135,bc6f091e6b31bcba95b7e8e9633f31de527755d071313fbd6fb723558f842830,39346.59501000002,3796.6066749295733,PPO-Test-4-large-r2-B40320,solutions/test-Test-4-000--revision-v4/bc6f091e6b31bcba95b7e8e9633f31de527755d071313fbd6fb723558f842830.json
baseline,test-Test-4-000--revision-v4,51700.426665000006,15393.350068342135,cab8b6077b5308e5b85a541613dadeef0cccfd893fe5e8219d19a86cf16dcc5d,39350.773284000024,3780.1336707816617,PPO-Test-4-large-r2-B40320,solutions/test-Test-4-000--revision-v4/cab8b6077b5308e5b85a541613dadeef0cccfd893fe5e8219d19a86cf16dcc5d.json
baseline,test-Test-4-000--revision-v4,51700.426665000006,15393.350068342135,e41e672e913937cb39db73b54ca2883dc9ca089c700d289bee13c8fbd00803f8,39537.884010000016,3777.432326498359,PPO-Test-4-large-r2-B40320,solutions/test-Test-4-000--revision-v4/e41e672e913937cb39db73b54ca2883dc9ca089c700d289bee13c8fbd00803f8.json
baseline,test-Test-4-000--revision-v4,51700.426665000006,15393.350068342135,73eeebd8802b90a5aab914b3eb2ba0dbe2ffc2f0f0f14832c4d7cd511b65fd49,39553.22609200001,2974.3982077403566,PPO-Test-4-large-r0-B40320,solutions/test-Test-4-000--revision-v4/73eeebd8802b90a5aab914b3eb2ba0dbe2ffc2f0f0f14832c4d7cd511b65fd49.json
baseline,test-Test-4-000--revision-v4,51700.426665000006,15393.350068342135,f78b2c166b65ff54c3d92dfa4fb6081ce5ecea780aa7c19eb9694475bf7a044e,39736.894381000006,2955.5530649118464,PPO-Test-4-large-r0-B40320,solutions/test-Test-4-000--revision-v4/f78b2c166b65ff54c3d92dfa4fb6081ce5ecea780aa7c19eb9694475bf7a044e.json
baseline,test-Test-4-000--revision-v4,51700.426665000006,15393.350068342135,932892b3ba43be3720c58e63d1f42bbf55156d87ae4b5903108f5f0cee0da113,39753.064381000004,2905.429431787267,PPO-Test-4-large-r0-B40320,solutions/test-Test-4-000--revision-v4/932892b3ba43be3720c58e63d1f42bbf55156d87ae4b5903108f5f0cee0da113.json
baseline,test-Test-4-000--revision-v4,51700.426665000006,15393.350068342135,a7adc7ecb9c85222dcda1285d71f2e893f46aaa17727a713f7f71fb1f0bd4b9d,40168.419381,2905.2132167748955,PPO-Test-4-large-r0-B40320,solutions/test-Test-4-000--revision-v4/a7adc7ecb9c85222dcda1285d71f2e893f46aaa17727a713f7f71fb1f0bd4b9d.json
baseline,test-Test-4-000--revision-v4,51700.426665000006,15393.350068342135,0c1ed6019ef87f44b9d1a242808fc657ba1b0100547344475dc3424083d3f8bb,40728.449465000005,2665.5609128170126,PPO-Test-4-large-r0-B40320,solutions/test-Test-4-000--revision-v4/0c1ed6019ef87f44b9d1a242808fc657ba1b0100547344475dc3424083d3f8bb.json
baseline,test-Test-4-000--revision-v4,51700.426665000006,15393.350068342135,174c0b16f50a7154e3a7a422d3d60064a3cf5425f4a0731a47d729019a067447,40728.65401700001,2630.593295860971,PPO-Test-4-large-r0-B40320,solutions/test-Test-4-000--revision-v4/174c0b16f50a7154e3a7a422d3d60064a3cf5425f4a0731a47d729019a067447.json
baseline,test-Test-4-000--revision-v4,51700.426665000006,15393.350068342135,cdbe9675e2e39389275f9133abbe224767da30cfd53e6b29ed75a3632e217c9d,40760.244017000005,2629.821666568596,PPO-Test-4-large-r0-B40320,solutions/test-Test-4-000--revision-v4/cdbe9675e2e39389275f9133abbe224767da30cfd53e6b29ed75a3632e217c9d.json
baseline,test-Test-4-000--revision-v4,51700.426665000006,15393.350068342135,a6ace0ffd0f74811b1816575b908e72ea1477dd1b96e9b3a9c32c6ef0bad8c74,40823.427016999995,2629.311951066464,PPO-Test-4-large-r0-B40320,solutions/test-Test-4-000--revision-v4/a6ace0ffd0f74811b1816575b908e72ea1477dd1b96e9b3a9c32c6ef0bad8c74.json
baseline,test-Test-4-000--revision-v4,51700.426665000006,15393.350068342135,44cd67d40a4ef8f1a96e8a6f70c55af68f11e665d7093faf1daa86075be3d4c9,40886.115017,2628.5974023224276,PPO-Test-4-large-r0-B40320,solutions/test-Test-4-000--revision-v4/44cd67d40a4ef8f1a96e8a6f70c55af68f11e665d7093faf1daa86075be3d4c9.json
baseline,test-Test-4-000--revision-v4,51700.426665000006,15393.350068342135,934998fd7095572334577ccc03af9164bfe796708b91d2ab7a763023bd6f10c5,40940.708116999995,2606.0283098786363,PPO-Test-4-large-r0-B40320,solutions/test-Test-4-000--revision-v4/934998fd7095572334577ccc03af9164bfe796708b91d2ab7a763023bd6f10c5.json
baseline,test-Test-4-000--revision-v4,51700.426665000006,15393.350068342135,f87654c90b1829f0a99ee078a21fad31537450fd6bd6ca1968b79f4f5d40bc1c,40943.402117,2605.0469794672026,PPO-Test-4-large-r0-B40320,solutions/test-Test-4-000--revision-v4/f87654c90b1829f0a99ee078a21fad31537450fd6bd6ca1968b79f4f5d40bc1c.json
baseline,test-Test-4-000--revision-v4,51700.426665000006,15393.350068342135,d74847a1c2814573577479971bdae272b1489b56df517fd901a1a4eb6d7aba4d,40955.16211699999,2602.286471716795,PPO-Test-4-large-r0-B40320,solutions/test-Test-4-000--revision-v4/d74847a1c2814573577479971bdae272b1489b56df517fd901a1a4eb6d7aba4d.json
baseline,test-Test-4-000--revision-v4,51700.426665000006,15393.350068342135,c96d686ffd23acc62797f3c2c1fef4085a73d40d4bc5794c1f26a59abe168230,40958.079017000004,2571.7561620228535,PPO-Test-4-large-r0-B40320,solutions/test-Test-4-000--revision-v4/c96d686ffd23acc62797f3c2c1fef4085a73d40d4bc5794c1f26a59abe168230.json
baseline,test-Test-4-000--revision-v4,51700.426665000006,15393.350068342135,905df79946aa7eb4138b659b6d094dc25678b45bce5ec7dc5b380d56dd7ba109,40999.845225000005,2552.930796410612,PPO-Test-4-large-r0-B40320,solutions/test-Test-4-000--revision-v4/905df79946aa7eb4138b659b6d094dc25678b45bce5ec7dc5b380d56dd7ba109.json
baseline,test-Test-4-000--revision-v4,51700.426665000006,15393.350068342135,f10a8205ccdb58192200027f70edd6e92c829774944044745f5f7bf323bb9638,41280.78998900002,2540.4886548301274,PPO-Test-4-large-r2-B40320,solutions/test-Test-4-000--revision-v4/f10a8205ccdb58192200027f70edd6e92c829774944044745f5f7bf323bb9638.json
baseline,test-Test-4-000--revision-v4,51700.426665000006,15393.350068342135,f5f39003d22734c388168848fd723769e28cad3d52113296a5e6e5568c7182f1,41326.110990000016,2513.4809597865215,PPO-Test-4-large-r2-B40320,solutions/test-Test-4-000--revision-v4/f5f39003d22734c388168848fd723769e28cad3d52113296a5e6e5568c7182f1.json
baseline,test-Test-4-000--revision-v4,51700.426665000006,15393.350068342135,51350064855be2b9ecc3068653ff6f59da7e71a4007152cbba23aa15a3641045,41957.632570000016,2419.157196052356,PPO-Test-4-large-r2-B40320,solutions/test-Test-4-000--revision-v4/51350064855be2b9ecc3068653ff6f59da7e71a4007152cbba23aa15a3641045.json
baseline,test-Test-4-000--revision-v4,51700.426665000006,15393.350068342135,ef6456c745990eb7fe8bc0eaa781c82b9a1178d7e28eab603255417ce0919c37,42201.160074999985,1773.88090444967,PPO-Test-4-large-r1-B40320,solutions/test-Test-4-000--revision-v4/ef6456c745990eb7fe8bc0eaa781c82b9a1178d7e28eab603255417ce0919c37.json
baseline,test-Test-4-000--revision-v4,51700.426665000006,15393.350068342135,48d3ffa813c210a94e59ae81c8d40326b36e5ed14ee942b9752805af2809f736,42307.92195099998,1772.988483124354,PPO-Test-4-large-r1-B40320,solutions/test-Test-4-000--revision-v4/48d3ffa813c210a94e59ae81c8d40326b36e5ed14ee942b9752805af2809f736.json
baseline,test-Test-4-000--revision-v4,51700.426665000006,15393.350068342135,e47a1b9ea09b811fae17db9a6a971dcb3fcfe3ef9119cdb2151276e35abb81f2,42334.231452999986,1755.5620953339271,PPO-Test-4-large-r1-B40320,solutions/test-Test-4-000--revision-v4/e47a1b9ea09b811fae17db9a6a971dcb3fcfe3ef9119cdb2151276e35abb81f2.json
baseline,test-Test-4-000--revision-v4,51700.426665000006,15393.350068342135,db0cd8c8a06780404c70b19bb891e63b1a1bd7457b91dfcb3016a5a8420dc892,42547.67895099997,1746.68834525278,PPO-Test-4-large-r1-B40320,solutions/test-Test-4-000--revision-v4/db0cd8c8a06780404c70b19bb891e63b1a1bd7457b91dfcb3016a5a8420dc892.json
baseline,test-Test-4-000--revision-v4,51700.426665000006,15393.350068342135,fc36c8a8a7f4844bc20ad2836ac92e442cdf7b1dca33991a350f04b28e2c1717,42576.18405899998,1740.1558071244915,PPO-Test-4-large-r1-B40320,solutions/test-Test-4-000--revision-v4/fc36c8a8a7f4844bc20ad2836ac92e442cdf7b1dca33991a350f04b28e2c1717.json
baseline,test-Test-4-000--revision-v4,51700.426665000006,15393.350068342135,92ef839e3cf22a4571c408abe5b7fbe6c466c74271c44c1651a3398781a06fb9,45375.16922199998,1664.471452391625,PPO-Test-4-large-r2-B40320,solutions/test-Test-4-000--revision-v4/92ef839e3cf22a4571c408abe5b7fbe6c466c74271c44c1651a3398781a06fb9.json
baseline,test-Test-4-000--revision-v4,51700.426665000006,15393.350068342135,0e5247a540f79054d9bb97138440b32d1607912b54908893d49b6d01b15f06be,45388.04064899999,1648.5423187125905,PPO-Test-4-large-r2-B40320,solutions/test-Test-4-000--revision-v4/0e5247a540f79054d9bb97138440b32d1607912b54908893d49b6d01b15f06be.json
baseline,test-Test-4-000--revision-v4,51700.426665000006,15393.350068342135,263950ae79d7d6764ea3e178e41ba862a795fe4a2f5d94d67c1b89499207253c,45725.856648999994,1644.0537067349367,PPO-Test-4-large-r2-B40320,solutions/test-Test-4-000--revision-v4/263950ae79d7d6764ea3e178e41ba862a795fe4a2f5d94d67c1b89499207253c.json
baseline,test-Test-4-000--revision-v4,51700.426665000006,15393.350068342135,f9a529cbcdd8b12b85523bab93b38577853c2325e9265690c7c37d2ca7bfcc50,46059.281649000004,1639.6145229610463,PPO-Test-4-large-r2-B40320,solutions/test-Test-4-000--revision-v4/f9a529cbcdd8b12b85523bab93b38577853c2325e9265690c7c37d2ca7bfcc50.json
baseline,test-Test-4-000--revision-v4,51700.426665000006,15393.350068342135,32efef81d5630a9a86e098cbf33be207a614456c05c75603129773ceaa9d689e,46075.232649000005,1639.0662896937777,PPO-Test-4-large-r2-B40320,solutions/test-Test-4-000--revision-v4/32efef81d5630a9a86e098cbf33be207a614456c05c75603129773ceaa9d689e.json
baseline,test-Test-4-000--revision-v4,51700.426665000006,15393.350068342135,91e327329806b9c99f8bffdba3a2404b086f6eee9a776dd8da322a1c7faa4b5d,48502.349220000004,1327.4836934712457,PPO-Test-4-large-r1-B40320,solutions/test-Test-4-000--revision-v4/91e327329806b9c99f8bffdba3a2404b086f6eee9a776dd8da322a1c7faa4b5d.json
baseline,test-Test-4-000--revision-v4,51700.426665000006,15393.350068342135,6a93cbb6a58e43a738879b1f764b0d30307f2cbc22e9242d9e70d9dbbf95ea77,49328.450214000004,1299.0589258955886,PPO-Test-4-large-r1-B40320,solutions/test-Test-4-000--revision-v4/6a93cbb6a58e43a738879b1f764b0d30307f2cbc22e9242d9e70d9dbbf95ea77.json
baseline,test-Test-4-000--revision-v4,51700.426665000006,15393.350068342135,1122263f90ae5d34ff117c54813d40359774206124fd888bf086a9a3556c73c3,49331.72491999999,1278.6058279676256,PPO-Test-4-large-r1-B40320,solutions/test-Test-4-000--revision-v4/1122263f90ae5d34ff117c54813d40359774206124fd888bf086a9a3556c73c3.json
capacity-70,test-Test-4-000--revision-v4--capacity-70,54207.20426199997,10099.99439118735,95a13c3135287f074caea858964ef1715d6c9f4d5aea03e6f3ff11a0b2424915,36820.16146300001,5640.3565427562235,PPO-capacity-70-large-r2-B40320,solutions/test-Test-4-000--revision-v4--capacity-70/95a13c3135287f074caea858964ef1715d6c9f4d5aea03e6f3ff11a0b2424915.json
capacity-70,test-Test-4-000--revision-v4--capacity-70,54207.20426199997,10099.99439118735,5e3025016cb787156d40093fcbc6b40a7a8525e27e537ce0bb78dbc42ae7b8ee,36877.340560000004,5625.243993839467,PPO-capacity-70-large-r2-B40320,solutions/test-Test-4-000--revision-v4--capacity-70/5e3025016cb787156d40093fcbc6b40a7a8525e27e537ce0bb78dbc42ae7b8ee.json
capacity-70,test-Test-4-000--revision-v4--capacity-70,54207.20426199997,10099.99439118735,8fa9986735451e845aa61fe3ec450542527f12ec41449a7af15c3f6c456685ff,37064.047339000004,5590.667728122213,PPO-capacity-70-large-r2-B40320,solutions/test-Test-4-000--revision-v4--capacity-70/8fa9986735451e845aa61fe3ec450542527f12ec41449a7af15c3f6c456685ff.json
capacity-70,test-Test-4-000--revision-v4--capacity-70,54207.20426199997,10099.99439118735,8edaf0b11e8077c8e16b555a7d6239735af87b41baeed7908779251faf7fb023,37073.31646300001,5577.543786670984,PPO-capacity-70-large-r2-B40320,solutions/test-Test-4-000--revision-v4--capacity-70/8edaf0b11e8077c8e16b555a7d6239735af87b41baeed7908779251faf7fb023.json
capacity-70,test-Test-4-000--revision-v4--capacity-70,54207.20426199997,10099.99439118735,7f8954eb3a5af9e2e2f456953e4c6352d0060318b68509c6f34bda22377dbd6f,37120.17029500001,5518.6695096465,PPO-capacity-70-large-r2-B40320,solutions/test-Test-4-000--revision-v4--capacity-70/7f8954eb3a5af9e2e2f456953e4c6352d0060318b68509c6f34bda22377dbd6f.json
capacity-70,test-Test-4-000--revision-v4--capacity-70,54207.20426199997,10099.99439118735,92e5c9d282aa2a4b066afcc0a6d6a65f81d2dad68676fc0cfb0dfd951cdd643c,37407.38946300001,5506.457435180118,PPO-capacity-70-large-r2-B40320,solutions/test-Test-4-000--revision-v4--capacity-70/92e5c9d282aa2a4b066afcc0a6d6a65f81d2dad68676fc0cfb0dfd951cdd643c.json
capacity-70,test-Test-4-000--revision-v4--capacity-70,54207.20426199997,10099.99439118735,8a658f2cdcaca0906690174656ea975ac6c8becd47b7fad9cbc70ac1bdf5fa08,37416.981612,5495.847886393124,PPO-capacity-70-large-r2-B40320,solutions/test-Test-4-000--revision-v4--capacity-70/8a658f2cdcaca0906690174656ea975ac6c8becd47b7fad9cbc70ac1bdf5fa08.json
capacity-70,test-Test-4-000--revision-v4--capacity-70,54207.20426199997,10099.99439118735,45cbe98a04c93384a8adf23343f5370dae6d2edae3f8b114f62617b4d1dd38d4,37914.653793000005,5443.773064891497,PPO-capacity-70-large-r2-B40320,solutions/test-Test-4-000--revision-v4--capacity-70/45cbe98a04c93384a8adf23343f5370dae6d2edae3f8b114f62617b4d1dd38d4.json
capacity-70,test-Test-4-000--revision-v4--capacity-70,54207.20426199997,10099.99439118735,ea9267a348a614b1742f223ed008a1aaba5068fbb77e927ee639ba2aee90adf5,37990.825047000006,5369.601406880232,PPO-capacity-70-large-r2-B40320,solutions/test-Test-4-000--revision-v4--capacity-70/ea9267a348a614b1742f223ed008a1aaba5068fbb77e927ee639ba2aee90adf5.json
capacity-70,test-Test-4-000--revision-v4--capacity-70,54207.20426199997,10099.99439118735,e68782c2ba6bd0501ed1f1da203bcf4f2d5b9226c77352258c2c75d329b1ed3f,38600.94821300001,5359.193723490734,PPO-capacity-70-large-r2-B40320,solutions/test-Test-4-000--revision-v4--capacity-70/e68782c2ba6bd0501ed1f1da203bcf4f2d5b9226c77352258c2c75d329b1ed3f.json
capacity-70,test-Test-4-000--revision-v4--capacity-70,54207.20426199997,10099.99439118735,218957ae9e7eb0fbf59ece978604d8e107b80f7d40374e094382897024047852,38784.02944199998,5096.883900041162,PPO-capacity-70-large-r1-B40320,solutions/test-Test-4-000--revision-v4--capacity-70/218957ae9e7eb0fbf59ece978604d8e107b80f7d40374e094382897024047852.json
capacity-70,test-Test-4-000--revision-v4--capacity-70,54207.20426199997,10099.99439118735,88d03a19e640555e193d998972421e645eb431edeb693bfe33ab176bce400499,38984.93252999997,5074.967207135178,PPO-capacity-70-large-r1-B40320,solutions/test-Test-4-000--revision-v4--capacity-70/88d03a19e640555e193d998972421e645eb431edeb693bfe33ab176bce400499.json
capacity-70,test-Test-4-000--revision-v4--capacity-70,54207.20426199997,10099.99439118735,bc60dd6232686921a4303a3a7c3015b67b93ed09feeee1c9c080c52d9bcd8c29,39062.79452999997,5042.016456592795,PPO-capacity-70-large-r1-B40320,solutions/test-Test-4-000--revision-v4--capacity-70/bc60dd6232686921a4303a3a7c3015b67b93ed09feeee1c9c080c52d9bcd8c29.json
capacity-70,test-Test-4-000--revision-v4--capacity-70,54207.20426199997,10099.99439118735,153dd10b701c8b45857d216dc5b39fca7c48faffe9433a98b8541c127ba1b62a,39136.74052999998,4047.6093773130274,PPO-capacity-70-large-r1-B40320,solutions/test-Test-4-000--revision-v4--capacity-70/153dd10b701c8b45857d216dc5b39fca7c48faffe9433a98b8541c127ba1b62a.json
capacity-70,test-Test-4-000--revision-v4--capacity-70,54207.20426199997,10099.99439118735,ed221568513def66ae9683b4ccaea6dea92168cf5712569535314187d0af8979,39229.69437799999,3879.023360679575,PPO-capacity-70-large-r1-B40320,solutions/test-Test-4-000--revision-v4--capacity-70/ed221568513def66ae9683b4ccaea6dea92168cf5712569535314187d0af8979.json
capacity-70,test-Test-4-000--revision-v4--capacity-70,54207.20426199997,10099.99439118735,db4f22eb22030c4ec0a0c4df94d527c20f76695e8e305bad923c8f97614d9d06,39342.28737799998,3835.93514497959,PPO-capacity-70-large-r1-B40320,solutions/test-Test-4-000--revision-v4--capacity-70/db4f22eb22030c4ec0a0c4df94d527c20f76695e8e305bad923c8f97614d9d06.json
capacity-70,test-Test-4-000--revision-v4--capacity-70,54207.20426199997,10099.99439118735,4ae2339c47607d3b095cd7f2870bf4861aa412774fb32fb45b84132263ceed35,39415.81737799998,3775.9212943879475,PPO-capacity-70-large-r1-B40320,solutions/test-Test-4-000--revision-v4--capacity-70/4ae2339c47607d3b095cd7f2870bf4861aa412774fb32fb45b84132263ceed35.json
capacity-70,test-Test-4-000--revision-v4--capacity-70,54207.20426199997,10099.99439118735,9615038734da8979b3f484dde1d54c29b1b403eb064daf4bf6768680c7321520,39826.564516999984,3752.1612095345367,PPO-capacity-70-large-r1-B40320,solutions/test-Test-4-000--revision-v4--capacity-70/9615038734da8979b3f484dde1d54c29b1b403eb064daf4bf6768680c7321520.json
capacity-70,test-Test-4-000--revision-v4--capacity-70,54207.20426199997,10099.99439118735,c390a5a630030d1c17f781188f6a661c196431c9d98d5782fd8e87b324972bf2,40497.11758499997,3250.6000653902847,PPO-capacity-70-large-r1-B40320,solutions/test-Test-4-000--revision-v4--capacity-70/c390a5a630030d1c17f781188f6a661c196431c9d98d5782fd8e87b324972bf2.json
capacity-70,test-Test-4-000--revision-v4--capacity-70,54207.20426199997,10099.99439118735,90b3b1a14ab7a972cf7549f2dd4d362c68c3cb39f402f480f8a718f22e8afa37,40680.65423099998,3245.2060055823704,PPO-capacity-70-large-r1-B40320,solutions/test-Test-4-000--revision-v4--capacity-70/90b3b1a14ab7a972cf7549f2dd4d362c68c3cb39f402f480f8a718f22e8afa37.json
capacity-70,test-Test-4-000--revision-v4--capacity-70,54207.20426199997,10099.99439118735,dfbd1988be875d46b7e67f3477edc203d6eb32a571799a1d5c86a99fa919c082,40799.60808799999,2806.4021746537637,PPO-capacity-70-large-r1-B40320,solutions/test-Test-4-000--revision-v4--capacity-70/dfbd1988be875d46b7e67f3477edc203d6eb32a571799a1d5c86a99fa919c082.json
capacity-70,test-Test-4-000--revision-v4--capacity-70,54207.20426199997,10099.99439118735,29cf7b270382a1bd41432b55e46f8d436e29a82e7173f84234fd0e8c961e8bb6,41622.139469999995,2790.0314217771024,PPO-capacity-70-large-r1-B40320,solutions/test-Test-4-000--revision-v4--capacity-70/29cf7b270382a1bd41432b55e46f8d436e29a82e7173f84234fd0e8c961e8bb6.json
capacity-70,test-Test-4-000--revision-v4--capacity-70,54207.20426199997,10099.99439118735,70afca2498b8a48d623bd82fca8eb63dbfbf1afbeb1aeeca2bc5226b2ed1f355,41687.780485999996,2788.3769962657384,PPO-capacity-70-large-r1-B40320,solutions/test-Test-4-000--revision-v4--capacity-70/70afca2498b8a48d623bd82fca8eb63dbfbf1afbeb1aeeca2bc5226b2ed1f355.json
capacity-70,test-Test-4-000--revision-v4--capacity-70,54207.20426199997,10099.99439118735,796f51fb9593a45081f48f338de50c07433340cedda5d35bd51a48c3602232d2,42357.42037699998,2785.638689759609,PPO-capacity-70-large-r0-B40320,solutions/test-Test-4-000--revision-v4--capacity-70/796f51fb9593a45081f48f338de50c07433340cedda5d35bd51a48c3602232d2.json
capacity-70,test-Test-4-000--revision-v4--capacity-70,54207.20426199997,10099.99439118735,add4d31033ae3b180bd33cf220580e7caabb83065f66c09d3ef41dafd012c931,43018.12232899997,2458.869091166711,PPO-capacity-70-large-r0-B40320,solutions/test-Test-4-000--revision-v4--capacity-70/add4d31033ae3b180bd33cf220580e7caabb83065f66c09d3ef41dafd012c931.json
capacity-70,test-Test-4-000--revision-v4--capacity-70,54207.20426199997,10099.99439118735,35a443b32c18c6f6de79e448c43d4e6a736e3bba86ed4391c08c332ff21113f9,43087.009486999974,2438.7620600137006,PPO-capacity-70-large-r0-B40320,solutions/test-Test-4-000--revision-v4--capacity-70/35a443b32c18c6f6de79e448c43d4e6a736e3bba86ed4391c08c332ff21113f9.json
capacity-70,test-Test-4-000--revision-v4--capacity-70,54207.20426199997,10099.99439118735,fac346505fbf5affd64637948600479dd02f197a92e0e4f2da3bbf8d198d8a4e,44546.07063299998,2435.2797772900744,PPO-capacity-70-large-r2-B40320,solutions/test-Test-4-000--revision-v4--capacity-70/fac346505fbf5affd64637948600479dd02f197a92e0e4f2da3bbf8d198d8a4e.json
capacity-70,test-Test-4-000--revision-v4--capacity-70,54207.20426199997,10099.99439118735,b891e9c8a5bf6c7358858f51130ca017d820961f23b6dbc0ae9e4b0a2e112553,44925.36963299999,2409.8510605646247,PPO-capacity-70-large-r2-B40320,solutions/test-Test-4-000--revision-v4--capacity-70/b891e9c8a5bf6c7358858f51130ca017d820961f23b6dbc0ae9e4b0a2e112553.json
capacity-70,test-Test-4-000--revision-v4--capacity-70,54207.20426199997,10099.99439118735,b61c35f01200933112a101aca4b09d396200f93860b0d4c1eb4433fbe7fbccd7,44936.59996200001,2354.9451232978513,PPO-capacity-70-large-r0-B40320,solutions/test-Test-4-000--revision-v4--capacity-70/b61c35f01200933112a101aca4b09d396200f93860b0d4c1eb4433fbe7fbccd7.json
capacity-70,test-Test-4-000--revision-v4--capacity-70,54207.20426199997,10099.99439118735,15229740a1ac8dbab36d94869cb9eb6e0cbeda2ddd4df4a21ba0047514584ca8,45086.860196000016,2349.5960580668284,PPO-capacity-70-large-r0-B40320,solutions/test-Test-4-000--revision-v4--capacity-70/15229740a1ac8dbab36d94869cb9eb6e0cbeda2ddd4df4a21ba0047514584ca8.json
capacity-70,test-Test-4-000--revision-v4--capacity-70,54207.20426199997,10099.99439118735,0d486b61b12dc391bd09f3cdaca73aee2981f77f4421de6b82ce81c80d55e72d,45091.64819600002,2349.269439709207,PPO-capacity-70-large-r0-B40320,solutions/test-Test-4-000--revision-v4--capacity-70/0d486b61b12dc391bd09f3cdaca73aee2981f77f4421de6b82ce81c80d55e72d.json
capacity-70,test-Test-4-000--revision-v4--capacity-70,54207.20426199997,10099.99439118735,8ebc421a94496339b3f3c60526148c2c4671d2b4ef3c238c6ba856ab337c6859,45239.63868800001,2334.87034411614,PPO-capacity-70-large-r0-B40320,solutions/test-Test-4-000--revision-v4--capacity-70/8ebc421a94496339b3f3c60526148c2c4671d2b4ef3c238c6ba856ab337c6859.json
capacity-70,test-Test-4-000--revision-v4--capacity-70,54207.20426199997,10099.99439118735,9095f93ee8be79008da023ab7b52f2e7d52bc0d28ea929966a3f55482d301681,45424.22167900001,2231.4423751769023,PPO-capacity-70-large-r0-B40320,solutions/test-Test-4-000--revision-v4--capacity-70/9095f93ee8be79008da023ab7b52f2e7d52bc0d28ea929966a3f55482d301681.json
capacity-70,test-Test-4-000--revision-v4--capacity-70,54207.20426199997,10099.99439118735,5e88531806174a60c0a6629b9804332ba505fd2bbea5353f475be723bcc18b66,46458.51236499998,2175.428051581333,PPO-capacity-70-large-r0-B40320,solutions/test-Test-4-000--revision-v4--capacity-70/5e88531806174a60c0a6629b9804332ba505fd2bbea5353f475be723bcc18b66.json
capacity-70,test-Test-4-000--revision-v4--capacity-70,54207.20426199997,10099.99439118735,2bee491a1398c97fb4921fe9b7cd466a8d8d81ab9d84ed718ecf5cad73b8ea25,46709.45641299997,2124.0509290589794,PPO-capacity-70-large-r0-B40320,solutions/test-Test-4-000--revision-v4--capacity-70/2bee491a1398c97fb4921fe9b7cd466a8d8d81ab9d84ed718ecf5cad73b8ea25.json
capacity-70,test-Test-4-000--revision-v4--capacity-70,54207.20426199997,10099.99439118735,6cc516b11a27cd8ee6128fb0d93a40bf9dad2155f3dc764c5c17c06cf9a1f455,50025.20342799997,2076.097145159746,PPO-capacity-70-large-r2-B40320,solutions/test-Test-4-000--revision-v4--capacity-70/6cc516b11a27cd8ee6128fb0d93a40bf9dad2155f3dc764c5c17c06cf9a1f455.json
capacity-70,test-Test-4-000--revision-v4--capacity-70,54207.20426199997,10099.99439118735,9797762c15f20b9f63be60ccfc143f7e2f7523f97c0f4659927c31e955f2e40f,50450.36042799998,2061.40470878493,PPO-capacity-70-large-r2-B40320,solutions/test-Test-4-000--revision-v4--capacity-70/9797762c15f20b9f63be60ccfc143f7e2f7523f97c0f4659927c31e955f2e40f.json
capacity-80,test-Test-4-000--revision-v4--capacity-80,53720.242923999984,12160.408486884107,d12c0e33ed07201a75d7fef72ce6574515a4f7d45468660cf9ed329327103838,36507.659125999984,7363.170315886715,PPO-capacity-80-large-r1-B40320,solutions/test-Test-4-000--revision-v4--capacity-80/d12c0e33ed07201a75d7fef72ce6574515a4f7d45468660cf9ed329327103838.json
capacity-80,test-Test-4-000--revision-v4--capacity-80,53720.242923999984,12160.408486884107,214a3e9190031d5db0442064572e3780c00d8acc397e3d470bf4b14c3dff4c11,37250.72798199998,7322.1788543731345,PPO-capacity-80-large-r1-B40320,solutions/test-Test-4-000--revision-v4--capacity-80/214a3e9190031d5db0442064572e3780c00d8acc397e3d470bf4b14c3dff4c11.json
capacity-80,test-Test-4-000--revision-v4--capacity-80,53720.242923999984,12160.408486884107,34822914de39573740515698d85e7d498b975c579893f07e4f0643c597cd465b,37261.35998199999,7271.70251433664,PPO-capacity-80-large-r1-B40320,solutions/test-Test-4-000--revision-v4--capacity-80/34822914de39573740515698d85e7d498b975c579893f07e4f0643c597cd465b.json
capacity-80,test-Test-4-000--revision-v4--capacity-80,53720.242923999984,12160.408486884107,89efed52f95da2cb4dead07c625795c8d35c3b5449d9b0216efbd292184f55f4,37488.29092599999,7026.427056637503,PPO-capacity-80-large-r1-B40320,solutions/test-Test-4-000--revision-v4--capacity-80/89efed52f95da2cb4dead07c625795c8d35c3b5449d9b0216efbd292184f55f4.json
capacity-80,test-Test-4-000--revision-v4--capacity-80,53720.242923999984,12160.408486884107,36c8c80818a9ce9a783b65bf340eb98cf50868955c94eae988d52cd13562dd15,38037.404929,5040.4426412932025,PPO-capacity-80-large-r0-B40320,solutions/test-Test-4-000--revision-v4--capacity-80/36c8c80818a9ce9a783b65bf340eb98cf50868955c94eae988d52cd13562dd15.json
capacity-80,test-Test-4-000--revision-v4--capacity-80,53720.242923999984,12160.408486884107,279bb9742382ff5d6f2cc6658d9ac2bafb3e4a97fecfffd3f7b87d0acd5c3431,38230.856929,5039.989413569085,PPO-capacity-80-large-r0-B40320,solutions/test-Test-4-000--revision-v4--capacity-80/279bb9742382ff5d6f2cc6658d9ac2bafb3e4a97fecfffd3f7b87d0acd5c3431.json
capacity-80,test-Test-4-000--revision-v4--capacity-80,53720.242923999984,12160.408486884107,bc3d42ece9c5fd18ba1d3f324eb2f66d76aeb8ccd3400dde0f3ce294cbd55700,38234.80634899999,5039.358265306965,PPO-capacity-80-large-r0-B40320,solutions/test-Test-4-000--revision-v4--capacity-80/bc3d42ece9c5fd18ba1d3f324eb2f66d76aeb8ccd3400dde0f3ce294cbd55700.json
capacity-80,test-Test-4-000--revision-v4--capacity-80,53720.242923999984,12160.408486884107,42d7ddfd49388ead13e5e95a49c38fe7088562f1302c21c33ccc272f3584797a,38345.62713199998,4756.378844247271,PPO-capacity-80-large-r2-B40320,solutions/test-Test-4-000--revision-v4--capacity-80/42d7ddfd49388ead13e5e95a49c38fe7088562f1302c21c33ccc272f3584797a.json
capacity-80,test-Test-4-000--revision-v4--capacity-80,53720.242923999984,12160.408486884107,88aa999e906730ef8d7694a0577055e2d4acf1031ca1d92d15d6449f6341469e,38411.910283999976,4744.196840693744,PPO-capacity-80-large-r2-B40320,solutions/test-Test-4-000--revision-v4--capacity-80/88aa999e906730ef8d7694a0577055e2d4acf1031ca1d92d15d6449f6341469e.json
capacity-80,test-Test-4-000--revision-v4--capacity-80,53720.242923999984,12160.408486884107,fc42a0b554da19d89fbdaa657744512007f351c45b27aff9cdde678c28535ca6,38680.179931999985,4716.277721352792,PPO-capacity-80-large-r2-B40320,solutions/test-Test-4-000--revision-v4--capacity-80/fc42a0b554da19d89fbdaa657744512007f351c45b27aff9cdde678c28535ca6.json
capacity-80,test-Test-4-000--revision-v4--capacity-80,53720.242923999984,12160.408486884107,607c39389311998e0c32869a27142b570cb2b5b2cc3a0f7f9768bd0274364310,39366.839131999965,4608.856991929019,PPO-capacity-80-large-r2-B40320,solutions/test-Test-4-000--revision-v4--capacity-80/607c39389311998e0c32869a27142b570cb2b5b2cc3a0f7f9768bd0274364310.json
capacity-80,test-Test-4-000--revision-v4--capacity-80,53720.242923999984,12160.408486884107,87e7345f35dd21fe205677fccd3ac3abe65b49f7cb8134bb46bf86f3a814fbb4,39793.06413199999,4502.470467028411,PPO-capacity-80-large-r2-B40320,solutions/test-Test-4-000--revision-v4--capacity-80/87e7345f35dd21fe205677fccd3ac3abe65b49f7cb8134bb46bf86f3a814fbb4.json
capacity-80,test-Test-4-000--revision-v4--capacity-80,53720.242923999984,12160.408486884107,e5abf0628c9ab6d25c952f2cc0c467620ae78fcdfb604836d1c107e2a3109fcf,39847.02008999999,3615.5755353517047,PPO-capacity-80-large-r0-B40320,solutions/test-Test-4-000--revision-v4--capacity-80/e5abf0628c9ab6d25c952f2cc0c467620ae78fcdfb604836d1c107e2a3109fcf.json
capacity-80,test-Test-4-000--revision-v4--capacity-80,53720.242923999984,12160.408486884107,81aad3f22c52a332bb23ba954bbd30eca0de21ca5657d2ca076101394e2ac9b1,39900.70394199999,3598.1993708284413,PPO-capacity-80-large-r0-B40320,solutions/test-Test-4-000--revision-v4--capacity-80/81aad3f22c52a332bb23ba954bbd30eca0de21ca5657d2ca076101394e2ac9b1.json
capacity-80,test-Test-4-000--revision-v4--capacity-80,53720.242923999984,12160.408486884107,4453554272d296a5ea07388d07a38c53a8559cb0f658cfdd4108ceafc65ba4c4,40001.83808999999,3596.8931182086844,PPO-capacity-80-large-r0-B40320,solutions/test-Test-4-000--revision-v4--capacity-80/4453554272d296a5ea07388d07a38c53a8559cb0f658cfdd4108ceafc65ba4c4.json
capacity-80,test-Test-4-000--revision-v4--capacity-80,53720.242923999984,12160.408486884107,65a306abf4ac38515d9d632bdd929baa1674d41dee1cef9fd212155bc30390b2,40175.44688999999,3568.0844227343373,PPO-capacity-80-large-r0-B40320,solutions/test-Test-4-000--revision-v4--capacity-80/65a306abf4ac38515d9d632bdd929baa1674d41dee1cef9fd212155bc30390b2.json
capacity-80,test-Test-4-000--revision-v4--capacity-80,53720.242923999984,12160.408486884107,67f2e2ed76ab9bb1d7cd424c6bb7ee85048284b3dd1e734f09ed95f1d5bb3240,40508.09008999999,3389.605885965075,PPO-capacity-80-large-r0-B40320,solutions/test-Test-4-000--revision-v4--capacity-80/67f2e2ed76ab9bb1d7cd424c6bb7ee85048284b3dd1e734f09ed95f1d5bb3240.json
capacity-80,test-Test-4-000--revision-v4--capacity-80,53720.242923999984,12160.408486884107,b05f0b9a55d5945025e95a176e1a48b60f4cc1acb5382ef602eb0cefd2734d5c,41572.02178599999,2702.069835318499,PPO-capacity-80-large-r1-B40320,solutions/test-Test-4-000--revision-v4--capacity-80/b05f0b9a55d5945025e95a176e1a48b60f4cc1acb5382ef602eb0cefd2734d5c.json
capacity-80,test-Test-4-000--revision-v4--capacity-80,53720.242923999984,12160.408486884107,c44ef656ecc59e993ecda09cc5a9a3d8603c698bc9442b7ad2c2f8be22cbf8f1,41633.24778599999,2701.078796867594,PPO-capacity-80-large-r1-B40320,solutions/test-Test-4-000--revision-v4--capacity-80/c44ef656ecc59e993ecda09cc5a9a3d8603c698bc9442b7ad2c2f8be22cbf8f1.json
capacity-80,test-Test-4-000--revision-v4--capacity-80,53720.242923999984,12160.408486884107,c3cc9b1f9053b3de95b91262dd2c0c67220dc15780db5d0c25fad395d2670406,41813.045743999995,2672.1472700911354,PPO-capacity-80-large-r1-B40320,solutions/test-Test-4-000--revision-v4--capacity-80/c3cc9b1f9053b3de95b91262dd2c0c67220dc15780db5d0c25fad395d2670406.json
capacity-80,test-Test-4-000--revision-v4--capacity-80,53720.242923999984,12160.408486884107,16f380b2ea6717136cb78bada57b27173dc2cd6fbe768a382ba664a4d885285b,43106.78280999998,2484.28987602221,PPO-capacity-80-large-r2-B40320,solutions/test-Test-4-000--revision-v4--capacity-80/16f380b2ea6717136cb78bada57b27173dc2cd6fbe768a382ba664a4d885285b.json
capacity-80,test-Test-4-000--revision-v4--capacity-80,53720.242923999984,12160.408486884107,007f8e4cb6170ed26dff4a8c4de10e23b622f2f2e0a4c5922e96ffa18f2b9016,43118.330809999985,2469.021897608398,PPO-capacity-80-large-r2-B40320,solutions/test-Test-4-000--revision-v4--capacity-80/007f8e4cb6170ed26dff4a8c4de10e23b622f2f2e0a4c5922e96ffa18f2b9016.json
capacity-80,test-Test-4-000--revision-v4--capacity-80,53720.242923999984,12160.408486884107,8082ae4eff2532d2338e98ec629597e90dc038351db8b545595931804f440d46,43519.48481,2444.5046057691443,PPO-capacity-80-large-r2-B40320,solutions/test-Test-4-000--revision-v4--capacity-80/8082ae4eff2532d2338e98ec629597e90dc038351db8b545595931804f440d46.json
capacity-80,test-Test-4-000--revision-v4--capacity-80,53720.242923999984,12160.408486884107,a3b6468f699ad38f69e9402e4ba9c671344cb6bf879ae31e723176a91853e5b8,44341.56078400001,2403.211670398515,PPO-capacity-80-large-r2-B40320,solutions/test-Test-4-000--revision-v4--capacity-80/a3b6468f699ad38f69e9402e4ba9c671344cb6bf879ae31e723176a91853e5b8.json
capacity-80,test-Test-4-000--revision-v4--capacity-80,53720.242923999984,12160.408486884107,967974d00c1acd3852d27587a5d691aa0997fd5155a4afe3c8b7177e67b157ce,44402.973708,2027.4767196736752,PPO-capacity-80-large-r2-B40320,solutions/test-Test-4-000--revision-v4--capacity-80/967974d00c1acd3852d27587a5d691aa0997fd5155a4afe3c8b7177e67b157ce.json
capacity-80,test-Test-4-000--revision-v4--capacity-80,53720.242923999984,12160.408486884107,3bb7721707d1989666b4abe8942492c94ee55ae29a62caeb267b27f23ba896e6,44555.514707999995,2023.509816405489,PPO-capacity-80-large-r2-B40320,solutions/test-Test-4-000--revision-v4--capacity-80/3bb7721707d1989666b4abe8942492c94ee55ae29a62caeb267b27f23ba896e6.json
capacity-80,test-Test-4-000--revision-v4--capacity-80,53720.242923999984,12160.408486884107,ae19d2e7aa57b7ed45b75efa9855d784ad102378e52b2b902333001fcf01ecc8,44626.476183,2017.3523806452185,PPO-capacity-80-large-r2-B40320,solutions/test-Test-4-000--revision-v4--capacity-80/ae19d2e7aa57b7ed45b75efa9855d784ad102378e52b2b902333001fcf01ecc8.json
capacity-80,test-Test-4-000--revision-v4--capacity-80,53720.242923999984,12160.408486884107,36c41136729a1c2307108fecb3e34d253d7059bbc83f0331be21df98c6ba6da3,44649.40302799999,2015.8105293023002,PPO-capacity-80-large-r2-B40320,solutions/test-Test-4-000--revision-v4--capacity-80/36c41136729a1c2307108fecb3e34d253d7059bbc83f0331be21df98c6ba6da3.json
capacity-80,test-Test-4-000--revision-v4--capacity-80,53720.242923999984,12160.408486884107,0043649383115a153636356bbf411f24a6a4bbf53e16e56e83da128d13ea768a,44694.56675300001,1928.4433113063953,PPO-capacity-80-large-r2-B40320,solutions/test-Test-4-000--revision-v4--capacity-80/0043649383115a153636356bbf411f24a6a4bbf53e16e56e83da128d13ea768a.json
capacity-80,test-Test-4-000--revision-v4--capacity-80,53720.242923999984,12160.408486884107,d7a8228c93937e8cb42731c2067857f5c49dde81d070bfdcf62c6f882438d5f3,44834.696769,1908.8926480563823,PPO-capacity-80-large-r2-B40320,solutions/test-Test-4-000--revision-v4--capacity-80/d7a8228c93937e8cb42731c2067857f5c49dde81d070bfdcf62c6f882438d5f3.json
capacity-80,test-Test-4-000--revision-v4--capacity-80,53720.242923999984,12160.408486884107,e6c17994de356777f2cb71b9d1828ddcbc383d3e814e5e3391748095a4f8500c,45038.20445700002,1891.6899140331595,PPO-capacity-80-large-r2-B40320,solutions/test-Test-4-000--revision-v4--capacity-80/e6c17994de356777f2cb71b9d1828ddcbc383d3e814e5e3391748095a4f8500c.json
capacity-80,test-Test-4-000--revision-v4--capacity-80,53720.242923999984,12160.408486884107,c372dbbdc17b837d32059f5e0e0a85abde64698d932e4b5800a3a6488e7ce20d,48391.92444200002,1447.4353298135911,PPO-capacity-80-large-r1-B40320,solutions/test-Test-4-000--revision-v4--capacity-80/c372dbbdc17b837d32059f5e0e0a85abde64698d932e4b5800a3a6488e7ce20d.json
capacity-80,test-Test-4-000--revision-v4--capacity-80,53720.242923999984,12160.408486884107,fd47c329014a73b036c1e20b1bd5d3d1acc402ba483b4a1bdfaae5423580ec6e,48582.787442,1311.6482011039848,PPO-capacity-80-large-r1-B40320,solutions/test-Test-4-000--revision-v4--capacity-80/fd47c329014a73b036c1e20b1bd5d3d1acc402ba483b4a1bdfaae5423580ec6e.json
capacity-80,test-Test-4-000--revision-v4--capacity-80,53720.242923999984,12160.408486884107,1996e9099acaeb2ebbad76ae300b2a441b4afadd0ea8f48b39a09a3e97c7c00f,48681.385442000006,1306.415640920933,PPO-capacity-80-large-r1-B40320,solutions/test-Test-4-000--revision-v4--capacity-80/1996e9099acaeb2ebbad76ae300b2a441b4afadd0ea8f48b39a09a3e97c7c00f.json
capacity-80,test-Test-4-000--revision-v4--capacity-80,53720.242923999984,12160.408486884107,ba19f8939435ca62848749ed8b8b778d403bffa1148bdb727cc25eaab5759a62,48682.254562,1291.2241644862788,PPO-capacity-80-large-r1-B40320,solutions/test-Test-4-000--revision-v4--capacity-80/ba19f8939435ca62848749ed8b8b778d403bffa1148bdb727cc25eaab5759a62.json
capacity-120,test-Test-4-000--revision-v4--capacity-120,51700.426665000006,15393.350068342135,d78cc2ff202cdbd84023366e692fbf14db13bdca33016f8770970022a4ac6132,33926.52017500002,10422.377874122249,PPO-capacity-120-large-r1-B40320,solutions/test-Test-4-000--revision-v4--capacity-120/d78cc2ff202cdbd84023366e692fbf14db13bdca33016f8770970022a4ac6132.json
capacity-120,test-Test-4-000--revision-v4--capacity-120,51700.426665000006,15393.350068342135,915a326907b57564e8dfeebda878635800e00536421deeafef98b2e39d9f40b9,33931.515175000015,10369.829601992706,PPO-capacity-120-large-r1-B40320,solutions/test-Test-4-000--revision-v4--capacity-120/915a326907b57564e8dfeebda878635800e00536421deeafef98b2e39d9f40b9.json
capacity-120,test-Test-4-000--revision-v4--capacity-120,51700.426665000006,15393.350068342135,d4e86ed53cf6f3141c4dc23290d39f3b45a3d2dee6054b4687aad09fac3fa7bf,34025.32817500002,10210.471585901254,PPO-capacity-120-large-r1-B40320,solutions/test-Test-4-000--revision-v4--capacity-120/d4e86ed53cf6f3141c4dc23290d39f3b45a3d2dee6054b4687aad09fac3fa7bf.json
capacity-120,test-Test-4-000--revision-v4--capacity-120,51700.426665000006,15393.350068342135,4220fd222d4a2cb9e0593887134369d5cbfeae688016884d7acab5cb5f8cfe2c,34104.97101600003,9968.754250597614,PPO-capacity-120-large-r2-B40320,solutions/test-Test-4-000--revision-v4--capacity-120/4220fd222d4a2cb9e0593887134369d5cbfeae688016884d7acab5cb5f8cfe2c.json
capacity-120,test-Test-4-000--revision-v4--capacity-120,51700.426665000006,15393.350068342135,30e174e9d539b5ec3d73708dc446586cd212e739467b2c2083923a45672599ba,34138.38801600003,9940.786578364066,PPO-capacity-120-large-r2-B40320,solutions/test-Test-4-000--revision-v4--capacity-120/30e174e9d539b5ec3d73708dc446586cd212e739467b2c2083923a45672599ba.json
capacity-120,test-Test-4-000--revision-v4--capacity-120,51700.426665000006,15393.350068342135,63131c6f4f6c63093cb7779fa5fd20837eb69f324659bf61816c2b4ba1b39bf8,34205.42171200003,9934.936748369002,PPO-capacity-120-large-r2-B40320,solutions/test-Test-4-000--revision-v4--capacity-120/63131c6f4f6c63093cb7779fa5fd20837eb69f324659bf61816c2b4ba1b39bf8.json
capacity-120,test-Test-4-000--revision-v4--capacity-120,51700.426665000006,15393.350068342135,92b68d279ce6d78e4acc67bc8d79554a733481ebd7a66f4ba88b3f0c42385258,34228.76901600003,9918.134368855604,PPO-capacity-120-large-r2-B40320,solutions/test-Test-4-000--revision-v4--capacity-120/92b68d279ce6d78e4acc67bc8d79554a733481ebd7a66f4ba88b3f0c42385258.json
capacity-120,test-Test-4-000--revision-v4--capacity-120,51700.426665000006,15393.350068342135,adeb9465d48333ae6a62a077ec85992dd7e9e095dea59c07a87b0defd3db45cb,34241.59701600003,9912.108776712541,PPO-capacity-120-large-r2-B40320,solutions/test-Test-4-000--revision-v4--capacity-120/adeb9465d48333ae6a62a077ec85992dd7e9e095dea59c07a87b0defd3db45cb.json
capacity-120,test-Test-4-000--revision-v4--capacity-120,51700.426665000006,15393.350068342135,2a2e904e4c4630a1eddf56cc172737c382c604a4c006d687218d9005394a0c1b,34302.63501600002,9862.559666152445,PPO-capacity-120-large-r2-B40320,solutions/test-Test-4-000--revision-v4--capacity-120/2a2e904e4c4630a1eddf56cc172737c382c604a4c006d687218d9005394a0c1b.json
capacity-120,test-Test-4-000--revision-v4--capacity-120,51700.426665000006,15393.350068342135,c973cabe6802ecb1d2e41fc4a1373b3fcbb1ed0689cfbfba31e2e91038047cba,34334.27495700003,9700.65718238702,PPO-capacity-120-large-r2-B40320,solutions/test-Test-4-000--revision-v4--capacity-120/c973cabe6802ecb1d2e41fc4a1373b3fcbb1ed0689cfbfba31e2e91038047cba.json
capacity-120,test-Test-4-000--revision-v4--capacity-120,51700.426665000006,15393.350068342135,6739ee87bb8112e6f221d46f2c3296becc7559099bfdb589a111e9caed57adb8,34441.18758200003,9455.726759155257,PPO-capacity-120-large-r2-B40320,solutions/test-Test-4-000--revision-v4--capacity-120/6739ee87bb8112e6f221d46f2c3296becc7559099bfdb589a111e9caed57adb8.json
capacity-120,test-Test-4-000--revision-v4--capacity-120,51700.426665000006,15393.350068342135,ced00a765672272de82f0e4f98c6d0409c793d4cec3d03bc9927e4a742f6bc65,34870.51669400003,9294.778693867802,PPO-capacity-120-large-r2-B40320,solutions/test-Test-4-000--revision-v4--capacity-120/ced00a765672272de82f0e4f98c6d0409c793d4cec3d03bc9927e4a742f6bc65.json
capacity-120,test-Test-4-000--revision-v4--capacity-120,51700.426665000006,15393.350068342135,75afed4169064039834595bc5ee3b3e04a696a4eef69a4c4cd472d2720cca1c4,35147.87587400001,7698.390345093261,PPO-capacity-120-large-r2-B40320,solutions/test-Test-4-000--revision-v4--capacity-120/75afed4169064039834595bc5ee3b3e04a696a4eef69a4c4cd472d2720cca1c4.json
capacity-120,test-Test-4-000--revision-v4--capacity-120,51700.426665000006,15393.350068342135,2ea4fa19d78fe09a66297db24d0723bcd6d330d0974bbd9ee4b5f972455c6604,35159.32387400001,7697.065925817326,PPO-capacity-120-large-r2-B40320,solutions/test-Test-4-000--revision-v4--capacity-120/2ea4fa19d78fe09a66297db24d0723bcd6d330d0974bbd9ee4b5f972455c6604.json
capacity-120,test-Test-4-000--revision-v4--capacity-120,51700.426665000006,15393.350068342135,4283a5c8e12c7d9a49dd910645ee9f53daae9751bac43c45c781b87a0c0f21a0,35190.82687400001,7678.2121772967275,PPO-capacity-120-large-r2-B40320,solutions/test-Test-4-000--revision-v4--capacity-120/4283a5c8e12c7d9a49dd910645ee9f53daae9751bac43c45c781b87a0c0f21a0.json
capacity-120,test-Test-4-000--revision-v4--capacity-120,51700.426665000006,15393.350068342135,00828458947c50ff8c2256fadd6fe49cc94c3e01a742ddf81a2217d9161645e7,35253.70486500003,5747.613033900315,PPO-capacity-120-large-r1-B40320,solutions/test-Test-4-000--revision-v4--capacity-120/00828458947c50ff8c2256fadd6fe49cc94c3e01a742ddf81a2217d9161645e7.json
capacity-120,test-Test-4-000--revision-v4--capacity-120,51700.426665000006,15393.350068342135,2050ad3f302ed2dc4b30dd5889c8f4cd98bc056bc1c792cff53f0d7c8a97e25c,35622.065865000026,5572.558026004593,PPO-capacity-120-large-r1-B40320,solutions/test-Test-4-000--revision-v4--capacity-120/2050ad3f302ed2dc4b30dd5889c8f4cd98bc056bc1c792cff53f0d7c8a97e25c.json
capacity-120,test-Test-4-000--revision-v4--capacity-120,51700.426665000006,15393.350068342135,c913be14336cc736a27e5eb5bc9b0f685808d15e918c36143041ea8a7d960133,35886.73274400004,5528.85603962546,PPO-capacity-120-large-r1-B40320,solutions/test-Test-4-000--revision-v4--capacity-120/c913be14336cc736a27e5eb5bc9b0f685808d15e918c36143041ea8a7d960133.json
capacity-120,test-Test-4-000--revision-v4--capacity-120,51700.426665000006,15393.350068342135,7f2e0377ab21971cd19dba801cf13e7f81c228ec927625b49eb349bf7e4f888f,35973.959744000036,5263.3157752778725,PPO-capacity-120-large-r1-B40320,solutions/test-Test-4-000--revision-v4--capacity-120/7f2e0377ab21971cd19dba801cf13e7f81c228ec927625b49eb349bf7e4f888f.json
capacity-120,test-Test-4-000--revision-v4--capacity-120,51700.426665000006,15393.350068342135,1baf32e8ffa9d44eaa24ad169f81e1374c6d85f97a9d58b1ed0ca68909c6df3e,37411.781235,4973.551287475254,PPO-capacity-120-large-r0-B40320,solutions/test-Test-4-000--revision-v4--capacity-120/1baf32e8ffa9d44eaa24ad169f81e1374c6d85f97a9d58b1ed0ca68909c6df3e.json
capacity-120,test-Test-4-000--revision-v4--capacity-120,51700.426665000006,15393.350068342135,b4032e24113918ff3371e16dae57cfc9b9fc36e7002e2389f20575e2c44dd0ef,37583.207639000015,3740.4772252837674,PPO-capacity-120-large-r0-B40320,solutions/test-Test-4-000--revision-v4--capacity-120/b4032e24113918ff3371e16dae57cfc9b9fc36e7002e2389f20575e2c44dd0ef.json
capacity-120,test-Test-4-000--revision-v4--capacity-120,51700.426665000006,15393.350068342135,bfaf320c619aae6bce79b5368da10fc805147dd07754bbcd84f5d1be4f83ccfb,37646.042472,3474.9888528237575,PPO-capacity-120-large-r2-B40320,solutions/test-Test-4-000--revision-v4--capacity-120/bfaf320c619aae6bce79b5368da10fc805147dd07754bbcd84f5d1be4f83ccfb.json
capacity-120,test-Test-4-000--revision-v4--capacity-120,51700.426665000006,15393.350068342135,5aa9c8bc7572bc42246d14c0d4258664ee6cdd19d2c67fea71dd929726ddf690,37692.847715,3445.341898003651,PPO-capacity-120-large-r2-B40320,solutions/test-Test-4-000--revision-v4--capacity-120/5aa9c8bc7572bc42246d14c0d4258664ee6cdd19d2c67fea71dd929726ddf690.json
capacity-120,test-Test-4-000--revision-v4--capacity-120,51700.426665000006,15393.350068342135,2b871e506e66e4324070ca1d91d7c5d85b292621b76655905966a5e3567c3891,37744.285523000006,3399.42503458112,PPO-capacity-120-large-r0-B40320,solutions/test-Test-4-000--revision-v4--capacity-120/2b871e506e66e4324070ca1d91d7c5d85b292621b76655905966a5e3567c3891.json
capacity-120,test-Test-4-000--revision-v4--capacity-120,51700.426665000006,15393.350068342135,63ebb8f88d89cb613e161ae477f06511b2ea17655292c40b4a636428a93f027d,38068.42463900001,3381.3067901518384,PPO-capacity-120-large-r0-B40320,solutions/test-Test-4-000--revision-v4--capacity-120/63ebb8f88d89cb613e161ae477f06511b2ea17655292c40b4a636428a93f027d.json
capacity-120,test-Test-4-000--revision-v4--capacity-120,51700.426665000006,15393.350068342135,e644d6606b9fa578c1612eecc0f52b934259896b33b1fa37f05bc2e9b8475af2,38169.25624700001,3365.6792643149724,PPO-capacity-120-large-r0-B40320,solutions/test-Test-4-000--revision-v4--capacity-120/e644d6606b9fa578c1612eecc0f52b934259896b33b1fa37f05bc2e9b8475af2.json
capacity-120,test-Test-4-000--revision-v4--capacity-120,51700.426665000006,15393.350068342135,5100a1e3a22ed4854f21c2e505dfac8665b9b5b9ae75676da7fe1b7a77bba878,38270.958307,3346.7179123622223,PPO-capacity-120-large-r2-B40320,solutions/test-Test-4-000--revision-v4--capacity-120/5100a1e3a22ed4854f21c2e505dfac8665b9b5b9ae75676da7fe1b7a77bba878.json
capacity-120,test-Test-4-000--revision-v4--capacity-120,51700.426665000006,15393.350068342135,b6fe3975032d6275b6bc3502386ef429abecd7cdad6f1299f971bf2f7c01efed,38916.16289600001,3322.2457614385485,PPO-capacity-120-large-r2-B40320,solutions/test-Test-4-000--revision-v4--capacity-120/b6fe3975032d6275b6bc3502386ef429abecd7cdad6f1299f971bf2f7c01efed.json
capacity-120,test-Test-4-000--revision-v4--capacity-120,51700.426665000006,15393.350068342135,276419b900e7cf00076be8c704c86572518b0db67a928df4743f8922db8182f7,38924.299371,3245.517351089597,PPO-capacity-120-large-r2-B40320,solutions/test-Test-4-000--revision-v4--capacity-120/276419b900e7cf00076be8c704c86572518b0db67a928df4743f8922db8182f7.json
capacity-120,test-Test-4-000--revision-v4--capacity-120,51700.426665000006,15393.350068342135,06f7de51a13b7835397ea01a9b2b56f92ba523c4fd4a5276d4af7286f6e8324e,39239.99937199999,2643.643050433429,PPO-capacity-120-large-r0-B40320,solutions/test-Test-4-000--revision-v4--capacity-120/06f7de51a13b7835397ea01a9b2b56f92ba523c4fd4a5276d4af7286f6e8324e.json
capacity-120,test-Test-4-000--revision-v4--capacity-120,51700.426665000006,15393.350068342135,8d31f751446b645754c8fed84cee3a83b6845c40c2876c8f8c5106f1c5cdb7d3,39305.575871999994,2625.9555204444714,PPO-capacity-120-large-r0-B40320,solutions/test-Test-4-000--revision-v4--capacity-120/8d31f751446b645754c8fed84cee3a83b6845c40c2876c8f8c5106f1c5cdb7d3.json
capacity-120,test-Test-4-000--revision-v4--capacity-120,51700.426665000006,15393.350068342135,e7fd7e1e37233da8dd23fa06afedc98ec7ffa14dab56ac2211758e68aadbdd3f,39511.52495200002,1968.9438041356877,PPO-capacity-120-large-r1-B40320,solutions/test-Test-4-000--revision-v4--capacity-120/e7fd7e1e37233da8dd23fa06afedc98ec7ffa14dab56ac2211758e68aadbdd3f.json
capacity-120,test-Test-4-000--revision-v4--capacity-120,51700.426665000006,15393.350068342135,93984e3630b10e3fe8e3ed4a9fe8c70208271e587ff97c8e2bb42cf59d1da96e,39851.28940800001,1963.5658391212398,PPO-capacity-120-large-r1-B40320,solutions/test-Test-4-000--revision-v4--capacity-120/93984e3630b10e3fe8e3ed4a9fe8c70208271e587ff97c8e2bb42cf59d1da96e.json
capacity-120,test-Test-4-000--revision-v4--capacity-120,51700.426665000006,15393.350068342135,5d06fe54cba9c0b2c868cea23a79ed671044aeb690ec9cb0c0b50ced5b1a4067,39873.655372000016,1957.4178242791781,PPO-capacity-120-large-r1-B40320,solutions/test-Test-4-000--revision-v4--capacity-120/5d06fe54cba9c0b2c868cea23a79ed671044aeb690ec9cb0c0b50ced5b1a4067.json
capacity-120,test-Test-4-000--revision-v4--capacity-120,51700.426665000006,15393.350068342135,ee8ec432487dd064ada402f59238b6a5c854859f0e74357a90a99c2a92ed5528,39897.13726200001,1926.7916104511594,PPO-capacity-120-large-r1-B40320,solutions/test-Test-4-000--revision-v4--capacity-120/ee8ec432487dd064ada402f59238b6a5c854859f0e74357a90a99c2a92ed5528.json
capacity-120,test-Test-4-000--revision-v4--capacity-120,51700.426665000006,15393.350068342135,960cf2d860fa21b2a87d560bda7b7b7c825fa42ffc7e9a95f0e48917d59ea07c,40210.73320500001,1911.3631379692074,PPO-capacity-120-large-r1-B40320,solutions/test-Test-4-000--revision-v4--capacity-120/960cf2d860fa21b2a87d560bda7b7b7c825fa42ffc7e9a95f0e48917d59ea07c.json
capacity-120,test-Test-4-000--revision-v4--capacity-120,51700.426665000006,15393.350068342135,1444429008bd63317181846ecffcbd2366c7ab7b8d9846f12373dc1102dad876,40504.489146000014,1897.3481171736,PPO-capacity-120-large-r1-B40320,solutions/test-Test-4-000--revision-v4--capacity-120/1444429008bd63317181846ecffcbd2366c7ab7b8d9846f12373dc1102dad876.json
capacity-120,test-Test-4-000--revision-v4--capacity-120,51700.426665000006,15393.350068342135,41fbcc1fa191b0ce67ecee3f245e740a767bb5d0b4fd0dd83c788fd829adf266,43003.744191,1896.371597999477,PPO-capacity-120-large-r2-B40320,solutions/test-Test-4-000--revision-v4--capacity-120/41fbcc1fa191b0ce67ecee3f245e740a767bb5d0b4fd0dd83c788fd829adf266.json
capacity-120,test-Test-4-000--revision-v4--capacity-120,51700.426665000006,15393.350068342135,c0149a7f6fe6e5b1a63d9d018d157e0bbe07ed6580be93deff8b9f47f6e4723a,43224.45353800002,1896.194471550898,PPO-capacity-120-large-r2-B40320,solutions/test-Test-4-000--revision-v4--capacity-120/c0149a7f6fe6e5b1a63d9d018d157e0bbe07ed6580be93deff8b9f47f6e4723a.json
capacity-120,test-Test-4-000--revision-v4--capacity-120,51700.426665000006,15393.350068342135,c4b4699c2b31c6decb26b88fe4491324eb336e55b8025b9b6592d70eb8080c10,43374.96008299999,1768.5215757818094,PPO-capacity-120-large-r0-B40320,solutions/test-Test-4-000--revision-v4--capacity-120/c4b4699c2b31c6decb26b88fe4491324eb336e55b8025b9b6592d70eb8080c10.json
capacity-120,test-Test-4-000--revision-v4--capacity-120,51700.426665000006,15393.350068342135,824b9f3f6bd5e5e8eda5bdd36ec715ab03ee898987b049584b428e1c7ba3f8a6,43401.16605700001,1722.8348973414352,PPO-capacity-120-large-r1-B40320,solutions/test-Test-4-000--revision-v4--capacity-120/824b9f3f6bd5e5e8eda5bdd36ec715ab03ee898987b049584b428e1c7ba3f8a6.json
capacity-120,test-Test-4-000--revision-v4--capacity-120,51700.426665000006,15393.350068342135,e8fce5762961f7cb8178b906a934968dc11cff7434f3a4d3f6fb070fcd76b5b2,43407.601249,1587.4701549843483,PPO-capacity-120-large-r1-B40320,solutions/test-Test-4-000--revision-v4--capacity-120/e8fce5762961f7cb8178b906a934968dc11cff7434f3a4d3f6fb070fcd76b5b2.json
capacity-120,test-Test-4-000--revision-v4--capacity-120,51700.426665000006,15393.350068342135,f723798ce812bffa6637b22345c3a161541ca9c2b0dc7e05bfa605b1086c9623,43729.594681999995,1580.573195995892,PPO-capacity-120-large-r0-B40320,solutions/test-Test-4-000--revision-v4--capacity-120/f723798ce812bffa6637b22345c3a161541ca9c2b0dc7e05bfa605b1086c9623.json
capacity-120,test-Test-4-000--revision-v4--capacity-120,51700.426665000006,15393.350068342135,96f1693111f78a94268d1f20584cc790d2ac7b66ca705d0b7ec479dd610f7e57,43785.702083,1578.524753257134,PPO-capacity-120-large-r0-B40320,solutions/test-Test-4-000--revision-v4--capacity-120/96f1693111f78a94268d1f20584cc790d2ac7b66ca705d0b7ec479dd610f7e57.json
capacity-120,test-Test-4-000--revision-v4--capacity-120,51700.426665000006,15393.350068342135,6cbdd8e289a0211941a66496829288f83685328da41322b50fd9e1f740795e58,43791.62708299999,1574.9852811339358,PPO-capacity-120-large-r0-B40320,solutions/test-Test-4-000--revision-v4--capacity-120/6cbdd8e289a0211941a66496829288f83685328da41322b50fd9e1f740795e58.json
capacity-120,test-Test-4-000--revision-v4--capacity-120,51700.426665000006,15393.350068342135,aa64435330d64411f8b5c606df4929d9b6e4769cc7819dc264b6f9c030ff55bf,43953.10222899999,1551.262313599735,PPO-capacity-120-large-r0-B40320,solutions/test-Test-4-000--revision-v4--capacity-120/aa64435330d64411f8b5c606df4929d9b6e4769cc7819dc264b6f9c030ff55bf.json
capacity-120,test-Test-4-000--revision-v4--capacity-120,51700.426665000006,15393.350068342135,b52a1f209b77bea5ae1bba5e8e9d72bde777013e533b0b03533ac75fac2a702d,44206.92109299996,1546.9791824133517,PPO-capacity-120-large-r0-B40320,solutions/test-Test-4-000--revision-v4--capacity-120/b52a1f209b77bea5ae1bba5e8e9d72bde777013e533b0b03533ac75fac2a702d.json
capacity-120,test-Test-4-000--revision-v4--capacity-120,51700.426665000006,15393.350068342135,55f1e064e3128f489a2ca7064ca82e785b3870ec5c2e3d0ef5601e38e84aaa73,44212.38001699996,1530.078886601769,PPO-capacity-120-large-r0-B40320,solutions/test-Test-4-000--revision-v4--capacity-120/55f1e064e3128f489a2ca7064ca82e785b3870ec5c2e3d0ef5601e38e84aaa73.json
capacity-120,test-Test-4-000--revision-v4--capacity-120,51700.426665000006,15393.350068342135,713c493eb2f7495d83700e81e194e5e359ffbd978fbb4b84725131b2e908e2c8,44460.91694299996,1310.74447179968,PPO-capacity-120-large-r0-B40320,solutions/test-Test-4-000--revision-v4--capacity-120/713c493eb2f7495d83700e81e194e5e359ffbd978fbb4b84725131b2e908e2c8.json
capacity-120,test-Test-4-000--revision-v4--capacity-120,51700.426665000006,15393.350068342135,67a1b06a48c9fa2fe824e5c021723c42716ed763465de58b0b365b890e8bc138,44499.09556699996,1284.8006117205157,PPO-capacity-120-large-r0-B40320,solutions/test-Test-4-000--revision-v4--capacity-120/67a1b06a48c9fa2fe824e5c021723c42716ed763465de58b0b365b890e8bc138.json
capacity-120,test-Test-4-000--revision-v4--capacity-120,51700.426665000006,15393.350068342135,34f7ec73b06e4246668eb53f5f865409795da34b48b1da2770693ed0d3019759,44599.79956699997,1270.6616914123617,PPO-capacity-120-large-r0-B40320,solutions/test-Test-4-000--revision-v4--capacity-120/34f7ec73b06e4246668eb53f5f865409795da34b48b1da2770693ed0d3019759.json
capacity-120,test-Test-4-000--revision-v4--capacity-120,51700.426665000006,15393.350068342135,550ffe28fe92c1ee42d24f0fb92cfc18431bffb5bb864c4a9ce55cd166f846a4,44836.25591899999,1265.1093650801436,PPO-capacity-120-large-r0-B40320,solutions/test-Test-4-000--revision-v4--capacity-120/550ffe28fe92c1ee42d24f0fb92cfc18431bffb5bb864c4a9ce55cd166f846a4.json
capacity-120,test-Test-4-000--revision-v4--capacity-120,51700.426665000006,15393.350068342135,1810d311c9dc9bcfab28dce46a471d97ff6583678ecbd6b6ae2ad1daa81218aa,49979.004888,1226.2637351475923,PPO-capacity-120-large-r2-B40320,solutions/test-Test-4-000--revision-v4--capacity-120/1810d311c9dc9bcfab28dce46a471d97ff6583678ecbd6b6ae2ad1daa81218aa.json
capacity-120,test-Test-4-000--revision-v4--capacity-120,51700.426665000006,15393.350068342135,d923c33d1232d07c121208dec45fbc9858a50ee28fde5911bd597d17d316d50b,50105.139568000006,1218.5359441638652,PPO-capacity-120-large-r2-B40320,solutions/test-Test-4-000--revision-v4--capacity-120/d923c33d1232d07c121208dec45fbc9858a50ee28fde5911bd597d17d316d50b.json
capacity-120,test-Test-4-000--revision-v4--capacity-120,51700.426665000006,15393.350068342135,ea13d973d92dc98992d1015924795a75a59f7ef5f10e9fd4356a1b9f220b153a,50399.636134,1213.4060016670792,PPO-capacity-120-large-r2-B40320,solutions/test-Test-4-000--revision-v4--capacity-120/ea13d973d92dc98992d1015924795a75a59f7ef5f10e9fd4356a1b9f220b153a.json
capacity-120,test-Test-4-000--revision-v4--capacity-120,51700.426665000006,15393.350068342135,b1f0e788af1066deb9073e3f48bc1c340af8334bcf9c73960e03d2d15a5dd8f7,50830.40118400002,1201.4231898442004,PPO-capacity-120-large-r2-B40320,solutions/test-Test-4-000--revision-v4--capacity-120/b1f0e788af1066deb9073e3f48bc1c340af8334bcf9c73960e03d2d15a5dd8f7.json
capacity-120,test-Test-4-000--revision-v4--capacity-120,51700.426665000006,15393.350068342135,830631d5cc543a721b9a048950d33264f53b381ef275ad91e465eeafee309b5a,53074.819962000045,1200.1592275938615,PPO-capacity-120-large-r0-B40320,solutions/test-Test-4-000--revision-v4--capacity-120/830631d5cc543a721b9a048950d33264f53b381ef275ad91e465eeafee309b5a.json
capacity-120,test-Test-4-000--revision-v4--capacity-120,51700.426665000006,15393.350068342135,b2fab533dc0b6cc19adb459395e4d77489978261a48e1c440c69043ca7b78cdf,53215.23796200005,1195.7690129460896,PPO-capacity-120-large-r0-B40320,solutions/test-Test-4-000--revision-v4--capacity-120/b2fab533dc0b6cc19adb459395e4d77489978261a48e1c440c69043ca7b78cdf.json
capacity-120,test-Test-4-000--revision-v4--capacity-120,51700.426665000006,15393.350068342135,5b4aebae36baac8bf9bdef0fb5d4a785ff6f9ca49c40b9bde1791871de098bb1,53387.92767300005,1190.4843162782556,PPO-capacity-120-large-r0-B40320,solutions/test-Test-4-000--revision-v4--capacity-120/5b4aebae36baac8bf9bdef0fb5d4a785ff6f9ca49c40b9bde1791871de098bb1.json
capacity-130,test-Test-4-000--revision-v4--capacity-130,51700.426665000006,15393.350068342135,5083439960a2ad1e4a42448cededd913a2496aa2b37f7d2d44cba0387910b76c,32803.56216800003,10789.373156729102,PPO-capacity-130-large-r2-B40320,solutions/test-Test-4-000--revision-v4--capacity-130/5083439960a2ad1e4a42448cededd913a2496aa2b37f7d2d44cba0387910b76c.json
capacity-130,test-Test-4-000--revision-v4--capacity-130,51700.426665000006,15393.350068342135,5582f0f2168a60c9d591afbb032aeba7a1ca462631dddd57d378a7edf09645ee,32823.99216800003,10776.702930717784,PPO-capacity-130-large-r2-B40320,solutions/test-Test-4-000--revision-v4--capacity-130/5582f0f2168a60c9d591afbb032aeba7a1ca462631dddd57d378a7edf09645ee.json
capacity-130,test-Test-4-000--revision-v4--capacity-130,51700.426665000006,15393.350068342135,9f0ba56e3ddea799ba24f3074f823b46be3be88b7b494e89850b4ddb43db658f,32866.09116800003,10713.860452712353,PPO-capacity-130-large-r2-B40320,solutions/test-Test-4-000--revision-v4--capacity-130/9f0ba56e3ddea799ba24f3074f823b46be3be88b7b494e89850b4ddb43db658f.json
capacity-130,test-Test-4-000--revision-v4--capacity-130,51700.426665000006,15393.350068342135,2c2e5d6e0702ff6190ba23e4b284d9cf235ac86c39a1934d0c897c31b2069ed9,33079.841168000035,10495.068779947109,PPO-capacity-130-large-r2-B40320,solutions/test-Test-4-000--revision-v4--capacity-130/2c2e5d6e0702ff6190ba23e4b284d9cf235ac86c39a1934d0c897c31b2069ed9.json
capacity-130,test-Test-4-000--revision-v4--capacity-130,51700.426665000006,15393.350068342135,84d7d99edc67d56ff2932f6b3308562ed9e8771ed2d22356da7d23a5cac1b22b,33250.48616800003,10442.650029048416,PPO-capacity-130-large-r2-B40320,solutions/test-Test-4-000--revision-v4--capacity-130/84d7d99edc67d56ff2932f6b3308562ed9e8771ed2d22356da7d23a5cac1b22b.json
capacity-130,test-Test-4-000--revision-v4--capacity-130,51700.426665000006,15393.350068342135,6ca1cd954e1c385108ded396ebea98c201744a04a66c27ecb3cb230df76a3c5c,33393.66395200003,10318.941735934304,PPO-capacity-130-large-r2-B40320,solutions/test-Test-4-000--revision-v4--capacity-130/6ca1cd954e1c385108ded396ebea98c201744a04a66c27ecb3cb230df76a3c5c.json
capacity-130,test-Test-4-000--revision-v4--capacity-130,51700.426665000006,15393.350068342135,4a3c270f01755a5f12d65b74599a3330912d53379c8ecd42169658e9e9dcb849,33649.559566000025,10130.937378229457,PPO-capacity-130-large-r2-B40320,solutions/test-Test-4-000--revision-v4--capacity-130/4a3c270f01755a5f12d65b74599a3330912d53379c8ecd42169658e9e9dcb849.json
capacity-130,test-Test-4-000--revision-v4--capacity-130,51700.426665000006,15393.350068342135,9796996b4a361e818d2cc8e15a0ef3212e3c60e3f5afe88df76218dfe92d860e,34154.762831000015,10130.741652969406,PPO-capacity-130-large-r1-B40320,solutions/test-Test-4-000--revision-v4--capacity-130/9796996b4a361e818d2cc8e15a0ef3212e3c60e3f5afe88df76218dfe92d860e.json
capacity-130,test-Test-4-000--revision-v4--capacity-130,51700.426665000006,15393.350068342135,727017fa1baa3980e7c569a2945a4c9b39720585b68d4844fa2f0525163d67bb,34359.88853700001,10075.273144996861,PPO-capacity-130-large-r1-B40320,solutions/test-Test-4-000--revision-v4--capacity-130/727017fa1baa3980e7c569a2945a4c9b39720585b68d4844fa2f0525163d67bb.json
capacity-130,test-Test-4-000--revision-v4--capacity-130,51700.426665000006,15393.350068342135,6b7bd9904e83540c3778fd6b2de5ef06cf480a0d4e26eca64721f8a5dd8280e4,34360.974644000016,8929.604341686108,PPO-capacity-130-large-r2-B40320,solutions/test-Test-4-000--revision-v4--capacity-130/6b7bd9904e83540c3778fd6b2de5ef06cf480a0d4e26eca64721f8a5dd8280e4.json
capacity-130,test-Test-4-000--revision-v4--capacity-130,51700.426665000006,15393.350068342135,b190ccfcc07a615dacbc29ccce01d18756ac9c06c980a12da6d395bf28619c2a,34415.65775800002,7024.416261012154,PPO-capacity-130-large-r1-B40320,solutions/test-Test-4-000--revision-v4--capacity-130/b190ccfcc07a615dacbc29ccce01d18756ac9c06c980a12da6d395bf28619c2a.json
capacity-130,test-Test-4-000--revision-v4--capacity-130,51700.426665000006,15393.350068342135,6cf37f55ef9959e182d40161ff7615d49548019454d4ab5917c7936671438f5a,34586.14775800003,6998.467305259552,PPO-capacity-130-large-r1-B40320,solutions/test-Test-4-000--revision-v4--capacity-130/6cf37f55ef9959e182d40161ff7615d49548019454d4ab5917c7936671438f5a.json
capacity-130,test-Test-4-000--revision-v4--capacity-130,51700.426665000006,15393.350068342135,551f875a42c15fb9b34ea808dab31f04f766eefaf11138d91864517cd9303188,34674.512758000026,6957.793401067658,PPO-capacity-130-large-r1-B40320,solutions/test-Test-4-000--revision-v4--capacity-130/551f875a42c15fb9b34ea808dab31f04f766eefaf11138d91864517cd9303188.json
capacity-130,test-Test-4-000--revision-v4--capacity-130,51700.426665000006,15393.350068342135,db0cb7c0ff17c1a895dd1f6708e0511f40ccaa7611f5aed60b766fb59ee61bd4,34808.30275800003,6948.259881082598,PPO-capacity-130-large-r1-B40320,solutions/test-Test-4-000--revision-v4--capacity-130/db0cb7c0ff17c1a895dd1f6708e0511f40ccaa7611f5aed60b766fb59ee61bd4.json
capacity-130,test-Test-4-000--revision-v4--capacity-130,51700.426665000006,15393.350068342135,7d35a9ead3778feaf27d230ba8b3505d00b0f9d0380db7d47c9f69dcd9c58ff5,35348.650889,4487.716096538203,PPO-capacity-130-large-r1-B40320,solutions/test-Test-4-000--revision-v4--capacity-130/7d35a9ead3778feaf27d230ba8b3505d00b0f9d0380db7d47c9f69dcd9c58ff5.json
capacity-130,test-Test-4-000--revision-v4--capacity-130,51700.426665000006,15393.350068342135,9ebb3ffd91aedf82c52aeea63b26237da282d040e91590a1d2cc26cfaa3619e4,35410.525889,4459.636822743171,PPO-capacity-130-large-r1-B40320,solutions/test-Test-4-000--revision-v4--capacity-130/9ebb3ffd91aedf82c52aeea63b26237da282d040e91590a1d2cc26cfaa3619e4.json
capacity-130,test-Test-4-000--revision-v4--capacity-130,51700.426665000006,15393.350068342135,f235a94d5d140d9eeda8dc5f936e46378c49b7a844d209799be8920799623e3b,35471.521888999996,4434.275400510157,PPO-capacity-130-large-r1-B40320,solutions/test-Test-4-000--revision-v4--capacity-130/f235a94d5d140d9eeda8dc5f936e46378c49b7a844d209799be8920799623e3b.json
capacity-130,test-Test-4-000--revision-v4--capacity-130,51700.426665000006,15393.350068342135,74b2521134558664a55af1c8fd6c4f156e73699046bd18dd1f376a87c4d4bcdb,35768.968977,4235.487513036833,PPO-capacity-130-large-r1-B40320,solutions/test-Test-4-000--revision-v4--capacity-130/74b2521134558664a55af1c8fd6c4f156e73699046bd18dd1f376a87c4d4bcdb.json
capacity-130,test-Test-4-000--revision-v4--capacity-130,51700.426665000006,15393.350068342135,52e895ffb3d3f73db5efe99a4a9d54ed716523ee34b9360ea766b673d03719d1,36429.54195299999,3442.5920802859973,PPO-capacity-130-large-r1-B40320,solutions/test-Test-4-000--revision-v4--capacity-130/52e895ffb3d3f73db5efe99a4a9d54ed716523ee34b9360ea766b673d03719d1.json
capacity-130,test-Test-4-000--revision-v4--capacity-130,51700.426665000006,15393.350068342135,a8b81a8d8ece8ccde7e59a07d0b272b499430da72448ca497b78954c883089ba,38706.78711400001,3075.290858450965,PPO-capacity-130-large-r1-B40320,solutions/test-Test-4-000--revision-v4--capacity-130/a8b81a8d8ece8ccde7e59a07d0b272b499430da72448ca497b78954c883089ba.json
capacity-130,test-Test-4-000--revision-v4--capacity-130,51700.426665000006,15393.350068342135,8a84380037d14744f3fbc70f81c37441d5240095aa5daa62df8aab64f329f1d9,38850.74761,3069.3904270550547,PPO-capacity-130-large-r1-B40320,solutions/test-Test-4-000--revision-v4--capacity-130/8a84380037d14744f3fbc70f81c37441d5240095aa5daa62df8aab64f329f1d9.json
capacity-130,test-Test-4-000--revision-v4--capacity-130,51700.426665000006,15393.350068342135,c190f547ff99a13ba44968e3b3476e705d3268c8263d54a8a8ade65a68e05d00,38866.59821800001,3000.825922628521,PPO-capacity-130-large-r1-B40320,solutions/test-Test-4-000--revision-v4--capacity-130/c190f547ff99a13ba44968e3b3476e705d3268c8263d54a8a8ade65a68e05d00.json
capacity-130,test-Test-4-000--revision-v4--capacity-130,51700.426665000006,15393.350068342135,a69bfa286fa59d8aa201e680e87ce44b7169977ee16d2311746eb529cfcd750f,38880.589254000006,2998.716743994091,PPO-capacity-130-large-r1-B40320,solutions/test-Test-4-000--revision-v4--capacity-130/a69bfa286fa59d8aa201e680e87ce44b7169977ee16d2311746eb529cfcd750f.json
capacity-130,test-Test-4-000--revision-v4--capacity-130,51700.426665000006,15393.350068342135,0a95bdafb3ae1a8064dc16e724db68f31df31650bf052d7dd147368efed1b1dc,39004.13725400001,2997.339273540484,PPO-capacity-130-large-r1-B40320,solutions/test-Test-4-000--revision-v4--capacity-130/0a95bdafb3ae1a8064dc16e724db68f31df31650bf052d7dd147368efed1b1dc.json
capacity-130,test-Test-4-000--revision-v4--capacity-130,51700.426665000006,15393.350068342135,d2e26b15c59f537b288f42578f2095c694038361d1bfdd7e5549746c35585b58,39046.36225400001,2990.395970702903,PPO-capacity-130-large-r1-B40320,solutions/test-Test-4-000--revision-v4--capacity-130/d2e26b15c59f537b288f42578f2095c694038361d1bfdd7e5549746c35585b58.json
capacity-130,test-Test-4-000--revision-v4--capacity-130,51700.426665000006,15393.350068342135,e54a19e0a9f2efc165df5cb2db44b1763518db3953499a9c71aa8a8947cd99b0,39055.26025400001,2925.3483899516673,PPO-capacity-130-large-r1-B40320,solutions/test-Test-4-000--revision-v4--capacity-130/e54a19e0a9f2efc165df5cb2db44b1763518db3953499a9c71aa8a8947cd99b0.json
capacity-130,test-Test-4-000--revision-v4--capacity-130,51700.426665000006,15393.350068342135,6c221dcd9a1719eeb0547cf42db2c3e8e58c91f82751f8520147616fd8c09aa7,39098.402399000006,2299.087364301343,PPO-capacity-130-large-r2-B40320,solutions/test-Test-4-000--revision-v4--capacity-130/6c221dcd9a1719eeb0547cf42db2c3e8e58c91f82751f8520147616fd8c09aa7.json
capacity-130,test-Test-4-000--revision-v4--capacity-130,51700.426665000006,15393.350068342135,e95775687f29e312710419c6526b35172c3c17d89486955572b5269accfc73e4,39132.48740300001,2286.6085071408793,PPO-capacity-130-large-r2-B40320,solutions/test-Test-4-000--revision-v4--capacity-130/e95775687f29e312710419c6526b35172c3c17d89486955572b5269accfc73e4.json
capacity-130,test-Test-4-000--revision-v4--capacity-130,51700.426665000006,15393.350068342135,934317adf527a0dbcf70f562ead268a6cd05c327ffb41a3a4fc67b9379a19ae5,39161.72840300001,2281.4687594401794,PPO-capacity-130-large-r2-B40320,solutions/test-Test-4-000--revision-v4--capacity-130/934317adf527a0dbcf70f562ead268a6cd05c327ffb41a3a4fc67b9379a19ae5.json
capacity-130,test-Test-4-000--revision-v4--capacity-130,51700.426665000006,15393.350068342135,60502c9c012519c0ea09fa2262b8a03bdaba8745e324fc71b3abef5df0e5181a,39188.85740300001,2252.0565360973083,PPO-capacity-130-large-r2-B40320,solutions/test-Test-4-000--revision-v4--capacity-130/60502c9c012519c0ea09fa2262b8a03bdaba8745e324fc71b3abef5df0e5181a.json
capacity-130,test-Test-4-000--revision-v4--capacity-130,51700.426665000006,15393.350068342135,50394a6048ec9c5beaf4f3bca66b8fd31cb93037719cf261800822215a44a662,39284.44640300001,2218.3951310569373,PPO-capacity-130-large-r2-B40320,solutions/test-Test-4-000--revision-v4--capacity-130/50394a6048ec9c5beaf4f3bca66b8fd31cb93037719cf261800822215a44a662.json
capacity-130,test-Test-4-000--revision-v4--capacity-130,51700.426665000006,15393.350068342135,640c35498c5fdd9d3bc967fc1231ae1e39fe48176073fd98ce67732cd4576480,39720.823787000016,2198.4726101775905,PPO-capacity-130-large-r2-B40320,solutions/test-Test-4-000--revision-v4--capacity-130/640c35498c5fdd9d3bc967fc1231ae1e39fe48176073fd98ce67732cd4576480.json
capacity-130,test-Test-4-000--revision-v4--capacity-130,51700.426665000006,15393.350068342135,e56cc51dbbe15917000a7a0b01cfb97ebe146754ab50f3a123f23bb37b1f0793,41721.137102999994,2113.0237723219443,PPO-capacity-130-large-r0-B40320,solutions/test-Test-4-000--revision-v4--capacity-130/e56cc51dbbe15917000a7a0b01cfb97ebe146754ab50f3a123f23bb37b1f0793.json
capacity-130,test-Test-4-000--revision-v4--capacity-130,51700.426665000006,15393.350068342135,67a4cf7ec0c4f4489514ac3e16f5e50a80f8ade6ce26617025abee348f40248c,41810.28520299999,1965.6658983408588,PPO-capacity-130-large-r0-B40320,solutions/test-Test-4-000--revision-v4--capacity-130/67a4cf7ec0c4f4489514ac3e16f5e50a80f8ade6ce26617025abee348f40248c.json
capacity-130,test-Test-4-000--revision-v4--capacity-130,51700.426665000006,15393.350068342135,e82d878297b971d459e84079b3a0091449c9f9b38bc364f3e1bc7b6af8db65b8,41811.45809899998,1683.5746803425961,PPO-capacity-130-large-r0-B40320,solutions/test-Test-4-000--revision-v4--capacity-130/e82d878297b971d459e84079b3a0091449c9f9b38bc364f3e1bc7b6af8db65b8.json
capacity-130,test-Test-4-000--revision-v4--capacity-130,51700.426665000006,15393.350068342135,8fe76367a7bcac653cbfb9bad52a2d397a5a5f51570267168004e7d9fd2686f6,41815.934164999984,1659.3961734212257,PPO-capacity-130-large-r0-B40320,solutions/test-Test-4-000--revision-v4--capacity-130/8fe76367a7bcac653cbfb9bad52a2d397a5a5f51570267168004e7d9fd2686f6.json
capacity-130,test-Test-4-000--revision-v4--capacity-130,51700.426665000006,15393.350068342135,caa06d9754da85a0a208abe34babf16eba3fc951f89916669379a43df5f0df73,41886.416164999995,1654.4538891561738,PPO-capacity-130-large-r0-B40320,solutions/test-Test-4-000--revision-v4--capacity-130/caa06d9754da85a0a208abe34babf16eba3fc951f89916669379a43df5f0df73.json
capacity-130,test-Test-4-000--revision-v4--capacity-130,51700.426665000006,15393.350068342135,03f55035009cd5f9eebc45b6a040f57cd2e5eea4d5ba31e0f9a6e5b37e75c5dc,42210.088164999994,1642.434736415326,PPO-capacity-130-large-r0-B40320,solutions/test-Test-4-000--revision-v4--capacity-130/03f55035009cd5f9eebc45b6a040f57cd2e5eea4d5ba31e0f9a6e5b37e75c5dc.json
capacity-130,test-Test-4-000--revision-v4--capacity-130,51700.426665000006,15393.350068342135,2aa94747d5af55d5037d6c175fcc7e5cd6edb6b108157fac5dbcaa686a516c6a,42214.26216499999,1638.184896552296,PPO-capacity-130-large-r0-B40320,solutions/test-Test-4-000--revision-v4--capacity-130/2aa94747d5af55d5037d6c175fcc7e5cd6edb6b108157fac5dbcaa686a516c6a.json
capacity-130,test-Test-4-000--revision-v4--capacity-130,51700.426665000006,15393.350068342135,2637ae739c08dc758f3bdc6c606ba57060419964a6d9938de0081f1bd9b77041,42249.605669000004,1634.916296492301,PPO-capacity-130-large-r0-B40320,solutions/test-Test-4-000--revision-v4--capacity-130/2637ae739c08dc758f3bdc6c606ba57060419964a6d9938de0081f1bd9b77041.json
capacity-130,test-Test-4-000--revision-v4--capacity-130,51700.426665000006,15393.350068342135,9bed7c3657e982a8c3fb8850a838030db046ed8aa233f6a04f641a2a7b381fab,42350.052903,1632.2823239530917,PPO-capacity-130-large-r0-B40320,solutions/test-Test-4-000--revision-v4--capacity-130/9bed7c3657e982a8c3fb8850a838030db046ed8aa233f6a04f641a2a7b381fab.json
capacity-130,test-Test-4-000--revision-v4--capacity-130,51700.426665000006,15393.350068342135,531c4462f332e25fd71f0b0fce513677424a954300fd79a941cbd82b1afe9b28,42357.100885,1621.8374047826771,PPO-capacity-130-large-r0-B40320,solutions/test-Test-4-000--revision-v4--capacity-130/531c4462f332e25fd71f0b0fce513677424a954300fd79a941cbd82b1afe9b28.json
capacity-130,test-Test-4-000--revision-v4--capacity-130,51700.426665000006,15393.350068342135,f0a19b3c1ea062ca345faad2cf5f16a0230d0cc73a7f3eaf0ccf7432bfc7bf6c,42368.306105,1363.0963301041195,PPO-capacity-130-large-r0-B40320,solutions/test-Test-4-000--revision-v4--capacity-130/f0a19b3c1ea062ca345faad2cf5f16a0230d0cc73a7f3eaf0ccf7432bfc7bf6c.json
capacity-130,test-Test-4-000--revision-v4--capacity-130,51700.426665000006,15393.350068342135,53aff22c12cdfea55630aa6a6d251ae84d3be7da99aa5de4d148b2d35a18cd10,42421.342805000015,1312.9966393962477,PPO-capacity-130-large-r0-B40320,solutions/test-Test-4-000--revision-v4--capacity-130/53aff22c12cdfea55630aa6a6d251ae84d3be7da99aa5de4d148b2d35a18cd10.json
capacity-130,test-Test-4-000--revision-v4--capacity-130,51700.426665000006,15393.350068342135,662a8175ab006cc433e8d31c3eb739f876291bf9fdd25749fa7080dff6a26157,44648.67405700001,1274.4571262736804,PPO-capacity-130-large-r2-B40320,solutions/test-Test-4-000--revision-v4--capacity-130/662a8175ab006cc433e8d31c3eb739f876291bf9fdd25749fa7080dff6a26157.json
capacity-130,test-Test-4-000--revision-v4--capacity-130,51700.426665000006,15393.350068342135,ccf82f004886a8ba24ba75bc757bfb24ab80e3702cf41f002b4d8e4cf6251ff8,44742.15005700002,1271.2527356217047,PPO-capacity-130-large-r2-B40320,solutions/test-Test-4-000--revision-v4--capacity-130/ccf82f004886a8ba24ba75bc757bfb24ab80e3702cf41f002b4d8e4cf6251ff8.json
capacity-130,test-Test-4-000--revision-v4--capacity-130,51700.426665000006,15393.350068342135,7188226811ff282b38d39a33293a95664b2e71d063106ebb1156b23f471fb17a,45028.89305700002,1267.032436864439,PPO-capacity-130-large-r2-B40320,solutions/test-Test-4-000--revision-v4--capacity-130/7188226811ff282b38d39a33293a95664b2e71d063106ebb1156b23f471fb17a.json
capacity-130,test-Test-4-000--revision-v4--capacity-130,51700.426665000006,15393.350068342135,187383ea74d1b80ffecd4258b498a0e80137865912b99cd495c2d301ae524d13,48301.175538,1262.4117874012995,PPO-capacity-130-large-r1-B40320,solutions/test-Test-4-000--revision-v4--capacity-130/187383ea74d1b80ffecd4258b498a0e80137865912b99cd495c2d301ae524d13.json
capacity-130,test-Test-4-000--revision-v4--capacity-130,51700.426665000006,15393.350068342135,7bdbfd6bcac3f81c18378def79247403d8773e282ec37275f34e646e0d1e9906,48554.884031,833.8470128437527,PPO-capacity-130-large-r1-B40320,solutions/test-Test-4-000--revision-v4--capacity-130/7bdbfd6bcac3f81c18378def79247403d8773e282ec37275f34e646e0d1e9906.json
capacity-130,test-Test-4-000--revision-v4--capacity-130,51700.426665000006,15393.350068342135,2cb415bd2f1ee6baa76bbf3902ea2cddfbb062a6f0e9ddcf7bd509fb136a9d8b,48651.57275,832.4828542116168,PPO-capacity-130-large-r1-B40320,solutions/test-Test-4-000--revision-v4--capacity-130/2cb415bd2f1ee6baa76bbf3902ea2cddfbb062a6f0e9ddcf7bd509fb136a9d8b.json
capacity-130,test-Test-4-000--revision-v4--capacity-130,51700.426665000006,15393.350068342135,3c604567c7c18b881504f9f8e767c0037728327863040f8660a8e9b77202ab7a,48818.638031,828.9783294755656,PPO-capacity-130-large-r1-B40320,solutions/test-Test-4-000--revision-v4--capacity-130/3c604567c7c18b881504f9f8e767c0037728327863040f8660a8e9b77202ab7a.json
capacity-130,test-Test-4-000--revision-v4--capacity-130,51700.426665000006,15393.350068342135,c63ca1ab04cd55d2470b4dd57537b74098f95ed769187d94f438c0505c377252,48923.412998,827.3432782037507,PPO-capacity-130-large-r1-B40320,solutions/test-Test-4-000--revision-v4--capacity-130/c63ca1ab04cd55d2470b4dd57537b74098f95ed769187d94f438c0505c377252.json
coload-70,test-Test-4-000--revision-v4--coload-70,51700.426665000006,11290.543029865012,7f468db3d4e5b381ce0ffaae12d5809272f831ad732186367cc8d2c0b4f0c1bd,34916.597803000026,8275.148556294265,PPO-coload-70-large-r1-B40320,solutions/test-Test-4-000--revision-v4--coload-70/7f468db3d4e5b381ce0ffaae12d5809272f831ad732186367cc8d2c0b4f0c1bd.json
coload-70,test-Test-4-000--revision-v4--coload-70,51700.426665000006,11290.543029865012,23158fa95002c56858e18e0232ef4a89762d43e897b099fb935a2314c7c2181e,35166.45689800003,8273.875442141501,PPO-coload-70-large-r1-B40320,solutions/test-Test-4-000--revision-v4--coload-70/23158fa95002c56858e18e0232ef4a89762d43e897b099fb935a2314c7c2181e.json
coload-70,test-Test-4-000--revision-v4--coload-70,51700.426665000006,11290.543029865012,a01a7a48307c42f475be918aa9ea02813b1f3baff34dd0d865355500292f95bd,35168.40480300003,8185.029933649368,PPO-coload-70-large-r1-B40320,solutions/test-Test-4-000--revision-v4--coload-70/a01a7a48307c42f475be918aa9ea02813b1f3baff34dd0d865355500292f95bd.json
coload-70,test-Test-4-000--revision-v4--coload-70,51700.426665000006,11290.543029865012,f3511f752995283ae677b6368816c1679d774434876fdda71d0ddc8505429310,35582.67589800003,8154.581955078104,PPO-coload-70-large-r1-B40320,solutions/test-Test-4-000--revision-v4--coload-70/f3511f752995283ae677b6368816c1679d774434876fdda71d0ddc8505429310.json
coload-70,test-Test-4-000--revision-v4--coload-70,51700.426665000006,11290.543029865012,24f41f0b0cb9f93817e46e9f1ee7a3fa11f119a71364da214eb13465c3d54742,35718.87939600002,7577.08131279989,PPO-coload-70-large-r2-B40320,solutions/test-Test-4-000--revision-v4--coload-70/24f41f0b0cb9f93817e46e9f1ee7a3fa11f119a71364da214eb13465c3d54742.json
coload-70,test-Test-4-000--revision-v4--coload-70,51700.426665000006,11290.543029865012,649574e3c4bcff56b95458adb4cd54f3694249bc9e65fb821d5c8bbb2176f24a,35744.82634900001,6595.3532037567575,PPO-coload-70-large-r0-B40320,solutions/test-Test-4-000--revision-v4--coload-70/649574e3c4bcff56b95458adb4cd54f3694249bc9e65fb821d5c8bbb2176f24a.json
coload-70,test-Test-4-000--revision-v4--coload-70,51700.426665000006,11290.543029865012,e14c574eec47a0e80e60434c6c5afaeabc304d29a205140e6b8e8e84024e084e,35770.487097000005,6344.247265857403,PPO-coload-70-large-r0-B40320,solutions/test-Test-4-000--revision-v4--coload-70/e14c574eec47a0e80e60434c6c5afaeabc304d29a205140e6b8e8e84024e084e.json
coload-70,test-Test-4-000--revision-v4--coload-70,51700.426665000006,11290.543029865012,61e1d802f8aecf46da0826f9a6b7b846b09c3d991d4074369f522038380c4c4d,36160.68901600002,6224.3855712211625,PPO-coload-70-large-r0-B40320,solutions/test-Test-4-000--revision-v4--coload-70/61e1d802f8aecf46da0826f9a6b7b846b09c3d991d4074369f522038380c4c4d.json
coload-70,test-Test-4-000--revision-v4--coload-70,51700.426665000006,11290.543029865012,96f1f0ee6cb74bc746b29f91a84f49bc878ce2ba5fe877e6c116e9e81d4dd2e9,36261.93300600002,5355.923967049344,PPO-coload-70-large-r1-B40320,solutions/test-Test-4-000--revision-v4--coload-70/96f1f0ee6cb74bc746b29f91a84f49bc878ce2ba5fe877e6c116e9e81d4dd2e9.json
coload-70,test-Test-4-000--revision-v4--coload-70,51700.426665000006,11290.543029865012,4fb4a6f390c284e31b30d2ec060c42100fd2bc624055d4650d5bdb97b5bc355b,36573.56100600002,5343.713673201533,PPO-coload-70-large-r1-B40320,solutions/test-Test-4-000--revision-v4--coload-70/4fb4a6f390c284e31b30d2ec060c42100fd2bc624055d4650d5bdb97b5bc355b.json
coload-70,test-Test-4-000--revision-v4--coload-70,51700.426665000006,11290.543029865012,4f35444753530669e720a17a292e36b8c66a833376909aac90f24ca15141efbe,36781.12774500004,4922.42557844597,PPO-coload-70-large-r1-B40320,solutions/test-Test-4-000--revision-v4--coload-70/4f35444753530669e720a17a292e36b8c66a833376909aac90f24ca15141efbe.json
coload-70,test-Test-4-000--revision-v4--coload-70,51700.426665000006,11290.543029865012,d84294f1d3b60c807cea595003dab73933701a7dd62624a3a7ab5882d0a822f1,37000.20874500003,4906.363448634619,PPO-coload-70-large-r1-B40320,solutions/test-Test-4-000--revision-v4--coload-70/d84294f1d3b60c807cea595003dab73933701a7dd62624a3a7ab5882d0a822f1.json
coload-70,test-Test-4-000--revision-v4--coload-70,51700.426665000006,11290.543029865012,9cf1effc2f2f7310f17031ccf83e28a4cfd2c097bfb3b778373b310b0a185d39,37073.51010500001,4404.95277256833,PPO-coload-70-large-r0-B40320,solutions/test-Test-4-000--revision-v4--coload-70/9cf1effc2f2f7310f17031ccf83e28a4cfd2c097bfb3b778373b310b0a185d39.json
coload-70,test-Test-4-000--revision-v4--coload-70,51700.426665000006,11290.543029865012,2edb78c75bce7b3e5eeedd23c74043e0def376b2e6d18a6cf61254f5c21ceddd,37080.95820100001,4296.330935694962,PPO-coload-70-large-r0-B40320,solutions/test-Test-4-000--revision-v4--coload-70/2edb78c75bce7b3e5eeedd23c74043e0def376b2e6d18a6cf61254f5c21ceddd.json
coload-70,test-Test-4-000--revision-v4--coload-70,51700.426665000006,11290.543029865012,8b6dec3036cef3af847608b1e4d3f564e54e7f1e02fddaa1d29e46ec996645aa,37139.91400500001,4295.402878374498,PPO-coload-70-large-r0-B40320,solutions/test-Test-4-000--revision-v4--coload-70/8b6dec3036cef3af847608b1e4d3f564e54e7f1e02fddaa1d29e46ec996645aa.json
coload-70,test-Test-4-000--revision-v4--coload-70,51700.426665000006,11290.543029865012,20b0511036a9ee48d5764bef9aebf407c78113702c43227ef15eabecc717dd30,37171.25610500001,4294.182411897742,PPO-coload-70-large-r0-B40320,solutions/test-Test-4-000--revision-v4--coload-70/20b0511036a9ee48d5764bef9aebf407c78113702c43227ef15eabecc717dd30.json
coload-70,test-Test-4-000--revision-v4--coload-70,51700.426665000006,11290.543029865012,f8ebf94c4d0212097151b4ede5ab152ebbac4bc989f0b35bb753b0d79e111fbc,37190.18010500001,4257.510099065881,PPO-coload-70-large-r0-B40320,solutions/test-Test-4-000--revision-v4--coload-70/f8ebf94c4d0212097151b4ede5ab152ebbac4bc989f0b35bb753b0d79e111fbc.json
coload-70,test-Test-4-000--revision-v4--coload-70,51700.426665000006,11290.543029865012,7f65734609f57c4968a82809460e242d8048e75a518e9eaf88d37a28bf388677,37195.753449,4183.570740668932,PPO-coload-70-large-r0-B40320,solutions/test-Test-4-000--revision-v4--coload-70/7f65734609f57c4968a82809460e242d8048e75a518e9eaf88d37a28bf388677.json
coload-70,test-Test-4-000--revision-v4--coload-70,51700.426665000006,11290.543029865012,97b1b484dd6f2fdac9ea0757c4a81bc1bf9e79973284991e41c58b119ff29ec2,37340.020105,4110.24178162719,PPO-coload-70-large-r0-B40320,solutions/test-Test-4-000--revision-v4--coload-70/97b1b484dd6f2fdac9ea0757c4a81bc1bf9e79973284991e41c58b119ff29ec2.json
coload-70,test-Test-4-000--revision-v4--coload-70,51700.426665000006,11290.543029865012,2485b16ec4490ce0c1fca6d017f89fc9a00f594d0f2b990e5ea51545e22bd76c,37469.782105000006,4024.3784250923795,PPO-coload-70-large-r0-B40320,solutions/test-Test-4-000--revision-v4--coload-70/2485b16ec4490ce0c1fca6d017f89fc9a00f594d0f2b990e5ea51545e22bd76c.json
coload-70,test-Test-4-000--revision-v4--coload-70,51700.426665000006,11290.543029865012,83f78a987d4e8c6e5960684a659b172c033c83172af3d27ee97807b13f34512f,37670.383636999984,3262.279586503328,PPO-coload-70-large-r0-B40320,solutions/test-Test-4-000--revision-v4--coload-70/83f78a987d4e8c6e5960684a659b172c033c83172af3d27ee97807b13f34512f.json
coload-70,test-Test-4-000--revision-v4--coload-70,51700.426665000006,11290.543029865012,54eda28303a3ceadef978cb041e504647435289151feaf24451c0303257312a6,37697.018452,3251.374597817553,PPO-coload-70-large-r0-B40320,solutions/test-Test-4-000--revision-v4--coload-70/54eda28303a3ceadef978cb041e504647435289151feaf24451c0303257312a6.json
coload-70,test-Test-4-000--revision-v4--coload-70,51700.426665000006,11290.543029865012,04df0d50cde4dbba589ebedbfcd614f9b54b206033dfaf3e9e2662ac209d0d5f,37743.515641,3237.85346570647,PPO-coload-70-large-r0-B40320,solutions/test-Test-4-000--revision-v4--coload-70/04df0d50cde4dbba589ebedbfcd614f9b54b206033dfaf3e9e2662ac209d0d5f.json
coload-70,test-Test-4-000--revision-v4--coload-70,51700.426665000006,11290.543029865012,494b267149a693045587ef144546622566b7f13a3a7cc30d72e829d2c4e65ece,37821.72631699999,3214.0645496012357,PPO-coload-70-large-r0-B40320,solutions/test-Test-4-000--revision-v4--coload-70/494b267149a693045587ef144546622566b7f13a3a7cc30d72e829d2c4e65ece.json
coload-70,test-Test-4-000--revision-v4--coload-70,51700.426665000006,11290.543029865012,f008d384077eb9150ed54ea0a06ca1980aaa1393e47483014ca0272d60a5de88,38309.181316999995,3057.0122728553006,PPO-coload-70-large-r0-B40320,solutions/test-Test-4-000--revision-v4--coload-70/f008d384077eb9150ed54ea0a06ca1980aaa1393e47483014ca0272d60a5de88.json
coload-70,test-Test-4-000--revision-v4--coload-70,51700.426665000006,11290.543029865012,aad886d9548be7340773f3e2456447082516cce3162291296b70c0ee0be9fd94,39360.27047800001,2939.823845142998,PPO-coload-70-large-r2-B40320,solutions/test-Test-4-000--revision-v4--coload-70/aad886d9548be7340773f3e2456447082516cce3162291296b70c0ee0be9fd94.json
coload-70,test-Test-4-000--revision-v4--coload-70,51700.426665000006,11290.543029865012,37a95ba65d261ce5fd663d311ef2555a11edb0a6ad90dc47b835109150c90a27,39423.94160200001,2919.8433202529163,PPO-coload-70-large-r2-B40320,solutions/test-Test-4-000--revision-v4--coload-70/37a95ba65d261ce5fd663d311ef2555a11edb0a6ad90dc47b835109150c90a27.json
coload-70,test-Test-4-000--revision-v4--coload-70,51700.426665000006,11290.543029865012,73eeebd8802b90a5aab914b3eb2ba0dbe2ffc2f0f0f14832c4d7cd511b65fd49,39553.22609200001,2278.345352880482,PPO-coload-70-large-r0-B40320,solutions/test-Test-4-000--revision-v4--coload-70/73eeebd8802b90a5aab914b3eb2ba0dbe2ffc2f0f0f14832c4d7cd511b65fd49.json
coload-70,test-Test-4-000--revision-v4--coload-70,51700.426665000006,11290.543029865012,f78b2c166b65ff54c3d92dfa4fb6081ce5ecea780aa7c19eb9694475bf7a044e,39736.894381000006,2266.6929974905897,PPO-coload-70-large-r0-B40320,solutions/test-Test-4-000--revision-v4--coload-70/f78b2c166b65ff54c3d92dfa4fb6081ce5ecea780aa7c19eb9694475bf7a044e.json
coload-70,test-Test-4-000--revision-v4--coload-70,51700.426665000006,11290.543029865012,932892b3ba43be3720c58e63d1f42bbf55156d87ae4b5903108f5f0cee0da113,39753.064381000004,2230.1409943079784,PPO-coload-70-large-r0-B40320,solutions/test-Test-4-000--revision-v4--coload-70/932892b3ba43be3720c58e63d1f42bbf55156d87ae4b5903108f5f0cee0da113.json
coload-70,test-Test-4-000--revision-v4--coload-70,51700.426665000006,11290.543029865012,a7adc7ecb9c85222dcda1285d71f2e893f46aaa17727a713f7f71fb1f0bd4b9d,40168.419381,2229.8450466433337,PPO-coload-70-large-r0-B40320,solutions/test-Test-4-000--revision-v4--coload-70/a7adc7ecb9c85222dcda1285d71f2e893f46aaa17727a713f7f71fb1f0bd4b9d.json
coload-70,test-Test-4-000--revision-v4--coload-70,51700.426665000006,11290.543029865012,0c1ed6019ef87f44b9d1a242808fc657ba1b0100547344475dc3424083d3f8bb,40728.449465000005,2059.3789405999146,PPO-coload-70-large-r0-B40320,solutions/test-Test-4-000--revision-v4--coload-70/0c1ed6019ef87f44b9d1a242808fc657ba1b0100547344475dc3424083d3f8bb.json
coload-70,test-Test-4-000--revision-v4--coload-70,51700.426665000006,11290.543029865012,174c0b16f50a7154e3a7a422d3d60064a3cf5425f4a0731a47d729019a067447,40728.65401700001,2036.1456010488962,PPO-coload-70-large-r0-B40320,solutions/test-Test-4-000--revision-v4--coload-70/174c0b16f50a7154e3a7a422d3d60064a3cf5425f4a0731a47d729019a067447.json
coload-70,test-Test-4-000--revision-v4--coload-70,51700.426665000006,11290.543029865012,cdbe9675e2e39389275f9133abbe224767da30cfd53e6b29ed75a3632e217c9d,40760.244017000005,2035.1713748294728,PPO-coload-70-large-r0-B40320,solutions/test-Test-4-000--revision-v4--coload-70/cdbe9675e2e39389275f9133abbe224767da30cfd53e6b29ed75a3632e217c9d.json
coload-70,test-Test-4-000--revision-v4--coload-70,51700.426665000006,11290.543029865012,44cd67d40a4ef8f1a96e8a6f70c55af68f11e665d7093faf1daa86075be3d4c9,40886.115017,2034.5621738633831,PPO-coload-70-large-r0-B40320,solutions/test-Test-4-000--revision-v4--coload-70/44cd67d40a4ef8f1a96e8a6f70c55af68f11e665d7093faf1daa86075be3d4c9.json
coload-70,test-Test-4-000--revision-v4--coload-70,51700.426665000006,11290.543029865012,934998fd7095572334577ccc03af9164bfe796708b91d2ab7a763023bd6f10c5,40940.708116999995,2017.6212776704149,PPO-coload-70-large-r0-B40320,solutions/test-Test-4-000--revision-v4--coload-70/934998fd7095572334577ccc03af9164bfe796708b91d2ab7a763023bd6f10c5.json
coload-70,test-Test-4-000--revision-v4--coload-70,51700.426665000006,11290.543029865012,f87654c90b1829f0a99ee078a21fad31537450fd6bd6ca1968b79f4f5d40bc1c,40943.402117,2016.7239576892603,PPO-coload-70-large-r0-B40320,solutions/test-Test-4-000--revision-v4--coload-70/f87654c90b1829f0a99ee078a21fad31537450fd6bd6ca1968b79f4f5d40bc1c.json
coload-70,test-Test-4-000--revision-v4--coload-70,51700.426665000006,11290.543029865012,d74847a1c2814573577479971bdae272b1489b56df517fd901a1a4eb6d7aba4d,40955.16211699999,2014.5533298355679,PPO-coload-70-large-r0-B40320,solutions/test-Test-4-000--revision-v4--coload-70/d74847a1c2814573577479971bdae272b1489b56df517fd901a1a4eb6d7aba4d.json
coload-70,test-Test-4-000--revision-v4--coload-70,51700.426665000006,11290.543029865012,c96d686ffd23acc62797f3c2c1fef4085a73d40d4bc5794c1f26a59abe168230,40958.079017000004,1992.0811811747324,PPO-coload-70-large-r0-B40320,solutions/test-Test-4-000--revision-v4--coload-70/c96d686ffd23acc62797f3c2c1fef4085a73d40d4bc5794c1f26a59abe168230.json
coload-70,test-Test-4-000--revision-v4--coload-70,51700.426665000006,11290.543029865012,905df79946aa7eb4138b659b6d094dc25678b45bce5ec7dc5b380d56dd7ba109,40999.845225000005,1976.8673069015117,PPO-coload-70-large-r0-B40320,solutions/test-Test-4-000--revision-v4--coload-70/905df79946aa7eb4138b659b6d094dc25678b45bce5ec7dc5b380d56dd7ba109.json
coload-70,test-Test-4-000--revision-v4--coload-70,51700.426665000006,11290.543029865012,036d892a7ab753a0681cfe9afb9efb42bc7251eec311c12d12b968861cb45109,41603.513501,1976.133236776434,PPO-coload-70-large-r0-B40320,solutions/test-Test-4-000--revision-v4--coload-70/036d892a7ab753a0681cfe9afb9efb42bc7251eec311c12d12b968861cb45109.json
coload-70,test-Test-4-000--revision-v4--coload-70,51700.426665000006,11290.543029865012,693d623bc48753bc357d6d91c5bd7886c4e316d13f44e69aee831cfdf403cfe6,41878.61950200001,1829.211510989103,PPO-coload-70-large-r2-B40320,solutions/test-Test-4-000--revision-v4--coload-70/693d623bc48753bc357d6d91c5bd7886c4e316d13f44e69aee831cfdf403cfe6.json
coload-70,test-Test-4-000--revision-v4--coload-70,51700.426665000006,11290.543029865012,aeb796d49b36d98b5dea764f67316ca78bc0536b1b7b3cfeacc314044e7b6029,42096.694950999976,1442.7647133631565,PPO-coload-70-large-r1-B40320,solutions/test-Test-4-000--revision-v4--coload-70/aeb796d49b36d98b5dea764f67316ca78bc0536b1b7b3cfeacc314044e7b6029.json
coload-70,test-Test-4-000--revision-v4--coload-70,51700.426665000006,11290.543029865012,705305605c74ec77d4a34336ee86d34ba27b976a1f914822a487594da0d39ab8,42214.89707499998,1417.091189732105,PPO-coload-70-large-r1-B40320,solutions/test-Test-4-000--revision-v4--coload-70/705305605c74ec77d4a34336ee86d34ba27b976a1f914822a487594da0d39ab8.json
coload-70,test-Test-4-000--revision-v4--coload-70,51700.426665000006,11290.543029865012,9179b4888435cad5034db755ada934c1f2a7557dcc71e4282ce9e3fc1bb3637c,42344.98345299998,1399.8370397358594,PPO-coload-70-large-r1-B40320,solutions/test-Test-4-000--revision-v4--coload-70/9179b4888435cad5034db755ada934c1f2a7557dcc71e4282ce9e3fc1bb3637c.json
coload-70,test-Test-4-000--revision-v4--coload-70,51700.426665000006,11290.543029865012,db0cd8c8a06780404c70b19bb891e63b1a1bd7457b91dfcb3016a5a8420dc892,42547.67895099997,1397.463449387396,PPO-coload-70-large-r1-B40320,solutions/test-Test-4-000--revision-v4--coload-70/db0cd8c8a06780404c70b19bb891e63b1a1bd7457b91dfcb3016a5a8420dc892.json
coload-70,test-Test-4-000--revision-v4--coload-70,51700.426665000006,11290.543029865012,fc36c8a8a7f4844bc20ad2836ac92e442cdf7b1dca33991a350f04b28e2c1717,42576.18405899998,1392.3409138222746,PPO-coload-70-large-r1-B40320,solutions/test-Test-4-000--revision-v4--coload-70/fc36c8a8a7f4844bc20ad2836ac92e442cdf7b1dca33991a350f04b28e2c1717.json
coload-70,test-Test-4-000--revision-v4--coload-70,51700.426665000006,11290.543029865012,08a02ff6986964f3c5f2ff1abc0790e08d191e23ab67305208a05551b3e058d5,45946.624683000024,1200.5640594015683,PPO-coload-70-large-r2-B40320,solutions/test-Test-4-000--revision-v4--coload-70/08a02ff6986964f3c5f2ff1abc0790e08d191e23ab67305208a05551b3e058d5.json
coload-70,test-Test-4-000--revision-v4--coload-70,51700.426665000006,11290.543029865012,db2c365ee960064cdc7c1b9e5be0a92a5dd894d34059c45e2aade5f59eb86d65,46015.40568300002,1145.292170096691,PPO-coload-70-large-r2-B40320,solutions/test-Test-4-000--revision-v4--coload-70/db2c365ee960064cdc7c1b9e5be0a92a5dd894d34059c45e2aade5f59eb86d65.json
coload-70,test-Test-4-000--revision-v4--coload-70,51700.426665000006,11290.543029865012,eecad140a5fb28e280f9c152163e0f5a43d7fe79526e5f91f770cdcbb11428e0,47715.853711,1111.1774467803643,PPO-coload-70-large-r2-B40320,solutions/test-Test-4-000--revision-v4--coload-70/eecad140a5fb28e280f9c152163e0f5a43d7fe79526e5f91f770cdcbb11428e0.json
coload-80,test-Test-4-000--revision-v4--coload-80,51700.426665000006,12658.145376024047,7f468db3d4e5b381ce0ffaae12d5809272f831ad732186367cc8d2c0b4f0c1bd,34916.597803000026,9286.662913742563,PPO-coload-80-large-r1-B40320,solutions/test-Test-4-000--revision-v4--coload-80/7f468db3d4e5b381ce0ffaae12d5809272f831ad732186367cc8d2c0b4f0c1bd.json
coload-80,test-Test-4-000--revision-v4--coload-80,51700.426665000006,12658.145376024047,23158fa95002c56858e18e0232ef4a89762d43e897b099fb935a2314c7c2181e,35166.45689800003,9286.087584574107,PPO-coload-80-large-r1-B40320,solutions/test-Test-4-000--revision-v4--coload-80/23158fa95002c56858e18e0232ef4a89762d43e897b099fb935a2314c7c2181e.json
coload-80,test-Test-4-000--revision-v4--coload-80,51700.426665000006,12658.145376024047,a01a7a48307c42f475be918aa9ea02813b1f3baff34dd0d865355500292f95bd,35168.40480300003,9185.493782609294,PPO-coload-80-large-r1-B40320,solutions/test-Test-4-000--revision-v4--coload-80/a01a7a48307c42f475be918aa9ea02813b1f3baff34dd0d865355500292f95bd.json
coload-80,test-Test-4-000--revision-v4--coload-80,51700.426665000006,12658.145376024047,f3511f752995283ae677b6368816c1679d774434876fdda71d0ddc8505429310,35582.67589800003,9152.011361908726,PPO-coload-80-large-r1-B40320,solutions/test-Test-4-000--revision-v4--coload-80/f3511f752995283ae677b6368816c1679d774434876fdda71d0ddc8505429310.json
coload-80,test-Test-4-000--revision-v4--coload-80,51700.426665000006,12658.145376024047,24f41f0b0cb9f93817e46e9f1ee7a3fa11f119a71364da214eb13465c3d54742,35718.87939600002,8494.029846420462,PPO-coload-80-large-r2-B40320,solutions/test-Test-4-000--revision-v4--coload-80/24f41f0b0cb9f93817e46e9f1ee7a3fa11f119a71364da214eb13465c3d54742.json
coload-80,test-Test-4-000--revision-v4--coload-80,51700.426665000006,12658.145376024047,649574e3c4bcff56b95458adb4cd54f3694249bc9e65fb821d5c8bbb2176f24a,35744.82634900001,7388.330788068391,PPO-coload-80-large-r0-B40320,solutions/test-Test-4-000--revision-v4--coload-80/649574e3c4bcff56b95458adb4cd54f3694249bc9e65fb821d5c8bbb2176f24a.json
coload-80,test-Test-4-000--revision-v4--coload-80,51700.426665000006,12658.145376024047,e14c574eec47a0e80e60434c6c5afaeabc304d29a205140e6b8e8e84024e084e,35770.487097000005,7106.532881812252,PPO-coload-80-large-r0-B40320,solutions/test-Test-4-000--revision-v4--coload-80/e14c574eec47a0e80e60434c6c5afaeabc304d29a205140e6b8e8e84024e084e.json
coload-80,test-Test-4-000--revision-v4--coload-80,51700.426665000006,12658.145376024047,61e1d802f8aecf46da0826f9a6b7b846b09c3d991d4074369f522038380c4c4d,36160.68901600002,6965.400372486365,PPO-coload-80-large-r0-B40320,solutions/test-Test-4-000--revision-v4--coload-80/61e1d802f8aecf46da0826f9a6b7b846b09c3d991d4074369f522038380c4c4d.json
coload-80,test-Test-4-000--revision-v4--coload-80,51700.426665000006,12658.145376024047,96f1f0ee6cb74bc746b29f91a84f49bc878ce2ba5fe877e6c116e9e81d4dd2e9,36261.93300600002,5994.190433906035,PPO-coload-80-large-r1-B40320,solutions/test-Test-4-000--revision-v4--coload-80/96f1f0ee6cb74bc746b29f91a84f49bc878ce2ba5fe877e6c116e9e81d4dd2e9.json
coload-80,test-Test-4-000--revision-v4--coload-80,51700.426665000006,12658.145376024047,4fb4a6f390c284e31b30d2ec060c42100fd2bc624055d4650d5bdb97b5bc355b,36573.56100600002,5980.29820967658,PPO-coload-80-large-r1-B40320,solutions/test-Test-4-000--revision-v4--coload-80/4fb4a6f390c284e31b30d2ec060c42100fd2bc624055d4650d5bdb97b5bc355b.json
coload-80,test-Test-4-000--revision-v4--coload-80,51700.426665000006,12658.145376024047,4f35444753530669e720a17a292e36b8c66a833376909aac90f24ca15141efbe,36781.12774500004,5498.182879603762,PPO-coload-80-large-r1-B40320,solutions/test-Test-4-000--revision-v4--coload-80/4f35444753530669e720a17a292e36b8c66a833376909aac90f24ca15141efbe.json
coload-80,test-Test-4-000--revision-v4--coload-80,51700.426665000006,12658.145376024047,d84294f1d3b60c807cea595003dab73933701a7dd62624a3a7ab5882d0a822f1,37000.20874500003,5480.722829425836,PPO-coload-80-large-r1-B40320,solutions/test-Test-4-000--revision-v4--coload-80/d84294f1d3b60c807cea595003dab73933701a7dd62624a3a7ab5882d0a822f1.json
coload-80,test-Test-4-000--revision-v4--coload-80,51700.426665000006,12658.145376024047,9cf1effc2f2f7310f17031ccf83e28a4cfd2c097bfb3b778373b310b0a185d39,37073.51010500001,4924.241376499867,PPO-coload-80-large-r0-B40320,solutions/test-Test-4-000--revision-v4--coload-80/9cf1effc2f2f7310f17031ccf83e28a4cfd2c097bfb3b778373b310b0a185d39.json
coload-80,test-Test-4-000--revision-v4--coload-80,51700.426665000006,12658.145376024047,2edb78c75bce7b3e5eeedd23c74043e0def376b2e6d18a6cf61254f5c21ceddd,37080.95820100001,4801.931500749984,PPO-coload-80-large-r0-B40320,solutions/test-Test-4-000--revision-v4--coload-80/2edb78c75bce7b3e5eeedd23c74043e0def376b2e6d18a6cf61254f5c21ceddd.json
coload-80,test-Test-4-000--revision-v4--coload-80,51700.426665000006,12658.145376024047,8b6dec3036cef3af847608b1e4d3f564e54e7f1e02fddaa1d29e46ec996645aa,37139.91400500001,4800.385691595033,PPO-coload-80-large-r0-B40320,solutions/test-Test-4-000--revision-v4--coload-80/8b6dec3036cef3af847608b1e4d3f564e54e7f1e02fddaa1d29e46ec996645aa.json
coload-80,test-Test-4-000--revision-v4--coload-80,51700.426665000006,12658.145376024047,20b0511036a9ee48d5764bef9aebf407c78113702c43227ef15eabecc717dd30,37171.25610500001,4799.474754613733,PPO-coload-80-large-r0-B40320,solutions/test-Test-4-000--revision-v4--coload-80/20b0511036a9ee48d5764bef9aebf407c78113702c43227ef15eabecc717dd30.json
coload-80,test-Test-4-000--revision-v4--coload-80,51700.426665000006,12658.145376024047,f8ebf94c4d0212097151b4ede5ab152ebbac4bc989f0b35bb753b0d79e111fbc,37190.18010500001,4758.11830151782,PPO-coload-80-large-r0-B40320,solutions/test-Test-4-000--revision-v4--coload-80/f8ebf94c4d0212097151b4ede5ab152ebbac4bc989f0b35bb753b0d79e111fbc.json
coload-80,test-Test-4-000--revision-v4--coload-80,51700.426665000006,12658.145376024047,7f65734609f57c4968a82809460e242d8048e75a518e9eaf88d37a28bf388677,37195.753449,4676.291764156944,PPO-coload-80-large-r0-B40320,solutions/test-Test-4-000--revision-v4--coload-80/7f65734609f57c4968a82809460e242d8048e75a518e9eaf88d37a28bf388677.json
coload-80,test-Test-4-000--revision-v4--coload-80,51700.426665000006,12658.145376024047,97b1b484dd6f2fdac9ea0757c4a81bc1bf9e79973284991e41c58b119ff29ec2,37340.020105,4590.401461058586,PPO-coload-80-large-r0-B40320,solutions/test-Test-4-000--revision-v4--coload-80/97b1b484dd6f2fdac9ea0757c4a81bc1bf9e79973284991e41c58b119ff29ec2.json
coload-80,test-Test-4-000--revision-v4--coload-80,51700.426665000006,12658.145376024047,2485b16ec4490ce0c1fca6d017f89fc9a00f594d0f2b990e5ea51545e22bd76c,37469.782105000006,4492.975339450721,PPO-coload-80-large-r0-B40320,solutions/test-Test-4-000--revision-v4--coload-80/2485b16ec4490ce0c1fca6d017f89fc9a00f594d0f2b990e5ea51545e22bd76c.json
coload-80,test-Test-4-000--revision-v4--coload-80,51700.426665000006,12658.145376024047,8160e5697b1fb1a208c963d57e4ee7965d15f1571572bef4fc3780ad725c4bc0,37499.603265,3996.2281630950665,PPO-coload-80-large-r2-B40320,solutions/test-Test-4-000--revision-v4--coload-80/8160e5697b1fb1a208c963d57e4ee7965d15f1571572bef4fc3780ad725c4bc0.json
coload-80,test-Test-4-000--revision-v4--coload-80,51700.426665000006,12658.145376024047,b986af40fb631dda43537555020cd1c29c0ea963996e1d563fd5662aa9b6d582,37517.971945,3945.4266604476315,PPO-coload-80-large-r2-B40320,solutions/test-Test-4-000--revision-v4--coload-80/b986af40fb631dda43537555020cd1c29c0ea963996e1d563fd5662aa9b6d582.json
coload-80,test-Test-4-000--revision-v4--coload-80,51700.426665000006,12658.145376024047,991b84fc6b51e0b6dedc44b11a359d804526be94b269a398da4fcb4e66bd8edd,37552.365497000006,3932.4245952988585,PPO-coload-80-large-r2-B40320,solutions/test-Test-4-000--revision-v4--coload-80/991b84fc6b51e0b6dedc44b11a359d804526be94b269a398da4fcb4e66bd8edd.json
coload-80,test-Test-4-000--revision-v4--coload-80,51700.426665000006,12658.145376024047,83f78a987d4e8c6e5960684a659b172c033c83172af3d27ee97807b13f34512f,37670.383636999984,3623.657868703986,PPO-coload-80-large-r0-B40320,solutions/test-Test-4-000--revision-v4--coload-80/83f78a987d4e8c6e5960684a659b172c033c83172af3d27ee97807b13f34512f.json
coload-80,test-Test-4-000--revision-v4--coload-80,51700.426665000006,12658.145376024047,54eda28303a3ceadef978cb041e504647435289151feaf24451c0303257312a6,37697.018452,3610.854579039589,PPO-coload-80-large-r0-B40320,solutions/test-Test-4-000--revision-v4--coload-80/54eda28303a3ceadef978cb041e504647435289151feaf24451c0303257312a6.json
coload-80,test-Test-4-000--revision-v4--coload-80,51700.426665000006,12658.145376024047,04df0d50cde4dbba589ebedbfcd614f9b54b206033dfaf3e9e2662ac209d0d5f,37743.515641,3595.7279110133686,PPO-coload-80-large-r0-B40320,solutions/test-Test-4-000--revision-v4--coload-80/04df0d50cde4dbba589ebedbfcd614f9b54b206033dfaf3e9e2662ac209d0d5f.json
coload-80,test-Test-4-000--revision-v4--coload-80,51700.426665000006,12658.145376024047,494b267149a693045587ef144546622566b7f13a3a7cc30d72e829d2c4e65ece,37821.72631699999,3569.562579409984,PPO-coload-80-large-r0-B40320,solutions/test-Test-4-000--revision-v4--coload-80/494b267149a693045587ef144546622566b7f13a3a7cc30d72e829d2c4e65ece.json
coload-80,test-Test-4-000--revision-v4--coload-80,51700.426665000006,12658.145376024047,f008d384077eb9150ed54ea0a06ca1980aaa1393e47483014ca0272d60a5de88,38309.181316999995,3391.5640351188936,PPO-coload-80-large-r0-B40320,solutions/test-Test-4-000--revision-v4--coload-80/f008d384077eb9150ed54ea0a06ca1980aaa1393e47483014ca0272d60a5de88.json
coload-80,test-Test-4-000--revision-v4--coload-80,51700.426665000006,12658.145376024047,bc6f091e6b31bcba95b7e8e9633f31de527755d071313fbd6fb723558f842830,39346.59501000002,3179.9261980975434,PPO-coload-80-large-r2-B40320,solutions/test-Test-4-000--revision-v4--coload-80/bc6f091e6b31bcba95b7e8e9633f31de527755d071313fbd6fb723558f842830.json
coload-80,test-Test-4-000--revision-v4--coload-80,51700.426665000006,12658.145376024047,cab8b6077b5308e5b85a541613dadeef0cccfd893fe5e8219d19a86cf16dcc5d,39350.773284000024,3167.138293167107,PPO-coload-80-large-r2-B40320,solutions/test-Test-4-000--revision-v4--coload-80/cab8b6077b5308e5b85a541613dadeef0cccfd893fe5e8219d19a86cf16dcc5d.json
coload-80,test-Test-4-000--revision-v4--coload-80,51700.426665000006,12658.145376024047,e41e672e913937cb39db73b54ca2883dc9ca089c700d289bee13c8fbd00803f8,39537.884010000016,3164.269528037317,PPO-coload-80-large-r2-B40320,solutions/test-Test-4-000--revision-v4--coload-80/e41e672e913937cb39db73b54ca2883dc9ca089c700d289bee13c8fbd00803f8.json
coload-80,test-Test-4-000--revision-v4--coload-80,51700.426665000006,12658.145376024047,73eeebd8802b90a5aab914b3eb2ba0dbe2ffc2f0f0f14832c4d7cd511b65fd49,39553.22609200001,2510.3629711671065,PPO-coload-80-large-r0-B40320,solutions/test-Test-4-000--revision-v4--coload-80/73eeebd8802b90a5aab914b3eb2ba0dbe2ffc2f0f0f14832c4d7cd511b65fd49.json
coload-80,test-Test-4-000--revision-v4--coload-80,51700.426665000006,12658.145376024047,f78b2c166b65ff54c3d92dfa4fb6081ce5ecea780aa7c19eb9694475bf7a044e,39736.894381000006,2496.3130199643424,PPO-coload-80-large-r0-B40320,solutions/test-Test-4-000--revision-v4--coload-80/f78b2c166b65ff54c3d92dfa4fb6081ce5ecea780aa7c19eb9694475bf7a044e.json
coload-80,test-Test-4-000--revision-v4--coload-80,51700.426665000006,12658.145376024047,932892b3ba43be3720c58e63d1f42bbf55156d87ae4b5903108f5f0cee0da113,39753.064381000004,2455.2371401344085,PPO-coload-80-large-r0-B40320,solutions/test-Test-4-000--revision-v4--coload-80/932892b3ba43be3720c58e63d1f42bbf55156d87ae4b5903108f5f0cee0da113.json
coload-80,test-Test-4-000--revision-v4--coload-80,51700.426665000006,12658.145376024047,a7adc7ecb9c85222dcda1285d71f2e893f46aaa17727a713f7f71fb1f0bd4b9d,40168.419381,2454.967770020521,PPO-coload-80-large-r0-B40320,solutions/test-Test-4-000--revision-v4--coload-80/a7adc7ecb9c85222dcda1285d71f2e893f46aaa17727a713f7f71fb1f0bd4b9d.json
coload-80,test-Test-4-000--revision-v4--coload-80,51700.426665000006,12658.145376024047,0c1ed6019ef87f44b9d1a242808fc657ba1b0100547344475dc3424083d3f8bb,40728.449465000005,2261.439598005614,PPO-coload-80-large-r0-B40320,solutions/test-Test-4-000--revision-v4--coload-80/0c1ed6019ef87f44b9d1a242808fc657ba1b0100547344475dc3424083d3f8bb.json
coload-80,test-Test-4-000--revision-v4--coload-80,51700.426665000006,12658.145376024047,174c0b16f50a7154e3a7a422d3d60064a3cf5425f4a0731a47d729019a067447,40728.65401700001,2234.2948326529204,PPO-coload-80-large-r0-B40320,solutions/test-Test-4-000--revision-v4--coload-80/174c0b16f50a7154e3a7a422d3d60064a3cf5425f4a0731a47d729019a067447.json
coload-80,test-Test-4-000--revision-v4--coload-80,51700.426665000006,12658.145376024047,cdbe9675e2e39389275f9133abbe224767da30cfd53e6b29ed75a3632e217c9d,40760.244017000005,2233.388138742513,PPO-coload-80-large-r0-B40320,solutions/test-Test-4-000--revision-v4--coload-80/cdbe9675e2e39389275f9133abbe224767da30cfd53e6b29ed75a3632e217c9d.json
coload-80,test-Test-4-000--revision-v4--coload-80,51700.426665000006,12658.145376024047,a6ace0ffd0f74811b1816575b908e72ea1477dd1b96e9b3a9c32c6ef0bad8c74,40823.427016999995,2233.2884654271006,PPO-coload-80-large-r0-B40320,solutions/test-Test-4-000--revision-v4--coload-80/a6ace0ffd0f74811b1816575b908e72ea1477dd1b96e9b3a9c32c6ef0bad8c74.json
coload-80,test-Test-4-000--revision-v4--coload-80,51700.426665000006,12658.145376024047,44cd67d40a4ef8f1a96e8a6f70c55af68f11e665d7093faf1daa86075be3d4c9,40886.115017,2232.573916683064,PPO-coload-80-large-r0-B40320,solutions/test-Test-4-000--revision-v4--coload-80/44cd67d40a4ef8f1a96e8a6f70c55af68f11e665d7093faf1daa86075be3d4c9.json
coload-80,test-Test-4-000--revision-v4--coload-80,51700.426665000006,12658.145376024047,934998fd7095572334577ccc03af9164bfe796708b91d2ab7a763023bd6f10c5,40940.708116999995,2213.756955073154,PPO-coload-80-large-r0-B40320,solutions/test-Test-4-000--revision-v4--coload-80/934998fd7095572334577ccc03af9164bfe796708b91d2ab7a763023bd6f10c5.json
coload-80,test-Test-4-000--revision-v4--coload-80,51700.426665000006,12658.145376024047,f87654c90b1829f0a99ee078a21fad31537450fd6bd6ca1968b79f4f5d40bc1c,40943.402117,2212.8316316152404,PPO-coload-80-large-r0-B40320,solutions/test-Test-4-000--revision-v4--coload-80/f87654c90b1829f0a99ee078a21fad31537450fd6bd6ca1968b79f4f5d40bc1c.json
coload-80,test-Test-4-000--revision-v4--coload-80,51700.426665000006,12658.145376024047,d74847a1c2814573577479971bdae272b1489b56df517fd901a1a4eb6d7aba4d,40955.16211699999,2210.46437712931,PPO-coload-80-large-r0-B40320,solutions/test-Test-4-000--revision-v4--coload-80/d74847a1c2814573577479971bdae272b1489b56df517fd901a1a4eb6d7aba4d.json
coload-80,test-Test-4-000--revision-v4--coload-80,51700.426665000006,12658.145376024047,c96d686ffd23acc62797f3c2c1fef4085a73d40d4bc5794c1f26a59abe168230,40958.079017000004,2185.306174790772,PPO-coload-80-large-r0-B40320,solutions/test-Test-4-000--revision-v4--coload-80/c96d686ffd23acc62797f3c2c1fef4085a73d40d4bc5794c1f26a59abe168230.json
coload-80,test-Test-4-000--revision-v4--coload-80,51700.426665000006,12658.145376024047,905df79946aa7eb4138b659b6d094dc25678b45bce5ec7dc5b380d56dd7ba109,40999.845225000005,2168.888470071211,PPO-coload-80-large-r0-B40320,solutions/test-Test-4-000--revision-v4--coload-80/905df79946aa7eb4138b659b6d094dc25678b45bce5ec7dc5b380d56dd7ba109.json
coload-80,test-Test-4-000--revision-v4--coload-80,51700.426665000006,12658.145376024047,036d892a7ab753a0681cfe9afb9efb42bc7251eec311c12d12b968861cb45109,41603.513501,2167.3944486108503,PPO-coload-80-large-r0-B40320,solutions/test-Test-4-000--revision-v4--coload-80/036d892a7ab753a0681cfe9afb9efb42bc7251eec311c12d12b968861cb45109.json
coload-80,test-Test-4-000--revision-v4--coload-80,51700.426665000006,12658.145376024047,693d623bc48753bc357d6d91c5bd7886c4e316d13f44e69aee831cfdf403cfe6,41878.61950200001,2005.5682867121025,PPO-coload-80-large-r2-B40320,solutions/test-Test-4-000--revision-v4--coload-80/693d623bc48753bc357d6d91c5bd7886c4e316d13f44e69aee831cfdf403cfe6.json
coload-80,test-Test-4-000--revision-v4--coload-80,51700.426665000006,12658.145376024047,ef6456c745990eb7fe8bc0eaa781c82b9a1178d7e28eab603255417ce0919c37,42201.160074999985,1536.8732182520857,PPO-coload-80-large-r1-B40320,solutions/test-Test-4-000--revision-v4--coload-80/ef6456c745990eb7fe8bc0eaa781c82b9a1178d7e28eab603255417ce0919c37.json
coload-80,test-Test-4-000--revision-v4--coload-80,51700.426665000006,12658.145376024047,48d3ffa813c210a94e59ae81c8d40326b36e5ed14ee942b9752805af2809f736,42307.92195099998,1535.748572550971,PPO-coload-80-large-r1-B40320,solutions/test-Test-4-000--revision-v4--coload-80/48d3ffa813c210a94e59ae81c8d40326b36e5ed14ee942b9752805af2809f736.json
coload-80,test-Test-4-000--revision-v4--coload-80,51700.426665000006,12658.145376024047,e47a1b9ea09b811fae17db9a6a971dcb3fcfe3ef9119cdb2151276e35abb81f2,42334.231452999986,1520.8257233872055,PPO-coload-80-large-r1-B40320,solutions/test-Test-4-000--revision-v4--coload-80/e47a1b9ea09b811fae17db9a6a971dcb3fcfe3ef9119cdb2151276e35abb81f2.json
coload-80,test-Test-4-000--revision-v4--coload-80,51700.426665000006,12658.145376024047,db0cd8c8a06780404c70b19bb891e63b1a1bd7457b91dfcb3016a5a8420dc892,42547.67895099997,1513.8717480091914,PPO-coload-80-large-r1-B40320,solutions/test-Test-4-000--revision-v4--coload-80/db0cd8c8a06780404c70b19bb891e63b1a1bd7457b91dfcb3016a5a8420dc892.json
coload-80,test-Test-4-000--revision-v4--coload-80,51700.426665000006,12658.145376024047,fc36c8a8a7f4844bc20ad2836ac92e442cdf7b1dca33991a350f04b28e2c1717,42576.18405899998,1508.279211589681,PPO-coload-80-large-r1-B40320,solutions/test-Test-4-000--revision-v4--coload-80/fc36c8a8a7f4844bc20ad2836ac92e442cdf7b1dca33991a350f04b28e2c1717.json
coload-80,test-Test-4-000--revision-v4--coload-80,51700.426665000006,12658.145376024047,08a02ff6986964f3c5f2ff1abc0790e08d191e23ab67305208a05551b3e058d5,45946.624683000024,1296.0373596651755,PPO-coload-80-large-r2-B40320,solutions/test-Test-4-000--revision-v4--coload-80/08a02ff6986964f3c5f2ff1abc0790e08d191e23ab67305208a05551b3e058d5.json
coload-80,test-Test-4-000--revision-v4--coload-80,51700.426665000006,12658.145376024047,db2c365ee960064cdc7c1b9e5be0a92a5dd894d34059c45e2aade5f59eb86d65,46015.40568300002,1233.8120171403204,PPO-coload-80-large-r2-B40320,solutions/test-Test-4-000--revision-v4--coload-80/db2c365ee960064cdc7c1b9e5be0a92a5dd894d34059c45e2aade5f59eb86d65.json
coload-80,test-Test-4-000--revision-v4--coload-80,51700.426665000006,12658.145376024047,eecad140a5fb28e280f9c152163e0f5a43d7fe79526e5f91f770cdcbb11428e0,47715.853711,1194.1644874997787,PPO-coload-80-large-r2-B40320,solutions/test-Test-4-000--revision-v4--coload-80/eecad140a5fb28e280f9c152163e0f5a43d7fe79526e5f91f770cdcbb11428e0.json
coload-120,test-Test-4-000--revision-v4--coload-120,51700.426665000006,18128.55476066022,7f468db3d4e5b381ce0ffaae12d5809272f831ad732186367cc8d2c0b4f0c1bd,34916.597803000026,13332.720343535788,PPO-coload-120-large-r1-B40320,solutions/test-Test-4-000--revision-v4--coload-120/7f468db3d4e5b381ce0ffaae12d5809272f831ad732186367cc8d2c0b4f0c1bd.json
coload-120,test-Test-4-000--revision-v4--coload-120,51700.426665000006,18128.55476066022,a01a7a48307c42f475be918aa9ea02813b1f3baff34dd0d865355500292f95bd,35168.40480300003,13187.349178449012,PPO-coload-120-large-r1-B40320,solutions/test-Test-4-000--revision-v4--coload-120/a01a7a48307c42f475be918aa9ea02813b1f3baff34dd0d865355500292f95bd.json
coload-120,test-Test-4-000--revision-v4--coload-120,51700.426665000006,18128.55476066022,f3511f752995283ae677b6368816c1679d774434876fdda71d0ddc8505429310,35582.67589800003,13141.728989231238,PPO-coload-120-large-r1-B40320,solutions/test-Test-4-000--revision-v4--coload-120/f3511f752995283ae677b6368816c1679d774434876fdda71d0ddc8505429310.json
coload-120,test-Test-4-000--revision-v4--coload-120,51700.426665000006,18128.55476066022,24f41f0b0cb9f93817e46e9f1ee7a3fa11f119a71364da214eb13465c3d54742,35718.87939600002,12161.823980902729,PPO-coload-120-large-r2-B40320,solutions/test-Test-4-000--revision-v4--coload-120/24f41f0b0cb9f93817e46e9f1ee7a3fa11f119a71364da214eb13465c3d54742.json
coload-120,test-Test-4-000--revision-v4--coload-120,51700.426665000006,18128.55476066022,649574e3c4bcff56b95458adb4cd54f3694249bc9e65fb821d5c8bbb2176f24a,35744.82634900001,10560.241125314893,PPO-coload-120-large-r0-B40320,solutions/test-Test-4-000--revision-v4--coload-120/649574e3c4bcff56b95458adb4cd54f3694249bc9e65fb821d5c8bbb2176f24a.json
coload-120,test-Test-4-000--revision-v4--coload-120,51700.426665000006,18128.55476066022,e14c574eec47a0e80e60434c6c5afaeabc304d29a205140e6b8e8e84024e084e,35770.487097000005,10155.675345631602,PPO-coload-120-large-r0-B40320,solutions/test-Test-4-000--revision-v4--coload-120/e14c574eec47a0e80e60434c6c5afaeabc304d29a205140e6b8e8e84024e084e.json
coload-120,test-Test-4-000--revision-v4--coload-120,51700.426665000006,18128.55476066022,321da12de7e8bf3092f22d2a24cc46d147f7f8914454b6bb78c722c6fdc5b8a3,36080.09608800002,9953.696018512066,PPO-coload-120-large-r0-B40320,solutions/test-Test-4-000--revision-v4--coload-120/321da12de7e8bf3092f22d2a24cc46d147f7f8914454b6bb78c722c6fdc5b8a3.json
coload-120,test-Test-4-000--revision-v4--coload-120,51700.426665000006,18128.55476066022,93e529e357325165b9013e8cdca104164661269ad6c4b08654f6110bb8e9fdf1,36144.72808800001,9880.79467951302,PPO-coload-120-large-r0-B40320,solutions/test-Test-4-000--revision-v4--coload-120/93e529e357325165b9013e8cdca104164661269ad6c4b08654f6110bb8e9fdf1.json
coload-120,test-Test-4-000--revision-v4--coload-120,51700.426665000006,18128.55476066022,96f1f0ee6cb74bc746b29f91a84f49bc878ce2ba5fe877e6c116e9e81d4dd2e9,36261.93300600002,8547.256301332814,PPO-coload-120-large-r1-B40320,solutions/test-Test-4-000--revision-v4--coload-120/96f1f0ee6cb74bc746b29f91a84f49bc878ce2ba5fe877e6c116e9e81d4dd2e9.json
coload-120,test-Test-4-000--revision-v4--coload-120,51700.426665000006,18128.55476066022,4fb4a6f390c284e31b30d2ec060c42100fd2bc624055d4650d5bdb97b5bc355b,36573.56100600002,8526.636355576788,PPO-coload-120-large-r1-B40320,solutions/test-Test-4-000--revision-v4--coload-120/4fb4a6f390c284e31b30d2ec060c42100fd2bc624055d4650d5bdb97b5bc355b.json
coload-120,test-Test-4-000--revision-v4--coload-120,51700.426665000006,18128.55476066022,a1f3a0f28c05ff982e25822ef8d07de6a8cb95858e9952404ca93058e104b4b2,36586.603519000004,5455.719050482795,PPO-coload-120-large-r0-B40320,solutions/test-Test-4-000--revision-v4--coload-120/a1f3a0f28c05ff982e25822ef8d07de6a8cb95858e9952404ca93058e104b4b2.json
coload-120,test-Test-4-000--revision-v4--coload-120,51700.426665000006,18128.55476066022,29074b26d60b047c93cefffa5e4ac1241792006904affbdbd7a9590570a51e3d,36710.586070000005,5412.769135893793,PPO-coload-120-large-r0-B40320,solutions/test-Test-4-000--revision-v4--coload-120/29074b26d60b047c93cefffa5e4ac1241792006904affbdbd7a9590570a51e3d.json
coload-120,test-Test-4-000--revision-v4--coload-120,51700.426665000006,18128.55476066022,1304440d12d400d4e22728d1fc8b1efcb82cca0a33822e5c3145e3ff6dd71c7d,36710.800003,5393.156098679408,PPO-coload-120-large-r0-B40320,solutions/test-Test-4-000--revision-v4--coload-120/1304440d12d400d4e22728d1fc8b1efcb82cca0a33822e5c3145e3ff6dd71c7d.json
coload-120,test-Test-4-000--revision-v4--coload-120,51700.426665000006,18128.55476066022,a0b4be97594e7b6d17f8d9f0271f8247c550ab2853533a7ac4ed2972880903ab,36725.866918,5377.156886562645,PPO-coload-120-large-r0-B40320,solutions/test-Test-4-000--revision-v4--coload-120/a0b4be97594e7b6d17f8d9f0271f8247c550ab2853533a7ac4ed2972880903ab.json
coload-120,test-Test-4-000--revision-v4--coload-120,51700.426665000006,18128.55476066022,e7d1be50dd9cf17b7f6812f1919b7e4baeade38a1f19517b79ff5b896fd1e88f,36762.595918,5376.565653343052,PPO-coload-120-large-r0-B40320,solutions/test-Test-4-000--revision-v4--coload-120/e7d1be50dd9cf17b7f6812f1919b7e4baeade38a1f19517b79ff5b896fd1e88f.json
coload-120,test-Test-4-000--revision-v4--coload-120,51700.426665000006,18128.55476066022,325a575c28a6f362c242b13487142d889fca12c426b516a683e1ed0236492cfc,37051.312917999996,5369.24401864763,PPO-coload-120-large-r0-B40320,solutions/test-Test-4-000--revision-v4--coload-120/325a575c28a6f362c242b13487142d889fca12c426b516a683e1ed0236492cfc.json
coload-120,test-Test-4-000--revision-v4--coload-120,51700.426665000006,18128.55476066022,277ca6f2f1a5a7ee764c0119e04195841c0f7333e24baeacd2a77e0ef35cbf75,37164.97891800001,4782.4315436712,PPO-coload-120-large-r0-B40320,solutions/test-Test-4-000--revision-v4--coload-120/277ca6f2f1a5a7ee764c0119e04195841c0f7333e24baeacd2a77e0ef35cbf75.json
coload-120,test-Test-4-000--revision-v4--coload-120,51700.426665000006,18128.55476066022,bc6f091e6b31bcba95b7e8e9633f31de527755d071313fbd6fb723558f842830,39346.59501000002,4413.287151761601,PPO-coload-120-large-r2-B40320,solutions/test-Test-4-000--revision-v4--coload-120/bc6f091e6b31bcba95b7e8e9633f31de527755d071313fbd6fb723558f842830.json
coload-120,test-Test-4-000--revision-v4--coload-120,51700.426665000006,18128.55476066022,cab8b6077b5308e5b85a541613dadeef0cccfd893fe5e8219d19a86cf16dcc5d,39350.773284000024,4393.129048396217,PPO-coload-120-large-r2-B40320,solutions/test-Test-4-000--revision-v4--coload-120/cab8b6077b5308e5b85a541613dadeef0cccfd893fe5e8219d19a86cf16dcc5d.json
coload-120,test-Test-4-000--revision-v4--coload-120,51700.426665000006,18128.55476066022,e41e672e913937cb39db73b54ca2883dc9ca089c700d289bee13c8fbd00803f8,39537.884010000016,4390.595124959401,PPO-coload-120-large-r2-B40320,solutions/test-Test-4-000--revision-v4--coload-120/e41e672e913937cb39db73b54ca2883dc9ca089c700d289bee13c8fbd00803f8.json
coload-120,test-Test-4-000--revision-v4--coload-120,51700.426665000006,18128.55476066022,73eeebd8802b90a5aab914b3eb2ba0dbe2ffc2f0f0f14832c4d7cd511b65fd49,39553.22609200001,3438.433444313607,PPO-coload-120-large-r0-B40320,solutions/test-Test-4-000--revision-v4--coload-120/73eeebd8802b90a5aab914b3eb2ba0dbe2ffc2f0f0f14832c4d7cd511b65fd49.json
coload-120,test-Test-4-000--revision-v4--coload-120,51700.426665000006,18128.55476066022,f78b2c166b65ff54c3d92dfa4fb6081ce5ecea780aa7c19eb9694475bf7a044e,39736.894381000006,3414.7931098593517,PPO-coload-120-large-r0-B40320,solutions/test-Test-4-000--revision-v4--coload-120/f78b2c166b65ff54c3d92dfa4fb6081ce5ecea780aa7c19eb9694475bf7a044e.json
coload-120,test-Test-4-000--revision-v4--coload-120,51700.426665000006,18128.55476066022,932892b3ba43be3720c58e63d1f42bbf55156d87ae4b5903108f5f0cee0da113,39753.064381000004,3355.621723440125,PPO-coload-120-large-r0-B40320,solutions/test-Test-4-000--revision-v4--coload-120/932892b3ba43be3720c58e63d1f42bbf55156d87ae4b5903108f5f0cee0da113.json
coload-120,test-Test-4-000--revision-v4--coload-120,51700.426665000006,18128.55476066022,a7adc7ecb9c85222dcda1285d71f2e893f46aaa17727a713f7f71fb1f0bd4b9d,40168.419381,3355.4586635292703,PPO-coload-120-large-r0-B40320,solutions/test-Test-4-000--revision-v4--coload-120/a7adc7ecb9c85222dcda1285d71f2e893f46aaa17727a713f7f71fb1f0bd4b9d.json
coload-120,test-Test-4-000--revision-v4--coload-120,51700.426665000006,18128.55476066022,0c1ed6019ef87f44b9d1a242808fc657ba1b0100547344475dc3424083d3f8bb,40728.449465000005,3069.682227628413,PPO-coload-120-large-r0-B40320,solutions/test-Test-4-000--revision-v4--coload-120/0c1ed6019ef87f44b9d1a242808fc657ba1b0100547344475dc3424083d3f8bb.json
coload-120,test-Test-4-000--revision-v4--coload-120,51700.426665000006,18128.55476066022,174c0b16f50a7154e3a7a422d3d60064a3cf5425f4a0731a47d729019a067447,40728.65401700001,3026.8917590690226,PPO-coload-120-large-r0-B40320,solutions/test-Test-4-000--revision-v4--coload-120/174c0b16f50a7154e3a7a422d3d60064a3cf5425f4a0731a47d729019a067447.json
coload-120,test-Test-4-000--revision-v4--coload-120,51700.426665000006,18128.55476066022,cdbe9675e2e39389275f9133abbe224767da30cfd53e6b29ed75a3632e217c9d,40760.244017000005,3026.255194394679,PPO-coload-120-large-r0-B40320,solutions/test-Test-4-000--revision-v4--coload-120/cdbe9675e2e39389275f9133abbe224767da30cfd53e6b29ed75a3632e217c9d.json
coload-120,test-Test-4-000--revision-v4--coload-120,51700.426665000006,18128.55476066022,a6ace0ffd0f74811b1816575b908e72ea1477dd1b96e9b3a9c32c6ef0bad8c74,40823.427016999995,3025.3354367058287,PPO-coload-120-large-r0-B40320,solutions/test-Test-4-000--revision-v4--coload-120/a6ace0ffd0f74811b1816575b908e72ea1477dd1b96e9b3a9c32c6ef0bad8c74.json
coload-120,test-Test-4-000--revision-v4--coload-120,51700.426665000006,18128.55476066022,44cd67d40a4ef8f1a96e8a6f70c55af68f11e665d7093faf1daa86075be3d4c9,40886.115017,3024.620887961792,PPO-coload-120-large-r0-B40320,solutions/test-Test-4-000--revision-v4--coload-120/44cd67d40a4ef8f1a96e8a6f70c55af68f11e665d7093faf1daa86075be3d4c9.json
coload-120,test-Test-4-000--revision-v4--coload-120,51700.426665000006,18128.55476066022,934998fd7095572334577ccc03af9164bfe796708b91d2ab7a763023bd6f10c5,40940.708116999995,2998.2996646841198,PPO-coload-120-large-r0-B40320,solutions/test-Test-4-000--revision-v4--coload-120/934998fd7095572334577ccc03af9164bfe796708b91d2ab7a763023bd6f10c5.json
coload-120,test-Test-4-000--revision-v4--coload-120,51700.426665000006,18128.55476066022,f87654c90b1829f0a99ee078a21fad31537450fd6bd6ca1968b79f4f5d40bc1c,40943.402117,2997.2623273191666,PPO-coload-120-large-r0-B40320,solutions/test-Test-4-000--revision-v4--coload-120/f87654c90b1829f0a99ee078a21fad31537450fd6bd6ca1968b79f4f5d40bc1c.json
coload-120,test-Test-4-000--revision-v4--coload-120,51700.426665000006,18128.55476066022,d74847a1c2814573577479971bdae272b1489b56df517fd901a1a4eb6d7aba4d,40955.16211699999,2994.108566304283,PPO-coload-120-large-r0-B40320,solutions/test-Test-4-000--revision-v4--coload-120/d74847a1c2814573577479971bdae272b1489b56df517fd901a1a4eb6d7aba4d.json
coload-120,test-Test-4-000--revision-v4--coload-120,51700.426665000006,18128.55476066022,c96d686ffd23acc62797f3c2c1fef4085a73d40d4bc5794c1f26a59abe168230,40958.079017000004,2958.2061492549356,PPO-coload-120-large-r0-B40320,solutions/test-Test-4-000--revision-v4--coload-120/c96d686ffd23acc62797f3c2c1fef4085a73d40d4bc5794c1f26a59abe168230.json
coload-120,test-Test-4-000--revision-v4--coload-120,51700.426665000006,18128.55476066022,905df79946aa7eb4138b659b6d094dc25678b45bce5ec7dc5b380d56dd7ba109,40999.845225000005,2936.973122750013,PPO-coload-120-large-r0-B40320,solutions/test-Test-4-000--revision-v4--coload-120/905df79946aa7eb4138b659b6d094dc25678b45bce5ec7dc5b380d56dd7ba109.json
coload-120,test-Test-4-000--revision-v4--coload-120,51700.426665000006,18128.55476066022,f10a8205ccdb58192200027f70edd6e92c829774944044745f5f7bf323bb9638,41280.78998900002,2925.749445078617,PPO-coload-120-large-r2-B40320,solutions/test-Test-4-000--revision-v4--coload-120/f10a8205ccdb58192200027f70edd6e92c829774944044745f5f7bf323bb9638.json
coload-120,test-Test-4-000--revision-v4--coload-120,51700.426665000006,18128.55476066022,f5f39003d22734c388168848fd723769e28cad3d52113296a5e6e5568c7182f1,41326.110990000016,2893.6626327533086,PPO-coload-120-large-r2-B40320,solutions/test-Test-4-000--revision-v4--coload-120/f5f39003d22734c388168848fd723769e28cad3d52113296a5e6e5568c7182f1.json
coload-120,test-Test-4-000--revision-v4--coload-120,51700.426665000006,18128.55476066022,87729586c976d385ee36a6254a89c5b220cc6d2f4383ed1540657a30ba3d2e18,41614.571636000015,2817.799388890422,PPO-coload-120-large-r0-B40320,solutions/test-Test-4-000--revision-v4--coload-120/87729586c976d385ee36a6254a89c5b220cc6d2f4383ed1540657a30ba3d2e18.json
coload-120,test-Test-4-000--revision-v4--coload-120,51700.426665000006,18128.55476066022,26727fcbb2dc7ebc11e12ef257bf2c3343f033d7287d29a5f62ea352115fb7c8,41895.248636000026,2793.4785683841387,PPO-coload-120-large-r0-B40320,solutions/test-Test-4-000--revision-v4--coload-120/26727fcbb2dc7ebc11e12ef257bf2c3343f033d7287d29a5f62ea352115fb7c8.json
coload-120,test-Test-4-000--revision-v4--coload-120,51700.426665000006,18128.55476066022,51350064855be2b9ecc3068653ff6f59da7e71a4007152cbba23aa15a3641045,41957.632570000016,2782.4900678001113,PPO-coload-120-large-r2-B40320,solutions/test-Test-4-000--revision-v4--coload-120/51350064855be2b9ecc3068653ff6f59da7e71a4007152cbba23aa15a3641045.json
coload-120,test-Test-4-000--revision-v4--coload-120,51700.426665000006,18128.55476066022,ef6456c745990eb7fe8bc0eaa781c82b9a1178d7e28eab603255417ce0919c37,42201.160074999985,2010.888590647256,PPO-coload-120-large-r1-B40320,solutions/test-Test-4-000--revision-v4--coload-120/ef6456c745990eb7fe8bc0eaa781c82b9a1178d7e28eab603255417ce0919c37.json
coload-120,test-Test-4-000--revision-v4--coload-120,51700.426665000006,18128.55476066022,48d3ffa813c210a94e59ae81c8d40326b36e5ed14ee942b9752805af2809f736,42307.92195099998,2010.2283936977392,PPO-coload-120-large-r1-B40320,solutions/test-Test-4-000--revision-v4--coload-120/48d3ffa813c210a94e59ae81c8d40326b36e5ed14ee942b9752805af2809f736.json
coload-120,test-Test-4-000--revision-v4--coload-120,51700.426665000006,18128.55476066022,e47a1b9ea09b811fae17db9a6a971dcb3fcfe3ef9119cdb2151276e35abb81f2,42334.231452999986,1990.2984672806497,PPO-coload-120-large-r1-B40320,solutions/test-Test-4-000--revision-v4--coload-120/e47a1b9ea09b811fae17db9a6a971dcb3fcfe3ef9119cdb2151276e35abb81f2.json
coload-120,test-Test-4-000--revision-v4--coload-120,51700.426665000006,18128.55476066022,db0cd8c8a06780404c70b19bb891e63b1a1bd7457b91dfcb3016a5a8420dc892,42547.67895099997,1979.50494249637,PPO-coload-120-large-r1-B40320,solutions/test-Test-4-000--revision-v4--coload-120/db0cd8c8a06780404c70b19bb891e63b1a1bd7457b91dfcb3016a5a8420dc892.json
coload-120,test-Test-4-000--revision-v4--coload-120,51700.426665000006,18128.55476066022,fc36c8a8a7f4844bc20ad2836ac92e442cdf7b1dca33991a350f04b28e2c1717,42576.18405899998,1972.0324026593032,PPO-coload-120-large-r1-B40320,solutions/test-Test-4-000--revision-v4--coload-120/fc36c8a8a7f4844bc20ad2836ac92e442cdf7b1dca33991a350f04b28e2c1717.json
coload-120,test-Test-4-000--revision-v4--coload-120,51700.426665000006,18128.55476066022,92ef839e3cf22a4571c408abe5b7fbe6c466c74271c44c1651a3398781a06fb9,45375.16922199998,1877.8446852219347,PPO-coload-120-large-r2-B40320,solutions/test-Test-4-000--revision-v4--coload-120/92ef839e3cf22a4571c408abe5b7fbe6c466c74271c44c1651a3398781a06fb9.json
coload-120,test-Test-4-000--revision-v4--coload-120,51700.426665000006,18128.55476066022,0e5247a540f79054d9bb97138440b32d1607912b54908893d49b6d01b15f06be,45388.04064899999,1859.1039241588876,PPO-coload-120-large-r2-B40320,solutions/test-Test-4-000--revision-v4--coload-120/0e5247a540f79054d9bb97138440b32d1607912b54908893d49b6d01b15f06be.json
coload-120,test-Test-4-000--revision-v4--coload-120,51700.426665000006,18128.55476066022,263950ae79d7d6764ea3e178e41ba862a795fe4a2f5d94d67c1b89499207253c,45725.856648999994,1854.5287631758658,PPO-coload-120-large-r2-B40320,solutions/test-Test-4-000--revision-v4--coload-120/263950ae79d7d6764ea3e178e41ba862a795fe4a2f5d94d67c1b89499207253c.json
coload-120,test-Test-4-000--revision-v4--coload-120,51700.426665000006,18128.55476066022,f9a529cbcdd8b12b85523bab93b38577853c2325e9265690c7c37d2ca7bfcc50,46059.281649000004,1848.8851416699415,PPO-coload-120-large-r2-B40320,solutions/test-Test-4-000--revision-v4--coload-120/f9a529cbcdd8b12b85523bab93b38577853c2325e9265690c7c37d2ca7bfcc50.json
coload-120,test-Test-4-000--revision-v4--coload-120,51700.426665000006,18128.55476066022,32efef81d5630a9a86e098cbf33be207a614456c05c75603129773ceaa9d689e,46075.232649000005,1847.8762263137344,PPO-coload-120-large-r2-B40320,solutions/test-Test-4-000--revision-v4--coload-120/32efef81d5630a9a86e098cbf33be207a614456c05c75603129773ceaa9d689e.json
coload-120,test-Test-4-000--revision-v4--coload-120,51700.426665000006,18128.55476066022,0fbe2db08277a75818ad608f39cd123e4b5efbec6b33435cfb14620300629b51,51284.21698599997,1830.784279494612,PPO-coload-120-large-r2-B40320,solutions/test-Test-4-000--revision-v4--coload-120/0fbe2db08277a75818ad608f39cd123e4b5efbec6b33435cfb14620300629b51.json
coload-120,test-Test-4-000--revision-v4--coload-120,51700.426665000006,18128.55476066022,c4e73590684275032b2d26f6d4a64ba2c722b48c3d30f27fb19def879cf14bda,51353.71453,1798.8145668525788,PPO-coload-120-large-r2-B40320,solutions/test-Test-4-000--revision-v4--coload-120/c4e73590684275032b2d26f6d4a64ba2c722b48c3d30f27fb19def879cf14bda.json
coload-120,test-Test-4-000--revision-v4--coload-120,51700.426665000006,18128.55476066022,1529a4c9b3b7ac2510f41bc906d842fbbde8fc8222c86466ead8d325cc6cca0e,51358.598387999984,1794.8668239719864,PPO-coload-120-large-r2-B40320,solutions/test-Test-4-000--revision-v4--coload-120/1529a4c9b3b7ac2510f41bc906d842fbbde8fc8222c86466ead8d325cc6cca0e.json
coload-120,test-Test-4-000--revision-v4--coload-120,51700.426665000006,18128.55476066022,422d7eac5bedf62df192f30b4c9c17deb336f750ec3b5ae71b42d79cc3599f3e,51403.25338799998,1793.2059296872135,PPO-coload-120-large-r2-B40320,solutions/test-Test-4-000--revision-v4--coload-120/422d7eac5bedf62df192f30b4c9c17deb336f750ec3b5ae71b42d79cc3599f3e.json
coload-120,test-Test-4-000--revision-v4--coload-120,51700.426665000006,18128.55476066022,7301abc3213b6f49d2fc58d6e09ec4f9689c5d202a34182e1d11bbb50dc763f1,51607.154387999995,1791.6794290417258,PPO-coload-120-large-r2-B40320,solutions/test-Test-4-000--revision-v4--coload-120/7301abc3213b6f49d2fc58d6e09ec4f9689c5d202a34182e1d11bbb50dc763f1.json
coload-120,test-Test-4-000--revision-v4--coload-120,51700.426665000006,18128.55476066022,0ad2ce4539d5fa8cc2ccb9c3e1780eea9377c768a300a1b087e3b4e0ebb1f47a,51674.63038799999,1783.484753530346,PPO-coload-120-large-r2-B40320,solutions/test-Test-4-000--revision-v4--coload-120/0ad2ce4539d5fa8cc2ccb9c3e1780eea9377c768a300a1b087e3b4e0ebb1f47a.json
coload-120,test-Test-4-000--revision-v4--coload-120,51700.426665000006,18128.55476066022,b765b99c4f35107bda0978925e12616e8a47fdf12da4602002cb8575c4857bf7,51727.30438799999,1783.4395222214193,PPO-coload-120-large-r2-B40320,solutions/test-Test-4-000--revision-v4--coload-120/b765b99c4f35107bda0978925e12616e8a47fdf12da4602002cb8575c4857bf7.json
coload-120,test-Test-4-000--revision-v4--coload-120,51700.426665000006,18128.55476066022,bc6df3b5d7f4a49d64d5761b96036ad6e8554e21726bebe084e942163c6b1167,51836.527387999995,1728.0021433117872,PPO-coload-120-large-r2-B40320,solutions/test-Test-4-000--revision-v4--coload-120/bc6df3b5d7f4a49d64d5761b96036ad6e8554e21726bebe084e942163c6b1167.json
coload-120,test-Test-4-000--revision-v4--coload-120,51700.426665000006,18128.55476066022,4bb55f444090fa3199cb062330f8c759e68f86cbc4fe1788cccb3aaa8083cce5,52098.070403999984,1721.3265295095773,PPO-coload-120-large-r2-B40320,solutions/test-Test-4-000--revision-v4--coload-120/4bb55f444090fa3199cb062330f8c759e68f86cbc4fe1788cccb3aaa8083cce5.json
coload-130,test-Test-4-000--revision-v4--coload-130,51700.426665000006,19496.157106819286,7f468db3d4e5b381ce0ffaae12d5809272f831ad732186367cc8d2c0b4f0c1bd,34916.597803000026,14344.234700984081,PPO-coload-130-large-r1-B40320,solutions/test-Test-4-000--revision-v4--coload-130/7f468db3d4e5b381ce0ffaae12d5809272f831ad732186367cc8d2c0b4f0c1bd.json
coload-130,test-Test-4-000--revision-v4--coload-130,51700.426665000006,19496.157106819286,a01a7a48307c42f475be918aa9ea02813b1f3baff34dd0d865355500292f95bd,35168.40480300003,14187.813027408953,PPO-coload-130-large-r1-B40320,solutions/test-Test-4-000--revision-v4--coload-130/a01a7a48307c42f475be918aa9ea02813b1f3baff34dd0d865355500292f95bd.json
coload-130,test-Test-4-000--revision-v4--coload-130,51700.426665000006,19496.157106819286,f3511f752995283ae677b6368816c1679d774434876fdda71d0ddc8505429310,35582.67589800003,14139.158396061839,PPO-coload-130-large-r1-B40320,solutions/test-Test-4-000--revision-v4--coload-130/f3511f752995283ae677b6368816c1679d774434876fdda71d0ddc8505429310.json
coload-130,test-Test-4-000--revision-v4--coload-130,51700.426665000006,19496.157106819286,24f41f0b0cb9f93817e46e9f1ee7a3fa11f119a71364da214eb13465c3d54742,35718.87939600002,13078.77251452329,PPO-coload-130-large-r2-B40320,solutions/test-Test-4-000--revision-v4--coload-130/24f41f0b0cb9f93817e46e9f1ee7a3fa11f119a71364da214eb13465c3d54742.json
coload-130,test-Test-4-000--revision-v4--coload-130,51700.426665000006,19496.157106819286,649574e3c4bcff56b95458adb4cd54f3694249bc9e65fb821d5c8bbb2176f24a,35744.82634900001,11353.21870962654,PPO-coload-130-large-r0-B40320,solutions/test-Test-4-000--revision-v4--coload-130/649574e3c4bcff56b95458adb4cd54f3694249bc9e65fb821d5c8bbb2176f24a.json
coload-130,test-Test-4-000--revision-v4--coload-130,51700.426665000006,19496.157106819286,e14c574eec47a0e80e60434c6c5afaeabc304d29a205140e6b8e8e84024e084e,35770.487097000005,10917.96096158645,PPO-coload-130-large-r0-B40320,solutions/test-Test-4-000--revision-v4--coload-130/e14c574eec47a0e80e60434c6c5afaeabc304d29a205140e6b8e8e84024e084e.json
coload-130,test-Test-4-000--revision-v4--coload-130,51700.426665000006,19496.157106819286,321da12de7e8bf3092f22d2a24cc46d147f7f8914454b6bb78c722c6fdc5b8a3,36080.09608800002,10694.643617231612,PPO-coload-130-large-r0-B40320,solutions/test-Test-4-000--revision-v4--coload-130/321da12de7e8bf3092f22d2a24cc46d147f7f8914454b6bb78c722c6fdc5b8a3.json
coload-130,test-Test-4-000--revision-v4--coload-130,51700.426665000006,19496.157106819286,93e529e357325165b9013e8cdca104164661269ad6c4b08654f6110bb8e9fdf1,36144.72808800001,10615.957314762129,PPO-coload-130-large-r0-B40320,solutions/test-Test-4-000--revision-v4--coload-130/93e529e357325165b9013e8cdca104164661269ad6c4b08654f6110bb8e9fdf1.json
coload-130,test-Test-4-000--revision-v4--coload-130,51700.426665000006,19496.157106819286,96f1f0ee6cb74bc746b29f91a84f49bc878ce2ba5fe877e6c116e9e81d4dd2e9,36261.93300600002,9185.522768189516,PPO-coload-130-large-r1-B40320,solutions/test-Test-4-000--revision-v4--coload-130/96f1f0ee6cb74bc746b29f91a84f49bc878ce2ba5fe877e6c116e9e81d4dd2e9.json
coload-130,test-Test-4-000--revision-v4--coload-130,51700.426665000006,19496.157106819286,4fb4a6f390c284e31b30d2ec060c42100fd2bc624055d4650d5bdb97b5bc355b,36573.56100600002,9163.220892051851,PPO-coload-130-large-r1-B40320,solutions/test-Test-4-000--revision-v4--coload-130/4fb4a6f390c284e31b30d2ec060c42100fd2bc624055d4650d5bdb97b5bc355b.json
coload-130,test-Test-4-000--revision-v4--coload-130,51700.426665000006,19496.157106819286,a1f3a0f28c05ff982e25822ef8d07de6a8cb95858e9952404ca93058e104b4b2,36586.603519000004,5851.799923963892,PPO-coload-130-large-r0-B40320,solutions/test-Test-4-000--revision-v4--coload-130/a1f3a0f28c05ff982e25822ef8d07de6a8cb95858e9952404ca93058e104b4b2.json
coload-130,test-Test-4-000--revision-v4--coload-130,51700.426665000006,19496.157106819286,29074b26d60b047c93cefffa5e4ac1241792006904affbdbd7a9590570a51e3d,36710.586070000005,5805.469001544326,PPO-coload-130-large-r0-B40320,solutions/test-Test-4-000--revision-v4--coload-130/29074b26d60b047c93cefffa5e4ac1241792006904affbdbd7a9590570a51e3d.json
coload-130,test-Test-4-000--revision-v4--coload-130,51700.426665000006,19496.157106819286,1304440d12d400d4e22728d1fc8b1efcb82cca0a33822e5c3145e3ff6dd71c7d,36710.800003,5784.444673644934,PPO-coload-130-large-r0-B40320,solutions/test-Test-4-000--revision-v4--coload-130/1304440d12d400d4e22728d1fc8b1efcb82cca0a33822e5c3145e3ff6dd71c7d.json
coload-130,test-Test-4-000--revision-v4--coload-130,51700.426665000006,19496.157106819286,a0b4be97594e7b6d17f8d9f0271f8247c550ab2853533a7ac4ed2972880903ab,36725.866918,5767.37510505344,PPO-coload-130-large-r0-B40320,solutions/test-Test-4-000--revision-v4--coload-130/a0b4be97594e7b6d17f8d9f0271f8247c550ab2853533a7ac4ed2972880903ab.json
coload-130,test-Test-4-000--revision-v4--coload-130,51700.426665000006,19496.157106819286,e7d1be50dd9cf17b7f6812f1919b7e4baeade38a1f19517b79ff5b896fd1e88f,36762.595918,5766.815146675768,PPO-coload-130-large-r0-B40320,solutions/test-Test-4-000--revision-v4--coload-130/e7d1be50dd9cf17b7f6812f1919b7e4baeade38a1f19517b79ff5b896fd1e88f.json
coload-130,test-Test-4-000--revision-v4--coload-130,51700.426665000006,19496.157106819286,325a575c28a6f362c242b13487142d889fca12c426b516a683e1ed0236492cfc,37051.312917999996,5759.013954514406,PPO-coload-130-large-r0-B40320,solutions/test-Test-4-000--revision-v4--coload-130/325a575c28a6f362c242b13487142d889fca12c426b516a683e1ed0236492cfc.json
coload-130,test-Test-4-000--revision-v4--coload-130,51700.426665000006,19496.157106819286,277ca6f2f1a5a7ee764c0119e04195841c0f7333e24baeacd2a77e0ef35cbf75,37164.97891800001,5126.0029764892115,PPO-coload-130-large-r0-B40320,solutions/test-Test-4-000--revision-v4--coload-130/277ca6f2f1a5a7ee764c0119e04195841c0f7333e24baeacd2a77e0ef35cbf75.json
coload-130,test-Test-4-000--revision-v4--coload-130,51700.426665000006,19496.157106819286,7a6800603f4a495b7990cd52adb1cbc330d6082cfbb50b9dafde957315b17d82,38564.36272399999,4888.972282640819,PPO-coload-130-large-r2-B40320,solutions/test-Test-4-000--revision-v4--coload-130/7a6800603f4a495b7990cd52adb1cbc330d6082cfbb50b9dafde957315b17d82.json
coload-130,test-Test-4-000--revision-v4--coload-130,51700.426665000006,19496.157106819286,3156ebff20e4067010aabaeade91665c401954e89be2c57025ff5b931bb08880,39591.50438600003,4865.988907185494,PPO-coload-130-large-r0-B40320,solutions/test-Test-4-000--revision-v4--coload-130/3156ebff20e4067010aabaeade91665c401954e89be2c57025ff5b931bb08880.json
coload-130,test-Test-4-000--revision-v4--coload-130,51700.426665000006,19496.157106819286,3eb41d3c36226c2038521d4900310fe7b6a28c3fdcb6622711ba54b54451f979,39700.42036600002,4858.514643571763,PPO-coload-130-large-r0-B40320,solutions/test-Test-4-000--revision-v4--coload-130/3eb41d3c36226c2038521d4900310fe7b6a28c3fdcb6622711ba54b54451f979.json
coload-130,test-Test-4-000--revision-v4--coload-130,51700.426665000006,19496.157106819286,9e26bfed72429601e32c31efaba46265bb5a6be8327b828c67433b7b3a4e81db,39713.182366000015,4856.6886399818195,PPO-coload-130-large-r0-B40320,solutions/test-Test-4-000--revision-v4--coload-130/9e26bfed72429601e32c31efaba46265bb5a6be8327b828c67433b7b3a4e81db.json
coload-130,test-Test-4-000--revision-v4--coload-130,51700.426665000006,19496.157106819286,4ee817af7e55ca705abd96df6b13fbb9790c589720d2dd35abdc6e03420af1f5,39945.03736600002,4844.947677844789,PPO-coload-130-large-r0-B40320,solutions/test-Test-4-000--revision-v4--coload-130/4ee817af7e55ca705abd96df6b13fbb9790c589720d2dd35abdc6e03420af1f5.json
coload-130,test-Test-4-000--revision-v4--coload-130,51700.426665000006,19496.157106819286,56a646ee39c56b1b3c3c9194d83cf9426295b6b75c9bafe1048aa0965ff3a398,40071.078366000016,4434.598295184751,PPO-coload-130-large-r0-B40320,solutions/test-Test-4-000--revision-v4--coload-130/56a646ee39c56b1b3c3c9194d83cf9426295b6b75c9bafe1048aa0965ff3a398.json
coload-130,test-Test-4-000--revision-v4--coload-130,51700.426665000006,19496.157106819286,e18cdb143854fa7ca516a406f9b2dfa02d78475b3f18d61dc2302b0d7c5ffcb6,40408.59555400003,4189.031876733274,PPO-coload-130-large-r2-B40320,solutions/test-Test-4-000--revision-v4--coload-130/e18cdb143854fa7ca516a406f9b2dfa02d78475b3f18d61dc2302b0d7c5ffcb6.json
coload-130,test-Test-4-000--revision-v4--coload-130,51700.426665000006,19496.157106819286,774edbae3d9cbd05a4e7358888c0779d4ae78ee385d8115a8d16ccaf365fc6ee,40541.284508,4180.799535140911,PPO-coload-130-large-r0-B40320,solutions/test-Test-4-000--revision-v4--coload-130/774edbae3d9cbd05a4e7358888c0779d4ae78ee385d8115a8d16ccaf365fc6ee.json
coload-130,test-Test-4-000--revision-v4--coload-130,51700.426665000006,19496.157106819286,95c627dad791a9f2276fde25ea7699991fd761460f905f2eafcce208e590fe0b,40647.526981000025,4178.561350039254,PPO-coload-130-large-r2-B40320,solutions/test-Test-4-000--revision-v4--coload-130/95c627dad791a9f2276fde25ea7699991fd761460f905f2eafcce208e590fe0b.json
coload-130,test-Test-4-000--revision-v4--coload-130,51700.426665000006,19496.157106819286,0c1ed6019ef87f44b9d1a242808fc657ba1b0100547344475dc3424083d3f8bb,40728.449465000005,3271.7428850341144,PPO-coload-130-large-r0-B40320,solutions/test-Test-4-000--revision-v4--coload-130/0c1ed6019ef87f44b9d1a242808fc657ba1b0100547344475dc3424083d3f8bb.json
coload-130,test-Test-4-000--revision-v4--coload-130,51700.426665000006,19496.157106819286,174c0b16f50a7154e3a7a422d3d60064a3cf5425f4a0731a47d729019a067447,40728.65401700001,3225.040990673049,PPO-coload-130-large-r0-B40320,solutions/test-Test-4-000--revision-v4--coload-130/174c0b16f50a7154e3a7a422d3d60064a3cf5425f4a0731a47d729019a067447.json
coload-130,test-Test-4-000--revision-v4--coload-130,51700.426665000006,19496.157106819286,cdbe9675e2e39389275f9133abbe224767da30cfd53e6b29ed75a3632e217c9d,40760.244017000005,3224.4719583077213,PPO-coload-130-large-r0-B40320,solutions/test-Test-4-000--revision-v4--coload-130/cdbe9675e2e39389275f9133abbe224767da30cfd53e6b29ed75a3632e217c9d.json
coload-130,test-Test-4-000--revision-v4--coload-130,51700.426665000006,19496.157106819286,a6ace0ffd0f74811b1816575b908e72ea1477dd1b96e9b3a9c32c6ef0bad8c74,40823.427016999995,3223.3471795255114,PPO-coload-130-large-r0-B40320,solutions/test-Test-4-000--revision-v4--coload-130/a6ace0ffd0f74811b1816575b908e72ea1477dd1b96e9b3a9c32c6ef0bad8c74.json
coload-130,test-Test-4-000--revision-v4--coload-130,51700.426665000006,19496.157106819286,44cd67d40a4ef8f1a96e8a6f70c55af68f11e665d7093faf1daa86075be3d4c9,40886.115017,3222.6326307814747,PPO-coload-130-large-r0-B40320,solutions/test-Test-4-000--revision-v4--coload-130/44cd67d40a4ef8f1a96e8a6f70c55af68f11e665d7093faf1daa86075be3d4c9.json
coload-130,test-Test-4-000--revision-v4--coload-130,51700.426665000006,19496.157106819286,934998fd7095572334577ccc03af9164bfe796708b91d2ab7a763023bd6f10c5,40940.708116999995,3194.435342086861,PPO-coload-130-large-r0-B40320,solutions/test-Test-4-000--revision-v4--coload-130/934998fd7095572334577ccc03af9164bfe796708b91d2ab7a763023bd6f10c5.json
coload-130,test-Test-4-000--revision-v4--coload-130,51700.426665000006,19496.157106819286,f87654c90b1829f0a99ee078a21fad31537450fd6bd6ca1968b79f4f5d40bc1c,40943.402117,3193.370001245148,PPO-coload-130-large-r0-B40320,solutions/test-Test-4-000--revision-v4--coload-130/f87654c90b1829f0a99ee078a21fad31537450fd6bd6ca1968b79f4f5d40bc1c.json
coload-130,test-Test-4-000--revision-v4--coload-130,51700.426665000006,19496.157106819286,d74847a1c2814573577479971bdae272b1489b56df517fd901a1a4eb6d7aba4d,40955.16211699999,3190.019613598025,PPO-coload-130-large-r0-B40320,solutions/test-Test-4-000--revision-v4--coload-130/d74847a1c2814573577479971bdae272b1489b56df517fd901a1a4eb6d7aba4d.json
coload-130,test-Test-4-000--revision-v4--coload-130,51700.426665000006,19496.157106819286,c96d686ffd23acc62797f3c2c1fef4085a73d40d4bc5794c1f26a59abe168230,40958.079017000004,3151.431142870977,PPO-coload-130-large-r0-B40320,solutions/test-Test-4-000--revision-v4--coload-130/c96d686ffd23acc62797f3c2c1fef4085a73d40d4bc5794c1f26a59abe168230.json
coload-130,test-Test-4-000--revision-v4--coload-130,51700.426665000006,19496.157106819286,905df79946aa7eb4138b659b6d094dc25678b45bce5ec7dc5b380d56dd7ba109,40999.845225000005,3128.994285919713,PPO-coload-130-large-r0-B40320,solutions/test-Test-4-000--revision-v4--coload-130/905df79946aa7eb4138b659b6d094dc25678b45bce5ec7dc5b380d56dd7ba109.json
coload-130,test-Test-4-000--revision-v4--coload-130,51700.426665000006,19496.157106819286,f10a8205ccdb58192200027f70edd6e92c829774944044745f5f7bf323bb9638,41280.78998900002,3118.3798402028633,PPO-coload-130-large-r2-B40320,solutions/test-Test-4-000--revision-v4--coload-130/f10a8205ccdb58192200027f70edd6e92c829774944044745f5f7bf323bb9638.json
coload-130,test-Test-4-000--revision-v4--coload-130,51700.426665000006,19496.157106819286,f5f39003d22734c388168848fd723769e28cad3d52113296a5e6e5568c7182f1,41326.110990000016,3083.7534692367053,PPO-coload-130-large-r2-B40320,solutions/test-Test-4-000--revision-v4--coload-130/f5f39003d22734c388168848fd723769e28cad3d52113296a5e6e5568c7182f1.json
coload-130,test-Test-4-000--revision-v4--coload-130,51700.426665000006,19496.157106819286,87729586c976d385ee36a6254a89c5b220cc6d2f4383ed1540657a30ba3d2e18,41614.571636000015,3001.3270340039307,PPO-coload-130-large-r0-B40320,solutions/test-Test-4-000--revision-v4--coload-130/87729586c976d385ee36a6254a89c5b220cc6d2f4383ed1540657a30ba3d2e18.json
coload-130,test-Test-4-000--revision-v4--coload-130,51700.426665000006,19496.157106819286,26727fcbb2dc7ebc11e12ef257bf2c3343f033d7287d29a5f62ea352115fb7c8,41895.248636000026,2975.5431576380306,PPO-coload-130-large-r0-B40320,solutions/test-Test-4-000--revision-v4--coload-130/26727fcbb2dc7ebc11e12ef257bf2c3343f033d7287d29a5f62ea352115fb7c8.json
coload-130,test-Test-4-000--revision-v4--coload-130,51700.426665000006,19496.157106819286,51350064855be2b9ecc3068653ff6f59da7e71a4007152cbba23aa15a3641045,41957.632570000016,2964.156503673992,PPO-coload-130-large-r2-B40320,solutions/test-Test-4-000--revision-v4--coload-130/51350064855be2b9ecc3068653ff6f59da7e71a4007152cbba23aa15a3641045.json
coload-130,test-Test-4-000--revision-v4--coload-130,51700.426665000006,19496.157106819286,ef6456c745990eb7fe8bc0eaa781c82b9a1178d7e28eab603255417ce0919c37,42201.160074999985,2129.392433746048,PPO-coload-130-large-r1-B40320,solutions/test-Test-4-000--revision-v4--coload-130/ef6456c745990eb7fe8bc0eaa781c82b9a1178d7e28eab603255417ce0919c37.json
coload-130,test-Test-4-000--revision-v4--coload-130,51700.426665000006,19496.157106819286,48d3ffa813c210a94e59ae81c8d40326b36e5ed14ee942b9752805af2809f736,42307.92195099998,2128.8483489844302,PPO-coload-130-large-r1-B40320,solutions/test-Test-4-000--revision-v4--coload-130/48d3ffa813c210a94e59ae81c8d40326b36e5ed14ee942b9752805af2809f736.json
coload-130,test-Test-4-000--revision-v4--coload-130,51700.426665000006,19496.157106819286,e47a1b9ea09b811fae17db9a6a971dcb3fcfe3ef9119cdb2151276e35abb81f2,42334.231452999986,2107.66665325401,PPO-coload-130-large-r1-B40320,solutions/test-Test-4-000--revision-v4--coload-130/e47a1b9ea09b811fae17db9a6a971dcb3fcfe3ef9119cdb2151276e35abb81f2.json
coload-130,test-Test-4-000--revision-v4--coload-130,51700.426665000006,19496.157106819286,db0cd8c8a06780404c70b19bb891e63b1a1bd7457b91dfcb3016a5a8420dc892,42547.67895099997,2095.913241118163,PPO-coload-130-large-r1-B40320,solutions/test-Test-4-000--revision-v4--coload-130/db0cd8c8a06780404c70b19bb891e63b1a1bd7457b91dfcb3016a5a8420dc892.json
coload-130,test-Test-4-000--revision-v4--coload-130,51700.426665000006,19496.157106819286,fc36c8a8a7f4844bc20ad2836ac92e442cdf7b1dca33991a350f04b28e2c1717,42576.18405899998,2087.9707004267075,PPO-coload-130-large-r1-B40320,solutions/test-Test-4-000--revision-v4--coload-130/fc36c8a8a7f4844bc20ad2836ac92e442cdf7b1dca33991a350f04b28e2c1717.json
coload-130,test-Test-4-000--revision-v4--coload-130,51700.426665000006,19496.157106819286,92ef839e3cf22a4571c408abe5b7fbe6c466c74271c44c1651a3398781a06fb9,45375.16922199998,1984.5313016370897,PPO-coload-130-large-r2-B40320,solutions/test-Test-4-000--revision-v4--coload-130/92ef839e3cf22a4571c408abe5b7fbe6c466c74271c44c1651a3398781a06fb9.json
coload-130,test-Test-4-000--revision-v4--coload-130,51700.426665000006,19496.157106819286,0e5247a540f79054d9bb97138440b32d1607912b54908893d49b6d01b15f06be,45388.04064899999,1964.384726882038,PPO-coload-130-large-r2-B40320,solutions/test-Test-4-000--revision-v4--coload-130/0e5247a540f79054d9bb97138440b32d1607912b54908893d49b6d01b15f06be.json
coload-130,test-Test-4-000--revision-v4--coload-130,51700.426665000006,19496.157106819286,263950ae79d7d6764ea3e178e41ba862a795fe4a2f5d94d67c1b89499207253c,45725.856648999994,1959.7662913963316,PPO-coload-130-large-r2-B40320,solutions/test-Test-4-000--revision-v4--coload-130/263950ae79d7d6764ea3e178e41ba862a795fe4a2f5d94d67c1b89499207253c.json
coload-130,test-Test-4-000--revision-v4--coload-130,51700.426665000006,19496.157106819286,f9a529cbcdd8b12b85523bab93b38577853c2325e9265690c7c37d2ca7bfcc50,46059.281649000004,1953.52045102439,PPO-coload-130-large-r2-B40320,solutions/test-Test-4-000--revision-v4--coload-130/f9a529cbcdd8b12b85523bab93b38577853c2325e9265690c7c37d2ca7bfcc50.json
coload-130,test-Test-4-000--revision-v4--coload-130,51700.426665000006,19496.157106819286,32efef81d5630a9a86e098cbf33be207a614456c05c75603129773ceaa9d689e,46075.232649000005,1952.281194623714,PPO-coload-130-large-r2-B40320,solutions/test-Test-4-000--revision-v4--coload-130/32efef81d5630a9a86e098cbf33be207a614456c05c75603129773ceaa9d689e.json
coload-130,test-Test-4-000--revision-v4--coload-130,51700.426665000006,19496.157106819286,1f84a2dcb0609e76ec167c9e463840ce8c11e84fec55d60ff93a44a4948259ce,47500.557679,1881.0952079057213,PPO-coload-130-large-r2-B40320,solutions/test-Test-4-000--revision-v4--coload-130/1f84a2dcb0609e76ec167c9e463840ce8c11e84fec55d60ff93a44a4948259ce.json
coload-130,test-Test-4-000--revision-v4--coload-130,51700.426665000006,19496.157106819286,998f9864b28c82c64317572cce85ac643796a43f92ec43bb2215c6a5f8d10198,47627.35167900001,1877.477058539044,PPO-coload-130-large-r2-B40320,solutions/test-Test-4-000--revision-v4--coload-130/998f9864b28c82c64317572cce85ac643796a43f92ec43bb2215c6a5f8d10198.json
coload-130,test-Test-4-000--revision-v4--coload-130,51700.426665000006,19496.157106819286,bc84fda9d1a6e0f8f743667bf5ba2d93881853311ab473d05500c0e083c147d2,47748.573679,1852.971738194577,PPO-coload-130-large-r2-B40320,solutions/test-Test-4-000--revision-v4--coload-130/bc84fda9d1a6e0f8f743667bf5ba2d93881853311ab473d05500c0e083c147d2.json
coload-130,test-Test-4-000--revision-v4--coload-130,51700.426665000006,19496.157106819286,ae61a72372fb46a06b6634ea1f47509c7852218877d029506be78cfc71b9119c,47752.14791900001,1774.0011819158326,PPO-coload-130-large-r2-B40320,solutions/test-Test-4-000--revision-v4--coload-130/ae61a72372fb46a06b6634ea1f47509c7852218877d029506be78cfc71b9119c.json
coload-130,test-Test-4-000--revision-v4--coload-130,51700.426665000006,19496.157106819286,84f57f71a2b5c5bb84dc1c34c8ad2ab050acadda9adbc910646ca5b429118345,47973.931071,1733.69457295164,PPO-coload-130-large-r2-B40320,solutions/test-Test-4-000--revision-v4--coload-130/84f57f71a2b5c5bb84dc1c34c8ad2ab050acadda9adbc910646ca5b429118345.json
coload-130,test-Test-4-000--revision-v4--coload-130,51700.426665000006,19496.157106819286,30d06f9425bf3d8d20ff0101f41a8f35d16580c4d531e132b9368fc416ad2eaa,48096.976071000005,1733.1162051088845,PPO-coload-130-large-r2-B40320,solutions/test-Test-4-000--revision-v4--coload-130/30d06f9425bf3d8d20ff0101f41a8f35d16580c4d531e132b9368fc416ad2eaa.json
coload-130,test-Test-4-000--revision-v4--coload-130,51700.426665000006,19496.157106819286,da1bb3dc1c9b6e237e772aa22ab75a222a0f4a52a24c4800a5d8439c2bfb6ebb,48169.963071000006,1733.0311134163917,PPO-coload-130-large-r2-B40320,solutions/test-Test-4-000--revision-v4--coload-130/da1bb3dc1c9b6e237e772aa22ab75a222a0f4a52a24c4800a5d8439c2bfb6ebb.json
coload-130,test-Test-4-000--revision-v4--coload-130,51700.426665000006,19496.157106819286,a14e98154866c305319835e67e94fd3040cddddc2ba27477923ac8fe87ad4af1,48225.034071,1731.272124316079,PPO-coload-130-large-r2-B40320,solutions/test-Test-4-000--revision-v4--coload-130/a14e98154866c305319835e67e94fd3040cddddc2ba27477923ac8fe87ad4af1.json
coload-130,test-Test-4-000--revision-v4--coload-130,51700.426665000006,19496.157106819286,ca9f459a0e2ad64527b8741ec7f0871e2b7aca63b3945fcfb37b495536b23adc,48235.122071000005,1728.9392484972877,PPO-coload-130-large-r2-B40320,solutions/test-Test-4-000--revision-v4--coload-130/ca9f459a0e2ad64527b8741ec7f0871e2b7aca63b3945fcfb37b495536b23adc.json
coload-130,test-Test-4-000--revision-v4--coload-130,51700.426665000006,19496.157106819286,f78bd0e5239909bbdc213cad1fffd9506cf00a2ae4b4f3a7fdf1bfb76d8addb8,48614.247071000005,1725.0052173939284,PPO-coload-130-large-r2-B40320,solutions/test-Test-4-000--revision-v4--coload-130/f78bd0e5239909bbdc213cad1fffd9506cf00a2ae4b4f3a7fdf1bfb76d8addb8.json
