hypothesis_id,metric_name,metric_value,metric_se,component,pct_share,source_table,source_figure,script,notes
E1,ppo_j_mean.C100-R000,0.804430516,0.01809553786,PPO-Transformer,,table3_small_scale.csv,,output/supplementary-experiments/scripts/build_paper_tables.py,preference=C100-R000; independent-instance unit; primary fields only
E1,ga_j_mean.C100-R000,0.8390810414,0.01480103795,GA,,table3_small_scale.csv,,output/supplementary-experiments/scripts/build_paper_tables.py,preference=C100-R000; independent-instance unit; primary fields only
E1,ppo_gap_percent.C100-R000,0.9580818483,0.4704155481,PPO-Transformer,,table3_small_scale.csv,,output/supplementary-experiments/scripts/build_paper_tables.py,preference=C100-R000; independent-instance unit; primary fields only; MILP-optimal references only
E1,ga_gap_percent.C100-R000,6.230080495,1.435958948,GA,,table3_small_scale.csv,,output/supplementary-experiments/scripts/build_paper_tables.py,preference=C100-R000; independent-instance unit; primary fields only; MILP-optimal references only
E1,delta_j_percent.C100-R000,4.286288721,1.089358276,PPO vs GA,,table3_small_scale.csv,,output/supplementary-experiments/scripts/build_paper_tables.py,preference=C100-R000; independent-instance unit; primary fields only; positive means lower PPO J
E1,ppo_feasible_percent.C100-R000,100,0,PPO-Transformer,,table3_small_scale.csv,,output/supplementary-experiments/scripts/build_paper_tables.py,preference=C100-R000; independent-instance unit; primary fields only
E1,ga_feasible_percent.C100-R000,100,0,GA,,table3_small_scale.csv,,output/supplementary-experiments/scripts/build_paper_tables.py,preference=C100-R000; independent-instance unit; primary fields only
E1,ppo_runtime_seconds.C100-R000,20.10601198,0.4843346349,PPO-Transformer,,table3_small_scale.csv,,output/supplementary-experiments/scripts/build_paper_tables.py,preference=C100-R000; independent-instance unit; primary fields only; 并发条件下求解段观测时间(runtime_seconds); 纳入最终时间口径批次=3，整批墙钟合计=18914.641s：batch1[methods=ppo; models=all; scales=all; workers=4; 该方法完成数=60; 整批墙钟=172.543s; max_cells=60; concurrent_ppo=true]；batch2[methods=ppo; models=all; scales=all; workers=8; 该方法完成数=120; 整批墙钟=334.695s; max_cells=120; concurrent_ppo=true]；batch3[methods=ppo; models=all; scales=all; workers=8; 该方法完成数=5820; 整批墙钟=18407.403s; concurrent_ppo=true]；已排除superseded_for_timing历史批次=0，整批墙钟合计=0.000s：无
E1,ga_runtime_seconds.C100-R000,1.113972598,0.01486611709,GA,,table3_small_scale.csv,,output/supplementary-experiments/scripts/build_paper_tables.py,"preference=C100-R000; independent-instance unit; primary fields only; 并发条件下求解段观测时间(runtime_seconds); 纳入最终时间口径批次=1，整批墙钟合计=1447.723s：batch4[methods=ga; models=GA; scales=Test-1,Test-2,Test-3,Test-4; workers=16; 该方法完成数=3000; 整批墙钟=1447.723s]；已排除superseded_for_timing历史批次=0，整批墙钟合计=0.000s：无"
E1,milp_runtime_seconds.C100-R000,15.4795726,1.673056264,MILP,,table3_small_scale.csv,,output/supplementary-experiments/scripts/build_paper_tables.py,preference=C100-R000; independent-instance unit; primary fields only; 并发条件下求解段观测时间(runtime_seconds); 纳入最终时间口径批次=1，整批墙钟合计=3651.461s：batch6[methods=milp; models=MILP; scales=Test-1; workers=8; 该方法完成数=250; 整批墙钟=3651.461s]；已排除superseded_for_timing历史批次=0，整批墙钟合计=0.000s：无
E1,milp_optimal_percent.C100-R000,100,,MILP,,table3_small_scale.csv,,output/supplementary-experiments/scripts/build_paper_tables.py,preference=C100-R000; independent-instance unit; primary fields only; optimal_n=50/50
E1,ppo_technical_failure_instances.C100-R000,0,,PPO-Transformer,,table3_small_scale.csv,,output/supplementary-experiments/scripts/build_paper_tables.py,preference=C100-R000; independent-instance unit; primary fields only; diagnostic instance count
E1,ppo_infeasible_instances.C100-R000,0,,PPO-Transformer,,table3_small_scale.csv,,output/supplementary-experiments/scripts/build_paper_tables.py,preference=C100-R000; independent-instance unit; primary fields only; diagnostic instance count
E1,ppo_missing_instances.C100-R000,0,,PPO-Transformer,,table3_small_scale.csv,,output/supplementary-experiments/scripts/build_paper_tables.py,preference=C100-R000; independent-instance unit; primary fields only; diagnostic instance count
E1,ppo_incomplete_quality_instances.C100-R000,0,,PPO-Transformer,,table3_small_scale.csv,,output/supplementary-experiments/scripts/build_paper_tables.py,preference=C100-R000; independent-instance unit; primary fields only; diagnostic instance count
E1,ga_technical_failure_instances.C100-R000,0,,GA,,table3_small_scale.csv,,output/supplementary-experiments/scripts/build_paper_tables.py,preference=C100-R000; independent-instance unit; primary fields only; diagnostic instance count
E1,ga_infeasible_instances.C100-R000,0,,GA,,table3_small_scale.csv,,output/supplementary-experiments/scripts/build_paper_tables.py,preference=C100-R000; independent-instance unit; primary fields only; diagnostic instance count
E1,ga_missing_instances.C100-R000,0,,GA,,table3_small_scale.csv,,output/supplementary-experiments/scripts/build_paper_tables.py,preference=C100-R000; independent-instance unit; primary fields only; diagnostic instance count
E1,ga_incomplete_quality_instances.C100-R000,0,,GA,,table3_small_scale.csv,,output/supplementary-experiments/scripts/build_paper_tables.py,preference=C100-R000; independent-instance unit; primary fields only; diagnostic instance count
E1,ppo_j_mean.C075-R025,0.784571245,0.01672227144,PPO-Transformer,,table3_small_scale.csv,,output/supplementary-experiments/scripts/build_paper_tables.py,preference=C075-R025; independent-instance unit; primary fields only
E1,ga_j_mean.C075-R025,0.8230500653,0.01321199497,GA,,table3_small_scale.csv,,output/supplementary-experiments/scripts/build_paper_tables.py,preference=C075-R025; independent-instance unit; primary fields only
E1,ppo_gap_percent.C075-R025,0.9428601356,0.4052296679,PPO-Transformer,,table3_small_scale.csv,,output/supplementary-experiments/scripts/build_paper_tables.py,preference=C075-R025; independent-instance unit; primary fields only; MILP-optimal references only
E1,ga_gap_percent.C075-R025,6.90840613,1.391216244,GA,,table3_small_scale.csv,,output/supplementary-experiments/scripts/build_paper_tables.py,preference=C075-R025; independent-instance unit; primary fields only; MILP-optimal references only
E1,delta_j_percent.C075-R025,4.858595686,1.033013387,PPO vs GA,,table3_small_scale.csv,,output/supplementary-experiments/scripts/build_paper_tables.py,preference=C075-R025; independent-instance unit; primary fields only; positive means lower PPO J
E1,ppo_feasible_percent.C075-R025,100,0,PPO-Transformer,,table3_small_scale.csv,,output/supplementary-experiments/scripts/build_paper_tables.py,preference=C075-R025; independent-instance unit; primary fields only
E1,ga_feasible_percent.C075-R025,100,0,GA,,table3_small_scale.csv,,output/supplementary-experiments/scripts/build_paper_tables.py,preference=C075-R025; independent-instance unit; primary fields only
E1,ppo_runtime_seconds.C075-R025,20.36926305,0.4329194048,PPO-Transformer,,table3_small_scale.csv,,output/supplementary-experiments/scripts/build_paper_tables.py,preference=C075-R025; independent-instance unit; primary fields only; 并发条件下求解段观测时间(runtime_seconds); 纳入最终时间口径批次=3，整批墙钟合计=18914.641s：batch1[methods=ppo; models=all; scales=all; workers=4; 该方法完成数=60; 整批墙钟=172.543s; max_cells=60; concurrent_ppo=true]；batch2[methods=ppo; models=all; scales=all; workers=8; 该方法完成数=120; 整批墙钟=334.695s; max_cells=120; concurrent_ppo=true]；batch3[methods=ppo; models=all; scales=all; workers=8; 该方法完成数=5820; 整批墙钟=18407.403s; concurrent_ppo=true]；已排除superseded_for_timing历史批次=0，整批墙钟合计=0.000s：无
E1,ga_runtime_seconds.C075-R025,1.147008007,0.01051770258,GA,,table3_small_scale.csv,,output/supplementary-experiments/scripts/build_paper_tables.py,"preference=C075-R025; independent-instance unit; primary fields only; 并发条件下求解段观测时间(runtime_seconds); 纳入最终时间口径批次=1，整批墙钟合计=1447.723s：batch4[methods=ga; models=GA; scales=Test-1,Test-2,Test-3,Test-4; workers=16; 该方法完成数=3000; 整批墙钟=1447.723s]；已排除superseded_for_timing历史批次=0，整批墙钟合计=0.000s：无"
E1,milp_runtime_seconds.C075-R025,52.53973494,6.031638554,MILP,,table3_small_scale.csv,,output/supplementary-experiments/scripts/build_paper_tables.py,preference=C075-R025; independent-instance unit; primary fields only; 并发条件下求解段观测时间(runtime_seconds); 纳入最终时间口径批次=1，整批墙钟合计=3651.461s：batch6[methods=milp; models=MILP; scales=Test-1; workers=8; 该方法完成数=250; 整批墙钟=3651.461s]；已排除superseded_for_timing历史批次=0，整批墙钟合计=0.000s：无
E1,milp_optimal_percent.C075-R025,98,,MILP,,table3_small_scale.csv,,output/supplementary-experiments/scripts/build_paper_tables.py,preference=C075-R025; independent-instance unit; primary fields only; optimal_n=49/50
E1,ppo_technical_failure_instances.C075-R025,0,,PPO-Transformer,,table3_small_scale.csv,,output/supplementary-experiments/scripts/build_paper_tables.py,preference=C075-R025; independent-instance unit; primary fields only; diagnostic instance count
E1,ppo_infeasible_instances.C075-R025,0,,PPO-Transformer,,table3_small_scale.csv,,output/supplementary-experiments/scripts/build_paper_tables.py,preference=C075-R025; independent-instance unit; primary fields only; diagnostic instance count
E1,ppo_missing_instances.C075-R025,0,,PPO-Transformer,,table3_small_scale.csv,,output/supplementary-experiments/scripts/build_paper_tables.py,preference=C075-R025; independent-instance unit; primary fields only; diagnostic instance count
E1,ppo_incomplete_quality_instances.C075-R025,0,,PPO-Transformer,,table3_small_scale.csv,,output/supplementary-experiments/scripts/build_paper_tables.py,preference=C075-R025; independent-instance unit; primary fields only; diagnostic instance count
E1,ga_technical_failure_instances.C075-R025,0,,GA,,table3_small_scale.csv,,output/supplementary-experiments/scripts/build_paper_tables.py,preference=C075-R025; independent-instance unit; primary fields only; diagnostic instance count
E1,ga_infeasible_instances.C075-R025,0,,GA,,table3_small_scale.csv,,output/supplementary-experiments/scripts/build_paper_tables.py,preference=C075-R025; independent-instance unit; primary fields only; diagnostic instance count
E1,ga_missing_instances.C075-R025,0,,GA,,table3_small_scale.csv,,output/supplementary-experiments/scripts/build_paper_tables.py,preference=C075-R025; independent-instance unit; primary fields only; diagnostic instance count
E1,ga_incomplete_quality_instances.C075-R025,0,,GA,,table3_small_scale.csv,,output/supplementary-experiments/scripts/build_paper_tables.py,preference=C075-R025; independent-instance unit; primary fields only; diagnostic instance count
E1,ppo_j_mean.C050-R050,0.745031476,0.01536069282,PPO-Transformer,,table3_small_scale.csv,,output/supplementary-experiments/scripts/build_paper_tables.py,preference=C050-R050; independent-instance unit; primary fields only
E1,ga_j_mean.C050-R050,0.7949590805,0.0128341301,GA,,table3_small_scale.csv,,output/supplementary-experiments/scripts/build_paper_tables.py,preference=C050-R050; independent-instance unit; primary fields only
E1,ppo_gap_percent.C050-R050,4.062381973,1.313627425,PPO-Transformer,,table3_small_scale.csv,,output/supplementary-experiments/scripts/build_paper_tables.py,preference=C050-R050; independent-instance unit; primary fields only; MILP-optimal references only
E1,ga_gap_percent.C050-R050,12.67243206,3.074964785,GA,,table3_small_scale.csv,,output/supplementary-experiments/scripts/build_paper_tables.py,preference=C050-R050; independent-instance unit; primary fields only; MILP-optimal references only
E1,delta_j_percent.C050-R050,6.418182536,0.9579183341,PPO vs GA,,table3_small_scale.csv,,output/supplementary-experiments/scripts/build_paper_tables.py,preference=C050-R050; independent-instance unit; primary fields only; positive means lower PPO J
E1,ppo_feasible_percent.C050-R050,100,0,PPO-Transformer,,table3_small_scale.csv,,output/supplementary-experiments/scripts/build_paper_tables.py,preference=C050-R050; independent-instance unit; primary fields only
E1,ga_feasible_percent.C050-R050,100,0,GA,,table3_small_scale.csv,,output/supplementary-experiments/scripts/build_paper_tables.py,preference=C050-R050; independent-instance unit; primary fields only
E1,ppo_runtime_seconds.C050-R050,20.39943586,0.4256986692,PPO-Transformer,,table3_small_scale.csv,,output/supplementary-experiments/scripts/build_paper_tables.py,preference=C050-R050; independent-instance unit; primary fields only; 并发条件下求解段观测时间(runtime_seconds); 纳入最终时间口径批次=3，整批墙钟合计=18914.641s：batch1[methods=ppo; models=all; scales=all; workers=4; 该方法完成数=60; 整批墙钟=172.543s; max_cells=60; concurrent_ppo=true]；batch2[methods=ppo; models=all; scales=all; workers=8; 该方法完成数=120; 整批墙钟=334.695s; max_cells=120; concurrent_ppo=true]；batch3[methods=ppo; models=all; scales=all; workers=8; 该方法完成数=5820; 整批墙钟=18407.403s; concurrent_ppo=true]；已排除superseded_for_timing历史批次=0，整批墙钟合计=0.000s：无
E1,ga_runtime_seconds.C050-R050,1.130957661,0.0101471795,GA,,table3_small_scale.csv,,output/supplementary-experiments/scripts/build_paper_tables.py,"preference=C050-R050; independent-instance unit; primary fields only; 并发条件下求解段观测时间(runtime_seconds); 纳入最终时间口径批次=1，整批墙钟合计=1447.723s：batch4[methods=ga; models=GA; scales=Test-1,Test-2,Test-3,Test-4; workers=16; 该方法完成数=3000; 整批墙钟=1447.723s]；已排除superseded_for_timing历史批次=0，整批墙钟合计=0.000s：无"
E1,milp_runtime_seconds.C050-R050,129.4816162,8.520859753,MILP,,table3_small_scale.csv,,output/supplementary-experiments/scripts/build_paper_tables.py,preference=C050-R050; independent-instance unit; primary fields only; 并发条件下求解段观测时间(runtime_seconds); 纳入最终时间口径批次=1，整批墙钟合计=3651.461s：batch6[methods=milp; models=MILP; scales=Test-1; workers=8; 该方法完成数=250; 整批墙钟=3651.461s]；已排除superseded_for_timing历史批次=0，整批墙钟合计=0.000s：无
E1,milp_optimal_percent.C050-R050,52,,MILP,,table3_small_scale.csv,,output/supplementary-experiments/scripts/build_paper_tables.py,preference=C050-R050; independent-instance unit; primary fields only; optimal_n=26/50
E1,ppo_technical_failure_instances.C050-R050,0,,PPO-Transformer,,table3_small_scale.csv,,output/supplementary-experiments/scripts/build_paper_tables.py,preference=C050-R050; independent-instance unit; primary fields only; diagnostic instance count
E1,ppo_infeasible_instances.C050-R050,0,,PPO-Transformer,,table3_small_scale.csv,,output/supplementary-experiments/scripts/build_paper_tables.py,preference=C050-R050; independent-instance unit; primary fields only; diagnostic instance count
E1,ppo_missing_instances.C050-R050,0,,PPO-Transformer,,table3_small_scale.csv,,output/supplementary-experiments/scripts/build_paper_tables.py,preference=C050-R050; independent-instance unit; primary fields only; diagnostic instance count
E1,ppo_incomplete_quality_instances.C050-R050,0,,PPO-Transformer,,table3_small_scale.csv,,output/supplementary-experiments/scripts/build_paper_tables.py,preference=C050-R050; independent-instance unit; primary fields only; diagnostic instance count
E1,ga_technical_failure_instances.C050-R050,0,,GA,,table3_small_scale.csv,,output/supplementary-experiments/scripts/build_paper_tables.py,preference=C050-R050; independent-instance unit; primary fields only; diagnostic instance count
E1,ga_infeasible_instances.C050-R050,0,,GA,,table3_small_scale.csv,,output/supplementary-experiments/scripts/build_paper_tables.py,preference=C050-R050; independent-instance unit; primary fields only; diagnostic instance count
E1,ga_missing_instances.C050-R050,0,,GA,,table3_small_scale.csv,,output/supplementary-experiments/scripts/build_paper_tables.py,preference=C050-R050; independent-instance unit; primary fields only; diagnostic instance count
E1,ga_incomplete_quality_instances.C050-R050,0,,GA,,table3_small_scale.csv,,output/supplementary-experiments/scripts/build_paper_tables.py,preference=C050-R050; independent-instance unit; primary fields only; diagnostic instance count
E1,ppo_j_mean.C025-R075,0.579328892,0.01554539693,PPO-Transformer,,table3_small_scale.csv,,output/supplementary-experiments/scripts/build_paper_tables.py,preference=C025-R075; independent-instance unit; primary fields only
E1,ga_j_mean.C025-R075,0.7508151158,0.01449024201,GA,,table3_small_scale.csv,,output/supplementary-experiments/scripts/build_paper_tables.py,preference=C025-R075; independent-instance unit; primary fields only
E1,ppo_gap_percent.C025-R075,2.494200835,1.55420431,PPO-Transformer,,table3_small_scale.csv,,output/supplementary-experiments/scripts/build_paper_tables.py,preference=C025-R075; independent-instance unit; primary fields only; MILP-optimal references only
E1,ga_gap_percent.C025-R075,10.63242849,5.329287357,GA,,table3_small_scale.csv,,output/supplementary-experiments/scripts/build_paper_tables.py,preference=C025-R075; independent-instance unit; primary fields only; MILP-optimal references only
E1,delta_j_percent.C025-R075,22.64557628,1.583492732,PPO vs GA,,table3_small_scale.csv,,output/supplementary-experiments/scripts/build_paper_tables.py,preference=C025-R075; independent-instance unit; primary fields only; positive means lower PPO J
E1,ppo_feasible_percent.C025-R075,100,0,PPO-Transformer,,table3_small_scale.csv,,output/supplementary-experiments/scripts/build_paper_tables.py,preference=C025-R075; independent-instance unit; primary fields only
E1,ga_feasible_percent.C025-R075,100,0,GA,,table3_small_scale.csv,,output/supplementary-experiments/scripts/build_paper_tables.py,preference=C025-R075; independent-instance unit; primary fields only
E1,ppo_runtime_seconds.C025-R075,20.6255959,0.4226100406,PPO-Transformer,,table3_small_scale.csv,,output/supplementary-experiments/scripts/build_paper_tables.py,preference=C025-R075; independent-instance unit; primary fields only; 并发条件下求解段观测时间(runtime_seconds); 纳入最终时间口径批次=3，整批墙钟合计=18914.641s：batch1[methods=ppo; models=all; scales=all; workers=4; 该方法完成数=60; 整批墙钟=172.543s; max_cells=60; concurrent_ppo=true]；batch2[methods=ppo; models=all; scales=all; workers=8; 该方法完成数=120; 整批墙钟=334.695s; max_cells=120; concurrent_ppo=true]；batch3[methods=ppo; models=all; scales=all; workers=8; 该方法完成数=5820; 整批墙钟=18407.403s; concurrent_ppo=true]；已排除superseded_for_timing历史批次=0，整批墙钟合计=0.000s：无
E1,ga_runtime_seconds.C025-R075,1.146767619,0.0105488549,GA,,table3_small_scale.csv,,output/supplementary-experiments/scripts/build_paper_tables.py,"preference=C025-R075; independent-instance unit; primary fields only; 并发条件下求解段观测时间(runtime_seconds); 纳入最终时间口径批次=1，整批墙钟合计=1447.723s：batch4[methods=ga; models=GA; scales=Test-1,Test-2,Test-3,Test-4; workers=16; 该方法完成数=3000; 整批墙钟=1447.723s]；已排除superseded_for_timing历史批次=0，整批墙钟合计=0.000s：无"
E1,milp_runtime_seconds.C025-R075,177.2508408,2.099829773,MILP,,table3_small_scale.csv,,output/supplementary-experiments/scripts/build_paper_tables.py,preference=C025-R075; independent-instance unit; primary fields only; 并发条件下求解段观测时间(runtime_seconds); 纳入最终时间口径批次=1，整批墙钟合计=3651.461s：batch6[methods=milp; models=MILP; scales=Test-1; workers=8; 该方法完成数=250; 整批墙钟=3651.461s]；已排除superseded_for_timing历史批次=0，整批墙钟合计=0.000s：无
E1,milp_optimal_percent.C025-R075,4,,MILP,,table3_small_scale.csv,,output/supplementary-experiments/scripts/build_paper_tables.py,preference=C025-R075; independent-instance unit; primary fields only; optimal_n=2/50
E1,ppo_technical_failure_instances.C025-R075,0,,PPO-Transformer,,table3_small_scale.csv,,output/supplementary-experiments/scripts/build_paper_tables.py,preference=C025-R075; independent-instance unit; primary fields only; diagnostic instance count
E1,ppo_infeasible_instances.C025-R075,0,,PPO-Transformer,,table3_small_scale.csv,,output/supplementary-experiments/scripts/build_paper_tables.py,preference=C025-R075; independent-instance unit; primary fields only; diagnostic instance count
E1,ppo_missing_instances.C025-R075,0,,PPO-Transformer,,table3_small_scale.csv,,output/supplementary-experiments/scripts/build_paper_tables.py,preference=C025-R075; independent-instance unit; primary fields only; diagnostic instance count
E1,ppo_incomplete_quality_instances.C025-R075,0,,PPO-Transformer,,table3_small_scale.csv,,output/supplementary-experiments/scripts/build_paper_tables.py,preference=C025-R075; independent-instance unit; primary fields only; diagnostic instance count
E1,ga_technical_failure_instances.C025-R075,0,,GA,,table3_small_scale.csv,,output/supplementary-experiments/scripts/build_paper_tables.py,preference=C025-R075; independent-instance unit; primary fields only; diagnostic instance count
E1,ga_infeasible_instances.C025-R075,0,,GA,,table3_small_scale.csv,,output/supplementary-experiments/scripts/build_paper_tables.py,preference=C025-R075; independent-instance unit; primary fields only; diagnostic instance count
E1,ga_missing_instances.C025-R075,0,,GA,,table3_small_scale.csv,,output/supplementary-experiments/scripts/build_paper_tables.py,preference=C025-R075; independent-instance unit; primary fields only; diagnostic instance count
E1,ga_incomplete_quality_instances.C025-R075,0,,GA,,table3_small_scale.csv,,output/supplementary-experiments/scripts/build_paper_tables.py,preference=C025-R075; independent-instance unit; primary fields only; diagnostic instance count
E1,ppo_j_mean.C000-R100,0.2298424507,0.01276113139,PPO-Transformer,,table3_small_scale.csv,,output/supplementary-experiments/scripts/build_paper_tables.py,preference=C000-R100; independent-instance unit; primary fields only
E1,ga_j_mean.C000-R100,0.6933072209,0.01719084988,GA,,table3_small_scale.csv,,output/supplementary-experiments/scripts/build_paper_tables.py,preference=C000-R100; independent-instance unit; primary fields only
E1,ppo_gap_percent.C000-R100,1.141974173,1.141974173,PPO-Transformer,,table3_small_scale.csv,,output/supplementary-experiments/scripts/build_paper_tables.py,preference=C000-R100; independent-instance unit; primary fields only; MILP-optimal references only
E1,ga_gap_percent.C000-R100,113.4754632,30.19749233,GA,,table3_small_scale.csv,,output/supplementary-experiments/scripts/build_paper_tables.py,preference=C000-R100; independent-instance unit; primary fields only; MILP-optimal references only
E1,delta_j_percent.C000-R100,66.75194151,1.617005869,PPO vs GA,,table3_small_scale.csv,,output/supplementary-experiments/scripts/build_paper_tables.py,preference=C000-R100; independent-instance unit; primary fields only; positive means lower PPO J
E1,ppo_feasible_percent.C000-R100,100,0,PPO-Transformer,,table3_small_scale.csv,,output/supplementary-experiments/scripts/build_paper_tables.py,preference=C000-R100; independent-instance unit; primary fields only
E1,ga_feasible_percent.C000-R100,100,0,GA,,table3_small_scale.csv,,output/supplementary-experiments/scripts/build_paper_tables.py,preference=C000-R100; independent-instance unit; primary fields only
E1,ppo_runtime_seconds.C000-R100,20.75291485,0.4264875414,PPO-Transformer,,table3_small_scale.csv,,output/supplementary-experiments/scripts/build_paper_tables.py,preference=C000-R100; independent-instance unit; primary fields only; 并发条件下求解段观测时间(runtime_seconds); 纳入最终时间口径批次=3，整批墙钟合计=18914.641s：batch1[methods=ppo; models=all; scales=all; workers=4; 该方法完成数=60; 整批墙钟=172.543s; max_cells=60; concurrent_ppo=true]；batch2[methods=ppo; models=all; scales=all; workers=8; 该方法完成数=120; 整批墙钟=334.695s; max_cells=120; concurrent_ppo=true]；batch3[methods=ppo; models=all; scales=all; workers=8; 该方法完成数=5820; 整批墙钟=18407.403s; concurrent_ppo=true]；已排除superseded_for_timing历史批次=0，整批墙钟合计=0.000s：无
E1,ga_runtime_seconds.C000-R100,1.147035562,0.01201905373,GA,,table3_small_scale.csv,,output/supplementary-experiments/scripts/build_paper_tables.py,"preference=C000-R100; independent-instance unit; primary fields only; 并发条件下求解段观测时间(runtime_seconds); 纳入最终时间口径批次=1，整批墙钟合计=1447.723s：batch4[methods=ga; models=GA; scales=Test-1,Test-2,Test-3,Test-4; workers=16; 该方法完成数=3000; 整批墙钟=1447.723s]；已排除superseded_for_timing历史批次=0，整批墙钟合计=0.000s：无"
E1,milp_runtime_seconds.C000-R100,177.9138341,2.11415927,MILP,,table3_small_scale.csv,,output/supplementary-experiments/scripts/build_paper_tables.py,preference=C000-R100; independent-instance unit; primary fields only; 并发条件下求解段观测时间(runtime_seconds); 纳入最终时间口径批次=1，整批墙钟合计=3651.461s：batch6[methods=milp; models=MILP; scales=Test-1; workers=8; 该方法完成数=250; 整批墙钟=3651.461s]；已排除superseded_for_timing历史批次=0，整批墙钟合计=0.000s：无
E1,milp_optimal_percent.C000-R100,4,,MILP,,table3_small_scale.csv,,output/supplementary-experiments/scripts/build_paper_tables.py,preference=C000-R100; independent-instance unit; primary fields only; optimal_n=2/50
E1,ppo_technical_failure_instances.C000-R100,0,,PPO-Transformer,,table3_small_scale.csv,,output/supplementary-experiments/scripts/build_paper_tables.py,preference=C000-R100; independent-instance unit; primary fields only; diagnostic instance count
E1,ppo_infeasible_instances.C000-R100,0,,PPO-Transformer,,table3_small_scale.csv,,output/supplementary-experiments/scripts/build_paper_tables.py,preference=C000-R100; independent-instance unit; primary fields only; diagnostic instance count
E1,ppo_missing_instances.C000-R100,0,,PPO-Transformer,,table3_small_scale.csv,,output/supplementary-experiments/scripts/build_paper_tables.py,preference=C000-R100; independent-instance unit; primary fields only; diagnostic instance count
E1,ppo_incomplete_quality_instances.C000-R100,0,,PPO-Transformer,,table3_small_scale.csv,,output/supplementary-experiments/scripts/build_paper_tables.py,preference=C000-R100; independent-instance unit; primary fields only; diagnostic instance count
E1,ga_technical_failure_instances.C000-R100,0,,GA,,table3_small_scale.csv,,output/supplementary-experiments/scripts/build_paper_tables.py,preference=C000-R100; independent-instance unit; primary fields only; diagnostic instance count
E1,ga_infeasible_instances.C000-R100,0,,GA,,table3_small_scale.csv,,output/supplementary-experiments/scripts/build_paper_tables.py,preference=C000-R100; independent-instance unit; primary fields only; diagnostic instance count
E1,ga_missing_instances.C000-R100,0,,GA,,table3_small_scale.csv,,output/supplementary-experiments/scripts/build_paper_tables.py,preference=C000-R100; independent-instance unit; primary fields only; diagnostic instance count
E1,ga_incomplete_quality_instances.C000-R100,0,,GA,,table3_small_scale.csv,,output/supplementary-experiments/scripts/build_paper_tables.py,preference=C000-R100; independent-instance unit; primary fields only; diagnostic instance count
E2,ppo_cost_mean.C100-R000,11927.20584,125.971281,PPO-Transformer,,table4_large_scale.csv,,output/supplementary-experiments/scripts/build_paper_tables.py,preference=C100-R000; independent-instance unit; primary fields only; metric=cost
E2,ppo_risk_mean.C100-R000,859.48842,13.84906635,PPO-Transformer,,table4_large_scale.csv,,output/supplementary-experiments/scripts/build_paper_tables.py,preference=C100-R000; independent-instance unit; primary fields only; metric=risk
E2,ppo_j_mean.C100-R000,0.6536495634,0.004720381889,PPO-Transformer,,table4_large_scale.csv,,output/supplementary-experiments/scripts/build_paper_tables.py,preference=C100-R000; independent-instance unit; primary fields only; metric=weighted objective J
E2,ga_j_mean.C100-R000,0.8049723453,0.004091221491,GA,,table4_large_scale.csv,,output/supplementary-experiments/scripts/build_paper_tables.py,preference=C100-R000; independent-instance unit; primary fields only; metric=weighted objective J
E2,delta_j_percent.C100-R000,18.80745412,0.3854179288,PPO vs GA,,table4_large_scale.csv,,output/supplementary-experiments/scripts/build_paper_tables.py,preference=C100-R000; independent-instance unit; primary fields only; positive means lower PPO J
E2,ppo_feasible_percent.C100-R000,100,0,PPO-Transformer,,table4_large_scale.csv,,output/supplementary-experiments/scripts/build_paper_tables.py,preference=C100-R000; independent-instance unit; primary fields only
E2,ga_feasible_percent.C100-R000,100,0,GA,,table4_large_scale.csv,,output/supplementary-experiments/scripts/build_paper_tables.py,preference=C100-R000; independent-instance unit; primary fields only
E2,ppo_runtime_seconds.C100-R000,36.3522321,0.2708614865,PPO-Transformer,,table4_large_scale.csv,,output/supplementary-experiments/scripts/build_paper_tables.py,preference=C100-R000; independent-instance unit; primary fields only; 并发条件下求解段观测时间(runtime_seconds); 纳入最终时间口径批次=3，整批墙钟合计=18914.641s：batch1[methods=ppo; models=all; scales=all; workers=4; 该方法完成数=60; 整批墙钟=172.543s; max_cells=60; concurrent_ppo=true]；batch2[methods=ppo; models=all; scales=all; workers=8; 该方法完成数=120; 整批墙钟=334.695s; max_cells=120; concurrent_ppo=true]；batch3[methods=ppo; models=all; scales=all; workers=8; 该方法完成数=5820; 整批墙钟=18407.403s; concurrent_ppo=true]；已排除superseded_for_timing历史批次=0，整批墙钟合计=0.000s：无
E2,ga_runtime_seconds.C100-R000,18.80271423,0.1558980615,GA,,table4_large_scale.csv,,output/supplementary-experiments/scripts/build_paper_tables.py,"preference=C100-R000; independent-instance unit; primary fields only; 并发条件下求解段观测时间(runtime_seconds); 纳入最终时间口径批次=1，整批墙钟合计=1447.723s：batch4[methods=ga; models=GA; scales=Test-1,Test-2,Test-3,Test-4; workers=16; 该方法完成数=3000; 整批墙钟=1447.723s]；已排除superseded_for_timing历史批次=0，整批墙钟合计=0.000s：无"
E2,ppo_technical_failure_instances.C100-R000,0,,PPO-Transformer,,table4_large_scale.csv,,output/supplementary-experiments/scripts/build_paper_tables.py,preference=C100-R000; independent-instance unit; primary fields only; diagnostic instance count
E2,ppo_infeasible_instances.C100-R000,0,,PPO-Transformer,,table4_large_scale.csv,,output/supplementary-experiments/scripts/build_paper_tables.py,preference=C100-R000; independent-instance unit; primary fields only; diagnostic instance count
E2,ppo_missing_instances.C100-R000,0,,PPO-Transformer,,table4_large_scale.csv,,output/supplementary-experiments/scripts/build_paper_tables.py,preference=C100-R000; independent-instance unit; primary fields only; diagnostic instance count
E2,ppo_incomplete_quality_instances.C100-R000,0,,PPO-Transformer,,table4_large_scale.csv,,output/supplementary-experiments/scripts/build_paper_tables.py,preference=C100-R000; independent-instance unit; primary fields only; diagnostic instance count
E2,ga_technical_failure_instances.C100-R000,0,,GA,,table4_large_scale.csv,,output/supplementary-experiments/scripts/build_paper_tables.py,preference=C100-R000; independent-instance unit; primary fields only; diagnostic instance count
E2,ga_infeasible_instances.C100-R000,0,,GA,,table4_large_scale.csv,,output/supplementary-experiments/scripts/build_paper_tables.py,preference=C100-R000; independent-instance unit; primary fields only; diagnostic instance count
E2,ga_missing_instances.C100-R000,0,,GA,,table4_large_scale.csv,,output/supplementary-experiments/scripts/build_paper_tables.py,preference=C100-R000; independent-instance unit; primary fields only; diagnostic instance count
E2,ga_incomplete_quality_instances.C100-R000,0,,GA,,table4_large_scale.csv,,output/supplementary-experiments/scripts/build_paper_tables.py,preference=C100-R000; independent-instance unit; primary fields only; diagnostic instance count
E2,ppo_cost_mean.C075-R025,12210.37259,123.9454417,PPO-Transformer,,table4_large_scale.csv,,output/supplementary-experiments/scripts/build_paper_tables.py,preference=C075-R025; independent-instance unit; primary fields only; metric=cost
E2,ppo_risk_mean.C075-R025,736.1730281,10.63204389,PPO-Transformer,,table4_large_scale.csv,,output/supplementary-experiments/scripts/build_paper_tables.py,preference=C075-R025; independent-instance unit; primary fields only; metric=risk
E2,ppo_j_mean.C075-R025,0.6397690215,0.004898861532,PPO-Transformer,,table4_large_scale.csv,,output/supplementary-experiments/scripts/build_paper_tables.py,preference=C075-R025; independent-instance unit; primary fields only; metric=weighted objective J
E2,ga_j_mean.C075-R025,0.7928194905,0.004341594387,GA,,table4_large_scale.csv,,output/supplementary-experiments/scripts/build_paper_tables.py,preference=C075-R025; independent-instance unit; primary fields only; metric=weighted objective J
E2,delta_j_percent.C075-R025,19.31152762,0.4219369747,PPO vs GA,,table4_large_scale.csv,,output/supplementary-experiments/scripts/build_paper_tables.py,preference=C075-R025; independent-instance unit; primary fields only; positive means lower PPO J
E2,ppo_feasible_percent.C075-R025,100,0,PPO-Transformer,,table4_large_scale.csv,,output/supplementary-experiments/scripts/build_paper_tables.py,preference=C075-R025; independent-instance unit; primary fields only
E2,ga_feasible_percent.C075-R025,100,0,GA,,table4_large_scale.csv,,output/supplementary-experiments/scripts/build_paper_tables.py,preference=C075-R025; independent-instance unit; primary fields only
E2,ppo_runtime_seconds.C075-R025,36.29569529,0.2121979732,PPO-Transformer,,table4_large_scale.csv,,output/supplementary-experiments/scripts/build_paper_tables.py,preference=C075-R025; independent-instance unit; primary fields only; 并发条件下求解段观测时间(runtime_seconds); 纳入最终时间口径批次=3，整批墙钟合计=18914.641s：batch1[methods=ppo; models=all; scales=all; workers=4; 该方法完成数=60; 整批墙钟=172.543s; max_cells=60; concurrent_ppo=true]；batch2[methods=ppo; models=all; scales=all; workers=8; 该方法完成数=120; 整批墙钟=334.695s; max_cells=120; concurrent_ppo=true]；batch3[methods=ppo; models=all; scales=all; workers=8; 该方法完成数=5820; 整批墙钟=18407.403s; concurrent_ppo=true]；已排除superseded_for_timing历史批次=0，整批墙钟合计=0.000s：无
E2,ga_runtime_seconds.C075-R025,18.8660591,0.1640268911,GA,,table4_large_scale.csv,,output/supplementary-experiments/scripts/build_paper_tables.py,"preference=C075-R025; independent-instance unit; primary fields only; 并发条件下求解段观测时间(runtime_seconds); 纳入最终时间口径批次=1，整批墙钟合计=1447.723s：batch4[methods=ga; models=GA; scales=Test-1,Test-2,Test-3,Test-4; workers=16; 该方法完成数=3000; 整批墙钟=1447.723s]；已排除superseded_for_timing历史批次=0，整批墙钟合计=0.000s：无"
E2,ppo_technical_failure_instances.C075-R025,0,,PPO-Transformer,,table4_large_scale.csv,,output/supplementary-experiments/scripts/build_paper_tables.py,preference=C075-R025; independent-instance unit; primary fields only; diagnostic instance count
E2,ppo_infeasible_instances.C075-R025,0,,PPO-Transformer,,table4_large_scale.csv,,output/supplementary-experiments/scripts/build_paper_tables.py,preference=C075-R025; independent-instance unit; primary fields only; diagnostic instance count
E2,ppo_missing_instances.C075-R025,0,,PPO-Transformer,,table4_large_scale.csv,,output/supplementary-experiments/scripts/build_paper_tables.py,preference=C075-R025; independent-instance unit; primary fields only; diagnostic instance count
E2,ppo_incomplete_quality_instances.C075-R025,0,,PPO-Transformer,,table4_large_scale.csv,,output/supplementary-experiments/scripts/build_paper_tables.py,preference=C075-R025; independent-instance unit; primary fields only; diagnostic instance count
E2,ga_technical_failure_instances.C075-R025,0,,GA,,table4_large_scale.csv,,output/supplementary-experiments/scripts/build_paper_tables.py,preference=C075-R025; independent-instance unit; primary fields only; diagnostic instance count
E2,ga_infeasible_instances.C075-R025,0,,GA,,table4_large_scale.csv,,output/supplementary-experiments/scripts/build_paper_tables.py,preference=C075-R025; independent-instance unit; primary fields only; diagnostic instance count
E2,ga_missing_instances.C075-R025,0,,GA,,table4_large_scale.csv,,output/supplementary-experiments/scripts/build_paper_tables.py,preference=C075-R025; independent-instance unit; primary fields only; diagnostic instance count
E2,ga_incomplete_quality_instances.C075-R025,0,,GA,,table4_large_scale.csv,,output/supplementary-experiments/scripts/build_paper_tables.py,preference=C075-R025; independent-instance unit; primary fields only; diagnostic instance count
E2,ppo_cost_mean.C050-R050,13287.45918,141.3933168,PPO-Transformer,,table4_large_scale.csv,,output/supplementary-experiments/scripts/build_paper_tables.py,preference=C050-R050; independent-instance unit; primary fields only; metric=cost
E2,ppo_risk_mean.C050-R050,647.0769857,7.716801323,PPO-Transformer,,table4_large_scale.csv,,output/supplementary-experiments/scripts/build_paper_tables.py,preference=C050-R050; independent-instance unit; primary fields only; metric=risk
E2,ppo_j_mean.C050-R050,0.6064600094,0.00454237564,PPO-Transformer,,table4_large_scale.csv,,output/supplementary-experiments/scripts/build_paper_tables.py,preference=C050-R050; independent-instance unit; primary fields only; metric=weighted objective J
E2,ga_j_mean.C050-R050,0.7682976329,0.004742374711,GA,,table4_large_scale.csv,,output/supplementary-experiments/scripts/build_paper_tables.py,preference=C050-R050; independent-instance unit; primary fields only; metric=weighted objective J
E2,delta_j_percent.C050-R050,21.07226765,0.3098748065,PPO vs GA,,table4_large_scale.csv,,output/supplementary-experiments/scripts/build_paper_tables.py,preference=C050-R050; independent-instance unit; primary fields only; positive means lower PPO J
E2,ppo_feasible_percent.C050-R050,100,0,PPO-Transformer,,table4_large_scale.csv,,output/supplementary-experiments/scripts/build_paper_tables.py,preference=C050-R050; independent-instance unit; primary fields only
E2,ga_feasible_percent.C050-R050,100,0,GA,,table4_large_scale.csv,,output/supplementary-experiments/scripts/build_paper_tables.py,preference=C050-R050; independent-instance unit; primary fields only
E2,ppo_runtime_seconds.C050-R050,36.69208693,0.3501210493,PPO-Transformer,,table4_large_scale.csv,,output/supplementary-experiments/scripts/build_paper_tables.py,preference=C050-R050; independent-instance unit; primary fields only; 并发条件下求解段观测时间(runtime_seconds); 纳入最终时间口径批次=3，整批墙钟合计=18914.641s：batch1[methods=ppo; models=all; scales=all; workers=4; 该方法完成数=60; 整批墙钟=172.543s; max_cells=60; concurrent_ppo=true]；batch2[methods=ppo; models=all; scales=all; workers=8; 该方法完成数=120; 整批墙钟=334.695s; max_cells=120; concurrent_ppo=true]；batch3[methods=ppo; models=all; scales=all; workers=8; 该方法完成数=5820; 整批墙钟=18407.403s; concurrent_ppo=true]；已排除superseded_for_timing历史批次=0，整批墙钟合计=0.000s：无
E2,ga_runtime_seconds.C050-R050,18.98039371,0.180043689,GA,,table4_large_scale.csv,,output/supplementary-experiments/scripts/build_paper_tables.py,"preference=C050-R050; independent-instance unit; primary fields only; 并发条件下求解段观测时间(runtime_seconds); 纳入最终时间口径批次=1，整批墙钟合计=1447.723s：batch4[methods=ga; models=GA; scales=Test-1,Test-2,Test-3,Test-4; workers=16; 该方法完成数=3000; 整批墙钟=1447.723s]；已排除superseded_for_timing历史批次=0，整批墙钟合计=0.000s：无"
E2,ppo_technical_failure_instances.C050-R050,0,,PPO-Transformer,,table4_large_scale.csv,,output/supplementary-experiments/scripts/build_paper_tables.py,preference=C050-R050; independent-instance unit; primary fields only; diagnostic instance count
E2,ppo_infeasible_instances.C050-R050,0,,PPO-Transformer,,table4_large_scale.csv,,output/supplementary-experiments/scripts/build_paper_tables.py,preference=C050-R050; independent-instance unit; primary fields only; diagnostic instance count
E2,ppo_missing_instances.C050-R050,0,,PPO-Transformer,,table4_large_scale.csv,,output/supplementary-experiments/scripts/build_paper_tables.py,preference=C050-R050; independent-instance unit; primary fields only; diagnostic instance count
E2,ppo_incomplete_quality_instances.C050-R050,0,,PPO-Transformer,,table4_large_scale.csv,,output/supplementary-experiments/scripts/build_paper_tables.py,preference=C050-R050; independent-instance unit; primary fields only; diagnostic instance count
E2,ga_technical_failure_instances.C050-R050,0,,GA,,table4_large_scale.csv,,output/supplementary-experiments/scripts/build_paper_tables.py,preference=C050-R050; independent-instance unit; primary fields only; diagnostic instance count
E2,ga_infeasible_instances.C050-R050,0,,GA,,table4_large_scale.csv,,output/supplementary-experiments/scripts/build_paper_tables.py,preference=C050-R050; independent-instance unit; primary fields only; diagnostic instance count
E2,ga_missing_instances.C050-R050,0,,GA,,table4_large_scale.csv,,output/supplementary-experiments/scripts/build_paper_tables.py,preference=C050-R050; independent-instance unit; primary fields only; diagnostic instance count
E2,ga_incomplete_quality_instances.C050-R050,0,,GA,,table4_large_scale.csv,,output/supplementary-experiments/scripts/build_paper_tables.py,preference=C050-R050; independent-instance unit; primary fields only; diagnostic instance count
E2,ppo_cost_mean.C025-R075,15608.96778,157.8643224,PPO-Transformer,,table4_large_scale.csv,,output/supplementary-experiments/scripts/build_paper_tables.py,preference=C025-R075; independent-instance unit; primary fields only; metric=cost
E2,ppo_risk_mean.C025-R075,568.108489,7.657245736,PPO-Transformer,,table4_large_scale.csv,,output/supplementary-experiments/scripts/build_paper_tables.py,preference=C025-R075; independent-instance unit; primary fields only; metric=risk
E2,ppo_j_mean.C025-R075,0.5325839017,0.004142693589,PPO-Transformer,,table4_large_scale.csv,,output/supplementary-experiments/scripts/build_paper_tables.py,preference=C025-R075; independent-instance unit; primary fields only; metric=weighted objective J
E2,ga_j_mean.C025-R075,0.7350443623,0.005025343786,GA,,table4_large_scale.csv,,output/supplementary-experiments/scripts/build_paper_tables.py,preference=C025-R075; independent-instance unit; primary fields only; metric=weighted objective J
E2,delta_j_percent.C025-R075,27.53416081,0.3318679694,PPO vs GA,,table4_large_scale.csv,,output/supplementary-experiments/scripts/build_paper_tables.py,preference=C025-R075; independent-instance unit; primary fields only; positive means lower PPO J
E2,ppo_feasible_percent.C025-R075,100,0,PPO-Transformer,,table4_large_scale.csv,,output/supplementary-experiments/scripts/build_paper_tables.py,preference=C025-R075; independent-instance unit; primary fields only
E2,ga_feasible_percent.C025-R075,100,0,GA,,table4_large_scale.csv,,output/supplementary-experiments/scripts/build_paper_tables.py,preference=C025-R075; independent-instance unit; primary fields only
E2,ppo_runtime_seconds.C025-R075,37.09296702,0.373578535,PPO-Transformer,,table4_large_scale.csv,,output/supplementary-experiments/scripts/build_paper_tables.py,preference=C025-R075; independent-instance unit; primary fields only; 并发条件下求解段观测时间(runtime_seconds); 纳入最终时间口径批次=3，整批墙钟合计=18914.641s：batch1[methods=ppo; models=all; scales=all; workers=4; 该方法完成数=60; 整批墙钟=172.543s; max_cells=60; concurrent_ppo=true]；batch2[methods=ppo; models=all; scales=all; workers=8; 该方法完成数=120; 整批墙钟=334.695s; max_cells=120; concurrent_ppo=true]；batch3[methods=ppo; models=all; scales=all; workers=8; 该方法完成数=5820; 整批墙钟=18407.403s; concurrent_ppo=true]；已排除superseded_for_timing历史批次=0，整批墙钟合计=0.000s：无
E2,ga_runtime_seconds.C025-R075,18.85499431,0.1917701234,GA,,table4_large_scale.csv,,output/supplementary-experiments/scripts/build_paper_tables.py,"preference=C025-R075; independent-instance unit; primary fields only; 并发条件下求解段观测时间(runtime_seconds); 纳入最终时间口径批次=1，整批墙钟合计=1447.723s：batch4[methods=ga; models=GA; scales=Test-1,Test-2,Test-3,Test-4; workers=16; 该方法完成数=3000; 整批墙钟=1447.723s]；已排除superseded_for_timing历史批次=0，整批墙钟合计=0.000s：无"
E2,ppo_technical_failure_instances.C025-R075,0,,PPO-Transformer,,table4_large_scale.csv,,output/supplementary-experiments/scripts/build_paper_tables.py,preference=C025-R075; independent-instance unit; primary fields only; diagnostic instance count
E2,ppo_infeasible_instances.C025-R075,0,,PPO-Transformer,,table4_large_scale.csv,,output/supplementary-experiments/scripts/build_paper_tables.py,preference=C025-R075; independent-instance unit; primary fields only; diagnostic instance count
E2,ppo_missing_instances.C025-R075,0,,PPO-Transformer,,table4_large_scale.csv,,output/supplementary-experiments/scripts/build_paper_tables.py,preference=C025-R075; independent-instance unit; primary fields only; diagnostic instance count
E2,ppo_incomplete_quality_instances.C025-R075,0,,PPO-Transformer,,table4_large_scale.csv,,output/supplementary-experiments/scripts/build_paper_tables.py,preference=C025-R075; independent-instance unit; primary fields only; diagnostic instance count
E2,ga_technical_failure_instances.C025-R075,0,,GA,,table4_large_scale.csv,,output/supplementary-experiments/scripts/build_paper_tables.py,preference=C025-R075; independent-instance unit; primary fields only; diagnostic instance count
E2,ga_infeasible_instances.C025-R075,0,,GA,,table4_large_scale.csv,,output/supplementary-experiments/scripts/build_paper_tables.py,preference=C025-R075; independent-instance unit; primary fields only; diagnostic instance count
E2,ga_missing_instances.C025-R075,0,,GA,,table4_large_scale.csv,,output/supplementary-experiments/scripts/build_paper_tables.py,preference=C025-R075; independent-instance unit; primary fields only; diagnostic instance count
E2,ga_incomplete_quality_instances.C025-R075,0,,GA,,table4_large_scale.csv,,output/supplementary-experiments/scripts/build_paper_tables.py,preference=C025-R075; independent-instance unit; primary fields only; diagnostic instance count
E2,ppo_cost_mean.C000-R100,24882.7235,239.3670171,PPO-Transformer,,table4_large_scale.csv,,output/supplementary-experiments/scripts/build_paper_tables.py,preference=C000-R100; independent-instance unit; primary fields only; metric=cost
E2,ppo_risk_mean.C000-R100,488.0224941,6.794049936,PPO-Transformer,,table4_large_scale.csv,,output/supplementary-experiments/scripts/build_paper_tables.py,preference=C000-R100; independent-instance unit; primary fields only; metric=risk
E2,ppo_j_mean.C000-R100,0.3647547671,0.003388953861,PPO-Transformer,,table4_large_scale.csv,,output/supplementary-experiments/scripts/build_paper_tables.py,preference=C000-R100; independent-instance unit; primary fields only; metric=weighted objective J
E2,ga_j_mean.C000-R100,0.6787223455,0.006250014559,GA,,table4_large_scale.csv,,output/supplementary-experiments/scripts/build_paper_tables.py,preference=C000-R100; independent-instance unit; primary fields only; metric=weighted objective J
E2,delta_j_percent.C000-R100,46.22089787,0.2897636354,PPO vs GA,,table4_large_scale.csv,,output/supplementary-experiments/scripts/build_paper_tables.py,preference=C000-R100; independent-instance unit; primary fields only; positive means lower PPO J
E2,ppo_feasible_percent.C000-R100,100,0,PPO-Transformer,,table4_large_scale.csv,,output/supplementary-experiments/scripts/build_paper_tables.py,preference=C000-R100; independent-instance unit; primary fields only
E2,ga_feasible_percent.C000-R100,100,0,GA,,table4_large_scale.csv,,output/supplementary-experiments/scripts/build_paper_tables.py,preference=C000-R100; independent-instance unit; primary fields only
E2,ppo_runtime_seconds.C000-R100,38.09938388,0.4179688773,PPO-Transformer,,table4_large_scale.csv,,output/supplementary-experiments/scripts/build_paper_tables.py,preference=C000-R100; independent-instance unit; primary fields only; 并发条件下求解段观测时间(runtime_seconds); 纳入最终时间口径批次=3，整批墙钟合计=18914.641s：batch1[methods=ppo; models=all; scales=all; workers=4; 该方法完成数=60; 整批墙钟=172.543s; max_cells=60; concurrent_ppo=true]；batch2[methods=ppo; models=all; scales=all; workers=8; 该方法完成数=120; 整批墙钟=334.695s; max_cells=120; concurrent_ppo=true]；batch3[methods=ppo; models=all; scales=all; workers=8; 该方法完成数=5820; 整批墙钟=18407.403s; concurrent_ppo=true]；已排除superseded_for_timing历史批次=0，整批墙钟合计=0.000s：无
E2,ga_runtime_seconds.C000-R100,18.91896663,0.1877123196,GA,,table4_large_scale.csv,,output/supplementary-experiments/scripts/build_paper_tables.py,"preference=C000-R100; independent-instance unit; primary fields only; 并发条件下求解段观测时间(runtime_seconds); 纳入最终时间口径批次=1，整批墙钟合计=1447.723s：batch4[methods=ga; models=GA; scales=Test-1,Test-2,Test-3,Test-4; workers=16; 该方法完成数=3000; 整批墙钟=1447.723s]；已排除superseded_for_timing历史批次=0，整批墙钟合计=0.000s：无"
E2,ppo_technical_failure_instances.C000-R100,0,,PPO-Transformer,,table4_large_scale.csv,,output/supplementary-experiments/scripts/build_paper_tables.py,preference=C000-R100; independent-instance unit; primary fields only; diagnostic instance count
E2,ppo_infeasible_instances.C000-R100,0,,PPO-Transformer,,table4_large_scale.csv,,output/supplementary-experiments/scripts/build_paper_tables.py,preference=C000-R100; independent-instance unit; primary fields only; diagnostic instance count
E2,ppo_missing_instances.C000-R100,0,,PPO-Transformer,,table4_large_scale.csv,,output/supplementary-experiments/scripts/build_paper_tables.py,preference=C000-R100; independent-instance unit; primary fields only; diagnostic instance count
E2,ppo_incomplete_quality_instances.C000-R100,0,,PPO-Transformer,,table4_large_scale.csv,,output/supplementary-experiments/scripts/build_paper_tables.py,preference=C000-R100; independent-instance unit; primary fields only; diagnostic instance count
E2,ga_technical_failure_instances.C000-R100,0,,GA,,table4_large_scale.csv,,output/supplementary-experiments/scripts/build_paper_tables.py,preference=C000-R100; independent-instance unit; primary fields only; diagnostic instance count
E2,ga_infeasible_instances.C000-R100,0,,GA,,table4_large_scale.csv,,output/supplementary-experiments/scripts/build_paper_tables.py,preference=C000-R100; independent-instance unit; primary fields only; diagnostic instance count
E2,ga_missing_instances.C000-R100,0,,GA,,table4_large_scale.csv,,output/supplementary-experiments/scripts/build_paper_tables.py,preference=C000-R100; independent-instance unit; primary fields only; diagnostic instance count
E2,ga_incomplete_quality_instances.C000-R100,0,,GA,,table4_large_scale.csv,,output/supplementary-experiments/scripts/build_paper_tables.py,preference=C000-R100; independent-instance unit; primary fields only; diagnostic instance count
G-Train-S,macro_j.Train-S.Test-1,0.6286409159,0.01413564359,Train-S,,table6_generalization_matrix.csv,,output/supplementary-experiments/scripts/build_paper_tables.py,preferences averaged within each independent instance; primary fields only
G-Train-S,two_model_relative_gap_percent.Train-S.Test-1,0,,Train-S,,table6_generalization_matrix.csv,,output/supplementary-experiments/scripts/build_paper_tables.py,descriptive comparison of two fixed models; not strict generalization loss
G-Train-S,strict_feasible_percent.Train-S.Test-1,100,0,Train-S,,table7_generalization_operational.csv,,output/supplementary-experiments/scripts/build_paper_tables.py,preferences averaged within each independent instance; primary fields only
G-Train-S,terminal_clear_percent.Train-S.Test-1,100,0,Train-S,,table7_generalization_operational.csv,,output/supplementary-experiments/scripts/build_paper_tables.py,preferences averaged within each independent instance; primary fields only
G-Train-S,inference_seconds.Train-S.Test-1,20.45064433,0.428963109,Train-S,,table7_generalization_operational.csv,,output/supplementary-experiments/scripts/build_paper_tables.py,preferences averaged within each independent instance; primary fields only; 并发条件下求解段观测时间(runtime_seconds); 纳入最终时间口径批次=3，整批墙钟合计=18914.641s：batch1[methods=ppo; models=all; scales=all; workers=4; 该方法完成数=60; 整批墙钟=172.543s; max_cells=60; concurrent_ppo=true]；batch2[methods=ppo; models=all; scales=all; workers=8; 该方法完成数=120; 整批墙钟=334.695s; max_cells=120; concurrent_ppo=true]；batch3[methods=ppo; models=all; scales=all; workers=8; 该方法完成数=5820; 整批墙钟=18407.403s; concurrent_ppo=true]；已排除superseded_for_timing历史批次=0，整批墙钟合计=0.000s：无
G-Train-S,relative_ga_improvement_percent.Train-S.Test-1,20.99211694,1.004450431,Train-S,,table7_generalization_operational.csv,,output/supplementary-experiments/scripts/build_paper_tables.py,preferences averaged within each independent instance; primary fields only; positive means lower PPO J
G-Train-S,technical_failure_instances.Train-S.Test-1,0,,Train-S,,table7_generalization_operational.csv,,output/supplementary-experiments/scripts/build_paper_tables.py,preferences averaged within each independent instance; primary fields only; diagnostic instance count
G-Train-S,infeasible_instances.Train-S.Test-1,0,,Train-S,,table7_generalization_operational.csv,,output/supplementary-experiments/scripts/build_paper_tables.py,preferences averaged within each independent instance; primary fields only; diagnostic instance count
G-Train-S,missing_instances.Train-S.Test-1,0,,Train-S,,table7_generalization_operational.csv,,output/supplementary-experiments/scripts/build_paper_tables.py,preferences averaged within each independent instance; primary fields only; diagnostic instance count
G-Train-S,incomplete_macro_instances.Train-S.Test-1,0,,Train-S,,table7_generalization_operational.csv,,output/supplementary-experiments/scripts/build_paper_tables.py,preferences averaged within each independent instance; primary fields only; diagnostic instance count
G-Train-S,macro_j.Train-S.Test-2,0.5493131696,0.008614832923,Train-S,,table6_generalization_matrix.csv,,output/supplementary-experiments/scripts/build_paper_tables.py,preferences averaged within each independent instance; primary fields only
G-Train-S,two_model_relative_gap_percent.Train-S.Test-2,0,,Train-S,,table6_generalization_matrix.csv,,output/supplementary-experiments/scripts/build_paper_tables.py,descriptive comparison of two fixed models; not strict generalization loss
G-Train-S,strict_feasible_percent.Train-S.Test-2,100,0,Train-S,,table7_generalization_operational.csv,,output/supplementary-experiments/scripts/build_paper_tables.py,preferences averaged within each independent instance; primary fields only
G-Train-S,terminal_clear_percent.Train-S.Test-2,100,0,Train-S,,table7_generalization_operational.csv,,output/supplementary-experiments/scripts/build_paper_tables.py,preferences averaged within each independent instance; primary fields only
G-Train-S,inference_seconds.Train-S.Test-2,21.9979096,0.05567972849,Train-S,,table7_generalization_operational.csv,,output/supplementary-experiments/scripts/build_paper_tables.py,preferences averaged within each independent instance; primary fields only; 并发条件下求解段观测时间(runtime_seconds); 纳入最终时间口径批次=3，整批墙钟合计=18914.641s：batch1[methods=ppo; models=all; scales=all; workers=4; 该方法完成数=60; 整批墙钟=172.543s; max_cells=60; concurrent_ppo=true]；batch2[methods=ppo; models=all; scales=all; workers=8; 该方法完成数=120; 整批墙钟=334.695s; max_cells=120; concurrent_ppo=true]；batch3[methods=ppo; models=all; scales=all; workers=8; 该方法完成数=5820; 整批墙钟=18407.403s; concurrent_ppo=true]；已排除superseded_for_timing历史批次=0，整批墙钟合计=0.000s：无
G-Train-S,relative_ga_improvement_percent.Train-S.Test-2,24.28607378,0.7103785947,Train-S,,table7_generalization_operational.csv,,output/supplementary-experiments/scripts/build_paper_tables.py,preferences averaged within each independent instance; primary fields only; positive means lower PPO J
G-Train-S,technical_failure_instances.Train-S.Test-2,0,,Train-S,,table7_generalization_operational.csv,,output/supplementary-experiments/scripts/build_paper_tables.py,preferences averaged within each independent instance; primary fields only; diagnostic instance count
G-Train-S,infeasible_instances.Train-S.Test-2,0,,Train-S,,table7_generalization_operational.csv,,output/supplementary-experiments/scripts/build_paper_tables.py,preferences averaged within each independent instance; primary fields only; diagnostic instance count
G-Train-S,missing_instances.Train-S.Test-2,0,,Train-S,,table7_generalization_operational.csv,,output/supplementary-experiments/scripts/build_paper_tables.py,preferences averaged within each independent instance; primary fields only; diagnostic instance count
G-Train-S,incomplete_macro_instances.Train-S.Test-2,0,,Train-S,,table7_generalization_operational.csv,,output/supplementary-experiments/scripts/build_paper_tables.py,preferences averaged within each independent instance; primary fields only; diagnostic instance count
G-Train-S,macro_j.Train-S.Test-3,0.4862175351,0.004433648768,Train-S,,table6_generalization_matrix.csv,,output/supplementary-experiments/scripts/build_paper_tables.py,preferences averaged within each independent instance; primary fields only
G-Train-S,two_model_relative_gap_percent.Train-S.Test-3,0,,Train-S,,table6_generalization_matrix.csv,,output/supplementary-experiments/scripts/build_paper_tables.py,descriptive comparison of two fixed models; not strict generalization loss
G-Train-S,strict_feasible_percent.Train-S.Test-3,100,0,Train-S,,table7_generalization_operational.csv,,output/supplementary-experiments/scripts/build_paper_tables.py,preferences averaged within each independent instance; primary fields only
G-Train-S,terminal_clear_percent.Train-S.Test-3,100,0,Train-S,,table7_generalization_operational.csv,,output/supplementary-experiments/scripts/build_paper_tables.py,preferences averaged within each independent instance; primary fields only
G-Train-S,inference_seconds.Train-S.Test-3,22.07116317,0.1529608156,Train-S,,table7_generalization_operational.csv,,output/supplementary-experiments/scripts/build_paper_tables.py,preferences averaged within each independent instance; primary fields only; 并发条件下求解段观测时间(runtime_seconds); 纳入最终时间口径批次=3，整批墙钟合计=18914.641s：batch1[methods=ppo; models=all; scales=all; workers=4; 该方法完成数=60; 整批墙钟=172.543s; max_cells=60; concurrent_ppo=true]；batch2[methods=ppo; models=all; scales=all; workers=8; 该方法完成数=120; 整批墙钟=334.695s; max_cells=120; concurrent_ppo=true]；batch3[methods=ppo; models=all; scales=all; workers=8; 该方法完成数=5820; 整批墙钟=18407.403s; concurrent_ppo=true]；已排除superseded_for_timing历史批次=0，整批墙钟合计=0.000s：无
G-Train-S,relative_ga_improvement_percent.Train-S.Test-3,28.00448224,0.4249739987,Train-S,,table7_generalization_operational.csv,,output/supplementary-experiments/scripts/build_paper_tables.py,preferences averaged within each independent instance; primary fields only; positive means lower PPO J
G-Train-S,technical_failure_instances.Train-S.Test-3,0,,Train-S,,table7_generalization_operational.csv,,output/supplementary-experiments/scripts/build_paper_tables.py,preferences averaged within each independent instance; primary fields only; diagnostic instance count
G-Train-S,infeasible_instances.Train-S.Test-3,0,,Train-S,,table7_generalization_operational.csv,,output/supplementary-experiments/scripts/build_paper_tables.py,preferences averaged within each independent instance; primary fields only; diagnostic instance count
G-Train-S,missing_instances.Train-S.Test-3,0,,Train-S,,table7_generalization_operational.csv,,output/supplementary-experiments/scripts/build_paper_tables.py,preferences averaged within each independent instance; primary fields only; diagnostic instance count
G-Train-S,incomplete_macro_instances.Train-S.Test-3,0,,Train-S,,table7_generalization_operational.csv,,output/supplementary-experiments/scripts/build_paper_tables.py,preferences averaged within each independent instance; primary fields only; diagnostic instance count
G-Train-S,macro_j.Train-S.Test-4,0.5522875506,0.00431272387,Train-S,,table6_generalization_matrix.csv,,output/supplementary-experiments/scripts/build_paper_tables.py,preferences averaged within each independent instance; primary fields only
G-Train-S,two_model_relative_gap_percent.Train-S.Test-4,0,,Train-S,,table6_generalization_matrix.csv,,output/supplementary-experiments/scripts/build_paper_tables.py,descriptive comparison of two fixed models; not strict generalization loss
G-Train-S,strict_feasible_percent.Train-S.Test-4,100,0,Train-S,,table7_generalization_operational.csv,,output/supplementary-experiments/scripts/build_paper_tables.py,preferences averaged within each independent instance; primary fields only
G-Train-S,terminal_clear_percent.Train-S.Test-4,100,0,Train-S,,table7_generalization_operational.csv,,output/supplementary-experiments/scripts/build_paper_tables.py,preferences averaged within each independent instance; primary fields only
G-Train-S,inference_seconds.Train-S.Test-4,30.48590042,0.1118731068,Train-S,,table7_generalization_operational.csv,,output/supplementary-experiments/scripts/build_paper_tables.py,preferences averaged within each independent instance; primary fields only; 并发条件下求解段观测时间(runtime_seconds); 纳入最终时间口径批次=3，整批墙钟合计=18914.641s：batch1[methods=ppo; models=all; scales=all; workers=4; 该方法完成数=60; 整批墙钟=172.543s; max_cells=60; concurrent_ppo=true]；batch2[methods=ppo; models=all; scales=all; workers=8; 该方法完成数=120; 整批墙钟=334.695s; max_cells=120; concurrent_ppo=true]；batch3[methods=ppo; models=all; scales=all; workers=8; 该方法完成数=5820; 整批墙钟=18407.403s; concurrent_ppo=true]；已排除superseded_for_timing历史批次=0，整批墙钟合计=0.000s：无
G-Train-S,relative_ga_improvement_percent.Train-S.Test-4,27.58129421,0.3371758056,Train-S,,table7_generalization_operational.csv,,output/supplementary-experiments/scripts/build_paper_tables.py,preferences averaged within each independent instance; primary fields only; positive means lower PPO J
G-Train-S,technical_failure_instances.Train-S.Test-4,0,,Train-S,,table7_generalization_operational.csv,,output/supplementary-experiments/scripts/build_paper_tables.py,preferences averaged within each independent instance; primary fields only; diagnostic instance count
G-Train-S,infeasible_instances.Train-S.Test-4,0,,Train-S,,table7_generalization_operational.csv,,output/supplementary-experiments/scripts/build_paper_tables.py,preferences averaged within each independent instance; primary fields only; diagnostic instance count
G-Train-S,missing_instances.Train-S.Test-4,0,,Train-S,,table7_generalization_operational.csv,,output/supplementary-experiments/scripts/build_paper_tables.py,preferences averaged within each independent instance; primary fields only; diagnostic instance count
G-Train-S,incomplete_macro_instances.Train-S.Test-4,0,,Train-S,,table7_generalization_operational.csv,,output/supplementary-experiments/scripts/build_paper_tables.py,preferences averaged within each independent instance; primary fields only; diagnostic instance count
G-Train-L,macro_j.Train-L.Test-1,0.6373921533,0.01385728279,Train-L,,table6_generalization_matrix.csv,,output/supplementary-experiments/scripts/build_paper_tables.py,preferences averaged within each independent instance; primary fields only
G-Train-L,two_model_relative_gap_percent.Train-L.Test-1,1.39208842,,Train-L,,table6_generalization_matrix.csv,,output/supplementary-experiments/scripts/build_paper_tables.py,descriptive comparison of two fixed models; not strict generalization loss
G-Train-L,strict_feasible_percent.Train-L.Test-1,100,0,Train-L,,table7_generalization_operational.csv,,output/supplementary-experiments/scripts/build_paper_tables.py,preferences averaged within each independent instance; primary fields only
G-Train-L,terminal_clear_percent.Train-L.Test-1,100,0,Train-L,,table7_generalization_operational.csv,,output/supplementary-experiments/scripts/build_paper_tables.py,preferences averaged within each independent instance; primary fields only
G-Train-L,inference_seconds.Train-L.Test-1,22.01884453,0.03149740355,Train-L,,table7_generalization_operational.csv,,output/supplementary-experiments/scripts/build_paper_tables.py,preferences averaged within each independent instance; primary fields only; 并发条件下求解段观测时间(runtime_seconds); 纳入最终时间口径批次=3，整批墙钟合计=18914.641s：batch1[methods=ppo; models=all; scales=all; workers=4; 该方法完成数=60; 整批墙钟=172.543s; max_cells=60; concurrent_ppo=true]；batch2[methods=ppo; models=all; scales=all; workers=8; 该方法完成数=120; 整批墙钟=334.695s; max_cells=120; concurrent_ppo=true]；batch3[methods=ppo; models=all; scales=all; workers=8; 该方法完成数=5820; 整批墙钟=18407.403s; concurrent_ppo=true]；已排除superseded_for_timing历史批次=0，整批墙钟合计=0.000s：无
G-Train-L,relative_ga_improvement_percent.Train-L.Test-1,19.84658926,0.9295725157,Train-L,,table7_generalization_operational.csv,,output/supplementary-experiments/scripts/build_paper_tables.py,preferences averaged within each independent instance; primary fields only; positive means lower PPO J
G-Train-L,technical_failure_instances.Train-L.Test-1,0,,Train-L,,table7_generalization_operational.csv,,output/supplementary-experiments/scripts/build_paper_tables.py,preferences averaged within each independent instance; primary fields only; diagnostic instance count
G-Train-L,infeasible_instances.Train-L.Test-1,0,,Train-L,,table7_generalization_operational.csv,,output/supplementary-experiments/scripts/build_paper_tables.py,preferences averaged within each independent instance; primary fields only; diagnostic instance count
G-Train-L,missing_instances.Train-L.Test-1,0,,Train-L,,table7_generalization_operational.csv,,output/supplementary-experiments/scripts/build_paper_tables.py,preferences averaged within each independent instance; primary fields only; diagnostic instance count
G-Train-L,incomplete_macro_instances.Train-L.Test-1,0,,Train-L,,table7_generalization_operational.csv,,output/supplementary-experiments/scripts/build_paper_tables.py,preferences averaged within each independent instance; primary fields only; diagnostic instance count
G-Train-L,macro_j.Train-L.Test-2,0.5548855359,0.008280848146,Train-L,,table6_generalization_matrix.csv,,output/supplementary-experiments/scripts/build_paper_tables.py,preferences averaged within each independent instance; primary fields only
G-Train-L,two_model_relative_gap_percent.Train-L.Test-2,1.014424307,,Train-L,,table6_generalization_matrix.csv,,output/supplementary-experiments/scripts/build_paper_tables.py,descriptive comparison of two fixed models; not strict generalization loss
G-Train-L,strict_feasible_percent.Train-L.Test-2,100,0,Train-L,,table7_generalization_operational.csv,,output/supplementary-experiments/scripts/build_paper_tables.py,preferences averaged within each independent instance; primary fields only
G-Train-L,terminal_clear_percent.Train-L.Test-2,100,0,Train-L,,table7_generalization_operational.csv,,output/supplementary-experiments/scripts/build_paper_tables.py,preferences averaged within each independent instance; primary fields only
G-Train-L,inference_seconds.Train-L.Test-2,21.97947439,0.07299093681,Train-L,,table7_generalization_operational.csv,,output/supplementary-experiments/scripts/build_paper_tables.py,preferences averaged within each independent instance; primary fields only; 并发条件下求解段观测时间(runtime_seconds); 纳入最终时间口径批次=3，整批墙钟合计=18914.641s：batch1[methods=ppo; models=all; scales=all; workers=4; 该方法完成数=60; 整批墙钟=172.543s; max_cells=60; concurrent_ppo=true]；batch2[methods=ppo; models=all; scales=all; workers=8; 该方法完成数=120; 整批墙钟=334.695s; max_cells=120; concurrent_ppo=true]；batch3[methods=ppo; models=all; scales=all; workers=8; 该方法完成数=5820; 整批墙钟=18407.403s; concurrent_ppo=true]；已排除superseded_for_timing历史批次=0，整批墙钟合计=0.000s：无
G-Train-L,relative_ga_improvement_percent.Train-L.Test-2,23.51045185,0.6296938059,Train-L,,table7_generalization_operational.csv,,output/supplementary-experiments/scripts/build_paper_tables.py,preferences averaged within each independent instance; primary fields only; positive means lower PPO J
G-Train-L,technical_failure_instances.Train-L.Test-2,0,,Train-L,,table7_generalization_operational.csv,,output/supplementary-experiments/scripts/build_paper_tables.py,preferences averaged within each independent instance; primary fields only; diagnostic instance count
G-Train-L,infeasible_instances.Train-L.Test-2,0,,Train-L,,table7_generalization_operational.csv,,output/supplementary-experiments/scripts/build_paper_tables.py,preferences averaged within each independent instance; primary fields only; diagnostic instance count
G-Train-L,missing_instances.Train-L.Test-2,0,,Train-L,,table7_generalization_operational.csv,,output/supplementary-experiments/scripts/build_paper_tables.py,preferences averaged within each independent instance; primary fields only; diagnostic instance count
G-Train-L,incomplete_macro_instances.Train-L.Test-2,0,,Train-L,,table7_generalization_operational.csv,,output/supplementary-experiments/scripts/build_paper_tables.py,preferences averaged within each independent instance; primary fields only; diagnostic instance count
G-Train-L,macro_j.Train-L.Test-3,0.4901366154,0.004207408966,Train-L,,table6_generalization_matrix.csv,,output/supplementary-experiments/scripts/build_paper_tables.py,preferences averaged within each independent instance; primary fields only
G-Train-L,two_model_relative_gap_percent.Train-L.Test-3,0.8060343529,,Train-L,,table6_generalization_matrix.csv,,output/supplementary-experiments/scripts/build_paper_tables.py,descriptive comparison of two fixed models; not strict generalization loss
G-Train-L,strict_feasible_percent.Train-L.Test-3,100,0,Train-L,,table7_generalization_operational.csv,,output/supplementary-experiments/scripts/build_paper_tables.py,preferences averaged within each independent instance; primary fields only
G-Train-L,terminal_clear_percent.Train-L.Test-3,100,0,Train-L,,table7_generalization_operational.csv,,output/supplementary-experiments/scripts/build_paper_tables.py,preferences averaged within each independent instance; primary fields only
G-Train-L,inference_seconds.Train-L.Test-3,22.22973718,0.1490731449,Train-L,,table7_generalization_operational.csv,,output/supplementary-experiments/scripts/build_paper_tables.py,preferences averaged within each independent instance; primary fields only; 并发条件下求解段观测时间(runtime_seconds); 纳入最终时间口径批次=3，整批墙钟合计=18914.641s：batch1[methods=ppo; models=all; scales=all; workers=4; 该方法完成数=60; 整批墙钟=172.543s; max_cells=60; concurrent_ppo=true]；batch2[methods=ppo; models=all; scales=all; workers=8; 该方法完成数=120; 整批墙钟=334.695s; max_cells=120; concurrent_ppo=true]；batch3[methods=ppo; models=all; scales=all; workers=8; 该方法完成数=5820; 整批墙钟=18407.403s; concurrent_ppo=true]；已排除superseded_for_timing历史批次=0，整批墙钟合计=0.000s：无
G-Train-L,relative_ga_improvement_percent.Train-L.Test-3,27.41657198,0.3114972874,Train-L,,table7_generalization_operational.csv,,output/supplementary-experiments/scripts/build_paper_tables.py,preferences averaged within each independent instance; primary fields only; positive means lower PPO J
G-Train-L,technical_failure_instances.Train-L.Test-3,0,,Train-L,,table7_generalization_operational.csv,,output/supplementary-experiments/scripts/build_paper_tables.py,preferences averaged within each independent instance; primary fields only; diagnostic instance count
G-Train-L,infeasible_instances.Train-L.Test-3,0,,Train-L,,table7_generalization_operational.csv,,output/supplementary-experiments/scripts/build_paper_tables.py,preferences averaged within each independent instance; primary fields only; diagnostic instance count
G-Train-L,missing_instances.Train-L.Test-3,0,,Train-L,,table7_generalization_operational.csv,,output/supplementary-experiments/scripts/build_paper_tables.py,preferences averaged within each independent instance; primary fields only; diagnostic instance count
G-Train-L,incomplete_macro_instances.Train-L.Test-3,0,,Train-L,,table7_generalization_operational.csv,,output/supplementary-experiments/scripts/build_paper_tables.py,preferences averaged within each independent instance; primary fields only; diagnostic instance count
G-Train-L,macro_j.Train-L.Test-4,0.5594434526,0.00393385159,Train-L,,table6_generalization_matrix.csv,,output/supplementary-experiments/scripts/build_paper_tables.py,preferences averaged within each independent instance; primary fields only
G-Train-L,two_model_relative_gap_percent.Train-L.Test-4,1.295684096,,Train-L,,table6_generalization_matrix.csv,,output/supplementary-experiments/scripts/build_paper_tables.py,descriptive comparison of two fixed models; not strict generalization loss
G-Train-L,strict_feasible_percent.Train-L.Test-4,100,0,Train-L,,table7_generalization_operational.csv,,output/supplementary-experiments/scripts/build_paper_tables.py,preferences averaged within each independent instance; primary fields only
G-Train-L,terminal_clear_percent.Train-L.Test-4,100,0,Train-L,,table7_generalization_operational.csv,,output/supplementary-experiments/scripts/build_paper_tables.py,preferences averaged within each independent instance; primary fields only
G-Train-L,inference_seconds.Train-L.Test-4,36.90647304,0.2611487027,Train-L,,table7_generalization_operational.csv,,output/supplementary-experiments/scripts/build_paper_tables.py,preferences averaged within each independent instance; primary fields only; 并发条件下求解段观测时间(runtime_seconds); 纳入最终时间口径批次=3，整批墙钟合计=18914.641s：batch1[methods=ppo; models=all; scales=all; workers=4; 该方法完成数=60; 整批墙钟=172.543s; max_cells=60; concurrent_ppo=true]；batch2[methods=ppo; models=all; scales=all; workers=8; 该方法完成数=120; 整批墙钟=334.695s; max_cells=120; concurrent_ppo=true]；batch3[methods=ppo; models=all; scales=all; workers=8; 该方法完成数=5820; 整批墙钟=18407.403s; concurrent_ppo=true]；已排除superseded_for_timing历史批次=0，整批墙钟合计=0.000s：无
G-Train-L,relative_ga_improvement_percent.Train-L.Test-4,26.58926161,0.2193643597,Train-L,,table7_generalization_operational.csv,,output/supplementary-experiments/scripts/build_paper_tables.py,preferences averaged within each independent instance; primary fields only; positive means lower PPO J
G-Train-L,technical_failure_instances.Train-L.Test-4,0,,Train-L,,table7_generalization_operational.csv,,output/supplementary-experiments/scripts/build_paper_tables.py,preferences averaged within each independent instance; primary fields only; diagnostic instance count
G-Train-L,infeasible_instances.Train-L.Test-4,0,,Train-L,,table7_generalization_operational.csv,,output/supplementary-experiments/scripts/build_paper_tables.py,preferences averaged within each independent instance; primary fields only; diagnostic instance count
G-Train-L,missing_instances.Train-L.Test-4,0,,Train-L,,table7_generalization_operational.csv,,output/supplementary-experiments/scripts/build_paper_tables.py,preferences averaged within each independent instance; primary fields only; diagnostic instance count
G-Train-L,incomplete_macro_instances.Train-L.Test-4,0,,Train-L,,table7_generalization_operational.csv,,output/supplementary-experiments/scripts/build_paper_tables.py,preferences averaged within each independent instance; primary fields only; diagnostic instance count
G-Train-S,one_time_training_seconds.Train-S,778.8089902,,Train-S,,table3_small_scale.csv,,output/supplementary-experiments/scripts/build_paper_tables.py,one training run; excluded from per-instance inference time
G-Train-L,one_time_training_seconds.Train-L,1233.16141,,Train-L,,table4_large_scale.csv,,output/supplementary-experiments/scripts/build_paper_tables.py,one training run; excluded from per-instance inference time
E1,cost_mean.Heuristic.C100-R000,1561.16565,37.56649233,启发式,,appendix_all_methods.csv,,output/supplementary-experiments/scripts/build_paper_tables.py,metric=cost; independent-instance unit; primary fields only
E1,risk_mean.Heuristic.C100-R000,11.77588257,0.5356908156,启发式,,appendix_all_methods.csv,,output/supplementary-experiments/scripts/build_paper_tables.py,metric=risk; independent-instance unit; primary fields only
E1,j_mean.Heuristic.C100-R000,1,0,启发式,,appendix_all_methods.csv,,output/supplementary-experiments/scripts/build_paper_tables.py,metric=weighted objective J; independent-instance unit; primary fields only
E1,strict_feasible_percent.Heuristic.C100-R000,100,0,启发式,,appendix_all_methods.csv,,output/supplementary-experiments/scripts/build_paper_tables.py,independent-instance unit; primary fields only
E1,initialization_seconds.Heuristic.C100-R000,0.000151928009,2.676216896e-06,启发式,,appendix_all_methods.csv,,output/supplementary-experiments/scripts/build_paper_tables.py,测试集锁定阶段初始解构造时间(initialization_seconds)；不属于evaluation求解段且不绑定启发式evaluation并发批次
E1,heuristic_gap_percent.C100-R000,28.80084927,3.067331019,启发式,,appendix_all_methods.csv,,output/supplementary-experiments/scripts/build_paper_tables.py,MILP-optimal references only
E1,cost_mean.Heuristic.C075-R025,1561.16565,37.56649233,启发式,,appendix_all_methods.csv,,output/supplementary-experiments/scripts/build_paper_tables.py,metric=cost; independent-instance unit; primary fields only
E1,risk_mean.Heuristic.C075-R025,11.77588257,0.5356908156,启发式,,appendix_all_methods.csv,,output/supplementary-experiments/scripts/build_paper_tables.py,metric=risk; independent-instance unit; primary fields only
E1,j_mean.Heuristic.C075-R025,1,0,启发式,,appendix_all_methods.csv,,output/supplementary-experiments/scripts/build_paper_tables.py,metric=weighted objective J; independent-instance unit; primary fields only
E1,strict_feasible_percent.Heuristic.C075-R025,100,0,启发式,,appendix_all_methods.csv,,output/supplementary-experiments/scripts/build_paper_tables.py,independent-instance unit; primary fields only
E1,initialization_seconds.Heuristic.C075-R025,0.000151928009,2.676216896e-06,启发式,,appendix_all_methods.csv,,output/supplementary-experiments/scripts/build_paper_tables.py,测试集锁定阶段初始解构造时间(initialization_seconds)；不属于evaluation求解段且不绑定启发式evaluation并发批次
E1,heuristic_gap_percent.C075-R025,32.09221163,3.026119536,启发式,,appendix_all_methods.csv,,output/supplementary-experiments/scripts/build_paper_tables.py,MILP-optimal references only
E1,cost_mean.Heuristic.C050-R050,1561.16565,37.56649233,启发式,,appendix_all_methods.csv,,output/supplementary-experiments/scripts/build_paper_tables.py,metric=cost; independent-instance unit; primary fields only
E1,risk_mean.Heuristic.C050-R050,11.77588257,0.5356908156,启发式,,appendix_all_methods.csv,,output/supplementary-experiments/scripts/build_paper_tables.py,metric=risk; independent-instance unit; primary fields only
E1,j_mean.Heuristic.C050-R050,1,0,启发式,,appendix_all_methods.csv,,output/supplementary-experiments/scripts/build_paper_tables.py,metric=weighted objective J; independent-instance unit; primary fields only
E1,strict_feasible_percent.Heuristic.C050-R050,100,0,启发式,,appendix_all_methods.csv,,output/supplementary-experiments/scripts/build_paper_tables.py,independent-instance unit; primary fields only
E1,initialization_seconds.Heuristic.C050-R050,0.000151928009,2.676216896e-06,启发式,,appendix_all_methods.csv,,output/supplementary-experiments/scripts/build_paper_tables.py,测试集锁定阶段初始解构造时间(initialization_seconds)；不属于evaluation求解段且不绑定启发式evaluation并发批次
E1,heuristic_gap_percent.C050-R050,42.64721635,5.323517614,启发式,,appendix_all_methods.csv,,output/supplementary-experiments/scripts/build_paper_tables.py,MILP-optimal references only
E1,cost_mean.Heuristic.C025-R075,1561.16565,37.56649233,启发式,,appendix_all_methods.csv,,output/supplementary-experiments/scripts/build_paper_tables.py,metric=cost; independent-instance unit; primary fields only
E1,risk_mean.Heuristic.C025-R075,11.77588257,0.5356908156,启发式,,appendix_all_methods.csv,,output/supplementary-experiments/scripts/build_paper_tables.py,metric=risk; independent-instance unit; primary fields only
E1,j_mean.Heuristic.C025-R075,1,0,启发式,,appendix_all_methods.csv,,output/supplementary-experiments/scripts/build_paper_tables.py,metric=weighted objective J; independent-instance unit; primary fields only
E1,strict_feasible_percent.Heuristic.C025-R075,100,0,启发式,,appendix_all_methods.csv,,output/supplementary-experiments/scripts/build_paper_tables.py,independent-instance unit; primary fields only
E1,initialization_seconds.Heuristic.C025-R075,0.000151928009,2.676216896e-06,启发式,,appendix_all_methods.csv,,output/supplementary-experiments/scripts/build_paper_tables.py,测试集锁定阶段初始解构造时间(initialization_seconds)；不属于evaluation求解段且不绑定启发式evaluation并发批次
E1,heuristic_gap_percent.C025-R075,40.10016906,10.47641672,启发式,,appendix_all_methods.csv,,output/supplementary-experiments/scripts/build_paper_tables.py,MILP-optimal references only
E1,cost_mean.Heuristic.C000-R100,1561.16565,37.56649233,启发式,,appendix_all_methods.csv,,output/supplementary-experiments/scripts/build_paper_tables.py,metric=cost; independent-instance unit; primary fields only
E1,risk_mean.Heuristic.C000-R100,11.77588257,0.5356908156,启发式,,appendix_all_methods.csv,,output/supplementary-experiments/scripts/build_paper_tables.py,metric=risk; independent-instance unit; primary fields only
E1,j_mean.Heuristic.C000-R100,1,0,启发式,,appendix_all_methods.csv,,output/supplementary-experiments/scripts/build_paper_tables.py,metric=weighted objective J; independent-instance unit; primary fields only
E1,strict_feasible_percent.Heuristic.C000-R100,100,0,启发式,,appendix_all_methods.csv,,output/supplementary-experiments/scripts/build_paper_tables.py,independent-instance unit; primary fields only
E1,initialization_seconds.Heuristic.C000-R100,0.000151928009,2.676216896e-06,启发式,,appendix_all_methods.csv,,output/supplementary-experiments/scripts/build_paper_tables.py,测试集锁定阶段初始解构造时间(initialization_seconds)；不属于evaluation求解段且不绑定启发式evaluation并发批次
E1,heuristic_gap_percent.C000-R100,210.2548188,96.46983617,启发式,,appendix_all_methods.csv,,output/supplementary-experiments/scripts/build_paper_tables.py,MILP-optimal references only
E1,cost_mean.MILP.C100-R000,1222.754157,24.13248344,MILP,,appendix_all_methods.csv,,output/supplementary-experiments/scripts/build_paper_tables.py,metric=cost; independent-instance unit; primary fields only
E1,risk_mean.MILP.C100-R000,9.475783362,0.3577280816,MILP,,appendix_all_methods.csv,,output/supplementary-experiments/scripts/build_paper_tables.py,metric=risk; independent-instance unit; primary fields only
E1,j_mean.MILP.C100-R000,0.7972241937,0.01807814658,MILP,,appendix_all_methods.csv,,output/supplementary-experiments/scripts/build_paper_tables.py,metric=weighted objective J; independent-instance unit; primary fields only
E1,strict_feasible_percent.MILP.C100-R000,100,0,MILP,,appendix_all_methods.csv,,output/supplementary-experiments/scripts/build_paper_tables.py,independent-instance unit; primary fields only
E1,cost_mean.MILP.C075-R025,1243.777267,24.48814805,MILP,,appendix_all_methods.csv,,output/supplementary-experiments/scripts/build_paper_tables.py,metric=cost; independent-instance unit; primary fields only
E1,risk_mean.MILP.C075-R025,7.698220129,0.3171885328,MILP,,appendix_all_methods.csv,,output/supplementary-experiments/scripts/build_paper_tables.py,metric=risk; independent-instance unit; primary fields only
E1,j_mean.MILP.C075-R025,0.7777445949,0.01670752637,MILP,,appendix_all_methods.csv,,output/supplementary-experiments/scripts/build_paper_tables.py,metric=weighted objective J; independent-instance unit; primary fields only
E1,strict_feasible_percent.MILP.C075-R025,100,0,MILP,,appendix_all_methods.csv,,output/supplementary-experiments/scripts/build_paper_tables.py,independent-instance unit; primary fields only
E1,cost_mean.MILP.C050-R050,1443.436818,31.95162016,MILP,,appendix_all_methods.csv,,output/supplementary-experiments/scripts/build_paper_tables.py,metric=cost; independent-instance unit; primary fields only
E1,risk_mean.MILP.C050-R050,5.740618854,0.3669863457,MILP,,appendix_all_methods.csv,,output/supplementary-experiments/scripts/build_paper_tables.py,metric=risk; independent-instance unit; primary fields only
E1,j_mean.MILP.C050-R050,0.7168968223,0.01705918075,MILP,,appendix_all_methods.csv,,output/supplementary-experiments/scripts/build_paper_tables.py,metric=weighted objective J; independent-instance unit; primary fields only
E1,strict_feasible_percent.MILP.C050-R050,100,0,MILP,,appendix_all_methods.csv,,output/supplementary-experiments/scripts/build_paper_tables.py,independent-instance unit; primary fields only
E1,cost_mean.MILP.C025-R075,2063.304986,58.49174198,MILP,,appendix_all_methods.csv,,output/supplementary-experiments/scripts/build_paper_tables.py,metric=cost; independent-instance unit; primary fields only
E1,risk_mean.MILP.C025-R075,3.371123364,0.2479079058,MILP,,appendix_all_methods.csv,,output/supplementary-experiments/scripts/build_paper_tables.py,metric=risk; independent-instance unit; primary fields only
E1,j_mean.MILP.C025-R075,0.554844761,0.01751810069,MILP,,appendix_all_methods.csv,,output/supplementary-experiments/scripts/build_paper_tables.py,metric=weighted objective J; independent-instance unit; primary fields only
E1,strict_feasible_percent.MILP.C025-R075,100,0,MILP,,appendix_all_methods.csv,,output/supplementary-experiments/scripts/build_paper_tables.py,independent-instance unit; primary fields only
E1,cost_mean.MILP.C000-R100,2839.967159,63.22333119,MILP,,appendix_all_methods.csv,,output/supplementary-experiments/scripts/build_paper_tables.py,metric=cost; independent-instance unit; primary fields only
E1,risk_mean.MILP.C000-R100,2.680519352,0.1869216593,MILP,,appendix_all_methods.csv,,output/supplementary-experiments/scripts/build_paper_tables.py,metric=risk; independent-instance unit; primary fields only
E1,j_mean.MILP.C000-R100,0.2336066152,0.01363691065,MILP,,appendix_all_methods.csv,,output/supplementary-experiments/scripts/build_paper_tables.py,metric=weighted objective J; independent-instance unit; primary fields only
E1,strict_feasible_percent.MILP.C000-R100,100,0,MILP,,appendix_all_methods.csv,,output/supplementary-experiments/scripts/build_paper_tables.py,independent-instance unit; primary fields only
E2,cost_mean.Heuristic.C100-R000,18252.19013,156.5877775,启发式,,appendix_all_methods.csv,,output/supplementary-experiments/scripts/build_paper_tables.py,metric=cost; independent-instance unit; primary fields only
E2,risk_mean.Heuristic.C100-R000,1347.125494,26.85164175,启发式,,appendix_all_methods.csv,,output/supplementary-experiments/scripts/build_paper_tables.py,metric=risk; independent-instance unit; primary fields only
E2,j_mean.Heuristic.C100-R000,1,0,启发式,,appendix_all_methods.csv,,output/supplementary-experiments/scripts/build_paper_tables.py,metric=weighted objective J; independent-instance unit; primary fields only
E2,strict_feasible_percent.Heuristic.C100-R000,100,0,启发式,,appendix_all_methods.csv,,output/supplementary-experiments/scripts/build_paper_tables.py,independent-instance unit; primary fields only
E2,initialization_seconds.Heuristic.C100-R000,0.01391365601,0.0004951232871,启发式,,appendix_all_methods.csv,,output/supplementary-experiments/scripts/build_paper_tables.py,测试集锁定阶段初始解构造时间(initialization_seconds)；不属于evaluation求解段且不绑定启发式evaluation并发批次
E2,cost_mean.Heuristic.C075-R025,18252.19013,156.5877775,启发式,,appendix_all_methods.csv,,output/supplementary-experiments/scripts/build_paper_tables.py,metric=cost; independent-instance unit; primary fields only
E2,risk_mean.Heuristic.C075-R025,1347.125494,26.85164175,启发式,,appendix_all_methods.csv,,output/supplementary-experiments/scripts/build_paper_tables.py,metric=risk; independent-instance unit; primary fields only
E2,j_mean.Heuristic.C075-R025,1,0,启发式,,appendix_all_methods.csv,,output/supplementary-experiments/scripts/build_paper_tables.py,metric=weighted objective J; independent-instance unit; primary fields only
E2,strict_feasible_percent.Heuristic.C075-R025,100,0,启发式,,appendix_all_methods.csv,,output/supplementary-experiments/scripts/build_paper_tables.py,independent-instance unit; primary fields only
E2,initialization_seconds.Heuristic.C075-R025,0.01391365601,0.0004951232871,启发式,,appendix_all_methods.csv,,output/supplementary-experiments/scripts/build_paper_tables.py,测试集锁定阶段初始解构造时间(initialization_seconds)；不属于evaluation求解段且不绑定启发式evaluation并发批次
E2,cost_mean.Heuristic.C050-R050,18252.19013,156.5877775,启发式,,appendix_all_methods.csv,,output/supplementary-experiments/scripts/build_paper_tables.py,metric=cost; independent-instance unit; primary fields only
E2,risk_mean.Heuristic.C050-R050,1347.125494,26.85164175,启发式,,appendix_all_methods.csv,,output/supplementary-experiments/scripts/build_paper_tables.py,metric=risk; independent-instance unit; primary fields only
E2,j_mean.Heuristic.C050-R050,1,0,启发式,,appendix_all_methods.csv,,output/supplementary-experiments/scripts/build_paper_tables.py,metric=weighted objective J; independent-instance unit; primary fields only
E2,strict_feasible_percent.Heuristic.C050-R050,100,0,启发式,,appendix_all_methods.csv,,output/supplementary-experiments/scripts/build_paper_tables.py,independent-instance unit; primary fields only
E2,initialization_seconds.Heuristic.C050-R050,0.01391365601,0.0004951232871,启发式,,appendix_all_methods.csv,,output/supplementary-experiments/scripts/build_paper_tables.py,测试集锁定阶段初始解构造时间(initialization_seconds)；不属于evaluation求解段且不绑定启发式evaluation并发批次
E2,cost_mean.Heuristic.C025-R075,18252.19013,156.5877775,启发式,,appendix_all_methods.csv,,output/supplementary-experiments/scripts/build_paper_tables.py,metric=cost; independent-instance unit; primary fields only
E2,risk_mean.Heuristic.C025-R075,1347.125494,26.85164175,启发式,,appendix_all_methods.csv,,output/supplementary-experiments/scripts/build_paper_tables.py,metric=risk; independent-instance unit; primary fields only
E2,j_mean.Heuristic.C025-R075,1,0,启发式,,appendix_all_methods.csv,,output/supplementary-experiments/scripts/build_paper_tables.py,metric=weighted objective J; independent-instance unit; primary fields only
E2,strict_feasible_percent.Heuristic.C025-R075,100,0,启发式,,appendix_all_methods.csv,,output/supplementary-experiments/scripts/build_paper_tables.py,independent-instance unit; primary fields only
E2,initialization_seconds.Heuristic.C025-R075,0.01391365601,0.0004951232871,启发式,,appendix_all_methods.csv,,output/supplementary-experiments/scripts/build_paper_tables.py,测试集锁定阶段初始解构造时间(initialization_seconds)；不属于evaluation求解段且不绑定启发式evaluation并发批次
E2,cost_mean.Heuristic.C000-R100,18252.19013,156.5877775,启发式,,appendix_all_methods.csv,,output/supplementary-experiments/scripts/build_paper_tables.py,metric=cost; independent-instance unit; primary fields only
E2,risk_mean.Heuristic.C000-R100,1347.125494,26.85164175,启发式,,appendix_all_methods.csv,,output/supplementary-experiments/scripts/build_paper_tables.py,metric=risk; independent-instance unit; primary fields only
E2,j_mean.Heuristic.C000-R100,1,0,启发式,,appendix_all_methods.csv,,output/supplementary-experiments/scripts/build_paper_tables.py,metric=weighted objective J; independent-instance unit; primary fields only
E2,strict_feasible_percent.Heuristic.C000-R100,100,0,启发式,,appendix_all_methods.csv,,output/supplementary-experiments/scripts/build_paper_tables.py,independent-instance unit; primary fields only
E2,initialization_seconds.Heuristic.C000-R100,0.01391365601,0.0004951232871,启发式,,appendix_all_methods.csv,,output/supplementary-experiments/scripts/build_paper_tables.py,测试集锁定阶段初始解构造时间(initialization_seconds)；不属于evaluation求解段且不绑定启发式evaluation并发批次
E1,milp_status_count.C100-R000.optimal,50,,MILP,,appendix_milp_status.csv,,output/supplementary-experiments/scripts/build_paper_tables.py,可作为逐实例J*基准（仍按实例配对，不使用本行均值替代）
E1,milp_status_count.C075-R025.optimal,49,,MILP,,appendix_milp_status.csv,,output/supplementary-experiments/scripts/build_paper_tables.py,可作为逐实例J*基准（仍按实例配对，不使用本行均值替代）
E1,milp_status_count.C075-R025.solver_status_1,1,,MILP,,appendix_milp_status.csv,,output/supplementary-experiments/scripts/build_paper_tables.py,仅为非optimal incumbent（若存在）；不得作为J*或Gap分母
E1,milp_status_count.C050-R050.optimal,26,,MILP,,appendix_milp_status.csv,,output/supplementary-experiments/scripts/build_paper_tables.py,可作为逐实例J*基准（仍按实例配对，不使用本行均值替代）
E1,milp_status_count.C050-R050.solver_status_1,24,,MILP,,appendix_milp_status.csv,,output/supplementary-experiments/scripts/build_paper_tables.py,仅为非optimal incumbent（若存在）；不得作为J*或Gap分母
E1,milp_status_count.C025-R075.optimal,2,,MILP,,appendix_milp_status.csv,,output/supplementary-experiments/scripts/build_paper_tables.py,可作为逐实例J*基准（仍按实例配对，不使用本行均值替代）
E1,milp_status_count.C025-R075.solver_status_1,48,,MILP,,appendix_milp_status.csv,,output/supplementary-experiments/scripts/build_paper_tables.py,仅为非optimal incumbent（若存在）；不得作为J*或Gap分母
E1,milp_status_count.C000-R100.optimal,2,,MILP,,appendix_milp_status.csv,,output/supplementary-experiments/scripts/build_paper_tables.py,可作为逐实例J*基准（仍按实例配对，不使用本行均值替代）
E1,milp_status_count.C000-R100.solver_status_1,48,,MILP,,appendix_milp_status.csv,,output/supplementary-experiments/scripts/build_paper_tables.py,仅为非optimal incumbent（若存在）；不得作为J*或Gap分母
E1,total_risk.E1.Train-S.C100-R000,10.01673136,0.421738879,total,,appendix_risk_components.csv,,output/supplementary-experiments/scripts/build_paper_tables.py,independent-instance unit; primary fields only
E1,transport_risk.E1.Train-S.C100-R000,5.132098218,0.3474002205,transport,51.23525864,appendix_risk_components.csv,,output/supplementary-experiments/scripts/build_paper_tables.py,component mean; pct_share is component mean / total-risk mean
E1,coload_risk.E1.Train-S.C100-R000,0.2564019389,0.03845636216,coload,2.559736602,appendix_risk_components.csv,,output/supplementary-experiments/scripts/build_paper_tables.py,component mean; pct_share is component mean / total-risk mean
E1,producer_inventory_risk.E1.Train-S.C100-R000,4.6282312,0.1782523907,producer_inventory,46.20500476,appendix_risk_components.csv,,output/supplementary-experiments/scripts/build_paper_tables.py,component mean; pct_share is component mean / total-risk mean
E1,facility_inventory_risk.E1.Train-S.C100-R000,0,0,facility_inventory,0,appendix_risk_components.csv,,output/supplementary-experiments/scripts/build_paper_tables.py,component mean; pct_share is component mean / total-risk mean
E1,total_risk.E1.Train-S.C075-R025,8.027319509,0.2933529145,total,,appendix_risk_components.csv,,output/supplementary-experiments/scripts/build_paper_tables.py,independent-instance unit; primary fields only
E1,transport_risk.E1.Train-S.C075-R025,3.288883762,0.2044333499,transport,40.97113312,appendix_risk_components.csv,,output/supplementary-experiments/scripts/build_paper_tables.py,component mean; pct_share is component mean / total-risk mean
E1,coload_risk.E1.Train-S.C075-R025,0.1346135402,0.02512352426,coload,1.676942596,appendix_risk_components.csv,,output/supplementary-experiments/scripts/build_paper_tables.py,component mean; pct_share is component mean / total-risk mean
E1,producer_inventory_risk.E1.Train-S.C075-R025,4.603822207,0.1776479275,producer_inventory,57.35192428,appendix_risk_components.csv,,output/supplementary-experiments/scripts/build_paper_tables.py,component mean; pct_share is component mean / total-risk mean
E1,facility_inventory_risk.E1.Train-S.C075-R025,0,0,facility_inventory,0,appendix_risk_components.csv,,output/supplementary-experiments/scripts/build_paper_tables.py,component mean; pct_share is component mean / total-risk mean
E1,total_risk.E1.Train-S.C050-R050,7.031556281,0.3131132141,total,,appendix_risk_components.csv,,output/supplementary-experiments/scripts/build_paper_tables.py,independent-instance unit; primary fields only
E1,transport_risk.E1.Train-S.C050-R050,2.931482507,0.1943728435,transport,41.69037962,appendix_risk_components.csv,,output/supplementary-experiments/scripts/build_paper_tables.py,component mean; pct_share is component mean / total-risk mean
E1,coload_risk.E1.Train-S.C050-R050,0.1210588137,0.01945877171,coload,1.721650355,appendix_risk_components.csv,,output/supplementary-experiments/scripts/build_paper_tables.py,component mean; pct_share is component mean / total-risk mean
E1,producer_inventory_risk.E1.Train-S.C050-R050,3.97901496,0.1871050366,producer_inventory,56.58797002,appendix_risk_components.csv,,output/supplementary-experiments/scripts/build_paper_tables.py,component mean; pct_share is component mean / total-risk mean
E1,facility_inventory_risk.E1.Train-S.C050-R050,0,0,facility_inventory,0,appendix_risk_components.csv,,output/supplementary-experiments/scripts/build_paper_tables.py,component mean; pct_share is component mean / total-risk mean
E1,total_risk.E1.Train-S.C025-R075,4.235451555,0.3199139058,total,,appendix_risk_components.csv,,output/supplementary-experiments/scripts/build_paper_tables.py,independent-instance unit; primary fields only
E1,transport_risk.E1.Train-S.C025-R075,2.720621647,0.1928157874,transport,64.23451223,appendix_risk_components.csv,,output/supplementary-experiments/scripts/build_paper_tables.py,component mean; pct_share is component mean / total-risk mean
E1,coload_risk.E1.Train-S.C025-R075,0.1074403878,0.0127110988,coload,2.536692638,appendix_risk_components.csv,,output/supplementary-experiments/scripts/build_paper_tables.py,component mean; pct_share is component mean / total-risk mean
E1,producer_inventory_risk.E1.Train-S.C025-R075,1.40738952,0.1550528069,producer_inventory,33.22879513,appendix_risk_components.csv,,output/supplementary-experiments/scripts/build_paper_tables.py,component mean; pct_share is component mean / total-risk mean
E1,facility_inventory_risk.E1.Train-S.C025-R075,0,0,facility_inventory,0,appendix_risk_components.csv,,output/supplementary-experiments/scripts/build_paper_tables.py,component mean; pct_share is component mean / total-risk mean
E1,total_risk.E1.Train-S.C000-R100,2.667510592,0.1915180274,total,,appendix_risk_components.csv,,output/supplementary-experiments/scripts/build_paper_tables.py,independent-instance unit; primary fields only
E1,transport_risk.E1.Train-S.C000-R100,2.495935057,0.1830333676,transport,93.567953,appendix_risk_components.csv,,output/supplementary-experiments/scripts/build_paper_tables.py,component mean; pct_share is component mean / total-risk mean
E1,coload_risk.E1.Train-S.C000-R100,0.06337216175,0.007343257095,coload,2.375704221,appendix_risk_components.csv,,output/supplementary-experiments/scripts/build_paper_tables.py,component mean; pct_share is component mean / total-risk mean
E1,producer_inventory_risk.E1.Train-S.C000-R100,0.1082033733,0.0268073505,producer_inventory,4.056342781,appendix_risk_components.csv,,output/supplementary-experiments/scripts/build_paper_tables.py,component mean; pct_share is component mean / total-risk mean
E1,facility_inventory_risk.E1.Train-S.C000-R100,0,0,facility_inventory,0,appendix_risk_components.csv,,output/supplementary-experiments/scripts/build_paper_tables.py,component mean; pct_share is component mean / total-risk mean
E1,total_risk.E1.GA.C100-R000,10.45232115,0.4530125132,total,,appendix_risk_components.csv,,output/supplementary-experiments/scripts/build_paper_tables.py,independent-instance unit; primary fields only
E1,transport_risk.E1.GA.C100-R000,5.526840664,0.366788207,transport,52.87668247,appendix_risk_components.csv,,output/supplementary-experiments/scripts/build_paper_tables.py,component mean; pct_share is component mean / total-risk mean
E1,coload_risk.E1.GA.C100-R000,0.2972492833,0.04440182729,coload,2.843859073,appendix_risk_components.csv,,output/supplementary-experiments/scripts/build_paper_tables.py,component mean; pct_share is component mean / total-risk mean
E1,producer_inventory_risk.E1.GA.C100-R000,4.6282312,0.1782523907,producer_inventory,44.27945845,appendix_risk_components.csv,,output/supplementary-experiments/scripts/build_paper_tables.py,component mean; pct_share is component mean / total-risk mean
E1,facility_inventory_risk.E1.GA.C100-R000,0,0,facility_inventory,0,appendix_risk_components.csv,,output/supplementary-experiments/scripts/build_paper_tables.py,component mean; pct_share is component mean / total-risk mean
E1,total_risk.E1.GA.C075-R025,8.578816417,0.3251552263,total,,appendix_risk_components.csv,,output/supplementary-experiments/scripts/build_paper_tables.py,independent-instance unit; primary fields only
E1,transport_risk.E1.GA.C075-R025,3.755344478,0.2154365882,transport,43.77462223,appendix_risk_components.csv,,output/supplementary-experiments/scripts/build_paper_tables.py,component mean; pct_share is component mean / total-risk mean
E1,coload_risk.E1.GA.C075-R025,0.1952407382,0.03419346209,coload,2.275847025,appendix_risk_components.csv,,output/supplementary-experiments/scripts/build_paper_tables.py,component mean; pct_share is component mean / total-risk mean
E1,producer_inventory_risk.E1.GA.C075-R025,4.6282312,0.1782523907,producer_inventory,53.94953074,appendix_risk_components.csv,,output/supplementary-experiments/scripts/build_paper_tables.py,component mean; pct_share is component mean / total-risk mean
E1,facility_inventory_risk.E1.GA.C075-R025,0,0,facility_inventory,0,appendix_risk_components.csv,,output/supplementary-experiments/scripts/build_paper_tables.py,component mean; pct_share is component mean / total-risk mean
E1,total_risk.E1.GA.C050-R050,8.296449292,0.3136245346,total,,appendix_risk_components.csv,,output/supplementary-experiments/scripts/build_paper_tables.py,independent-instance unit; primary fields only
E1,transport_risk.E1.GA.C050-R050,3.518439407,0.2156427716,transport,42.40897862,appendix_risk_components.csv,,output/supplementary-experiments/scripts/build_paper_tables.py,component mean; pct_share is component mean / total-risk mean
E1,coload_risk.E1.GA.C050-R050,0.1497786857,0.02485621831,coload,1.805334793,appendix_risk_components.csv,,output/supplementary-experiments/scripts/build_paper_tables.py,component mean; pct_share is component mean / total-risk mean
E1,producer_inventory_risk.E1.GA.C050-R050,4.6282312,0.1782523907,producer_inventory,55.78568659,appendix_risk_components.csv,,output/supplementary-experiments/scripts/build_paper_tables.py,component mean; pct_share is component mean / total-risk mean
E1,facility_inventory_risk.E1.GA.C050-R050,0,0,facility_inventory,0,appendix_risk_components.csv,,output/supplementary-experiments/scripts/build_paper_tables.py,component mean; pct_share is component mean / total-risk mean
E1,total_risk.E1.GA.C025-R075,7.987536523,0.3127968006,total,,appendix_risk_components.csv,,output/supplementary-experiments/scripts/build_paper_tables.py,independent-instance unit; primary fields only
E1,transport_risk.E1.GA.C025-R075,3.234252626,0.2211196321,transport,40.49124053,appendix_risk_components.csv,,output/supplementary-experiments/scripts/build_paper_tables.py,component mean; pct_share is component mean / total-risk mean
E1,coload_risk.E1.GA.C025-R075,0.1250526971,0.0193148933,coload,1.565597813,appendix_risk_components.csv,,output/supplementary-experiments/scripts/build_paper_tables.py,component mean; pct_share is component mean / total-risk mean
E1,producer_inventory_risk.E1.GA.C025-R075,4.6282312,0.1782523907,producer_inventory,57.94316166,appendix_risk_components.csv,,output/supplementary-experiments/scripts/build_paper_tables.py,component mean; pct_share is component mean / total-risk mean
E1,facility_inventory_risk.E1.GA.C025-R075,0,0,facility_inventory,0,appendix_risk_components.csv,,output/supplementary-experiments/scripts/build_paper_tables.py,component mean; pct_share is component mean / total-risk mean
E1,total_risk.E1.GA.C000-R100,7.913578927,0.3102503181,total,,appendix_risk_components.csv,,output/supplementary-experiments/scripts/build_paper_tables.py,independent-instance unit; primary fields only
E1,transport_risk.E1.GA.C000-R100,3.173203035,0.2188646722,transport,40.09820417,appendix_risk_components.csv,,output/supplementary-experiments/scripts/build_paper_tables.py,component mean; pct_share is component mean / total-risk mean
E1,coload_risk.E1.GA.C000-R100,0.112144692,0.01541146877,coload,1.417117249,appendix_risk_components.csv,,output/supplementary-experiments/scripts/build_paper_tables.py,component mean; pct_share is component mean / total-risk mean
E1,producer_inventory_risk.E1.GA.C000-R100,4.6282312,0.1782523907,producer_inventory,58.48467858,appendix_risk_components.csv,,output/supplementary-experiments/scripts/build_paper_tables.py,component mean; pct_share is component mean / total-risk mean
E1,facility_inventory_risk.E1.GA.C000-R100,0,0,facility_inventory,0,appendix_risk_components.csv,,output/supplementary-experiments/scripts/build_paper_tables.py,component mean; pct_share is component mean / total-risk mean
E1,total_risk.E1.Heuristic.C100-R000,11.77588257,0.5356908156,total,,appendix_risk_components.csv,,output/supplementary-experiments/scripts/build_paper_tables.py,independent-instance unit; primary fields only
E1,transport_risk.E1.Heuristic.C100-R000,6.790835948,0.4145090887,transport,57.66732054,appendix_risk_components.csv,,output/supplementary-experiments/scripts/build_paper_tables.py,component mean; pct_share is component mean / total-risk mean
E1,coload_risk.E1.Heuristic.C100-R000,0.3568154214,0.06033274618,coload,3.030052476,appendix_risk_components.csv,,output/supplementary-experiments/scripts/build_paper_tables.py,component mean; pct_share is component mean / total-risk mean
E1,producer_inventory_risk.E1.Heuristic.C100-R000,4.6282312,0.1782523907,producer_inventory,39.30262698,appendix_risk_components.csv,,output/supplementary-experiments/scripts/build_paper_tables.py,component mean; pct_share is component mean / total-risk mean
E1,facility_inventory_risk.E1.Heuristic.C100-R000,0,0,facility_inventory,0,appendix_risk_components.csv,,output/supplementary-experiments/scripts/build_paper_tables.py,component mean; pct_share is component mean / total-risk mean
E1,total_risk.E1.Heuristic.C075-R025,11.77588257,0.5356908156,total,,appendix_risk_components.csv,,output/supplementary-experiments/scripts/build_paper_tables.py,independent-instance unit; primary fields only
E1,transport_risk.E1.Heuristic.C075-R025,6.790835948,0.4145090887,transport,57.66732054,appendix_risk_components.csv,,output/supplementary-experiments/scripts/build_paper_tables.py,component mean; pct_share is component mean / total-risk mean
E1,coload_risk.E1.Heuristic.C075-R025,0.3568154214,0.06033274618,coload,3.030052476,appendix_risk_components.csv,,output/supplementary-experiments/scripts/build_paper_tables.py,component mean; pct_share is component mean / total-risk mean
E1,producer_inventory_risk.E1.Heuristic.C075-R025,4.6282312,0.1782523907,producer_inventory,39.30262698,appendix_risk_components.csv,,output/supplementary-experiments/scripts/build_paper_tables.py,component mean; pct_share is component mean / total-risk mean
E1,facility_inventory_risk.E1.Heuristic.C075-R025,0,0,facility_inventory,0,appendix_risk_components.csv,,output/supplementary-experiments/scripts/build_paper_tables.py,component mean; pct_share is component mean / total-risk mean
E1,total_risk.E1.Heuristic.C050-R050,11.77588257,0.5356908156,total,,appendix_risk_components.csv,,output/supplementary-experiments/scripts/build_paper_tables.py,independent-instance unit; primary fields only
E1,transport_risk.E1.Heuristic.C050-R050,6.790835948,0.4145090887,transport,57.66732054,appendix_risk_components.csv,,output/supplementary-experiments/scripts/build_paper_tables.py,component mean; pct_share is component mean / total-risk mean
E1,coload_risk.E1.Heuristic.C050-R050,0.3568154214,0.06033274618,coload,3.030052476,appendix_risk_components.csv,,output/supplementary-experiments/scripts/build_paper_tables.py,component mean; pct_share is component mean / total-risk mean
E1,producer_inventory_risk.E1.Heuristic.C050-R050,4.6282312,0.1782523907,producer_inventory,39.30262698,appendix_risk_components.csv,,output/supplementary-experiments/scripts/build_paper_tables.py,component mean; pct_share is component mean / total-risk mean
E1,facility_inventory_risk.E1.Heuristic.C050-R050,0,0,facility_inventory,0,appendix_risk_components.csv,,output/supplementary-experiments/scripts/build_paper_tables.py,component mean; pct_share is component mean / total-risk mean
E1,total_risk.E1.Heuristic.C025-R075,11.77588257,0.5356908156,total,,appendix_risk_components.csv,,output/supplementary-experiments/scripts/build_paper_tables.py,independent-instance unit; primary fields only
E1,transport_risk.E1.Heuristic.C025-R075,6.790835948,0.4145090887,transport,57.66732054,appendix_risk_components.csv,,output/supplementary-experiments/scripts/build_paper_tables.py,component mean; pct_share is component mean / total-risk mean
E1,coload_risk.E1.Heuristic.C025-R075,0.3568154214,0.06033274618,coload,3.030052476,appendix_risk_components.csv,,output/supplementary-experiments/scripts/build_paper_tables.py,component mean; pct_share is component mean / total-risk mean
E1,producer_inventory_risk.E1.Heuristic.C025-R075,4.6282312,0.1782523907,producer_inventory,39.30262698,appendix_risk_components.csv,,output/supplementary-experiments/scripts/build_paper_tables.py,component mean; pct_share is component mean / total-risk mean
E1,facility_inventory_risk.E1.Heuristic.C025-R075,0,0,facility_inventory,0,appendix_risk_components.csv,,output/supplementary-experiments/scripts/build_paper_tables.py,component mean; pct_share is component mean / total-risk mean
E1,total_risk.E1.Heuristic.C000-R100,11.77588257,0.5356908156,total,,appendix_risk_components.csv,,output/supplementary-experiments/scripts/build_paper_tables.py,independent-instance unit; primary fields only
E1,transport_risk.E1.Heuristic.C000-R100,6.790835948,0.4145090887,transport,57.66732054,appendix_risk_components.csv,,output/supplementary-experiments/scripts/build_paper_tables.py,component mean; pct_share is component mean / total-risk mean
E1,coload_risk.E1.Heuristic.C000-R100,0.3568154214,0.06033274618,coload,3.030052476,appendix_risk_components.csv,,output/supplementary-experiments/scripts/build_paper_tables.py,component mean; pct_share is component mean / total-risk mean
E1,producer_inventory_risk.E1.Heuristic.C000-R100,4.6282312,0.1782523907,producer_inventory,39.30262698,appendix_risk_components.csv,,output/supplementary-experiments/scripts/build_paper_tables.py,component mean; pct_share is component mean / total-risk mean
E1,facility_inventory_risk.E1.Heuristic.C000-R100,0,0,facility_inventory,0,appendix_risk_components.csv,,output/supplementary-experiments/scripts/build_paper_tables.py,component mean; pct_share is component mean / total-risk mean
E1,total_risk.E1.MILP.C100-R000,9.475783362,0.3577280816,total,,appendix_risk_components.csv,,output/supplementary-experiments/scripts/build_paper_tables.py,independent-instance unit; primary fields only
E1,transport_risk.E1.MILP.C100-R000,4.601055125,0.2800776798,transport,48.5559341,appendix_risk_components.csv,,output/supplementary-experiments/scripts/build_paper_tables.py,component mean; pct_share is component mean / total-risk mean
E1,coload_risk.E1.MILP.C100-R000,0.2464970377,0.04046119476,coload,2.601336779,appendix_risk_components.csv,,output/supplementary-experiments/scripts/build_paper_tables.py,component mean; pct_share is component mean / total-risk mean
E1,producer_inventory_risk.E1.MILP.C100-R000,4.6282312,0.1782523907,producer_inventory,48.84272912,appendix_risk_components.csv,,output/supplementary-experiments/scripts/build_paper_tables.py,component mean; pct_share is component mean / total-risk mean
E1,facility_inventory_risk.E1.MILP.C100-R000,0,0,facility_inventory,0,appendix_risk_components.csv,,output/supplementary-experiments/scripts/build_paper_tables.py,component mean; pct_share is component mean / total-risk mean
E1,total_risk.E1.MILP.C075-R025,7.698220129,0.3171885328,total,,appendix_risk_components.csv,,output/supplementary-experiments/scripts/build_paper_tables.py,independent-instance unit; primary fields only
E1,transport_risk.E1.MILP.C075-R025,3.102923923,0.2108991978,transport,40.30703034,appendix_risk_components.csv,,output/supplementary-experiments/scripts/build_paper_tables.py,component mean; pct_share is component mean / total-risk mean
E1,coload_risk.E1.MILP.C075-R025,0.1229455261,0.02216874124,coload,1.597064309,appendix_risk_components.csv,,output/supplementary-experiments/scripts/build_paper_tables.py,component mean; pct_share is component mean / total-risk mean
E1,producer_inventory_risk.E1.MILP.C075-R025,4.47235068,0.1987077599,producer_inventory,58.09590535,appendix_risk_components.csv,,output/supplementary-experiments/scripts/build_paper_tables.py,component mean; pct_share is component mean / total-risk mean
E1,facility_inventory_risk.E1.MILP.C075-R025,0,0,facility_inventory,0,appendix_risk_components.csv,,output/supplementary-experiments/scripts/build_paper_tables.py,component mean; pct_share is component mean / total-risk mean
E1,total_risk.E1.MILP.C050-R050,5.740618854,0.3669863457,total,,appendix_risk_components.csv,,output/supplementary-experiments/scripts/build_paper_tables.py,independent-instance unit; primary fields only
E1,transport_risk.E1.MILP.C050-R050,2.920662712,0.2021737057,transport,50.87714037,appendix_risk_components.csv,,output/supplementary-experiments/scripts/build_paper_tables.py,component mean; pct_share is component mean / total-risk mean
E1,coload_risk.E1.MILP.C050-R050,0.1480601215,0.01986798183,coload,2.579166555,appendix_risk_components.csv,,output/supplementary-experiments/scripts/build_paper_tables.py,component mean; pct_share is component mean / total-risk mean
E1,producer_inventory_risk.E1.MILP.C050-R050,2.67189602,0.2307900838,producer_inventory,46.54369308,appendix_risk_components.csv,,output/supplementary-experiments/scripts/build_paper_tables.py,component mean; pct_share is component mean / total-risk mean
E1,facility_inventory_risk.E1.MILP.C050-R050,0,0,facility_inventory,0,appendix_risk_components.csv,,output/supplementary-experiments/scripts/build_paper_tables.py,component mean; pct_share is component mean / total-risk mean
E1,total_risk.E1.MILP.C025-R075,3.371123364,0.2479079058,total,,appendix_risk_components.csv,,output/supplementary-experiments/scripts/build_paper_tables.py,independent-instance unit; primary fields only
E1,transport_risk.E1.MILP.C025-R075,2.770225897,0.2001367183,transport,82.17515639,appendix_risk_components.csv,,output/supplementary-experiments/scripts/build_paper_tables.py,component mean; pct_share is component mean / total-risk mean
E1,coload_risk.E1.MILP.C025-R075,0.1216838677,0.01655572524,coload,3.609594029,appendix_risk_components.csv,,output/supplementary-experiments/scripts/build_paper_tables.py,component mean; pct_share is component mean / total-risk mean
E1,producer_inventory_risk.E1.MILP.C025-R075,0.4792136,0.08573713133,producer_inventory,14.21524958,appendix_risk_components.csv,,output/supplementary-experiments/scripts/build_paper_tables.py,component mean; pct_share is component mean / total-risk mean
E1,facility_inventory_risk.E1.MILP.C025-R075,0,0,facility_inventory,0,appendix_risk_components.csv,,output/supplementary-experiments/scripts/build_paper_tables.py,component mean; pct_share is component mean / total-risk mean
E1,total_risk.E1.MILP.C000-R100,2.680519352,0.1869216593,total,,appendix_risk_components.csv,,output/supplementary-experiments/scripts/build_paper_tables.py,independent-instance unit; primary fields only
E1,transport_risk.E1.MILP.C000-R100,2.605205249,0.1873099264,transport,97.19031676,appendix_risk_components.csv,,output/supplementary-experiments/scripts/build_paper_tables.py,component mean; pct_share is component mean / total-risk mean
E1,coload_risk.E1.MILP.C000-R100,0.06062856287,0.008309081985,coload,2.261821495,appendix_risk_components.csv,,output/supplementary-experiments/scripts/build_paper_tables.py,component mean; pct_share is component mean / total-risk mean
E1,producer_inventory_risk.E1.MILP.C000-R100,0.01468554,0.01046908882,producer_inventory,0.5478617415,appendix_risk_components.csv,,output/supplementary-experiments/scripts/build_paper_tables.py,component mean; pct_share is component mean / total-risk mean
E1,facility_inventory_risk.E1.MILP.C000-R100,0,0,facility_inventory,0,appendix_risk_components.csv,,output/supplementary-experiments/scripts/build_paper_tables.py,component mean; pct_share is component mean / total-risk mean
E2,total_risk.E2.Train-L.C100-R000,859.48842,13.84906635,total,,appendix_risk_components.csv,,output/supplementary-experiments/scripts/build_paper_tables.py,independent-instance unit; primary fields only
E2,transport_risk.E2.Train-L.C100-R000,392.3798038,11.77392567,transport,45.65271558,appendix_risk_components.csv,,output/supplementary-experiments/scripts/build_paper_tables.py,component mean; pct_share is component mean / total-risk mean
E2,coload_risk.E2.Train-L.C100-R000,111.2491085,4.567736989,coload,12.94364251,appendix_risk_components.csv,,output/supplementary-experiments/scripts/build_paper_tables.py,component mean; pct_share is component mean / total-risk mean
E2,producer_inventory_risk.E2.Train-L.C100-R000,355.8595077,2.526325212,producer_inventory,41.40364191,appendix_risk_components.csv,,output/supplementary-experiments/scripts/build_paper_tables.py,component mean; pct_share is component mean / total-risk mean
E2,facility_inventory_risk.E2.Train-L.C100-R000,0,0,facility_inventory,0,appendix_risk_components.csv,,output/supplementary-experiments/scripts/build_paper_tables.py,component mean; pct_share is component mean / total-risk mean
E2,total_risk.E2.Train-L.C075-R025,736.1730281,10.63204389,total,,appendix_risk_components.csv,,output/supplementary-experiments/scripts/build_paper_tables.py,independent-instance unit; primary fields only
E2,transport_risk.E2.Train-L.C075-R025,300.3845346,8.829430089,transport,40.80352351,appendix_risk_components.csv,,output/supplementary-experiments/scripts/build_paper_tables.py,component mean; pct_share is component mean / total-risk mean
E2,coload_risk.E2.Train-L.C075-R025,81.04217848,3.407873844,coload,11.00857752,appendix_risk_components.csv,,output/supplementary-experiments/scripts/build_paper_tables.py,component mean; pct_share is component mean / total-risk mean
E2,producer_inventory_risk.E2.Train-L.C075-R025,354.746315,2.518864434,producer_inventory,48.18789897,appendix_risk_components.csv,,output/supplementary-experiments/scripts/build_paper_tables.py,component mean; pct_share is component mean / total-risk mean
E2,facility_inventory_risk.E2.Train-L.C075-R025,0,0,facility_inventory,0,appendix_risk_components.csv,,output/supplementary-experiments/scripts/build_paper_tables.py,component mean; pct_share is component mean / total-risk mean
E2,total_risk.E2.Train-L.C050-R050,647.0769857,7.716801323,total,,appendix_risk_components.csv,,output/supplementary-experiments/scripts/build_paper_tables.py,independent-instance unit; primary fields only
E2,transport_risk.E2.Train-L.C050-R050,240.8101673,6.691986241,transport,37.21507218,appendix_risk_components.csv,,output/supplementary-experiments/scripts/build_paper_tables.py,component mean; pct_share is component mean / total-risk mean
E2,coload_risk.E2.Train-L.C050-R050,56.41077828,2.357110035,coload,8.717784672,appendix_risk_components.csv,,output/supplementary-experiments/scripts/build_paper_tables.py,component mean; pct_share is component mean / total-risk mean
E2,producer_inventory_risk.E2.Train-L.C050-R050,349.8560402,2.554646875,producer_inventory,54.06714315,appendix_risk_components.csv,,output/supplementary-experiments/scripts/build_paper_tables.py,component mean; pct_share is component mean / total-risk mean
E2,facility_inventory_risk.E2.Train-L.C050-R050,0,0,facility_inventory,0,appendix_risk_components.csv,,output/supplementary-experiments/scripts/build_paper_tables.py,component mean; pct_share is component mean / total-risk mean
E2,total_risk.E2.Train-L.C025-R075,568.108489,7.657245736,total,,appendix_risk_components.csv,,output/supplementary-experiments/scripts/build_paper_tables.py,independent-instance unit; primary fields only
E2,transport_risk.E2.Train-L.C025-R075,203.5983051,5.800700002,transport,35.83792692,appendix_risk_components.csv,,output/supplementary-experiments/scripts/build_paper_tables.py,component mean; pct_share is component mean / total-risk mean
E2,coload_risk.E2.Train-L.C025-R075,42.49627768,1.877113071,coload,7.480310275,appendix_risk_components.csv,,output/supplementary-experiments/scripts/build_paper_tables.py,component mean; pct_share is component mean / total-risk mean
E2,producer_inventory_risk.E2.Train-L.C025-R075,322.0139062,2.581538321,producer_inventory,56.68176281,appendix_risk_components.csv,,output/supplementary-experiments/scripts/build_paper_tables.py,component mean; pct_share is component mean / total-risk mean
E2,facility_inventory_risk.E2.Train-L.C025-R075,0,0,facility_inventory,0,appendix_risk_components.csv,,output/supplementary-experiments/scripts/build_paper_tables.py,component mean; pct_share is component mean / total-risk mean
E2,total_risk.E2.Train-L.C000-R100,488.0224941,6.794049936,total,,appendix_risk_components.csv,,output/supplementary-experiments/scripts/build_paper_tables.py,independent-instance unit; primary fields only
E2,transport_risk.E2.Train-L.C000-R100,201.021265,4.944871649,transport,41.1909835,appendix_risk_components.csv,,output/supplementary-experiments/scripts/build_paper_tables.py,component mean; pct_share is component mean / total-risk mean
E2,coload_risk.E2.Train-L.C000-R100,38.58742962,1.751797335,coload,7.906895704,appendix_risk_components.csv,,output/supplementary-experiments/scripts/build_paper_tables.py,component mean; pct_share is component mean / total-risk mean
E2,producer_inventory_risk.E2.Train-L.C000-R100,248.4137994,2.078188925,producer_inventory,50.90212079,appendix_risk_components.csv,,output/supplementary-experiments/scripts/build_paper_tables.py,component mean; pct_share is component mean / total-risk mean
E2,facility_inventory_risk.E2.Train-L.C000-R100,0,0,facility_inventory,0,appendix_risk_components.csv,,output/supplementary-experiments/scripts/build_paper_tables.py,component mean; pct_share is component mean / total-risk mean
E2,total_risk.E2.GA.C100-R000,1065.538742,18.99207659,total,,appendix_risk_components.csv,,output/supplementary-experiments/scripts/build_paper_tables.py,independent-instance unit; primary fields only
E2,transport_risk.E2.GA.C100-R000,558.9688802,15.88477762,transport,52.45880398,appendix_risk_components.csv,,output/supplementary-experiments/scripts/build_paper_tables.py,component mean; pct_share is component mean / total-risk mean
E2,coload_risk.E2.GA.C100-R000,150.3723543,6.920029762,coload,14.112331,appendix_risk_components.csv,,output/supplementary-experiments/scripts/build_paper_tables.py,component mean; pct_share is component mean / total-risk mean
E2,producer_inventory_risk.E2.GA.C100-R000,356.1975079,2.522333912,producer_inventory,33.42886502,appendix_risk_components.csv,,output/supplementary-experiments/scripts/build_paper_tables.py,component mean; pct_share is component mean / total-risk mean
E2,facility_inventory_risk.E2.GA.C100-R000,0,0,facility_inventory,0,appendix_risk_components.csv,,output/supplementary-experiments/scripts/build_paper_tables.py,component mean; pct_share is component mean / total-risk mean
E2,total_risk.E2.GA.C075-R025,970.8677859,15.7721232,total,,appendix_risk_components.csv,,output/supplementary-experiments/scripts/build_paper_tables.py,independent-instance unit; primary fields only
E2,transport_risk.E2.GA.C075-R025,488.8197841,12.87541365,transport,50.34874894,appendix_risk_components.csv,,output/supplementary-experiments/scripts/build_paper_tables.py,component mean; pct_share is component mean / total-risk mean
E2,coload_risk.E2.GA.C075-R025,125.8504939,6.104977554,coload,12.96268099,appendix_risk_components.csv,,output/supplementary-experiments/scripts/build_paper_tables.py,component mean; pct_share is component mean / total-risk mean
E2,producer_inventory_risk.E2.GA.C075-R025,356.1975079,2.522333912,producer_inventory,36.68857007,appendix_risk_components.csv,,output/supplementary-experiments/scripts/build_paper_tables.py,component mean; pct_share is component mean / total-risk mean
E2,facility_inventory_risk.E2.GA.C075-R025,0,0,facility_inventory,0,appendix_risk_components.csv,,output/supplementary-experiments/scripts/build_paper_tables.py,component mean; pct_share is component mean / total-risk mean
E2,total_risk.E2.GA.C050-R050,932.0254658,16.02197026,total,,appendix_risk_components.csv,,output/supplementary-experiments/scripts/build_paper_tables.py,independent-instance unit; primary fields only
E2,transport_risk.E2.GA.C050-R050,460.9839778,13.13926714,transport,49.46044874,appendix_risk_components.csv,,output/supplementary-experiments/scripts/build_paper_tables.py,component mean; pct_share is component mean / total-risk mean
E2,coload_risk.E2.GA.C050-R050,114.8439801,5.907390143,coload,12.32197878,appendix_risk_components.csv,,output/supplementary-experiments/scripts/build_paper_tables.py,component mean; pct_share is component mean / total-risk mean
E2,producer_inventory_risk.E2.GA.C050-R050,356.1975079,2.522333912,producer_inventory,38.21757248,appendix_risk_components.csv,,output/supplementary-experiments/scripts/build_paper_tables.py,component mean; pct_share is component mean / total-risk mean
E2,facility_inventory_risk.E2.GA.C050-R050,0,0,facility_inventory,0,appendix_risk_components.csv,,output/supplementary-experiments/scripts/build_paper_tables.py,component mean; pct_share is component mean / total-risk mean
E2,total_risk.E2.GA.C025-R075,922.5508376,15.64513789,total,,appendix_risk_components.csv,,output/supplementary-experiments/scripts/build_paper_tables.py,independent-instance unit; primary fields only
E2,transport_risk.E2.GA.C025-R075,455.4744162,12.82303885,transport,49.37119968,appendix_risk_components.csv,,output/supplementary-experiments/scripts/build_paper_tables.py,component mean; pct_share is component mean / total-risk mean
E2,coload_risk.E2.GA.C025-R075,110.8789134,5.755029692,coload,12.01873208,appendix_risk_components.csv,,output/supplementary-experiments/scripts/build_paper_tables.py,component mean; pct_share is component mean / total-risk mean
E2,producer_inventory_risk.E2.GA.C025-R075,356.1975079,2.522333912,producer_inventory,38.61006824,appendix_risk_components.csv,,output/supplementary-experiments/scripts/build_paper_tables.py,component mean; pct_share is component mean / total-risk mean
E2,facility_inventory_risk.E2.GA.C025-R075,0,0,facility_inventory,0,appendix_risk_components.csv,,output/supplementary-experiments/scripts/build_paper_tables.py,component mean; pct_share is component mean / total-risk mean
E2,total_risk.E2.GA.C000-R100,909.8351314,14.88781224,total,,appendix_risk_components.csv,,output/supplementary-experiments/scripts/build_paper_tables.py,independent-instance unit; primary fields only
E2,transport_risk.E2.GA.C000-R100,448.6720874,12.54514484,transport,49.31355934,appendix_risk_components.csv,,output/supplementary-experiments/scripts/build_paper_tables.py,component mean; pct_share is component mean / total-risk mean
E2,coload_risk.E2.GA.C000-R100,104.9655361,5.474162589,coload,11.53676446,appendix_risk_components.csv,,output/supplementary-experiments/scripts/build_paper_tables.py,component mean; pct_share is component mean / total-risk mean
E2,producer_inventory_risk.E2.GA.C000-R100,356.1975079,2.522333912,producer_inventory,39.1496762,appendix_risk_components.csv,,output/supplementary-experiments/scripts/build_paper_tables.py,component mean; pct_share is component mean / total-risk mean
E2,facility_inventory_risk.E2.GA.C000-R100,0,0,facility_inventory,0,appendix_risk_components.csv,,output/supplementary-experiments/scripts/build_paper_tables.py,component mean; pct_share is component mean / total-risk mean
E2,total_risk.E2.Heuristic.C100-R000,1347.125494,26.85164175,total,,appendix_risk_components.csv,,output/supplementary-experiments/scripts/build_paper_tables.py,independent-instance unit; primary fields only
E2,transport_risk.E2.Heuristic.C100-R000,781.1933705,22.16264595,transport,57.98965087,appendix_risk_components.csv,,output/supplementary-experiments/scripts/build_paper_tables.py,component mean; pct_share is component mean / total-risk mean
E2,coload_risk.E2.Heuristic.C100-R000,209.7346152,10.28580316,coload,15.56904803,appendix_risk_components.csv,,output/supplementary-experiments/scripts/build_paper_tables.py,component mean; pct_share is component mean / total-risk mean
E2,producer_inventory_risk.E2.Heuristic.C100-R000,356.1975079,2.522333912,producer_inventory,26.4413011,appendix_risk_components.csv,,output/supplementary-experiments/scripts/build_paper_tables.py,component mean; pct_share is component mean / total-risk mean
E2,facility_inventory_risk.E2.Heuristic.C100-R000,0,0,facility_inventory,0,appendix_risk_components.csv,,output/supplementary-experiments/scripts/build_paper_tables.py,component mean; pct_share is component mean / total-risk mean
E2,total_risk.E2.Heuristic.C075-R025,1347.125494,26.85164175,total,,appendix_risk_components.csv,,output/supplementary-experiments/scripts/build_paper_tables.py,independent-instance unit; primary fields only
E2,transport_risk.E2.Heuristic.C075-R025,781.1933705,22.16264595,transport,57.98965087,appendix_risk_components.csv,,output/supplementary-experiments/scripts/build_paper_tables.py,component mean; pct_share is component mean / total-risk mean
E2,coload_risk.E2.Heuristic.C075-R025,209.7346152,10.28580316,coload,15.56904803,appendix_risk_components.csv,,output/supplementary-experiments/scripts/build_paper_tables.py,component mean; pct_share is component mean / total-risk mean
E2,producer_inventory_risk.E2.Heuristic.C075-R025,356.1975079,2.522333912,producer_inventory,26.4413011,appendix_risk_components.csv,,output/supplementary-experiments/scripts/build_paper_tables.py,component mean; pct_share is component mean / total-risk mean
E2,facility_inventory_risk.E2.Heuristic.C075-R025,0,0,facility_inventory,0,appendix_risk_components.csv,,output/supplementary-experiments/scripts/build_paper_tables.py,component mean; pct_share is component mean / total-risk mean
E2,total_risk.E2.Heuristic.C050-R050,1347.125494,26.85164175,total,,appendix_risk_components.csv,,output/supplementary-experiments/scripts/build_paper_tables.py,independent-instance unit; primary fields only
E2,transport_risk.E2.Heuristic.C050-R050,781.1933705,22.16264595,transport,57.98965087,appendix_risk_components.csv,,output/supplementary-experiments/scripts/build_paper_tables.py,component mean; pct_share is component mean / total-risk mean
E2,coload_risk.E2.Heuristic.C050-R050,209.7346152,10.28580316,coload,15.56904803,appendix_risk_components.csv,,output/supplementary-experiments/scripts/build_paper_tables.py,component mean; pct_share is component mean / total-risk mean
E2,producer_inventory_risk.E2.Heuristic.C050-R050,356.1975079,2.522333912,producer_inventory,26.4413011,appendix_risk_components.csv,,output/supplementary-experiments/scripts/build_paper_tables.py,component mean; pct_share is component mean / total-risk mean
E2,facility_inventory_risk.E2.Heuristic.C050-R050,0,0,facility_inventory,0,appendix_risk_components.csv,,output/supplementary-experiments/scripts/build_paper_tables.py,component mean; pct_share is component mean / total-risk mean
E2,total_risk.E2.Heuristic.C025-R075,1347.125494,26.85164175,total,,appendix_risk_components.csv,,output/supplementary-experiments/scripts/build_paper_tables.py,independent-instance unit; primary fields only
E2,transport_risk.E2.Heuristic.C025-R075,781.1933705,22.16264595,transport,57.98965087,appendix_risk_components.csv,,output/supplementary-experiments/scripts/build_paper_tables.py,component mean; pct_share is component mean / total-risk mean
E2,coload_risk.E2.Heuristic.C025-R075,209.7346152,10.28580316,coload,15.56904803,appendix_risk_components.csv,,output/supplementary-experiments/scripts/build_paper_tables.py,component mean; pct_share is component mean / total-risk mean
E2,producer_inventory_risk.E2.Heuristic.C025-R075,356.1975079,2.522333912,producer_inventory,26.4413011,appendix_risk_components.csv,,output/supplementary-experiments/scripts/build_paper_tables.py,component mean; pct_share is component mean / total-risk mean
E2,facility_inventory_risk.E2.Heuristic.C025-R075,0,0,facility_inventory,0,appendix_risk_components.csv,,output/supplementary-experiments/scripts/build_paper_tables.py,component mean; pct_share is component mean / total-risk mean
E2,total_risk.E2.Heuristic.C000-R100,1347.125494,26.85164175,total,,appendix_risk_components.csv,,output/supplementary-experiments/scripts/build_paper_tables.py,independent-instance unit; primary fields only
E2,transport_risk.E2.Heuristic.C000-R100,781.1933705,22.16264595,transport,57.98965087,appendix_risk_components.csv,,output/supplementary-experiments/scripts/build_paper_tables.py,component mean; pct_share is component mean / total-risk mean
E2,coload_risk.E2.Heuristic.C000-R100,209.7346152,10.28580316,coload,15.56904803,appendix_risk_components.csv,,output/supplementary-experiments/scripts/build_paper_tables.py,component mean; pct_share is component mean / total-risk mean
E2,producer_inventory_risk.E2.Heuristic.C000-R100,356.1975079,2.522333912,producer_inventory,26.4413011,appendix_risk_components.csv,,output/supplementary-experiments/scripts/build_paper_tables.py,component mean; pct_share is component mean / total-risk mean
E2,facility_inventory_risk.E2.Heuristic.C000-R100,0,0,facility_inventory,0,appendix_risk_components.csv,,output/supplementary-experiments/scripts/build_paper_tables.py,component mean; pct_share is component mean / total-risk mean
