archive_id,instance,model,repeat,preference_index,preference,candidate_budget,actual_candidate_attempts,unused_candidate_budget,stop_reason,batches,seconds,final_validation_evaluations,preference_initialization_evaluations
PPO-Test-1-small-r0-B40320,Test-1,small,0,0,"(0.0, 1.0)",1920,1224,696,positive_probability_action_space_exhausted,154,1.344183900000644,1,1
PPO-Test-1-small-r0-B40320,Test-1,small,0,1,"(0.05, 0.95)",1920,1184,736,positive_probability_action_space_exhausted,149,1.3223542000050656,1,1
PPO-Test-1-small-r0-B40320,Test-1,small,0,2,"(0.1, 0.9)",1920,1179,741,positive_probability_action_space_exhausted,148,1.3322291999938898,1,1
PPO-Test-1-small-r0-B40320,Test-1,small,0,3,"(0.15, 0.85)",1920,1408,512,positive_probability_action_space_exhausted,177,1.5488140000088606,1,1
PPO-Test-1-small-r0-B40320,Test-1,small,0,4,"(0.2, 0.8)",1920,1564,356,positive_probability_action_space_exhausted,196,1.7629067999951076,1,1
PPO-Test-1-small-r0-B40320,Test-1,small,0,5,"(0.25, 0.75)",1920,1408,512,positive_probability_action_space_exhausted,177,1.6523534000007203,1,1
PPO-Test-1-small-r0-B40320,Test-1,small,0,6,"(0.3, 0.7)",1920,1759,161,positive_probability_action_space_exhausted,220,2.138828099996317,1,1
PPO-Test-1-small-r0-B40320,Test-1,small,0,7,"(0.35, 0.65)",1920,1661,259,positive_probability_action_space_exhausted,208,1.893492300005164,1,1
PPO-Test-1-small-r0-B40320,Test-1,small,0,8,"(0.4, 0.6)",1920,1227,693,positive_probability_action_space_exhausted,154,1.4318296999990707,1,1
PPO-Test-1-small-r0-B40320,Test-1,small,0,9,"(0.45, 0.55)",1920,1348,572,positive_probability_action_space_exhausted,169,1.5166256000084104,1,1
PPO-Test-1-small-r0-B40320,Test-1,small,0,10,"(0.5, 0.5)",1920,1119,801,positive_probability_action_space_exhausted,140,1.210305700005847,1,1
PPO-Test-1-small-r0-B40320,Test-1,small,0,11,"(0.55, 0.44999999999999996)",1920,1393,527,positive_probability_action_space_exhausted,175,1.6060193999874173,1,1
PPO-Test-1-small-r0-B40320,Test-1,small,0,12,"(0.6, 0.4)",1920,1119,801,positive_probability_action_space_exhausted,140,1.1689456999883987,1,1
PPO-Test-1-small-r0-B40320,Test-1,small,0,13,"(0.65, 0.35)",1920,1199,721,positive_probability_action_space_exhausted,150,1.25592609999876,1,1
PPO-Test-1-small-r0-B40320,Test-1,small,0,14,"(0.7, 0.30000000000000004)",1920,1207,713,positive_probability_action_space_exhausted,151,1.3039769000024535,1,1
PPO-Test-1-small-r0-B40320,Test-1,small,0,15,"(0.75, 0.25)",1920,1239,681,positive_probability_action_space_exhausted,155,1.3114233000087552,1,1
PPO-Test-1-small-r0-B40320,Test-1,small,0,16,"(0.8, 0.19999999999999996)",1920,1119,801,positive_probability_action_space_exhausted,140,1.168904999998631,1,1
PPO-Test-1-small-r0-B40320,Test-1,small,0,17,"(0.85, 0.15000000000000002)",1920,1327,593,positive_probability_action_space_exhausted,166,1.4016068000055384,1,1
PPO-Test-1-small-r0-B40320,Test-1,small,0,18,"(0.9, 0.09999999999999998)",1920,1311,609,positive_probability_action_space_exhausted,164,1.396956800002954,1,1
PPO-Test-1-small-r0-B40320,Test-1,small,0,19,"(0.95, 0.050000000000000044)",1920,1321,599,positive_probability_action_space_exhausted,166,1.3852172999904724,1,1
PPO-Test-1-small-r0-B40320,Test-1,small,0,20,"(1.0, 0.0)",1920,1145,775,positive_probability_action_space_exhausted,144,1.2513559000071837,1,1
PPO-Test-1-large-r0-B40320,Test-1,large,0,0,"(0.0, 1.0)",1920,1178,742,positive_probability_action_space_exhausted,148,1.3101941000059014,1,1
PPO-Test-1-large-r0-B40320,Test-1,large,0,1,"(0.05, 0.95)",1920,1163,757,positive_probability_action_space_exhausted,146,1.3484737000107998,1,1
PPO-Test-1-large-r0-B40320,Test-1,large,0,2,"(0.1, 0.9)",1920,1184,736,positive_probability_action_space_exhausted,149,1.3773863999958849,1,1
PPO-Test-1-large-r0-B40320,Test-1,large,0,3,"(0.15, 0.85)",1920,1185,735,positive_probability_action_space_exhausted,149,1.3340712999925017,1,1
PPO-Test-1-large-r0-B40320,Test-1,large,0,4,"(0.2, 0.8)",1920,1163,757,positive_probability_action_space_exhausted,146,1.3425136000005296,1,1
PPO-Test-1-large-r0-B40320,Test-1,large,0,5,"(0.25, 0.75)",1920,1184,736,positive_probability_action_space_exhausted,149,1.3223473999969428,1,1
PPO-Test-1-large-r0-B40320,Test-1,large,0,6,"(0.3, 0.7)",1920,1162,758,positive_probability_action_space_exhausted,146,1.3458694000000833,1,1
PPO-Test-1-large-r0-B40320,Test-1,large,0,7,"(0.35, 0.65)",1920,1139,781,positive_probability_action_space_exhausted,143,1.3114687000052072,1,1
PPO-Test-1-large-r0-B40320,Test-1,large,0,8,"(0.4, 0.6)",1920,1147,773,positive_probability_action_space_exhausted,144,1.2935287000000244,1,1
PPO-Test-1-large-r0-B40320,Test-1,large,0,9,"(0.45, 0.55)",1920,1116,804,positive_probability_action_space_exhausted,140,1.280973900007666,1,1
PPO-Test-1-large-r0-B40320,Test-1,large,0,10,"(0.5, 0.5)",1920,1139,781,positive_probability_action_space_exhausted,143,1.2376470000017434,1,1
PPO-Test-1-large-r0-B40320,Test-1,large,0,11,"(0.55, 0.44999999999999996)",1920,1116,804,positive_probability_action_space_exhausted,140,1.2109541999961948,1,1
PPO-Test-1-large-r0-B40320,Test-1,large,0,12,"(0.6, 0.4)",1920,1116,804,positive_probability_action_space_exhausted,140,1.1607871000014711,1,1
PPO-Test-1-large-r0-B40320,Test-1,large,0,13,"(0.65, 0.35)",1920,1116,804,positive_probability_action_space_exhausted,140,1.1936226000107126,1,1
PPO-Test-1-large-r0-B40320,Test-1,large,0,14,"(0.7, 0.30000000000000004)",1920,1116,804,positive_probability_action_space_exhausted,140,1.249581299998681,1,1
PPO-Test-1-large-r0-B40320,Test-1,large,0,15,"(0.75, 0.25)",1920,1119,801,positive_probability_action_space_exhausted,140,1.2058665000076871,1,1
PPO-Test-1-large-r0-B40320,Test-1,large,0,16,"(0.8, 0.19999999999999996)",1920,1119,801,positive_probability_action_space_exhausted,140,1.1673258999944665,1,1
PPO-Test-1-large-r0-B40320,Test-1,large,0,17,"(0.85, 0.15000000000000002)",1920,1175,745,positive_probability_action_space_exhausted,147,1.2578982999984873,1,1
PPO-Test-1-large-r0-B40320,Test-1,large,0,18,"(0.9, 0.09999999999999998)",1920,1119,801,positive_probability_action_space_exhausted,140,1.1609382000024198,1,1
PPO-Test-1-large-r0-B40320,Test-1,large,0,19,"(0.95, 0.050000000000000044)",1920,1185,735,positive_probability_action_space_exhausted,149,1.242490100004943,1,1
PPO-Test-1-large-r0-B40320,Test-1,large,0,20,"(1.0, 0.0)",1920,1145,775,positive_probability_action_space_exhausted,144,1.1963092999940272,1,1
PPO-Test-1-small-r1-B40320,Test-1,small,1,0,"(0.0, 1.0)",1920,1581,339,positive_probability_action_space_exhausted,198,1.7561753000045428,1,1
PPO-Test-1-small-r1-B40320,Test-1,small,1,1,"(0.05, 0.95)",1920,1184,736,positive_probability_action_space_exhausted,149,1.2939890999987256,1,1
PPO-Test-1-small-r1-B40320,Test-1,small,1,2,"(0.1, 0.9)",1920,1377,543,positive_probability_action_space_exhausted,173,1.556830200002878,1,1
PPO-Test-1-small-r1-B40320,Test-1,small,1,3,"(0.15, 0.85)",1920,1505,415,positive_probability_action_space_exhausted,189,1.661345500004245,1,1
PPO-Test-1-small-r1-B40320,Test-1,small,1,4,"(0.2, 0.8)",1920,1416,504,positive_probability_action_space_exhausted,178,1.6450122999958694,1,1
PPO-Test-1-small-r1-B40320,Test-1,small,1,5,"(0.25, 0.75)",1920,1664,256,positive_probability_action_space_exhausted,209,1.9775230000086594,1,1
PPO-Test-1-small-r1-B40320,Test-1,small,1,6,"(0.3, 0.7)",1920,1831,89,positive_probability_action_space_exhausted,229,2.193385999999009,1,1
PPO-Test-1-small-r1-B40320,Test-1,small,1,7,"(0.35, 0.65)",1920,1788,132,positive_probability_action_space_exhausted,224,2.18703239999013,1,1
PPO-Test-1-small-r1-B40320,Test-1,small,1,8,"(0.4, 0.6)",1920,1172,748,positive_probability_action_space_exhausted,147,1.283453099997132,1,1
PPO-Test-1-small-r1-B40320,Test-1,small,1,9,"(0.45, 0.55)",1920,1303,617,positive_probability_action_space_exhausted,163,1.376568599996972,1,1
PPO-Test-1-small-r1-B40320,Test-1,small,1,10,"(0.5, 0.5)",1920,1139,781,positive_probability_action_space_exhausted,143,1.2306176999991294,1,1
PPO-Test-1-small-r1-B40320,Test-1,small,1,11,"(0.55, 0.44999999999999996)",1920,1328,592,positive_probability_action_space_exhausted,167,1.553970400011167,1,1
PPO-Test-1-small-r1-B40320,Test-1,small,1,12,"(0.6, 0.4)",1920,1649,271,positive_probability_action_space_exhausted,207,1.8621034999960102,1,1
PPO-Test-1-small-r1-B40320,Test-1,small,1,13,"(0.65, 0.35)",1920,1324,596,positive_probability_action_space_exhausted,166,1.410632599989185,1,1
PPO-Test-1-small-r1-B40320,Test-1,small,1,14,"(0.7, 0.30000000000000004)",1920,1119,801,positive_probability_action_space_exhausted,140,1.1617139000009047,1,1
PPO-Test-1-small-r1-B40320,Test-1,small,1,15,"(0.75, 0.25)",1920,1119,801,positive_probability_action_space_exhausted,140,1.1786636000033468,1,1
PPO-Test-1-small-r1-B40320,Test-1,small,1,16,"(0.8, 0.19999999999999996)",1920,1215,705,positive_probability_action_space_exhausted,152,1.2511719000031007,1,1
PPO-Test-1-small-r1-B40320,Test-1,small,1,17,"(0.85, 0.15000000000000002)",1920,1191,729,positive_probability_action_space_exhausted,149,1.2202711999998428,1,1
PPO-Test-1-small-r1-B40320,Test-1,small,1,18,"(0.9, 0.09999999999999998)",1920,1359,561,positive_probability_action_space_exhausted,170,1.486764300003415,1,1
PPO-Test-1-small-r1-B40320,Test-1,small,1,19,"(0.95, 0.050000000000000044)",1920,1401,519,positive_probability_action_space_exhausted,176,1.5403444999974454,1,1
PPO-Test-1-small-r1-B40320,Test-1,small,1,20,"(1.0, 0.0)",1920,1119,801,positive_probability_action_space_exhausted,140,1.1718618999875616,1,1
PPO-Test-1-large-r1-B40320,Test-1,large,1,0,"(0.0, 1.0)",1920,1181,739,positive_probability_action_space_exhausted,148,1.3531331999984104,1,1
PPO-Test-1-large-r1-B40320,Test-1,large,1,1,"(0.05, 0.95)",1920,1177,743,positive_probability_action_space_exhausted,148,1.3008902000001399,1,1
PPO-Test-1-large-r1-B40320,Test-1,large,1,2,"(0.1, 0.9)",1920,1159,761,positive_probability_action_space_exhausted,145,1.2964444999961415,1,1
PPO-Test-1-large-r1-B40320,Test-1,large,1,3,"(0.15, 0.85)",1920,1177,743,positive_probability_action_space_exhausted,148,1.3184853999991901,1,1
PPO-Test-1-large-r1-B40320,Test-1,large,1,4,"(0.2, 0.8)",1920,1146,774,positive_probability_action_space_exhausted,144,1.2862637999933213,1,1
PPO-Test-1-large-r1-B40320,Test-1,large,1,5,"(0.25, 0.75)",1920,1180,740,positive_probability_action_space_exhausted,148,1.3145004999969387,1,1
PPO-Test-1-large-r1-B40320,Test-1,large,1,6,"(0.3, 0.7)",1920,1162,758,positive_probability_action_space_exhausted,146,1.3346488999959547,1,1
PPO-Test-1-large-r1-B40320,Test-1,large,1,7,"(0.35, 0.65)",1920,1137,783,positive_probability_action_space_exhausted,143,1.2294564000039827,1,1
PPO-Test-1-large-r1-B40320,Test-1,large,1,8,"(0.4, 0.6)",1920,1157,763,positive_probability_action_space_exhausted,145,1.2901178000029176,1,1
PPO-Test-1-large-r1-B40320,Test-1,large,1,9,"(0.45, 0.55)",1920,1119,801,positive_probability_action_space_exhausted,140,1.18567510000139,1,1
PPO-Test-1-large-r1-B40320,Test-1,large,1,10,"(0.5, 0.5)",1920,1119,801,positive_probability_action_space_exhausted,140,1.1751442999957362,1,1
PPO-Test-1-large-r1-B40320,Test-1,large,1,11,"(0.55, 0.44999999999999996)",1920,1162,758,positive_probability_action_space_exhausted,146,1.2953321999957552,1,1
PPO-Test-1-large-r1-B40320,Test-1,large,1,12,"(0.6, 0.4)",1920,1116,804,positive_probability_action_space_exhausted,140,1.204851000002236,1,1
PPO-Test-1-large-r1-B40320,Test-1,large,1,13,"(0.65, 0.35)",1920,1140,780,positive_probability_action_space_exhausted,143,1.2439727000019047,1,1
PPO-Test-1-large-r1-B40320,Test-1,large,1,14,"(0.7, 0.30000000000000004)",1920,1132,788,positive_probability_action_space_exhausted,142,1.2110267999960342,1,1
PPO-Test-1-large-r1-B40320,Test-1,large,1,15,"(0.75, 0.25)",1920,1124,796,positive_probability_action_space_exhausted,141,1.2060296999989077,1,1
PPO-Test-1-large-r1-B40320,Test-1,large,1,16,"(0.8, 0.19999999999999996)",1920,1144,776,positive_probability_action_space_exhausted,144,1.3007985000003828,1,1
PPO-Test-1-large-r1-B40320,Test-1,large,1,17,"(0.85, 0.15000000000000002)",1920,1119,801,positive_probability_action_space_exhausted,140,1.1662116999941645,1,1
PPO-Test-1-large-r1-B40320,Test-1,large,1,18,"(0.9, 0.09999999999999998)",1920,1175,745,positive_probability_action_space_exhausted,147,1.229092599998694,1,1
PPO-Test-1-large-r1-B40320,Test-1,large,1,19,"(0.95, 0.050000000000000044)",1920,1135,785,positive_probability_action_space_exhausted,142,1.1884501000022283,1,1
PPO-Test-1-large-r1-B40320,Test-1,large,1,20,"(1.0, 0.0)",1920,1189,731,positive_probability_action_space_exhausted,149,1.2430122000077972,1,1
PPO-Test-1-small-r2-B40320,Test-1,small,2,0,"(0.0, 1.0)",1920,1391,529,positive_probability_action_space_exhausted,174,1.5650839000009,1,1
PPO-Test-1-small-r2-B40320,Test-1,small,2,1,"(0.05, 0.95)",1920,1473,447,positive_probability_action_space_exhausted,185,1.6602386000013212,1,1
PPO-Test-1-small-r2-B40320,Test-1,small,2,2,"(0.1, 0.9)",1920,1280,640,positive_probability_action_space_exhausted,161,1.434693300005165,1,1
PPO-Test-1-small-r2-B40320,Test-1,small,2,3,"(0.15, 0.85)",1920,1343,577,positive_probability_action_space_exhausted,168,1.4781163000006927,1,1
PPO-Test-1-small-r2-B40320,Test-1,small,2,4,"(0.2, 0.8)",1920,1379,541,positive_probability_action_space_exhausted,173,1.5542974999989383,1,1
PPO-Test-1-small-r2-B40320,Test-1,small,2,5,"(0.25, 0.75)",1920,1520,400,positive_probability_action_space_exhausted,191,1.7261606999963988,1,1
PPO-Test-1-small-r2-B40320,Test-1,small,2,6,"(0.3, 0.7)",1920,1249,671,positive_probability_action_space_exhausted,157,1.396739499992691,1,1
PPO-Test-1-small-r2-B40320,Test-1,small,2,7,"(0.35, 0.65)",1920,1492,428,positive_probability_action_space_exhausted,187,1.6768974000005983,1,1
PPO-Test-1-small-r2-B40320,Test-1,small,2,8,"(0.4, 0.6)",1920,1251,669,positive_probability_action_space_exhausted,157,1.362380700011272,1,1
PPO-Test-1-small-r2-B40320,Test-1,small,2,9,"(0.45, 0.55)",1920,1420,500,positive_probability_action_space_exhausted,178,1.576624500012258,1,1
PPO-Test-1-small-r2-B40320,Test-1,small,2,10,"(0.5, 0.5)",1920,1212,708,positive_probability_action_space_exhausted,152,1.318763899995247,1,1
PPO-Test-1-small-r2-B40320,Test-1,small,2,11,"(0.55, 0.44999999999999996)",1920,1167,753,positive_probability_action_space_exhausted,146,1.258731900001294,1,1
PPO-Test-1-small-r2-B40320,Test-1,small,2,12,"(0.6, 0.4)",1920,1323,597,positive_probability_action_space_exhausted,166,1.484247400003369,1,1
PPO-Test-1-small-r2-B40320,Test-1,small,2,13,"(0.65, 0.35)",1920,1119,801,positive_probability_action_space_exhausted,140,1.1554439000028651,1,1
PPO-Test-1-small-r2-B40320,Test-1,small,2,14,"(0.7, 0.30000000000000004)",1920,1263,657,positive_probability_action_space_exhausted,158,1.291936000008718,1,1
PPO-Test-1-small-r2-B40320,Test-1,small,2,15,"(0.75, 0.25)",1920,1119,801,positive_probability_action_space_exhausted,140,1.1492053999972995,1,1
PPO-Test-1-small-r2-B40320,Test-1,small,2,16,"(0.8, 0.19999999999999996)",1920,1119,801,positive_probability_action_space_exhausted,140,1.1723965999990469,1,1
PPO-Test-1-small-r2-B40320,Test-1,small,2,17,"(0.85, 0.15000000000000002)",1920,1319,601,positive_probability_action_space_exhausted,165,1.4179244999977527,1,1
PPO-Test-1-small-r2-B40320,Test-1,small,2,18,"(0.9, 0.09999999999999998)",1920,1175,745,positive_probability_action_space_exhausted,147,1.3273429999971995,1,1
PPO-Test-1-small-r2-B40320,Test-1,small,2,19,"(0.95, 0.050000000000000044)",1920,1185,735,positive_probability_action_space_exhausted,149,1.2767134000023361,1,1
PPO-Test-1-small-r2-B40320,Test-1,small,2,20,"(1.0, 0.0)",1920,1160,760,positive_probability_action_space_exhausted,146,1.2356696000060765,1,1
PPO-Test-1-large-r2-B40320,Test-1,large,2,0,"(0.0, 1.0)",1920,1179,741,positive_probability_action_space_exhausted,148,1.3082617999898503,1,1
PPO-Test-1-large-r2-B40320,Test-1,large,2,1,"(0.05, 0.95)",1920,1183,737,positive_probability_action_space_exhausted,148,1.349483700003475,1,1
PPO-Test-1-large-r2-B40320,Test-1,large,2,2,"(0.1, 0.9)",1920,1161,759,positive_probability_action_space_exhausted,146,1.3071769000089262,1,1
PPO-Test-1-large-r2-B40320,Test-1,large,2,3,"(0.15, 0.85)",1920,1163,757,positive_probability_action_space_exhausted,146,1.3241125000058673,1,1
PPO-Test-1-large-r2-B40320,Test-1,large,2,4,"(0.2, 0.8)",1920,1168,752,positive_probability_action_space_exhausted,147,1.3207274000014877,1,1
PPO-Test-1-large-r2-B40320,Test-1,large,2,5,"(0.25, 0.75)",1920,1179,741,positive_probability_action_space_exhausted,148,1.3496962000062922,1,1
PPO-Test-1-large-r2-B40320,Test-1,large,2,6,"(0.3, 0.7)",1920,1156,764,positive_probability_action_space_exhausted,145,1.3126370999962091,1,1
PPO-Test-1-large-r2-B40320,Test-1,large,2,7,"(0.35, 0.65)",1920,1116,804,positive_probability_action_space_exhausted,140,1.2146190000057686,1,1
PPO-Test-1-large-r2-B40320,Test-1,large,2,8,"(0.4, 0.6)",1920,1157,763,positive_probability_action_space_exhausted,145,1.2499370000005001,1,1
PPO-Test-1-large-r2-B40320,Test-1,large,2,9,"(0.45, 0.55)",1920,1329,591,positive_probability_action_space_exhausted,167,1.5205000999994809,1,1
PPO-Test-1-large-r2-B40320,Test-1,large,2,10,"(0.5, 0.5)",1920,1119,801,positive_probability_action_space_exhausted,140,1.1870791999972425,1,1
PPO-Test-1-large-r2-B40320,Test-1,large,2,11,"(0.55, 0.44999999999999996)",1920,1139,781,positive_probability_action_space_exhausted,143,1.2508930999902077,1,1
PPO-Test-1-large-r2-B40320,Test-1,large,2,12,"(0.6, 0.4)",1920,1136,784,positive_probability_action_space_exhausted,143,1.2340675000014016,1,1
PPO-Test-1-large-r2-B40320,Test-1,large,2,13,"(0.65, 0.35)",1920,1119,801,positive_probability_action_space_exhausted,140,1.1884805999870878,1,1
PPO-Test-1-large-r2-B40320,Test-1,large,2,14,"(0.7, 0.30000000000000004)",1920,1144,776,positive_probability_action_space_exhausted,144,1.2354290999937803,1,1
PPO-Test-1-large-r2-B40320,Test-1,large,2,15,"(0.75, 0.25)",1920,1116,804,positive_probability_action_space_exhausted,140,1.1952965000091353,1,1
PPO-Test-1-large-r2-B40320,Test-1,large,2,16,"(0.8, 0.19999999999999996)",1920,1119,801,positive_probability_action_space_exhausted,140,1.1730361999943852,1,1
PPO-Test-1-large-r2-B40320,Test-1,large,2,17,"(0.85, 0.15000000000000002)",1920,1119,801,positive_probability_action_space_exhausted,140,1.1720330999960424,1,1
PPO-Test-1-large-r2-B40320,Test-1,large,2,18,"(0.9, 0.09999999999999998)",1920,1119,801,positive_probability_action_space_exhausted,140,1.1769009999989066,1,1
PPO-Test-1-large-r2-B40320,Test-1,large,2,19,"(0.95, 0.050000000000000044)",1920,1119,801,positive_probability_action_space_exhausted,140,1.292840599999181,1,1
PPO-Test-1-large-r2-B40320,Test-1,large,2,20,"(1.0, 0.0)",1920,1185,735,positive_probability_action_space_exhausted,149,1.2703964000102133,1,1
PPO-Test-2-small-r0-B40320,Test-2,small,0,0,"(0.0, 1.0)",1920,1920,0,candidate_budget_reached,240,3.445729200000642,1,1
PPO-Test-2-small-r0-B40320,Test-2,small,0,1,"(0.05, 0.95)",1920,1920,0,candidate_budget_reached,240,3.5409450000006473,1,1
PPO-Test-2-small-r0-B40320,Test-2,small,0,2,"(0.1, 0.9)",1920,1920,0,candidate_budget_reached,240,3.419365599998855,1,1
PPO-Test-2-small-r0-B40320,Test-2,small,0,3,"(0.15, 0.85)",1920,1920,0,candidate_budget_reached,240,3.679059400004917,1,1
PPO-Test-2-small-r0-B40320,Test-2,small,0,4,"(0.2, 0.8)",1920,1920,0,candidate_budget_reached,240,3.5338858000031905,1,1
PPO-Test-2-small-r0-B40320,Test-2,small,0,5,"(0.25, 0.75)",1920,1920,0,candidate_budget_reached,240,3.5490151999983937,1,1
PPO-Test-2-small-r0-B40320,Test-2,small,0,6,"(0.3, 0.7)",1920,1920,0,candidate_budget_reached,240,3.5946917999972356,1,1
PPO-Test-2-small-r0-B40320,Test-2,small,0,7,"(0.35, 0.65)",1920,1920,0,candidate_budget_reached,240,3.4130045999918366,1,1
PPO-Test-2-small-r0-B40320,Test-2,small,0,8,"(0.4, 0.6)",1920,1920,0,candidate_budget_reached,240,3.387851599996793,1,1
PPO-Test-2-small-r0-B40320,Test-2,small,0,9,"(0.45, 0.55)",1920,1920,0,candidate_budget_reached,240,3.2896516999899177,1,1
PPO-Test-2-small-r0-B40320,Test-2,small,0,10,"(0.5, 0.5)",1920,1920,0,candidate_budget_reached,240,3.308874599999399,1,1
PPO-Test-2-small-r0-B40320,Test-2,small,0,11,"(0.55, 0.44999999999999996)",1920,1920,0,candidate_budget_reached,240,3.527935799997067,1,1
PPO-Test-2-small-r0-B40320,Test-2,small,0,12,"(0.6, 0.4)",1920,1920,0,candidate_budget_reached,240,3.3699930000002496,1,1
PPO-Test-2-small-r0-B40320,Test-2,small,0,13,"(0.65, 0.35)",1920,1765,155,positive_probability_action_space_exhausted,221,2.894225900003221,1,1
PPO-Test-2-small-r0-B40320,Test-2,small,0,14,"(0.7, 0.30000000000000004)",1920,1920,0,candidate_budget_reached,240,3.3058024999918416,1,1
PPO-Test-2-small-r0-B40320,Test-2,small,0,15,"(0.75, 0.25)",1920,1920,0,candidate_budget_reached,240,3.2370078999956604,1,1
PPO-Test-2-small-r0-B40320,Test-2,small,0,16,"(0.8, 0.19999999999999996)",1920,1920,0,candidate_budget_reached,240,3.2382698000001255,1,1
PPO-Test-2-small-r0-B40320,Test-2,small,0,17,"(0.85, 0.15000000000000002)",1920,1806,114,positive_probability_action_space_exhausted,226,3.030516400001943,1,1
PPO-Test-2-small-r0-B40320,Test-2,small,0,18,"(0.9, 0.09999999999999998)",1920,1920,0,candidate_budget_reached,240,3.3034035000018775,1,1
PPO-Test-2-small-r0-B40320,Test-2,small,0,19,"(0.95, 0.050000000000000044)",1920,1920,0,candidate_budget_reached,240,3.342601399999694,1,1
PPO-Test-2-small-r0-B40320,Test-2,small,0,20,"(1.0, 0.0)",1920,1660,260,positive_probability_action_space_exhausted,208,2.7904377999948338,1,1
PPO-Test-2-large-r0-B40320,Test-2,large,0,0,"(0.0, 1.0)",1920,1920,0,candidate_budget_reached,240,3.765909299996565,1,1
PPO-Test-2-large-r0-B40320,Test-2,large,0,1,"(0.05, 0.95)",1920,1920,0,candidate_budget_reached,240,3.8125327000016114,1,1
PPO-Test-2-large-r0-B40320,Test-2,large,0,2,"(0.1, 0.9)",1920,1920,0,candidate_budget_reached,240,3.8405886000109604,1,1
PPO-Test-2-large-r0-B40320,Test-2,large,0,3,"(0.15, 0.85)",1920,1920,0,candidate_budget_reached,240,3.7590428999974392,1,1
PPO-Test-2-large-r0-B40320,Test-2,large,0,4,"(0.2, 0.8)",1920,1920,0,candidate_budget_reached,240,3.701205800010939,1,1
PPO-Test-2-large-r0-B40320,Test-2,large,0,5,"(0.25, 0.75)",1920,1920,0,candidate_budget_reached,240,3.689171099991654,1,1
PPO-Test-2-large-r0-B40320,Test-2,large,0,6,"(0.3, 0.7)",1920,1920,0,candidate_budget_reached,240,3.703849800003809,1,1
PPO-Test-2-large-r0-B40320,Test-2,large,0,7,"(0.35, 0.65)",1920,1920,0,candidate_budget_reached,240,3.370906299998751,1,1
PPO-Test-2-large-r0-B40320,Test-2,large,0,8,"(0.4, 0.6)",1920,1920,0,candidate_budget_reached,240,3.469434300001012,1,1
PPO-Test-2-large-r0-B40320,Test-2,large,0,9,"(0.45, 0.55)",1920,1920,0,candidate_budget_reached,240,3.6257728000055067,1,1
PPO-Test-2-large-r0-B40320,Test-2,large,0,10,"(0.5, 0.5)",1920,1920,0,candidate_budget_reached,240,3.358852100005606,1,1
PPO-Test-2-large-r0-B40320,Test-2,large,0,11,"(0.55, 0.44999999999999996)",1920,1920,0,candidate_budget_reached,240,3.4102752000035252,1,1
PPO-Test-2-large-r0-B40320,Test-2,large,0,12,"(0.6, 0.4)",1920,1810,110,positive_probability_action_space_exhausted,227,3.0487718999938807,1,1
PPO-Test-2-large-r0-B40320,Test-2,large,0,13,"(0.65, 0.35)",1920,1920,0,candidate_budget_reached,240,3.2315024999988964,1,1
PPO-Test-2-large-r0-B40320,Test-2,large,0,14,"(0.7, 0.30000000000000004)",1920,1731,189,positive_probability_action_space_exhausted,217,2.932000600005267,1,1
PPO-Test-2-large-r0-B40320,Test-2,large,0,15,"(0.75, 0.25)",1920,1920,0,candidate_budget_reached,240,3.253558399999747,1,1
PPO-Test-2-large-r0-B40320,Test-2,large,0,16,"(0.8, 0.19999999999999996)",1920,1679,241,positive_probability_action_space_exhausted,210,2.762504700003774,1,1
PPO-Test-2-large-r0-B40320,Test-2,large,0,17,"(0.85, 0.15000000000000002)",1920,1920,0,candidate_budget_reached,240,3.499470000009751,1,1
PPO-Test-2-large-r0-B40320,Test-2,large,0,18,"(0.9, 0.09999999999999998)",1920,1605,315,positive_probability_action_space_exhausted,201,2.8195915999967838,1,1
PPO-Test-2-large-r0-B40320,Test-2,large,0,19,"(0.95, 0.050000000000000044)",1920,1710,210,positive_probability_action_space_exhausted,214,3.0988496000063606,1,1
PPO-Test-2-large-r0-B40320,Test-2,large,0,20,"(1.0, 0.0)",1920,1644,276,positive_probability_action_space_exhausted,206,2.896497499998077,1,1
PPO-Test-2-small-r1-B40320,Test-2,small,1,0,"(0.0, 1.0)",1920,1920,0,candidate_budget_reached,240,3.450024999998277,1,1
PPO-Test-2-small-r1-B40320,Test-2,small,1,1,"(0.05, 0.95)",1920,1920,0,candidate_budget_reached,240,3.5187776000093436,1,1
PPO-Test-2-small-r1-B40320,Test-2,small,1,2,"(0.1, 0.9)",1920,1920,0,candidate_budget_reached,240,3.5363245000044117,1,1
PPO-Test-2-small-r1-B40320,Test-2,small,1,3,"(0.15, 0.85)",1920,1920,0,candidate_budget_reached,240,3.599551799998153,1,1
PPO-Test-2-small-r1-B40320,Test-2,small,1,4,"(0.2, 0.8)",1920,1920,0,candidate_budget_reached,240,3.4995598000095924,1,1
PPO-Test-2-small-r1-B40320,Test-2,small,1,5,"(0.25, 0.75)",1920,1920,0,candidate_budget_reached,240,3.5247117999970214,1,1
PPO-Test-2-small-r1-B40320,Test-2,small,1,6,"(0.3, 0.7)",1920,1920,0,candidate_budget_reached,240,3.506448800006183,1,1
PPO-Test-2-small-r1-B40320,Test-2,small,1,7,"(0.35, 0.65)",1920,1920,0,candidate_budget_reached,240,3.425245199992787,1,1
PPO-Test-2-small-r1-B40320,Test-2,small,1,8,"(0.4, 0.6)",1920,1920,0,candidate_budget_reached,240,3.3456278999947244,1,1
PPO-Test-2-small-r1-B40320,Test-2,small,1,9,"(0.45, 0.55)",1920,1920,0,candidate_budget_reached,240,3.4603404000081355,1,1
PPO-Test-2-small-r1-B40320,Test-2,small,1,10,"(0.5, 0.5)",1920,1920,0,candidate_budget_reached,240,3.3246197999978904,1,1
PPO-Test-2-small-r1-B40320,Test-2,small,1,11,"(0.55, 0.44999999999999996)",1920,1920,0,candidate_budget_reached,240,3.23316010000417,1,1
PPO-Test-2-small-r1-B40320,Test-2,small,1,12,"(0.6, 0.4)",1920,1920,0,candidate_budget_reached,240,3.317627699987497,1,1
PPO-Test-2-small-r1-B40320,Test-2,small,1,13,"(0.65, 0.35)",1920,1920,0,candidate_budget_reached,240,3.329258000012487,1,1
PPO-Test-2-small-r1-B40320,Test-2,small,1,14,"(0.7, 0.30000000000000004)",1920,1719,201,positive_probability_action_space_exhausted,215,2.9274310000037076,1,1
PPO-Test-2-small-r1-B40320,Test-2,small,1,15,"(0.75, 0.25)",1920,1920,0,candidate_budget_reached,240,3.2966374999959953,1,1
PPO-Test-2-small-r1-B40320,Test-2,small,1,16,"(0.8, 0.19999999999999996)",1920,1920,0,candidate_budget_reached,240,3.3006271999911405,1,1
PPO-Test-2-small-r1-B40320,Test-2,small,1,17,"(0.85, 0.15000000000000002)",1920,1920,0,candidate_budget_reached,240,3.3008071999938693,1,1
PPO-Test-2-small-r1-B40320,Test-2,small,1,18,"(0.9, 0.09999999999999998)",1920,1920,0,candidate_budget_reached,240,3.20230520000041,1,1
PPO-Test-2-small-r1-B40320,Test-2,small,1,19,"(0.95, 0.050000000000000044)",1920,1798,122,positive_probability_action_space_exhausted,225,3.0055796000087867,1,1
PPO-Test-2-small-r1-B40320,Test-2,small,1,20,"(1.0, 0.0)",1920,1804,116,positive_probability_action_space_exhausted,226,3.0730696999962674,1,1
PPO-Test-2-large-r1-B40320,Test-2,large,1,0,"(0.0, 1.0)",1920,1920,0,candidate_budget_reached,240,3.76295360000222,1,1
PPO-Test-2-large-r1-B40320,Test-2,large,1,1,"(0.05, 0.95)",1920,1920,0,candidate_budget_reached,240,3.8604739000002155,1,1
PPO-Test-2-large-r1-B40320,Test-2,large,1,2,"(0.1, 0.9)",1920,1920,0,candidate_budget_reached,240,3.8168379999988247,1,1
PPO-Test-2-large-r1-B40320,Test-2,large,1,3,"(0.15, 0.85)",1920,1920,0,candidate_budget_reached,240,3.819347900003777,1,1
PPO-Test-2-large-r1-B40320,Test-2,large,1,4,"(0.2, 0.8)",1920,1920,0,candidate_budget_reached,240,3.8017373000038788,1,1
PPO-Test-2-large-r1-B40320,Test-2,large,1,5,"(0.25, 0.75)",1920,1920,0,candidate_budget_reached,240,3.7169506000063848,1,1
PPO-Test-2-large-r1-B40320,Test-2,large,1,6,"(0.3, 0.7)",1920,1920,0,candidate_budget_reached,240,3.611885299993446,1,1
PPO-Test-2-large-r1-B40320,Test-2,large,1,7,"(0.35, 0.65)",1920,1920,0,candidate_budget_reached,240,3.5001276999973925,1,1
PPO-Test-2-large-r1-B40320,Test-2,large,1,8,"(0.4, 0.6)",1920,1920,0,candidate_budget_reached,240,3.4069520000048215,1,1
PPO-Test-2-large-r1-B40320,Test-2,large,1,9,"(0.45, 0.55)",1920,1533,387,positive_probability_action_space_exhausted,192,2.72121089999564,1,1
PPO-Test-2-large-r1-B40320,Test-2,large,1,10,"(0.5, 0.5)",1920,1920,0,candidate_budget_reached,240,3.577735400001984,1,1
PPO-Test-2-large-r1-B40320,Test-2,large,1,11,"(0.55, 0.44999999999999996)",1920,1890,30,positive_probability_action_space_exhausted,237,3.410533900008886,1,1
PPO-Test-2-large-r1-B40320,Test-2,large,1,12,"(0.6, 0.4)",1920,1920,0,candidate_budget_reached,240,3.2564210000127787,1,1
PPO-Test-2-large-r1-B40320,Test-2,large,1,13,"(0.65, 0.35)",1920,1920,0,candidate_budget_reached,240,3.290571200006525,1,1
PPO-Test-2-large-r1-B40320,Test-2,large,1,14,"(0.7, 0.30000000000000004)",1920,1920,0,candidate_budget_reached,240,3.2478312000021106,1,1
PPO-Test-2-large-r1-B40320,Test-2,large,1,15,"(0.75, 0.25)",1920,1805,115,positive_probability_action_space_exhausted,226,3.232685800001491,1,1
PPO-Test-2-large-r1-B40320,Test-2,large,1,16,"(0.8, 0.19999999999999996)",1920,1920,0,candidate_budget_reached,240,3.313025799987372,1,1
PPO-Test-2-large-r1-B40320,Test-2,large,1,17,"(0.85, 0.15000000000000002)",1920,1920,0,candidate_budget_reached,240,3.4440006999939214,1,1
PPO-Test-2-large-r1-B40320,Test-2,large,1,18,"(0.9, 0.09999999999999998)",1920,1920,0,candidate_budget_reached,240,3.3782260000007227,1,1
PPO-Test-2-large-r1-B40320,Test-2,large,1,19,"(0.95, 0.050000000000000044)",1920,1678,242,positive_probability_action_space_exhausted,210,3.0408726999885403,1,1
PPO-Test-2-large-r1-B40320,Test-2,large,1,20,"(1.0, 0.0)",1920,1920,0,candidate_budget_reached,240,3.395835999996052,1,1
PPO-Test-2-small-r2-B40320,Test-2,small,2,0,"(0.0, 1.0)",1920,1920,0,candidate_budget_reached,240,3.467175400000997,1,1
PPO-Test-2-small-r2-B40320,Test-2,small,2,1,"(0.05, 0.95)",1920,1920,0,candidate_budget_reached,240,3.4890744000003906,1,1
PPO-Test-2-small-r2-B40320,Test-2,small,2,2,"(0.1, 0.9)",1920,1920,0,candidate_budget_reached,240,3.6595930000039516,1,1
PPO-Test-2-small-r2-B40320,Test-2,small,2,3,"(0.15, 0.85)",1920,1920,0,candidate_budget_reached,240,3.506364600005327,1,1
PPO-Test-2-small-r2-B40320,Test-2,small,2,4,"(0.2, 0.8)",1920,1920,0,candidate_budget_reached,240,3.4615008999971906,1,1
PPO-Test-2-small-r2-B40320,Test-2,small,2,5,"(0.25, 0.75)",1920,1920,0,candidate_budget_reached,240,3.423681000000215,1,1
PPO-Test-2-small-r2-B40320,Test-2,small,2,6,"(0.3, 0.7)",1920,1920,0,candidate_budget_reached,240,3.4785174999997253,1,1
PPO-Test-2-small-r2-B40320,Test-2,small,2,7,"(0.35, 0.65)",1920,1920,0,candidate_budget_reached,240,3.394119500007946,1,1
PPO-Test-2-small-r2-B40320,Test-2,small,2,8,"(0.4, 0.6)",1920,1920,0,candidate_budget_reached,240,3.437452800004394,1,1
PPO-Test-2-small-r2-B40320,Test-2,small,2,9,"(0.45, 0.55)",1920,1920,0,candidate_budget_reached,240,3.3825808000110555,1,1
PPO-Test-2-small-r2-B40320,Test-2,small,2,10,"(0.5, 0.5)",1920,1920,0,candidate_budget_reached,240,3.387246199999936,1,1
PPO-Test-2-small-r2-B40320,Test-2,small,2,11,"(0.55, 0.44999999999999996)",1920,1920,0,candidate_budget_reached,240,3.308571999994456,1,1
PPO-Test-2-small-r2-B40320,Test-2,small,2,12,"(0.6, 0.4)",1920,1920,0,candidate_budget_reached,240,3.3742466999974567,1,1
PPO-Test-2-small-r2-B40320,Test-2,small,2,13,"(0.65, 0.35)",1920,1920,0,candidate_budget_reached,240,3.1255597999988822,1,1
PPO-Test-2-small-r2-B40320,Test-2,small,2,14,"(0.7, 0.30000000000000004)",1920,1920,0,candidate_budget_reached,240,3.3764607000048272,1,1
PPO-Test-2-small-r2-B40320,Test-2,small,2,15,"(0.75, 0.25)",1920,1766,154,positive_probability_action_space_exhausted,221,3.03231290000258,1,1
PPO-Test-2-small-r2-B40320,Test-2,small,2,16,"(0.8, 0.19999999999999996)",1920,1920,0,candidate_budget_reached,240,3.2532166999881156,1,1
PPO-Test-2-small-r2-B40320,Test-2,small,2,17,"(0.85, 0.15000000000000002)",1920,1920,0,candidate_budget_reached,240,3.24273529999482,1,1
PPO-Test-2-small-r2-B40320,Test-2,small,2,18,"(0.9, 0.09999999999999998)",1920,1920,0,candidate_budget_reached,240,3.216273400001228,1,1
PPO-Test-2-small-r2-B40320,Test-2,small,2,19,"(0.95, 0.050000000000000044)",1920,1920,0,candidate_budget_reached,240,3.166253699993831,1,1
PPO-Test-2-small-r2-B40320,Test-2,small,2,20,"(1.0, 0.0)",1920,1920,0,candidate_budget_reached,240,3.2720623000059277,1,1
PPO-Test-2-large-r2-B40320,Test-2,large,2,0,"(0.0, 1.0)",1920,1920,0,candidate_budget_reached,240,3.828015699997195,1,1
PPO-Test-2-large-r2-B40320,Test-2,large,2,1,"(0.05, 0.95)",1920,1920,0,candidate_budget_reached,240,3.7732818000076804,1,1
PPO-Test-2-large-r2-B40320,Test-2,large,2,2,"(0.1, 0.9)",1920,1920,0,candidate_budget_reached,240,3.8814360999967903,1,1
PPO-Test-2-large-r2-B40320,Test-2,large,2,3,"(0.15, 0.85)",1920,1920,0,candidate_budget_reached,240,3.854685700003756,1,1
PPO-Test-2-large-r2-B40320,Test-2,large,2,4,"(0.2, 0.8)",1920,1920,0,candidate_budget_reached,240,3.811233300002641,1,1
PPO-Test-2-large-r2-B40320,Test-2,large,2,5,"(0.25, 0.75)",1920,1920,0,candidate_budget_reached,240,3.6652883000060683,1,1
PPO-Test-2-large-r2-B40320,Test-2,large,2,6,"(0.3, 0.7)",1920,1920,0,candidate_budget_reached,240,3.590077000000747,1,1
PPO-Test-2-large-r2-B40320,Test-2,large,2,7,"(0.35, 0.65)",1920,1920,0,candidate_budget_reached,240,3.7374479999998584,1,1
PPO-Test-2-large-r2-B40320,Test-2,large,2,8,"(0.4, 0.6)",1920,1920,0,candidate_budget_reached,240,3.463309200000367,1,1
PPO-Test-2-large-r2-B40320,Test-2,large,2,9,"(0.45, 0.55)",1920,1920,0,candidate_budget_reached,240,3.516317400004482,1,1
PPO-Test-2-large-r2-B40320,Test-2,large,2,10,"(0.5, 0.5)",1920,1920,0,candidate_budget_reached,240,3.4426098999974784,1,1
PPO-Test-2-large-r2-B40320,Test-2,large,2,11,"(0.55, 0.44999999999999996)",1920,1920,0,candidate_budget_reached,240,3.3768077000131598,1,1
PPO-Test-2-large-r2-B40320,Test-2,large,2,12,"(0.6, 0.4)",1920,1920,0,candidate_budget_reached,240,3.446560299998964,1,1
PPO-Test-2-large-r2-B40320,Test-2,large,2,13,"(0.65, 0.35)",1920,1920,0,candidate_budget_reached,240,3.558218800011673,1,1
PPO-Test-2-large-r2-B40320,Test-2,large,2,14,"(0.7, 0.30000000000000004)",1920,1635,285,positive_probability_action_space_exhausted,205,2.8749690000113333,1,1
PPO-Test-2-large-r2-B40320,Test-2,large,2,15,"(0.75, 0.25)",1920,1920,0,candidate_budget_reached,240,3.420192899997346,1,1
PPO-Test-2-large-r2-B40320,Test-2,large,2,16,"(0.8, 0.19999999999999996)",1920,1738,182,positive_probability_action_space_exhausted,218,2.8710085000057006,1,1
PPO-Test-2-large-r2-B40320,Test-2,large,2,17,"(0.85, 0.15000000000000002)",1920,1920,0,candidate_budget_reached,240,3.4452561000071,1,1
PPO-Test-2-large-r2-B40320,Test-2,large,2,18,"(0.9, 0.09999999999999998)",1920,1920,0,candidate_budget_reached,240,3.411703400008264,1,1
PPO-Test-2-large-r2-B40320,Test-2,large,2,19,"(0.95, 0.050000000000000044)",1920,1920,0,candidate_budget_reached,240,3.382477099992684,1,1
PPO-Test-2-large-r2-B40320,Test-2,large,2,20,"(1.0, 0.0)",1920,1920,0,candidate_budget_reached,240,3.468141100005596,1,1
PPO-Test-3-small-r0-B40320,Test-3,small,0,0,"(0.0, 1.0)",1920,1920,0,candidate_budget_reached,240,7.528507100010756,1,1
PPO-Test-3-small-r0-B40320,Test-3,small,0,1,"(0.05, 0.95)",1920,1920,0,candidate_budget_reached,240,7.575431399993249,1,1
PPO-Test-3-small-r0-B40320,Test-3,small,0,2,"(0.1, 0.9)",1920,1920,0,candidate_budget_reached,240,7.372348600008991,1,1
PPO-Test-3-small-r0-B40320,Test-3,small,0,3,"(0.15, 0.85)",1920,1920,0,candidate_budget_reached,240,7.423705499997595,1,1
PPO-Test-3-small-r0-B40320,Test-3,small,0,4,"(0.2, 0.8)",1920,1920,0,candidate_budget_reached,240,7.288140300006489,1,1
PPO-Test-3-small-r0-B40320,Test-3,small,0,5,"(0.25, 0.75)",1920,1920,0,candidate_budget_reached,240,7.500767300007283,1,1
PPO-Test-3-small-r0-B40320,Test-3,small,0,6,"(0.3, 0.7)",1920,1920,0,candidate_budget_reached,240,7.150359399995068,1,1
PPO-Test-3-small-r0-B40320,Test-3,small,0,7,"(0.35, 0.65)",1920,1920,0,candidate_budget_reached,240,7.43459430000803,1,1
PPO-Test-3-small-r0-B40320,Test-3,small,0,8,"(0.4, 0.6)",1920,1920,0,candidate_budget_reached,240,7.494397200003732,1,1
PPO-Test-3-small-r0-B40320,Test-3,small,0,9,"(0.45, 0.55)",1920,1920,0,candidate_budget_reached,240,7.061817499998142,1,1
PPO-Test-3-small-r0-B40320,Test-3,small,0,10,"(0.5, 0.5)",1920,1920,0,candidate_budget_reached,240,6.933201899999403,1,1
PPO-Test-3-small-r0-B40320,Test-3,small,0,11,"(0.55, 0.44999999999999996)",1920,1920,0,candidate_budget_reached,240,6.980473400006304,1,1
PPO-Test-3-small-r0-B40320,Test-3,small,0,12,"(0.6, 0.4)",1920,1920,0,candidate_budget_reached,240,6.896741099990322,1,1
PPO-Test-3-small-r0-B40320,Test-3,small,0,13,"(0.65, 0.35)",1920,1920,0,candidate_budget_reached,240,7.023203899996588,1,1
PPO-Test-3-small-r0-B40320,Test-3,small,0,14,"(0.7, 0.30000000000000004)",1920,1920,0,candidate_budget_reached,240,6.935295100003714,1,1
PPO-Test-3-small-r0-B40320,Test-3,small,0,15,"(0.75, 0.25)",1920,1920,0,candidate_budget_reached,240,6.855730199997197,1,1
PPO-Test-3-small-r0-B40320,Test-3,small,0,16,"(0.8, 0.19999999999999996)",1920,1920,0,candidate_budget_reached,240,6.782819100000779,1,1
PPO-Test-3-small-r0-B40320,Test-3,small,0,17,"(0.85, 0.15000000000000002)",1920,1920,0,candidate_budget_reached,240,6.8900733000045875,1,1
PPO-Test-3-small-r0-B40320,Test-3,small,0,18,"(0.9, 0.09999999999999998)",1920,1920,0,candidate_budget_reached,240,6.7418533000018215,1,1
PPO-Test-3-small-r0-B40320,Test-3,small,0,19,"(0.95, 0.050000000000000044)",1920,1920,0,candidate_budget_reached,240,6.61517950000416,1,1
PPO-Test-3-small-r0-B40320,Test-3,small,0,20,"(1.0, 0.0)",1920,1920,0,candidate_budget_reached,240,6.7847317999985535,1,1
PPO-Test-3-large-r0-B40320,Test-3,large,0,0,"(0.0, 1.0)",1920,1920,0,candidate_budget_reached,240,7.3200820999918506,1,1
PPO-Test-3-large-r0-B40320,Test-3,large,0,1,"(0.05, 0.95)",1920,1920,0,candidate_budget_reached,240,7.136170500001754,1,1
PPO-Test-3-large-r0-B40320,Test-3,large,0,2,"(0.1, 0.9)",1920,1920,0,candidate_budget_reached,240,6.946175700009917,1,1
PPO-Test-3-large-r0-B40320,Test-3,large,0,3,"(0.15, 0.85)",1920,1920,0,candidate_budget_reached,240,6.896651000002748,1,1
PPO-Test-3-large-r0-B40320,Test-3,large,0,4,"(0.2, 0.8)",1920,1920,0,candidate_budget_reached,240,6.963343900002656,1,1
PPO-Test-3-large-r0-B40320,Test-3,large,0,5,"(0.25, 0.75)",1920,1920,0,candidate_budget_reached,240,7.007449700002326,1,1
PPO-Test-3-large-r0-B40320,Test-3,large,0,6,"(0.3, 0.7)",1920,1920,0,candidate_budget_reached,240,6.893701900000451,1,1
PPO-Test-3-large-r0-B40320,Test-3,large,0,7,"(0.35, 0.65)",1920,1920,0,candidate_budget_reached,240,6.763542399989092,1,1
PPO-Test-3-large-r0-B40320,Test-3,large,0,8,"(0.4, 0.6)",1920,1920,0,candidate_budget_reached,240,7.063666000001831,1,1
PPO-Test-3-large-r0-B40320,Test-3,large,0,9,"(0.45, 0.55)",1920,1920,0,candidate_budget_reached,240,6.816119700000854,1,1
PPO-Test-3-large-r0-B40320,Test-3,large,0,10,"(0.5, 0.5)",1920,1920,0,candidate_budget_reached,240,6.664174599995022,1,1
PPO-Test-3-large-r0-B40320,Test-3,large,0,11,"(0.55, 0.44999999999999996)",1920,1920,0,candidate_budget_reached,240,6.765279299987014,1,1
PPO-Test-3-large-r0-B40320,Test-3,large,0,12,"(0.6, 0.4)",1920,1920,0,candidate_budget_reached,240,6.593371200011461,1,1
PPO-Test-3-large-r0-B40320,Test-3,large,0,13,"(0.65, 0.35)",1920,1920,0,candidate_budget_reached,240,6.813914199999999,1,1
PPO-Test-3-large-r0-B40320,Test-3,large,0,14,"(0.7, 0.30000000000000004)",1920,1920,0,candidate_budget_reached,240,6.872252200002549,1,1
PPO-Test-3-large-r0-B40320,Test-3,large,0,15,"(0.75, 0.25)",1920,1920,0,candidate_budget_reached,240,6.601224199999706,1,1
PPO-Test-3-large-r0-B40320,Test-3,large,0,16,"(0.8, 0.19999999999999996)",1920,1920,0,candidate_budget_reached,240,6.747763999999734,1,1
PPO-Test-3-large-r0-B40320,Test-3,large,0,17,"(0.85, 0.15000000000000002)",1920,1920,0,candidate_budget_reached,240,6.708151600003475,1,1
PPO-Test-3-large-r0-B40320,Test-3,large,0,18,"(0.9, 0.09999999999999998)",1920,1920,0,candidate_budget_reached,240,6.89786450000247,1,1
PPO-Test-3-large-r0-B40320,Test-3,large,0,19,"(0.95, 0.050000000000000044)",1920,1920,0,candidate_budget_reached,240,6.841557000007015,1,1
PPO-Test-3-large-r0-B40320,Test-3,large,0,20,"(1.0, 0.0)",1920,1920,0,candidate_budget_reached,240,7.015619199999492,1,1
PPO-Test-3-small-r1-B40320,Test-3,small,1,0,"(0.0, 1.0)",1920,1920,0,candidate_budget_reached,240,7.443703400000231,1,1
PPO-Test-3-small-r1-B40320,Test-3,small,1,1,"(0.05, 0.95)",1920,1920,0,candidate_budget_reached,240,7.3768808000022545,1,1
PPO-Test-3-small-r1-B40320,Test-3,small,1,2,"(0.1, 0.9)",1920,1920,0,candidate_budget_reached,240,7.244056499999715,1,1
PPO-Test-3-small-r1-B40320,Test-3,small,1,3,"(0.15, 0.85)",1920,1920,0,candidate_budget_reached,240,7.550300799994147,1,1
PPO-Test-3-small-r1-B40320,Test-3,small,1,4,"(0.2, 0.8)",1920,1920,0,candidate_budget_reached,240,7.455420700003742,1,1
PPO-Test-3-small-r1-B40320,Test-3,small,1,5,"(0.25, 0.75)",1920,1920,0,candidate_budget_reached,240,7.480764599997201,1,1
PPO-Test-3-small-r1-B40320,Test-3,small,1,6,"(0.3, 0.7)",1920,1920,0,candidate_budget_reached,240,7.228853900000104,1,1
PPO-Test-3-small-r1-B40320,Test-3,small,1,7,"(0.35, 0.65)",1920,1920,0,candidate_budget_reached,240,7.3979713000007905,1,1
PPO-Test-3-small-r1-B40320,Test-3,small,1,8,"(0.4, 0.6)",1920,1920,0,candidate_budget_reached,240,7.216845499991905,1,1
PPO-Test-3-small-r1-B40320,Test-3,small,1,9,"(0.45, 0.55)",1920,1920,0,candidate_budget_reached,240,7.109569799999008,1,1
PPO-Test-3-small-r1-B40320,Test-3,small,1,10,"(0.5, 0.5)",1920,1920,0,candidate_budget_reached,240,6.924493300000904,1,1
PPO-Test-3-small-r1-B40320,Test-3,small,1,11,"(0.55, 0.44999999999999996)",1920,1920,0,candidate_budget_reached,240,7.058120999994571,1,1
PPO-Test-3-small-r1-B40320,Test-3,small,1,12,"(0.6, 0.4)",1920,1920,0,candidate_budget_reached,240,6.912256900002831,1,1
PPO-Test-3-small-r1-B40320,Test-3,small,1,13,"(0.65, 0.35)",1920,1920,0,candidate_budget_reached,240,7.039181200001622,1,1
PPO-Test-3-small-r1-B40320,Test-3,small,1,14,"(0.7, 0.30000000000000004)",1920,1920,0,candidate_budget_reached,240,6.853257800001302,1,1
PPO-Test-3-small-r1-B40320,Test-3,small,1,15,"(0.75, 0.25)",1920,1920,0,candidate_budget_reached,240,6.805165700003272,1,1
PPO-Test-3-small-r1-B40320,Test-3,small,1,16,"(0.8, 0.19999999999999996)",1920,1920,0,candidate_budget_reached,240,6.734135799997603,1,1
PPO-Test-3-small-r1-B40320,Test-3,small,1,17,"(0.85, 0.15000000000000002)",1920,1920,0,candidate_budget_reached,240,6.818705600002431,1,1
PPO-Test-3-small-r1-B40320,Test-3,small,1,18,"(0.9, 0.09999999999999998)",1920,1920,0,candidate_budget_reached,240,6.86579540000821,1,1
PPO-Test-3-small-r1-B40320,Test-3,small,1,19,"(0.95, 0.050000000000000044)",1920,1920,0,candidate_budget_reached,240,6.7754762999975355,1,1
PPO-Test-3-small-r1-B40320,Test-3,small,1,20,"(1.0, 0.0)",1920,1920,0,candidate_budget_reached,240,6.636919399999897,1,1
PPO-Test-3-large-r1-B40320,Test-3,large,1,0,"(0.0, 1.0)",1920,1920,0,candidate_budget_reached,240,7.350004699997953,1,1
PPO-Test-3-large-r1-B40320,Test-3,large,1,1,"(0.05, 0.95)",1920,1920,0,candidate_budget_reached,240,7.263982799995574,1,1
PPO-Test-3-large-r1-B40320,Test-3,large,1,2,"(0.1, 0.9)",1920,1920,0,candidate_budget_reached,240,7.124699699998018,1,1
PPO-Test-3-large-r1-B40320,Test-3,large,1,3,"(0.15, 0.85)",1920,1920,0,candidate_budget_reached,240,7.16187440000067,1,1
PPO-Test-3-large-r1-B40320,Test-3,large,1,4,"(0.2, 0.8)",1920,1920,0,candidate_budget_reached,240,6.7907119000010425,1,1
PPO-Test-3-large-r1-B40320,Test-3,large,1,5,"(0.25, 0.75)",1920,1920,0,candidate_budget_reached,240,6.883985099993879,1,1
PPO-Test-3-large-r1-B40320,Test-3,large,1,6,"(0.3, 0.7)",1920,1920,0,candidate_budget_reached,240,7.02974520000862,1,1
PPO-Test-3-large-r1-B40320,Test-3,large,1,7,"(0.35, 0.65)",1920,1920,0,candidate_budget_reached,240,6.8431367999874055,1,1
PPO-Test-3-large-r1-B40320,Test-3,large,1,8,"(0.4, 0.6)",1920,1920,0,candidate_budget_reached,240,6.745318799992674,1,1
PPO-Test-3-large-r1-B40320,Test-3,large,1,9,"(0.45, 0.55)",1920,1920,0,candidate_budget_reached,240,6.639614100000472,1,1
PPO-Test-3-large-r1-B40320,Test-3,large,1,10,"(0.5, 0.5)",1920,1920,0,candidate_budget_reached,240,6.721526299996185,1,1
PPO-Test-3-large-r1-B40320,Test-3,large,1,11,"(0.55, 0.44999999999999996)",1920,1920,0,candidate_budget_reached,240,6.794083799992222,1,1
PPO-Test-3-large-r1-B40320,Test-3,large,1,12,"(0.6, 0.4)",1920,1920,0,candidate_budget_reached,240,6.732118599989917,1,1
PPO-Test-3-large-r1-B40320,Test-3,large,1,13,"(0.65, 0.35)",1920,1920,0,candidate_budget_reached,240,6.736900899995817,1,1
PPO-Test-3-large-r1-B40320,Test-3,large,1,14,"(0.7, 0.30000000000000004)",1920,1920,0,candidate_budget_reached,240,6.737880000000587,1,1
PPO-Test-3-large-r1-B40320,Test-3,large,1,15,"(0.75, 0.25)",1920,1920,0,candidate_budget_reached,240,6.612797500012675,1,1
PPO-Test-3-large-r1-B40320,Test-3,large,1,16,"(0.8, 0.19999999999999996)",1920,1920,0,candidate_budget_reached,240,6.68113739999535,1,1
PPO-Test-3-large-r1-B40320,Test-3,large,1,17,"(0.85, 0.15000000000000002)",1920,1920,0,candidate_budget_reached,240,6.628008100000443,1,1
PPO-Test-3-large-r1-B40320,Test-3,large,1,18,"(0.9, 0.09999999999999998)",1920,1920,0,candidate_budget_reached,240,6.786390200009919,1,1
PPO-Test-3-large-r1-B40320,Test-3,large,1,19,"(0.95, 0.050000000000000044)",1920,1920,0,candidate_budget_reached,240,7.017072200003895,1,1
PPO-Test-3-large-r1-B40320,Test-3,large,1,20,"(1.0, 0.0)",1920,1920,0,candidate_budget_reached,240,6.9061537999950815,1,1
PPO-Test-3-small-r2-B40320,Test-3,small,2,0,"(0.0, 1.0)",1920,1920,0,candidate_budget_reached,240,7.622887100005755,1,1
PPO-Test-3-small-r2-B40320,Test-3,small,2,1,"(0.05, 0.95)",1920,1920,0,candidate_budget_reached,240,7.651252899988322,1,1
PPO-Test-3-small-r2-B40320,Test-3,small,2,2,"(0.1, 0.9)",1920,1920,0,candidate_budget_reached,240,7.570267899995088,1,1
PPO-Test-3-small-r2-B40320,Test-3,small,2,3,"(0.15, 0.85)",1920,1920,0,candidate_budget_reached,240,7.4359401000110665,1,1
PPO-Test-3-small-r2-B40320,Test-3,small,2,4,"(0.2, 0.8)",1920,1920,0,candidate_budget_reached,240,7.462132599990582,1,1
PPO-Test-3-small-r2-B40320,Test-3,small,2,5,"(0.25, 0.75)",1920,1920,0,candidate_budget_reached,240,7.216968699998688,1,1
PPO-Test-3-small-r2-B40320,Test-3,small,2,6,"(0.3, 0.7)",1920,1920,0,candidate_budget_reached,240,7.282463899988215,1,1
PPO-Test-3-small-r2-B40320,Test-3,small,2,7,"(0.35, 0.65)",1920,1920,0,candidate_budget_reached,240,6.951581800007261,1,1
PPO-Test-3-small-r2-B40320,Test-3,small,2,8,"(0.4, 0.6)",1920,1920,0,candidate_budget_reached,240,7.369593199997325,1,1
PPO-Test-3-small-r2-B40320,Test-3,small,2,9,"(0.45, 0.55)",1920,1920,0,candidate_budget_reached,240,6.896865999995498,1,1
PPO-Test-3-small-r2-B40320,Test-3,small,2,10,"(0.5, 0.5)",1920,1920,0,candidate_budget_reached,240,6.898188300008769,1,1
PPO-Test-3-small-r2-B40320,Test-3,small,2,11,"(0.55, 0.44999999999999996)",1920,1920,0,candidate_budget_reached,240,6.952081100011128,1,1
PPO-Test-3-small-r2-B40320,Test-3,small,2,12,"(0.6, 0.4)",1920,1920,0,candidate_budget_reached,240,6.825267999985954,1,1
PPO-Test-3-small-r2-B40320,Test-3,small,2,13,"(0.65, 0.35)",1920,1920,0,candidate_budget_reached,240,6.869991900006426,1,1
PPO-Test-3-small-r2-B40320,Test-3,small,2,14,"(0.7, 0.30000000000000004)",1920,1920,0,candidate_budget_reached,240,6.993736099990201,1,1
PPO-Test-3-small-r2-B40320,Test-3,small,2,15,"(0.75, 0.25)",1920,1920,0,candidate_budget_reached,240,7.146585700000287,1,1
PPO-Test-3-small-r2-B40320,Test-3,small,2,16,"(0.8, 0.19999999999999996)",1920,1920,0,candidate_budget_reached,240,6.8626024999975925,1,1
PPO-Test-3-small-r2-B40320,Test-3,small,2,17,"(0.85, 0.15000000000000002)",1920,1920,0,candidate_budget_reached,240,7.0819363000046,1,1
PPO-Test-3-small-r2-B40320,Test-3,small,2,18,"(0.9, 0.09999999999999998)",1920,1920,0,candidate_budget_reached,240,6.811202400000184,1,1
PPO-Test-3-small-r2-B40320,Test-3,small,2,19,"(0.95, 0.050000000000000044)",1920,1920,0,candidate_budget_reached,240,6.957534100001794,1,1
PPO-Test-3-small-r2-B40320,Test-3,small,2,20,"(1.0, 0.0)",1920,1920,0,candidate_budget_reached,240,6.78098900000623,1,1
PPO-Test-3-large-r2-B40320,Test-3,large,2,0,"(0.0, 1.0)",1920,1920,0,candidate_budget_reached,240,7.104275799996685,1,1
PPO-Test-3-large-r2-B40320,Test-3,large,2,1,"(0.05, 0.95)",1920,1920,0,candidate_budget_reached,240,7.037956799991662,1,1
PPO-Test-3-large-r2-B40320,Test-3,large,2,2,"(0.1, 0.9)",1920,1920,0,candidate_budget_reached,240,7.312687400000868,1,1
PPO-Test-3-large-r2-B40320,Test-3,large,2,3,"(0.15, 0.85)",1920,1920,0,candidate_budget_reached,240,6.912896800000453,1,1
PPO-Test-3-large-r2-B40320,Test-3,large,2,4,"(0.2, 0.8)",1920,1920,0,candidate_budget_reached,240,6.915057600010186,1,1
PPO-Test-3-large-r2-B40320,Test-3,large,2,5,"(0.25, 0.75)",1920,1920,0,candidate_budget_reached,240,6.99685120000504,1,1
PPO-Test-3-large-r2-B40320,Test-3,large,2,6,"(0.3, 0.7)",1920,1920,0,candidate_budget_reached,240,6.796638699990581,1,1
PPO-Test-3-large-r2-B40320,Test-3,large,2,7,"(0.35, 0.65)",1920,1920,0,candidate_budget_reached,240,6.7866386999958195,1,1
PPO-Test-3-large-r2-B40320,Test-3,large,2,8,"(0.4, 0.6)",1920,1920,0,candidate_budget_reached,240,6.757699599998887,1,1
PPO-Test-3-large-r2-B40320,Test-3,large,2,9,"(0.45, 0.55)",1920,1920,0,candidate_budget_reached,240,6.966489800004638,1,1
PPO-Test-3-large-r2-B40320,Test-3,large,2,10,"(0.5, 0.5)",1920,1920,0,candidate_budget_reached,240,6.7101348000142025,1,1
PPO-Test-3-large-r2-B40320,Test-3,large,2,11,"(0.55, 0.44999999999999996)",1920,1920,0,candidate_budget_reached,240,6.658041700007743,1,1
PPO-Test-3-large-r2-B40320,Test-3,large,2,12,"(0.6, 0.4)",1920,1920,0,candidate_budget_reached,240,6.817912200000137,1,1
PPO-Test-3-large-r2-B40320,Test-3,large,2,13,"(0.65, 0.35)",1920,1920,0,candidate_budget_reached,240,6.743462099999306,1,1
PPO-Test-3-large-r2-B40320,Test-3,large,2,14,"(0.7, 0.30000000000000004)",1920,1920,0,candidate_budget_reached,240,6.550452800001949,1,1
PPO-Test-3-large-r2-B40320,Test-3,large,2,15,"(0.75, 0.25)",1920,1920,0,candidate_budget_reached,240,6.515067200001795,1,1
PPO-Test-3-large-r2-B40320,Test-3,large,2,16,"(0.8, 0.19999999999999996)",1920,1920,0,candidate_budget_reached,240,6.629480699994019,1,1
PPO-Test-3-large-r2-B40320,Test-3,large,2,17,"(0.85, 0.15000000000000002)",1920,1920,0,candidate_budget_reached,240,6.754249199992046,1,1
PPO-Test-3-large-r2-B40320,Test-3,large,2,18,"(0.9, 0.09999999999999998)",1920,1920,0,candidate_budget_reached,240,6.6444507999985944,1,1
PPO-Test-3-large-r2-B40320,Test-3,large,2,19,"(0.95, 0.050000000000000044)",1920,1920,0,candidate_budget_reached,240,6.7255933999986155,1,1
PPO-Test-3-large-r2-B40320,Test-3,large,2,20,"(1.0, 0.0)",1920,1920,0,candidate_budget_reached,240,6.849212900007842,1,1
PPO-Test-4-small-r0-B40320,Test-4,small,0,0,"(0.0, 1.0)",1920,1920,0,candidate_budget_reached,240,27.261284600012004,1,1
PPO-Test-4-small-r0-B40320,Test-4,small,0,1,"(0.05, 0.95)",1920,1920,0,candidate_budget_reached,240,25.723182100002305,1,1
PPO-Test-4-small-r0-B40320,Test-4,small,0,2,"(0.1, 0.9)",1920,1920,0,candidate_budget_reached,240,26.103101599990623,1,1
PPO-Test-4-small-r0-B40320,Test-4,small,0,3,"(0.15, 0.85)",1920,1920,0,candidate_budget_reached,240,26.8747405000031,1,1
PPO-Test-4-small-r0-B40320,Test-4,small,0,4,"(0.2, 0.8)",1920,1920,0,candidate_budget_reached,240,26.48119130000123,1,1
PPO-Test-4-small-r0-B40320,Test-4,small,0,5,"(0.25, 0.75)",1920,1920,0,candidate_budget_reached,240,26.415881099994294,1,1
PPO-Test-4-small-r0-B40320,Test-4,small,0,6,"(0.3, 0.7)",1920,1920,0,candidate_budget_reached,240,25.505157299994607,1,1
PPO-Test-4-small-r0-B40320,Test-4,small,0,7,"(0.35, 0.65)",1920,1920,0,candidate_budget_reached,240,24.727979299990693,1,1
PPO-Test-4-small-r0-B40320,Test-4,small,0,8,"(0.4, 0.6)",1920,1920,0,candidate_budget_reached,240,24.923496400006115,1,1
PPO-Test-4-small-r0-B40320,Test-4,small,0,9,"(0.45, 0.55)",1920,1920,0,candidate_budget_reached,240,25.577572599999257,1,1
PPO-Test-4-small-r0-B40320,Test-4,small,0,10,"(0.5, 0.5)",1920,1920,0,candidate_budget_reached,240,25.279835900000762,1,1
PPO-Test-4-small-r0-B40320,Test-4,small,0,11,"(0.55, 0.44999999999999996)",1920,1920,0,candidate_budget_reached,240,25.225520199994207,1,1
PPO-Test-4-small-r0-B40320,Test-4,small,0,12,"(0.6, 0.4)",1920,1920,0,candidate_budget_reached,240,24.722723200000473,1,1
PPO-Test-4-small-r0-B40320,Test-4,small,0,13,"(0.65, 0.35)",1920,1920,0,candidate_budget_reached,240,24.536677700001746,1,1
PPO-Test-4-small-r0-B40320,Test-4,small,0,14,"(0.7, 0.30000000000000004)",1920,1920,0,candidate_budget_reached,240,24.24836420000065,1,1
PPO-Test-4-small-r0-B40320,Test-4,small,0,15,"(0.75, 0.25)",1920,1920,0,candidate_budget_reached,240,24.950478400001884,1,1
PPO-Test-4-small-r0-B40320,Test-4,small,0,16,"(0.8, 0.19999999999999996)",1920,1920,0,candidate_budget_reached,240,25.58270579999953,1,1
PPO-Test-4-small-r0-B40320,Test-4,small,0,17,"(0.85, 0.15000000000000002)",1920,1920,0,candidate_budget_reached,240,24.91592450000462,1,1
PPO-Test-4-small-r0-B40320,Test-4,small,0,18,"(0.9, 0.09999999999999998)",1920,1920,0,candidate_budget_reached,240,24.243896200001473,1,1
PPO-Test-4-small-r0-B40320,Test-4,small,0,19,"(0.95, 0.050000000000000044)",1920,1920,0,candidate_budget_reached,240,25.40389950000099,1,1
PPO-Test-4-small-r0-B40320,Test-4,small,0,20,"(1.0, 0.0)",1920,1920,0,candidate_budget_reached,240,25.180988400010392,1,1
PPO-Test-4-large-r0-B40320,Test-4,large,0,0,"(0.0, 1.0)",1920,1920,0,candidate_budget_reached,240,29.770421000008355,1,1
PPO-Test-4-large-r0-B40320,Test-4,large,0,1,"(0.05, 0.95)",1920,1920,0,candidate_budget_reached,240,30.382463600006304,1,1
PPO-Test-4-large-r0-B40320,Test-4,large,0,2,"(0.1, 0.9)",1920,1920,0,candidate_budget_reached,240,30.196241500001634,1,1
PPO-Test-4-large-r0-B40320,Test-4,large,0,3,"(0.15, 0.85)",1920,1920,0,candidate_budget_reached,240,30.563928100003977,1,1
PPO-Test-4-large-r0-B40320,Test-4,large,0,4,"(0.2, 0.8)",1920,1920,0,candidate_budget_reached,240,29.8915818999958,1,1
PPO-Test-4-large-r0-B40320,Test-4,large,0,5,"(0.25, 0.75)",1920,1920,0,candidate_budget_reached,240,29.72032730000501,1,1
PPO-Test-4-large-r0-B40320,Test-4,large,0,6,"(0.3, 0.7)",1920,1920,0,candidate_budget_reached,240,29.710289199996623,1,1
PPO-Test-4-large-r0-B40320,Test-4,large,0,7,"(0.35, 0.65)",1920,1920,0,candidate_budget_reached,240,29.37076089999755,1,1
PPO-Test-4-large-r0-B40320,Test-4,large,0,8,"(0.4, 0.6)",1920,1920,0,candidate_budget_reached,240,29.58889879999333,1,1
PPO-Test-4-large-r0-B40320,Test-4,large,0,9,"(0.45, 0.55)",1920,1920,0,candidate_budget_reached,240,29.184912199998507,1,1
PPO-Test-4-large-r0-B40320,Test-4,large,0,10,"(0.5, 0.5)",1920,1920,0,candidate_budget_reached,240,29.34533240000019,1,1
PPO-Test-4-large-r0-B40320,Test-4,large,0,11,"(0.55, 0.44999999999999996)",1920,1920,0,candidate_budget_reached,240,29.402113499992993,1,1
PPO-Test-4-large-r0-B40320,Test-4,large,0,12,"(0.6, 0.4)",1920,1920,0,candidate_budget_reached,240,29.03444989999116,1,1
PPO-Test-4-large-r0-B40320,Test-4,large,0,13,"(0.65, 0.35)",1920,1920,0,candidate_budget_reached,240,29.148588299998664,1,1
PPO-Test-4-large-r0-B40320,Test-4,large,0,14,"(0.7, 0.30000000000000004)",1920,1920,0,candidate_budget_reached,240,29.058497700010776,1,1
PPO-Test-4-large-r0-B40320,Test-4,large,0,15,"(0.75, 0.25)",1920,1920,0,candidate_budget_reached,240,28.806887200000347,1,1
PPO-Test-4-large-r0-B40320,Test-4,large,0,16,"(0.8, 0.19999999999999996)",1920,1920,0,candidate_budget_reached,240,28.75123920000624,1,1
PPO-Test-4-large-r0-B40320,Test-4,large,0,17,"(0.85, 0.15000000000000002)",1920,1920,0,candidate_budget_reached,240,29.34484550000343,1,1
PPO-Test-4-large-r0-B40320,Test-4,large,0,18,"(0.9, 0.09999999999999998)",1920,1920,0,candidate_budget_reached,240,27.94117350000306,1,1
PPO-Test-4-large-r0-B40320,Test-4,large,0,19,"(0.95, 0.050000000000000044)",1920,1920,0,candidate_budget_reached,240,28.856548299998394,1,1
PPO-Test-4-large-r0-B40320,Test-4,large,0,20,"(1.0, 0.0)",1920,1920,0,candidate_budget_reached,240,28.39898660000472,1,1
PPO-Test-4-small-r1-B40320,Test-4,small,1,0,"(0.0, 1.0)",1920,1920,0,candidate_budget_reached,240,26.240667799997027,1,1
PPO-Test-4-small-r1-B40320,Test-4,small,1,1,"(0.05, 0.95)",1920,1920,0,candidate_budget_reached,240,28.141022600000724,1,1
PPO-Test-4-small-r1-B40320,Test-4,small,1,2,"(0.1, 0.9)",1920,1920,0,candidate_budget_reached,240,28.29403530000127,1,1
PPO-Test-4-small-r1-B40320,Test-4,small,1,3,"(0.15, 0.85)",1920,1920,0,candidate_budget_reached,240,27.030995499997516,1,1
PPO-Test-4-small-r1-B40320,Test-4,small,1,4,"(0.2, 0.8)",1920,1920,0,candidate_budget_reached,240,25.77633340000466,1,1
PPO-Test-4-small-r1-B40320,Test-4,small,1,5,"(0.25, 0.75)",1920,1920,0,candidate_budget_reached,240,25.839986599996337,1,1
PPO-Test-4-small-r1-B40320,Test-4,small,1,6,"(0.3, 0.7)",1920,1920,0,candidate_budget_reached,240,25.52135769999586,1,1
PPO-Test-4-small-r1-B40320,Test-4,small,1,7,"(0.35, 0.65)",1920,1920,0,candidate_budget_reached,240,24.47865199999069,1,1
PPO-Test-4-small-r1-B40320,Test-4,small,1,8,"(0.4, 0.6)",1920,1920,0,candidate_budget_reached,240,23.95674809999764,1,1
PPO-Test-4-small-r1-B40320,Test-4,small,1,9,"(0.45, 0.55)",1920,1920,0,candidate_budget_reached,240,25.934534700005315,1,1
PPO-Test-4-small-r1-B40320,Test-4,small,1,10,"(0.5, 0.5)",1920,1920,0,candidate_budget_reached,240,25.00195150000218,1,1
PPO-Test-4-small-r1-B40320,Test-4,small,1,11,"(0.55, 0.44999999999999996)",1920,1920,0,candidate_budget_reached,240,25.582082100008847,1,1
PPO-Test-4-small-r1-B40320,Test-4,small,1,12,"(0.6, 0.4)",1920,1920,0,candidate_budget_reached,240,26.18833070000983,1,1
PPO-Test-4-small-r1-B40320,Test-4,small,1,13,"(0.65, 0.35)",1920,1920,0,candidate_budget_reached,240,24.55603570000676,1,1
PPO-Test-4-small-r1-B40320,Test-4,small,1,14,"(0.7, 0.30000000000000004)",1920,1920,0,candidate_budget_reached,240,23.986839399993187,1,1
PPO-Test-4-small-r1-B40320,Test-4,small,1,15,"(0.75, 0.25)",1920,1920,0,candidate_budget_reached,240,25.525031299999682,1,1
PPO-Test-4-small-r1-B40320,Test-4,small,1,16,"(0.8, 0.19999999999999996)",1920,1920,0,candidate_budget_reached,240,24.78906480000296,1,1
PPO-Test-4-small-r1-B40320,Test-4,small,1,17,"(0.85, 0.15000000000000002)",1920,1920,0,candidate_budget_reached,240,25.077701999995043,1,1
PPO-Test-4-small-r1-B40320,Test-4,small,1,18,"(0.9, 0.09999999999999998)",1920,1920,0,candidate_budget_reached,240,24.598861199992825,1,1
PPO-Test-4-small-r1-B40320,Test-4,small,1,19,"(0.95, 0.050000000000000044)",1920,1920,0,candidate_budget_reached,240,26.08799659999204,1,1
PPO-Test-4-small-r1-B40320,Test-4,small,1,20,"(1.0, 0.0)",1920,1920,0,candidate_budget_reached,240,25.091118500000448,1,1
PPO-Test-4-large-r1-B40320,Test-4,large,1,0,"(0.0, 1.0)",1920,1920,0,candidate_budget_reached,240,29.45823869999731,1,1
PPO-Test-4-large-r1-B40320,Test-4,large,1,1,"(0.05, 0.95)",1920,1920,0,candidate_budget_reached,240,30.262028400000418,1,1
PPO-Test-4-large-r1-B40320,Test-4,large,1,2,"(0.1, 0.9)",1920,1920,0,candidate_budget_reached,240,29.693351499998244,1,1
PPO-Test-4-large-r1-B40320,Test-4,large,1,3,"(0.15, 0.85)",1920,1920,0,candidate_budget_reached,240,29.83784399999422,1,1
PPO-Test-4-large-r1-B40320,Test-4,large,1,4,"(0.2, 0.8)",1920,1920,0,candidate_budget_reached,240,29.71183519999613,1,1
PPO-Test-4-large-r1-B40320,Test-4,large,1,5,"(0.25, 0.75)",1920,1920,0,candidate_budget_reached,240,30.109720000007655,1,1
PPO-Test-4-large-r1-B40320,Test-4,large,1,6,"(0.3, 0.7)",1920,1920,0,candidate_budget_reached,240,29.609319800001686,1,1
PPO-Test-4-large-r1-B40320,Test-4,large,1,7,"(0.35, 0.65)",1920,1920,0,candidate_budget_reached,240,29.4186417000019,1,1
PPO-Test-4-large-r1-B40320,Test-4,large,1,8,"(0.4, 0.6)",1920,1920,0,candidate_budget_reached,240,29.520104700000957,1,1
PPO-Test-4-large-r1-B40320,Test-4,large,1,9,"(0.45, 0.55)",1920,1920,0,candidate_budget_reached,240,29.235051900002873,1,1
PPO-Test-4-large-r1-B40320,Test-4,large,1,10,"(0.5, 0.5)",1920,1920,0,candidate_budget_reached,240,28.906752299997606,1,1
PPO-Test-4-large-r1-B40320,Test-4,large,1,11,"(0.55, 0.44999999999999996)",1920,1920,0,candidate_budget_reached,240,28.847335799990105,1,1
PPO-Test-4-large-r1-B40320,Test-4,large,1,12,"(0.6, 0.4)",1920,1920,0,candidate_budget_reached,240,28.484290899999905,1,1
PPO-Test-4-large-r1-B40320,Test-4,large,1,13,"(0.65, 0.35)",1920,1920,0,candidate_budget_reached,240,28.820091999994474,1,1
PPO-Test-4-large-r1-B40320,Test-4,large,1,14,"(0.7, 0.30000000000000004)",1920,1920,0,candidate_budget_reached,240,28.422321500009275,1,1
PPO-Test-4-large-r1-B40320,Test-4,large,1,15,"(0.75, 0.25)",1920,1920,0,candidate_budget_reached,240,28.83742359999451,1,1
PPO-Test-4-large-r1-B40320,Test-4,large,1,16,"(0.8, 0.19999999999999996)",1920,1920,0,candidate_budget_reached,240,28.66902700001083,1,1
PPO-Test-4-large-r1-B40320,Test-4,large,1,17,"(0.85, 0.15000000000000002)",1920,1920,0,candidate_budget_reached,240,28.670000600002822,1,1
PPO-Test-4-large-r1-B40320,Test-4,large,1,18,"(0.9, 0.09999999999999998)",1920,1920,0,candidate_budget_reached,240,28.564036900002975,1,1
PPO-Test-4-large-r1-B40320,Test-4,large,1,19,"(0.95, 0.050000000000000044)",1920,1920,0,candidate_budget_reached,240,28.696371199999703,1,1
PPO-Test-4-large-r1-B40320,Test-4,large,1,20,"(1.0, 0.0)",1920,1920,0,candidate_budget_reached,240,28.340087399992626,1,1
PPO-Test-4-small-r2-B40320,Test-4,small,2,0,"(0.0, 1.0)",1920,1920,0,candidate_budget_reached,240,26.96618399998988,1,1
PPO-Test-4-small-r2-B40320,Test-4,small,2,1,"(0.05, 0.95)",1920,1920,0,candidate_budget_reached,240,27.316779200002202,1,1
PPO-Test-4-small-r2-B40320,Test-4,small,2,2,"(0.1, 0.9)",1920,1920,0,candidate_budget_reached,240,25.56605419999687,1,1
PPO-Test-4-small-r2-B40320,Test-4,small,2,3,"(0.15, 0.85)",1920,1920,0,candidate_budget_reached,240,25.95360179999261,1,1
PPO-Test-4-small-r2-B40320,Test-4,small,2,4,"(0.2, 0.8)",1920,1920,0,candidate_budget_reached,240,26.06029700000363,1,1
PPO-Test-4-small-r2-B40320,Test-4,small,2,5,"(0.25, 0.75)",1920,1920,0,candidate_budget_reached,240,24.672112000000197,1,1
PPO-Test-4-small-r2-B40320,Test-4,small,2,6,"(0.3, 0.7)",1920,1920,0,candidate_budget_reached,240,24.87314549999428,1,1
PPO-Test-4-small-r2-B40320,Test-4,small,2,7,"(0.35, 0.65)",1920,1920,0,candidate_budget_reached,240,24.809711299996707,1,1
PPO-Test-4-small-r2-B40320,Test-4,small,2,8,"(0.4, 0.6)",1920,1920,0,candidate_budget_reached,240,26.220316799997818,1,1
PPO-Test-4-small-r2-B40320,Test-4,small,2,9,"(0.45, 0.55)",1920,1920,0,candidate_budget_reached,240,26.088870699997642,1,1
PPO-Test-4-small-r2-B40320,Test-4,small,2,10,"(0.5, 0.5)",1920,1920,0,candidate_budget_reached,240,24.0361658000038,1,1
PPO-Test-4-small-r2-B40320,Test-4,small,2,11,"(0.55, 0.44999999999999996)",1920,1920,0,candidate_budget_reached,240,24.59216890000971,1,1
PPO-Test-4-small-r2-B40320,Test-4,small,2,12,"(0.6, 0.4)",1920,1920,0,candidate_budget_reached,240,23.793481899992912,1,1
PPO-Test-4-small-r2-B40320,Test-4,small,2,13,"(0.65, 0.35)",1920,1920,0,candidate_budget_reached,240,23.657886900007725,1,1
PPO-Test-4-small-r2-B40320,Test-4,small,2,14,"(0.7, 0.30000000000000004)",1920,1920,0,candidate_budget_reached,240,25.674335599993356,1,1
PPO-Test-4-small-r2-B40320,Test-4,small,2,15,"(0.75, 0.25)",1920,1920,0,candidate_budget_reached,240,24.6819370000012,1,1
PPO-Test-4-small-r2-B40320,Test-4,small,2,16,"(0.8, 0.19999999999999996)",1920,1920,0,candidate_budget_reached,240,25.09194570001273,1,1
PPO-Test-4-small-r2-B40320,Test-4,small,2,17,"(0.85, 0.15000000000000002)",1920,1920,0,candidate_budget_reached,240,25.383526100005838,1,1
PPO-Test-4-small-r2-B40320,Test-4,small,2,18,"(0.9, 0.09999999999999998)",1920,1920,0,candidate_budget_reached,240,24.778630099986913,1,1
PPO-Test-4-small-r2-B40320,Test-4,small,2,19,"(0.95, 0.050000000000000044)",1920,1920,0,candidate_budget_reached,240,25.24821219999285,1,1
PPO-Test-4-small-r2-B40320,Test-4,small,2,20,"(1.0, 0.0)",1920,1920,0,candidate_budget_reached,240,25.470688800007338,1,1
PPO-Test-4-large-r2-B40320,Test-4,large,2,0,"(0.0, 1.0)",1920,1920,0,candidate_budget_reached,240,30.158447999987402,1,1
PPO-Test-4-large-r2-B40320,Test-4,large,2,1,"(0.05, 0.95)",1920,1920,0,candidate_budget_reached,240,30.118003399998997,1,1
PPO-Test-4-large-r2-B40320,Test-4,large,2,2,"(0.1, 0.9)",1920,1920,0,candidate_budget_reached,240,30.74043819999497,1,1
PPO-Test-4-large-r2-B40320,Test-4,large,2,3,"(0.15, 0.85)",1920,1920,0,candidate_budget_reached,240,29.655911499998183,1,1
PPO-Test-4-large-r2-B40320,Test-4,large,2,4,"(0.2, 0.8)",1920,1920,0,candidate_budget_reached,240,30.19580909999786,1,1
PPO-Test-4-large-r2-B40320,Test-4,large,2,5,"(0.25, 0.75)",1920,1920,0,candidate_budget_reached,240,29.689710000006016,1,1
PPO-Test-4-large-r2-B40320,Test-4,large,2,6,"(0.3, 0.7)",1920,1920,0,candidate_budget_reached,240,29.389941200002795,1,1
PPO-Test-4-large-r2-B40320,Test-4,large,2,7,"(0.35, 0.65)",1920,1920,0,candidate_budget_reached,240,28.958250900002895,1,1
PPO-Test-4-large-r2-B40320,Test-4,large,2,8,"(0.4, 0.6)",1920,1920,0,candidate_budget_reached,240,28.930637500001467,1,1
PPO-Test-4-large-r2-B40320,Test-4,large,2,9,"(0.45, 0.55)",1920,1920,0,candidate_budget_reached,240,29.130093100000522,1,1
PPO-Test-4-large-r2-B40320,Test-4,large,2,10,"(0.5, 0.5)",1920,1920,0,candidate_budget_reached,240,29.192622300004587,1,1
PPO-Test-4-large-r2-B40320,Test-4,large,2,11,"(0.55, 0.44999999999999996)",1920,1920,0,candidate_budget_reached,240,29.573596499991254,1,1
PPO-Test-4-large-r2-B40320,Test-4,large,2,12,"(0.6, 0.4)",1920,1920,0,candidate_budget_reached,240,29.49873619999562,1,1
PPO-Test-4-large-r2-B40320,Test-4,large,2,13,"(0.65, 0.35)",1920,1920,0,candidate_budget_reached,240,29.05349330000172,1,1
PPO-Test-4-large-r2-B40320,Test-4,large,2,14,"(0.7, 0.30000000000000004)",1920,1920,0,candidate_budget_reached,240,28.846566199994413,1,1
PPO-Test-4-large-r2-B40320,Test-4,large,2,15,"(0.75, 0.25)",1920,1920,0,candidate_budget_reached,240,29.202396699998644,1,1
PPO-Test-4-large-r2-B40320,Test-4,large,2,16,"(0.8, 0.19999999999999996)",1920,1920,0,candidate_budget_reached,240,28.687590700006695,1,1
PPO-Test-4-large-r2-B40320,Test-4,large,2,17,"(0.85, 0.15000000000000002)",1920,1920,0,candidate_budget_reached,240,28.249537800002145,1,1
PPO-Test-4-large-r2-B40320,Test-4,large,2,18,"(0.9, 0.09999999999999998)",1920,1920,0,candidate_budget_reached,240,28.467435699989437,1,1
PPO-Test-4-large-r2-B40320,Test-4,large,2,19,"(0.95, 0.050000000000000044)",1920,1920,0,candidate_budget_reached,240,28.9427233000024,1,1
PPO-Test-4-large-r2-B40320,Test-4,large,2,20,"(1.0, 0.0)",1920,1920,0,candidate_budget_reached,240,28.57745879999129,1,1
PPO-capacity-70-large-r0-B40320,capacity-70,large,0,0,"(0.0, 1.0)",1920,1920,0,candidate_budget_reached,240,29.320858300008695,1,1
PPO-capacity-70-large-r0-B40320,capacity-70,large,0,1,"(0.05, 0.95)",1920,1920,0,candidate_budget_reached,240,29.578685000000405,1,1
PPO-capacity-70-large-r0-B40320,capacity-70,large,0,2,"(0.1, 0.9)",1920,1920,0,candidate_budget_reached,240,29.766360599998734,1,1
PPO-capacity-70-large-r0-B40320,capacity-70,large,0,3,"(0.15, 0.85)",1920,1920,0,candidate_budget_reached,240,30.198667199991178,1,1
PPO-capacity-70-large-r0-B40320,capacity-70,large,0,4,"(0.2, 0.8)",1920,1920,0,candidate_budget_reached,240,29.425132399992435,1,1
PPO-capacity-70-large-r0-B40320,capacity-70,large,0,5,"(0.25, 0.75)",1920,1920,0,candidate_budget_reached,240,29.562360399999307,1,1
PPO-capacity-70-large-r0-B40320,capacity-70,large,0,6,"(0.3, 0.7)",1920,1920,0,candidate_budget_reached,240,29.595084500004305,1,1
PPO-capacity-70-large-r0-B40320,capacity-70,large,0,7,"(0.35, 0.65)",1920,1920,0,candidate_budget_reached,240,29.728430600007414,1,1
PPO-capacity-70-large-r0-B40320,capacity-70,large,0,8,"(0.4, 0.6)",1920,1920,0,candidate_budget_reached,240,29.91335020000406,1,1
PPO-capacity-70-large-r0-B40320,capacity-70,large,0,9,"(0.45, 0.55)",1920,1920,0,candidate_budget_reached,240,29.165999800010468,1,1
PPO-capacity-70-large-r0-B40320,capacity-70,large,0,10,"(0.5, 0.5)",1920,1920,0,candidate_budget_reached,240,29.409577200000058,1,1
PPO-capacity-70-large-r0-B40320,capacity-70,large,0,11,"(0.55, 0.44999999999999996)",1920,1920,0,candidate_budget_reached,240,29.68378959999245,1,1
PPO-capacity-70-large-r0-B40320,capacity-70,large,0,12,"(0.6, 0.4)",1920,1920,0,candidate_budget_reached,240,29.100376300004427,1,1
PPO-capacity-70-large-r0-B40320,capacity-70,large,0,13,"(0.65, 0.35)",1920,1920,0,candidate_budget_reached,240,29.129095600001165,1,1
PPO-capacity-70-large-r0-B40320,capacity-70,large,0,14,"(0.7, 0.30000000000000004)",1920,1920,0,candidate_budget_reached,240,28.950597699993523,1,1
PPO-capacity-70-large-r0-B40320,capacity-70,large,0,15,"(0.75, 0.25)",1920,1920,0,candidate_budget_reached,240,29.223697399997036,1,1
PPO-capacity-70-large-r0-B40320,capacity-70,large,0,16,"(0.8, 0.19999999999999996)",1920,1920,0,candidate_budget_reached,240,29.25121400000353,1,1
PPO-capacity-70-large-r0-B40320,capacity-70,large,0,17,"(0.85, 0.15000000000000002)",1920,1920,0,candidate_budget_reached,240,28.84894660000282,1,1
PPO-capacity-70-large-r0-B40320,capacity-70,large,0,18,"(0.9, 0.09999999999999998)",1920,1920,0,candidate_budget_reached,240,28.72754249999707,1,1
PPO-capacity-70-large-r0-B40320,capacity-70,large,0,19,"(0.95, 0.050000000000000044)",1920,1920,0,candidate_budget_reached,240,29.007241900006193,1,1
PPO-capacity-70-large-r0-B40320,capacity-70,large,0,20,"(1.0, 0.0)",1920,1920,0,candidate_budget_reached,240,29.181039800008875,1,1
PPO-capacity-70-large-r1-B40320,capacity-70,large,1,0,"(0.0, 1.0)",1920,1920,0,candidate_budget_reached,240,28.837497900007293,1,1
PPO-capacity-70-large-r1-B40320,capacity-70,large,1,1,"(0.05, 0.95)",1920,1920,0,candidate_budget_reached,240,30.03635189999477,1,1
PPO-capacity-70-large-r1-B40320,capacity-70,large,1,2,"(0.1, 0.9)",1920,1920,0,candidate_budget_reached,240,29.38083710000501,1,1
PPO-capacity-70-large-r1-B40320,capacity-70,large,1,3,"(0.15, 0.85)",1920,1920,0,candidate_budget_reached,240,29.808090899998206,1,1
PPO-capacity-70-large-r1-B40320,capacity-70,large,1,4,"(0.2, 0.8)",1920,1920,0,candidate_budget_reached,240,29.531343199996627,1,1
PPO-capacity-70-large-r1-B40320,capacity-70,large,1,5,"(0.25, 0.75)",1920,1920,0,candidate_budget_reached,240,29.803339300007792,1,1
PPO-capacity-70-large-r1-B40320,capacity-70,large,1,6,"(0.3, 0.7)",1920,1920,0,candidate_budget_reached,240,29.53321589999541,1,1
PPO-capacity-70-large-r1-B40320,capacity-70,large,1,7,"(0.35, 0.65)",1920,1920,0,candidate_budget_reached,240,29.662707200011937,1,1
PPO-capacity-70-large-r1-B40320,capacity-70,large,1,8,"(0.4, 0.6)",1920,1920,0,candidate_budget_reached,240,29.438199000011082,1,1
PPO-capacity-70-large-r1-B40320,capacity-70,large,1,9,"(0.45, 0.55)",1920,1920,0,candidate_budget_reached,240,29.954123100003926,1,1
PPO-capacity-70-large-r1-B40320,capacity-70,large,1,10,"(0.5, 0.5)",1920,1920,0,candidate_budget_reached,240,28.813063199995668,1,1
PPO-capacity-70-large-r1-B40320,capacity-70,large,1,11,"(0.55, 0.44999999999999996)",1920,1920,0,candidate_budget_reached,240,29.275020499990205,1,1
PPO-capacity-70-large-r1-B40320,capacity-70,large,1,12,"(0.6, 0.4)",1920,1920,0,candidate_budget_reached,240,29.568487399999867,1,1
PPO-capacity-70-large-r1-B40320,capacity-70,large,1,13,"(0.65, 0.35)",1920,1920,0,candidate_budget_reached,240,29.23567749999347,1,1
PPO-capacity-70-large-r1-B40320,capacity-70,large,1,14,"(0.7, 0.30000000000000004)",1920,1920,0,candidate_budget_reached,240,28.847397200006526,1,1
PPO-capacity-70-large-r1-B40320,capacity-70,large,1,15,"(0.75, 0.25)",1920,1920,0,candidate_budget_reached,240,28.72613920000731,1,1
PPO-capacity-70-large-r1-B40320,capacity-70,large,1,16,"(0.8, 0.19999999999999996)",1920,1920,0,candidate_budget_reached,240,29.038679599994794,1,1
PPO-capacity-70-large-r1-B40320,capacity-70,large,1,17,"(0.85, 0.15000000000000002)",1920,1920,0,candidate_budget_reached,240,29.454381500007003,1,1
PPO-capacity-70-large-r1-B40320,capacity-70,large,1,18,"(0.9, 0.09999999999999998)",1920,1920,0,candidate_budget_reached,240,28.725172800011933,1,1
PPO-capacity-70-large-r1-B40320,capacity-70,large,1,19,"(0.95, 0.050000000000000044)",1920,1920,0,candidate_budget_reached,240,28.589254099992104,1,1
PPO-capacity-70-large-r1-B40320,capacity-70,large,1,20,"(1.0, 0.0)",1920,1920,0,candidate_budget_reached,240,29.146629399998346,1,1
PPO-capacity-70-large-r2-B40320,capacity-70,large,2,0,"(0.0, 1.0)",1920,1920,0,candidate_budget_reached,240,30.193413100001635,1,1
PPO-capacity-70-large-r2-B40320,capacity-70,large,2,1,"(0.05, 0.95)",1920,1920,0,candidate_budget_reached,240,29.989561199996388,1,1
PPO-capacity-70-large-r2-B40320,capacity-70,large,2,2,"(0.1, 0.9)",1920,1920,0,candidate_budget_reached,240,29.662110200006282,1,1
PPO-capacity-70-large-r2-B40320,capacity-70,large,2,3,"(0.15, 0.85)",1920,1920,0,candidate_budget_reached,240,29.798923399997875,1,1
PPO-capacity-70-large-r2-B40320,capacity-70,large,2,4,"(0.2, 0.8)",1920,1920,0,candidate_budget_reached,240,29.554233099988778,1,1
PPO-capacity-70-large-r2-B40320,capacity-70,large,2,5,"(0.25, 0.75)",1920,1920,0,candidate_budget_reached,240,29.573414099999354,1,1
PPO-capacity-70-large-r2-B40320,capacity-70,large,2,6,"(0.3, 0.7)",1920,1920,0,candidate_budget_reached,240,30.438636899998528,1,1
PPO-capacity-70-large-r2-B40320,capacity-70,large,2,7,"(0.35, 0.65)",1920,1920,0,candidate_budget_reached,240,29.29516349999176,1,1
PPO-capacity-70-large-r2-B40320,capacity-70,large,2,8,"(0.4, 0.6)",1920,1920,0,candidate_budget_reached,240,29.12125749999541,1,1
PPO-capacity-70-large-r2-B40320,capacity-70,large,2,9,"(0.45, 0.55)",1920,1920,0,candidate_budget_reached,240,30.044719700003043,1,1
PPO-capacity-70-large-r2-B40320,capacity-70,large,2,10,"(0.5, 0.5)",1920,1920,0,candidate_budget_reached,240,29.75432729999011,1,1
PPO-capacity-70-large-r2-B40320,capacity-70,large,2,11,"(0.55, 0.44999999999999996)",1920,1920,0,candidate_budget_reached,240,29.39546079999127,1,1
PPO-capacity-70-large-r2-B40320,capacity-70,large,2,12,"(0.6, 0.4)",1920,1920,0,candidate_budget_reached,240,29.21853430000192,1,1
PPO-capacity-70-large-r2-B40320,capacity-70,large,2,13,"(0.65, 0.35)",1920,1920,0,candidate_budget_reached,240,29.087035699994885,1,1
PPO-capacity-70-large-r2-B40320,capacity-70,large,2,14,"(0.7, 0.30000000000000004)",1920,1920,0,candidate_budget_reached,240,29.39859230000002,1,1
PPO-capacity-70-large-r2-B40320,capacity-70,large,2,15,"(0.75, 0.25)",1920,1920,0,candidate_budget_reached,240,29.031751699993038,1,1
PPO-capacity-70-large-r2-B40320,capacity-70,large,2,16,"(0.8, 0.19999999999999996)",1920,1920,0,candidate_budget_reached,240,28.679680600005668,1,1
PPO-capacity-70-large-r2-B40320,capacity-70,large,2,17,"(0.85, 0.15000000000000002)",1920,1920,0,candidate_budget_reached,240,28.7417967000074,1,1
PPO-capacity-70-large-r2-B40320,capacity-70,large,2,18,"(0.9, 0.09999999999999998)",1920,1920,0,candidate_budget_reached,240,28.895577400006005,1,1
PPO-capacity-70-large-r2-B40320,capacity-70,large,2,19,"(0.95, 0.050000000000000044)",1920,1920,0,candidate_budget_reached,240,29.536645800006227,1,1
PPO-capacity-70-large-r2-B40320,capacity-70,large,2,20,"(1.0, 0.0)",1920,1920,0,candidate_budget_reached,240,29.096091200000956,1,1
PPO-capacity-80-large-r0-B40320,capacity-80,large,0,0,"(0.0, 1.0)",1920,1920,0,candidate_budget_reached,240,29.85611130000325,1,1
PPO-capacity-80-large-r0-B40320,capacity-80,large,0,1,"(0.05, 0.95)",1920,1920,0,candidate_budget_reached,240,29.92952520000108,1,1
PPO-capacity-80-large-r0-B40320,capacity-80,large,0,2,"(0.1, 0.9)",1920,1920,0,candidate_budget_reached,240,30.007245900007547,1,1
PPO-capacity-80-large-r0-B40320,capacity-80,large,0,3,"(0.15, 0.85)",1920,1920,0,candidate_budget_reached,240,30.280908699991414,1,1
PPO-capacity-80-large-r0-B40320,capacity-80,large,0,4,"(0.2, 0.8)",1920,1920,0,candidate_budget_reached,240,29.97623040000326,1,1
PPO-capacity-80-large-r0-B40320,capacity-80,large,0,5,"(0.25, 0.75)",1920,1920,0,candidate_budget_reached,240,30.3027291999897,1,1
PPO-capacity-80-large-r0-B40320,capacity-80,large,0,6,"(0.3, 0.7)",1920,1920,0,candidate_budget_reached,240,29.79466699999466,1,1
PPO-capacity-80-large-r0-B40320,capacity-80,large,0,7,"(0.35, 0.65)",1920,1920,0,candidate_budget_reached,240,36.33383310001227,1,1
PPO-capacity-80-large-r0-B40320,capacity-80,large,0,8,"(0.4, 0.6)",1920,1920,0,candidate_budget_reached,240,46.15539960000024,1,1
PPO-capacity-80-large-r0-B40320,capacity-80,large,0,9,"(0.45, 0.55)",1920,1920,0,candidate_budget_reached,240,45.768531699999585,1,1
PPO-capacity-80-large-r0-B40320,capacity-80,large,0,10,"(0.5, 0.5)",1920,1920,0,candidate_budget_reached,240,46.14198069999111,1,1
PPO-capacity-80-large-r0-B40320,capacity-80,large,0,11,"(0.55, 0.44999999999999996)",1920,1920,0,candidate_budget_reached,240,46.75880870000401,1,1
PPO-capacity-80-large-r0-B40320,capacity-80,large,0,12,"(0.6, 0.4)",1920,1920,0,candidate_budget_reached,240,46.53038320000633,1,1
PPO-capacity-80-large-r0-B40320,capacity-80,large,0,13,"(0.65, 0.35)",1920,1920,0,candidate_budget_reached,240,47.06770770000003,1,1
PPO-capacity-80-large-r0-B40320,capacity-80,large,0,14,"(0.7, 0.30000000000000004)",1920,1920,0,candidate_budget_reached,240,45.797227400005795,1,1
PPO-capacity-80-large-r0-B40320,capacity-80,large,0,15,"(0.75, 0.25)",1920,1920,0,candidate_budget_reached,240,45.90877680000267,1,1
PPO-capacity-80-large-r0-B40320,capacity-80,large,0,16,"(0.8, 0.19999999999999996)",1920,1920,0,candidate_budget_reached,240,44.13580920000095,1,1
PPO-capacity-80-large-r0-B40320,capacity-80,large,0,17,"(0.85, 0.15000000000000002)",1920,1920,0,candidate_budget_reached,240,46.75178589999268,1,1
PPO-capacity-80-large-r0-B40320,capacity-80,large,0,18,"(0.9, 0.09999999999999998)",1920,1920,0,candidate_budget_reached,240,42.36127530000522,1,1
PPO-capacity-80-large-r0-B40320,capacity-80,large,0,19,"(0.95, 0.050000000000000044)",1920,1920,0,candidate_budget_reached,240,40.7375316000107,1,1
PPO-capacity-80-large-r0-B40320,capacity-80,large,0,20,"(1.0, 0.0)",1920,1920,0,candidate_budget_reached,240,41.28839440000593,1,1
PPO-capacity-80-large-r1-B40320,capacity-80,large,1,0,"(0.0, 1.0)",1920,1920,0,candidate_budget_reached,240,29.540311999997357,1,1
PPO-capacity-80-large-r1-B40320,capacity-80,large,1,1,"(0.05, 0.95)",1920,1920,0,candidate_budget_reached,240,30.571115099999588,1,1
PPO-capacity-80-large-r1-B40320,capacity-80,large,1,2,"(0.1, 0.9)",1920,1920,0,candidate_budget_reached,240,29.947606400004588,1,1
PPO-capacity-80-large-r1-B40320,capacity-80,large,1,3,"(0.15, 0.85)",1920,1920,0,candidate_budget_reached,240,30.46527299999434,1,1
PPO-capacity-80-large-r1-B40320,capacity-80,large,1,4,"(0.2, 0.8)",1920,1920,0,candidate_budget_reached,240,30.375902900006622,1,1
PPO-capacity-80-large-r1-B40320,capacity-80,large,1,5,"(0.25, 0.75)",1920,1920,0,candidate_budget_reached,240,40.83659730000363,1,1
PPO-capacity-80-large-r1-B40320,capacity-80,large,1,6,"(0.3, 0.7)",1920,1920,0,candidate_budget_reached,240,47.7654130999872,1,1
PPO-capacity-80-large-r1-B40320,capacity-80,large,1,7,"(0.35, 0.65)",1920,1920,0,candidate_budget_reached,240,45.40064230001008,1,1
PPO-capacity-80-large-r1-B40320,capacity-80,large,1,8,"(0.4, 0.6)",1920,1920,0,candidate_budget_reached,240,46.02146970000467,1,1
PPO-capacity-80-large-r1-B40320,capacity-80,large,1,9,"(0.45, 0.55)",1920,1920,0,candidate_budget_reached,240,47.76009470000281,1,1
PPO-capacity-80-large-r1-B40320,capacity-80,large,1,10,"(0.5, 0.5)",1920,1920,0,candidate_budget_reached,240,47.16366459999699,1,1
PPO-capacity-80-large-r1-B40320,capacity-80,large,1,11,"(0.55, 0.44999999999999996)",1920,1920,0,candidate_budget_reached,240,47.36908860001131,1,1
PPO-capacity-80-large-r1-B40320,capacity-80,large,1,12,"(0.6, 0.4)",1920,1920,0,candidate_budget_reached,240,46.33642530000361,1,1
PPO-capacity-80-large-r1-B40320,capacity-80,large,1,13,"(0.65, 0.35)",1920,1920,0,candidate_budget_reached,240,43.50173589999031,1,1
PPO-capacity-80-large-r1-B40320,capacity-80,large,1,14,"(0.7, 0.30000000000000004)",1920,1920,0,candidate_budget_reached,240,42.93289619999996,1,1
PPO-capacity-80-large-r1-B40320,capacity-80,large,1,15,"(0.75, 0.25)",1920,1920,0,candidate_budget_reached,240,45.643840199991246,1,1
PPO-capacity-80-large-r1-B40320,capacity-80,large,1,16,"(0.8, 0.19999999999999996)",1920,1920,0,candidate_budget_reached,240,43.73658350000915,1,1
PPO-capacity-80-large-r1-B40320,capacity-80,large,1,17,"(0.85, 0.15000000000000002)",1920,1920,0,candidate_budget_reached,240,39.774637299997266,1,1
PPO-capacity-80-large-r1-B40320,capacity-80,large,1,18,"(0.9, 0.09999999999999998)",1920,1920,0,candidate_budget_reached,240,39.700562900005025,1,1
PPO-capacity-80-large-r1-B40320,capacity-80,large,1,19,"(0.95, 0.050000000000000044)",1920,1920,0,candidate_budget_reached,240,39.619209800002864,1,1
PPO-capacity-80-large-r1-B40320,capacity-80,large,1,20,"(1.0, 0.0)",1920,1920,0,candidate_budget_reached,240,40.48909659999481,1,1
PPO-capacity-80-large-r2-B40320,capacity-80,large,2,0,"(0.0, 1.0)",1920,1920,0,candidate_budget_reached,240,30.70498400001088,1,1
PPO-capacity-80-large-r2-B40320,capacity-80,large,2,1,"(0.05, 0.95)",1920,1920,0,candidate_budget_reached,240,30.233012099997723,1,1
PPO-capacity-80-large-r2-B40320,capacity-80,large,2,2,"(0.1, 0.9)",1920,1920,0,candidate_budget_reached,240,41.821778199999244,1,1
PPO-capacity-80-large-r2-B40320,capacity-80,large,2,3,"(0.15, 0.85)",1920,1920,0,candidate_budget_reached,240,45.81450950000726,1,1
PPO-capacity-80-large-r2-B40320,capacity-80,large,2,4,"(0.2, 0.8)",1920,1920,0,candidate_budget_reached,240,45.771397999997134,1,1
PPO-capacity-80-large-r2-B40320,capacity-80,large,2,5,"(0.25, 0.75)",1920,1920,0,candidate_budget_reached,240,46.24202739998873,1,1
PPO-capacity-80-large-r2-B40320,capacity-80,large,2,6,"(0.3, 0.7)",1920,1920,0,candidate_budget_reached,240,47.27435219999461,1,1
PPO-capacity-80-large-r2-B40320,capacity-80,large,2,7,"(0.35, 0.65)",1920,1920,0,candidate_budget_reached,240,44.94812489999458,1,1
PPO-capacity-80-large-r2-B40320,capacity-80,large,2,8,"(0.4, 0.6)",1920,1920,0,candidate_budget_reached,240,44.17176539999491,1,1
PPO-capacity-80-large-r2-B40320,capacity-80,large,2,9,"(0.45, 0.55)",1920,1920,0,candidate_budget_reached,240,46.53465230000438,1,1
PPO-capacity-80-large-r2-B40320,capacity-80,large,2,10,"(0.5, 0.5)",1920,1920,0,candidate_budget_reached,240,46.34012740000617,1,1
PPO-capacity-80-large-r2-B40320,capacity-80,large,2,11,"(0.55, 0.44999999999999996)",1920,1920,0,candidate_budget_reached,240,44.5115594999952,1,1
PPO-capacity-80-large-r2-B40320,capacity-80,large,2,12,"(0.6, 0.4)",1920,1920,0,candidate_budget_reached,240,46.7406983999972,1,1
PPO-capacity-80-large-r2-B40320,capacity-80,large,2,13,"(0.65, 0.35)",1920,1920,0,candidate_budget_reached,240,43.68889250000939,1,1
PPO-capacity-80-large-r2-B40320,capacity-80,large,2,14,"(0.7, 0.30000000000000004)",1920,1920,0,candidate_budget_reached,240,40.70398930000374,1,1
PPO-capacity-80-large-r2-B40320,capacity-80,large,2,15,"(0.75, 0.25)",1920,1920,0,candidate_budget_reached,240,39.98593979999714,1,1
PPO-capacity-80-large-r2-B40320,capacity-80,large,2,16,"(0.8, 0.19999999999999996)",1920,1920,0,candidate_budget_reached,240,39.58918909999193,1,1
PPO-capacity-80-large-r2-B40320,capacity-80,large,2,17,"(0.85, 0.15000000000000002)",1920,1920,0,candidate_budget_reached,240,41.402237400005106,1,1
PPO-capacity-80-large-r2-B40320,capacity-80,large,2,18,"(0.9, 0.09999999999999998)",1920,1920,0,candidate_budget_reached,240,40.39412500000617,1,1
PPO-capacity-80-large-r2-B40320,capacity-80,large,2,19,"(0.95, 0.050000000000000044)",1920,1920,0,candidate_budget_reached,240,40.19896229999722,1,1
PPO-capacity-80-large-r2-B40320,capacity-80,large,2,20,"(1.0, 0.0)",1920,1920,0,candidate_budget_reached,240,40.99153670000669,1,1
PPO-capacity-120-large-r0-B40320,capacity-120,large,0,0,"(0.0, 1.0)",1920,1920,0,candidate_budget_reached,240,41.19400150000001,1,1
PPO-capacity-120-large-r0-B40320,capacity-120,large,0,1,"(0.05, 0.95)",1920,1920,0,candidate_budget_reached,240,41.47052149999945,1,1
PPO-capacity-120-large-r0-B40320,capacity-120,large,0,2,"(0.1, 0.9)",1920,1920,0,candidate_budget_reached,240,40.87818269999116,1,1
PPO-capacity-120-large-r0-B40320,capacity-120,large,0,3,"(0.15, 0.85)",1920,1920,0,candidate_budget_reached,240,42.282982699995046,1,1
PPO-capacity-120-large-r0-B40320,capacity-120,large,0,4,"(0.2, 0.8)",1920,1920,0,candidate_budget_reached,240,41.31706310001027,1,1
PPO-capacity-120-large-r0-B40320,capacity-120,large,0,5,"(0.25, 0.75)",1920,1920,0,candidate_budget_reached,240,41.29654140000639,1,1
PPO-capacity-120-large-r0-B40320,capacity-120,large,0,6,"(0.3, 0.7)",1920,1920,0,candidate_budget_reached,240,38.762486399995396,1,1
PPO-capacity-120-large-r0-B40320,capacity-120,large,0,7,"(0.35, 0.65)",1920,1920,0,candidate_budget_reached,240,29.149879300006432,1,1
PPO-capacity-120-large-r0-B40320,capacity-120,large,0,8,"(0.4, 0.6)",1920,1920,0,candidate_budget_reached,240,28.982354899999336,1,1
PPO-capacity-120-large-r0-B40320,capacity-120,large,0,9,"(0.45, 0.55)",1920,1920,0,candidate_budget_reached,240,28.9991452999966,1,1
PPO-capacity-120-large-r0-B40320,capacity-120,large,0,10,"(0.5, 0.5)",1920,1920,0,candidate_budget_reached,240,28.61158150000847,1,1
PPO-capacity-120-large-r0-B40320,capacity-120,large,0,11,"(0.55, 0.44999999999999996)",1920,1920,0,candidate_budget_reached,240,28.695510899997316,1,1
PPO-capacity-120-large-r0-B40320,capacity-120,large,0,12,"(0.6, 0.4)",1920,1920,0,candidate_budget_reached,240,28.54465429999982,1,1
PPO-capacity-120-large-r0-B40320,capacity-120,large,0,13,"(0.65, 0.35)",1920,1920,0,candidate_budget_reached,240,28.23815079999622,1,1
PPO-capacity-120-large-r0-B40320,capacity-120,large,0,14,"(0.7, 0.30000000000000004)",1920,1920,0,candidate_budget_reached,240,28.169362600005115,1,1
PPO-capacity-120-large-r0-B40320,capacity-120,large,0,15,"(0.75, 0.25)",1920,1920,0,candidate_budget_reached,240,28.2227317999932,1,1
PPO-capacity-120-large-r0-B40320,capacity-120,large,0,16,"(0.8, 0.19999999999999996)",1920,1920,0,candidate_budget_reached,240,28.107012199994642,1,1
PPO-capacity-120-large-r0-B40320,capacity-120,large,0,17,"(0.85, 0.15000000000000002)",1920,1920,0,candidate_budget_reached,240,28.510599100001855,1,1
PPO-capacity-120-large-r0-B40320,capacity-120,large,0,18,"(0.9, 0.09999999999999998)",1920,1920,0,candidate_budget_reached,240,27.778651400003582,1,1
PPO-capacity-120-large-r0-B40320,capacity-120,large,0,19,"(0.95, 0.050000000000000044)",1920,1920,0,candidate_budget_reached,240,28.192333300001337,1,1
PPO-capacity-120-large-r0-B40320,capacity-120,large,0,20,"(1.0, 0.0)",1920,1920,0,candidate_budget_reached,240,28.317085799993947,1,1
PPO-capacity-120-large-r1-B40320,capacity-120,large,1,0,"(0.0, 1.0)",1920,1920,0,candidate_budget_reached,240,40.13409709998814,1,1
PPO-capacity-120-large-r1-B40320,capacity-120,large,1,1,"(0.05, 0.95)",1920,1920,0,candidate_budget_reached,240,41.08107800000289,1,1
PPO-capacity-120-large-r1-B40320,capacity-120,large,1,2,"(0.1, 0.9)",1920,1920,0,candidate_budget_reached,240,40.84532940000645,1,1
PPO-capacity-120-large-r1-B40320,capacity-120,large,1,3,"(0.15, 0.85)",1920,1920,0,candidate_budget_reached,240,41.07324620000145,1,1
PPO-capacity-120-large-r1-B40320,capacity-120,large,1,4,"(0.2, 0.8)",1920,1920,0,candidate_budget_reached,240,36.72020950001024,1,1
PPO-capacity-120-large-r1-B40320,capacity-120,large,1,5,"(0.25, 0.75)",1920,1920,0,candidate_budget_reached,240,28.970118799988995,1,1
PPO-capacity-120-large-r1-B40320,capacity-120,large,1,6,"(0.3, 0.7)",1920,1920,0,candidate_budget_reached,240,28.92836510000052,1,1
PPO-capacity-120-large-r1-B40320,capacity-120,large,1,7,"(0.35, 0.65)",1920,1920,0,candidate_budget_reached,240,28.754058300008182,1,1
PPO-capacity-120-large-r1-B40320,capacity-120,large,1,8,"(0.4, 0.6)",1920,1920,0,candidate_budget_reached,240,28.73823810000613,1,1
PPO-capacity-120-large-r1-B40320,capacity-120,large,1,9,"(0.45, 0.55)",1920,1920,0,candidate_budget_reached,240,28.54100739999558,1,1
PPO-capacity-120-large-r1-B40320,capacity-120,large,1,10,"(0.5, 0.5)",1920,1920,0,candidate_budget_reached,240,28.67944659999921,1,1
PPO-capacity-120-large-r1-B40320,capacity-120,large,1,11,"(0.55, 0.44999999999999996)",1920,1920,0,candidate_budget_reached,240,28.67221889999928,1,1
PPO-capacity-120-large-r1-B40320,capacity-120,large,1,12,"(0.6, 0.4)",1920,1920,0,candidate_budget_reached,240,28.448055900007603,1,1
PPO-capacity-120-large-r1-B40320,capacity-120,large,1,13,"(0.65, 0.35)",1920,1920,0,candidate_budget_reached,240,28.546602599992184,1,1
PPO-capacity-120-large-r1-B40320,capacity-120,large,1,14,"(0.7, 0.30000000000000004)",1920,1920,0,candidate_budget_reached,240,28.230189699999755,1,1
PPO-capacity-120-large-r1-B40320,capacity-120,large,1,15,"(0.75, 0.25)",1920,1920,0,candidate_budget_reached,240,28.302375400002347,1,1
PPO-capacity-120-large-r1-B40320,capacity-120,large,1,16,"(0.8, 0.19999999999999996)",1920,1920,0,candidate_budget_reached,240,27.744182599999476,1,1
PPO-capacity-120-large-r1-B40320,capacity-120,large,1,17,"(0.85, 0.15000000000000002)",1920,1920,0,candidate_budget_reached,240,28.033267200007685,1,1
PPO-capacity-120-large-r1-B40320,capacity-120,large,1,18,"(0.9, 0.09999999999999998)",1920,1920,0,candidate_budget_reached,240,28.371579699989525,1,1
PPO-capacity-120-large-r1-B40320,capacity-120,large,1,19,"(0.95, 0.050000000000000044)",1920,1920,0,candidate_budget_reached,240,28.11721509999188,1,1
PPO-capacity-120-large-r1-B40320,capacity-120,large,1,20,"(1.0, 0.0)",1920,1920,0,candidate_budget_reached,240,27.870586300006835,1,1
PPO-capacity-120-large-r2-B40320,capacity-120,large,2,0,"(0.0, 1.0)",1920,1920,0,candidate_budget_reached,240,41.40798869999708,1,1
PPO-capacity-120-large-r2-B40320,capacity-120,large,2,1,"(0.05, 0.95)",1920,1920,0,candidate_budget_reached,240,35.743939399995725,1,1
PPO-capacity-120-large-r2-B40320,capacity-120,large,2,2,"(0.1, 0.9)",1920,1920,0,candidate_budget_reached,240,29.93375900000683,1,1
PPO-capacity-120-large-r2-B40320,capacity-120,large,2,3,"(0.15, 0.85)",1920,1920,0,candidate_budget_reached,240,29.477395299996715,1,1
PPO-capacity-120-large-r2-B40320,capacity-120,large,2,4,"(0.2, 0.8)",1920,1920,0,candidate_budget_reached,240,29.406789900007425,1,1
PPO-capacity-120-large-r2-B40320,capacity-120,large,2,5,"(0.25, 0.75)",1920,1920,0,candidate_budget_reached,240,29.036705000005895,1,1
PPO-capacity-120-large-r2-B40320,capacity-120,large,2,6,"(0.3, 0.7)",1920,1920,0,candidate_budget_reached,240,28.845058799997787,1,1
PPO-capacity-120-large-r2-B40320,capacity-120,large,2,7,"(0.35, 0.65)",1920,1920,0,candidate_budget_reached,240,28.95545609999681,1,1
PPO-capacity-120-large-r2-B40320,capacity-120,large,2,8,"(0.4, 0.6)",1920,1920,0,candidate_budget_reached,240,28.910484899999574,1,1
PPO-capacity-120-large-r2-B40320,capacity-120,large,2,9,"(0.45, 0.55)",1920,1920,0,candidate_budget_reached,240,28.83172139999806,1,1
PPO-capacity-120-large-r2-B40320,capacity-120,large,2,10,"(0.5, 0.5)",1920,1920,0,candidate_budget_reached,240,28.525520499999402,1,1
PPO-capacity-120-large-r2-B40320,capacity-120,large,2,11,"(0.55, 0.44999999999999996)",1920,1920,0,candidate_budget_reached,240,28.945187400007853,1,1
PPO-capacity-120-large-r2-B40320,capacity-120,large,2,12,"(0.6, 0.4)",1920,1920,0,candidate_budget_reached,240,28.6282302000036,1,1
PPO-capacity-120-large-r2-B40320,capacity-120,large,2,13,"(0.65, 0.35)",1920,1920,0,candidate_budget_reached,240,28.567735099990387,1,1
PPO-capacity-120-large-r2-B40320,capacity-120,large,2,14,"(0.7, 0.30000000000000004)",1920,1920,0,candidate_budget_reached,240,28.56629590000375,1,1
PPO-capacity-120-large-r2-B40320,capacity-120,large,2,15,"(0.75, 0.25)",1920,1920,0,candidate_budget_reached,240,28.241459899989422,1,1
PPO-capacity-120-large-r2-B40320,capacity-120,large,2,16,"(0.8, 0.19999999999999996)",1920,1920,0,candidate_budget_reached,240,28.239144400009536,1,1
PPO-capacity-120-large-r2-B40320,capacity-120,large,2,17,"(0.85, 0.15000000000000002)",1920,1920,0,candidate_budget_reached,240,28.10041519999504,1,1
PPO-capacity-120-large-r2-B40320,capacity-120,large,2,18,"(0.9, 0.09999999999999998)",1920,1920,0,candidate_budget_reached,240,27.974287100005313,1,1
PPO-capacity-120-large-r2-B40320,capacity-120,large,2,19,"(0.95, 0.050000000000000044)",1920,1920,0,candidate_budget_reached,240,28.08614889999444,1,1
PPO-capacity-120-large-r2-B40320,capacity-120,large,2,20,"(1.0, 0.0)",1920,1920,0,candidate_budget_reached,240,28.080268700010492,1,1
PPO-capacity-130-large-r0-B40320,capacity-130,large,0,0,"(0.0, 1.0)",1920,1920,0,candidate_budget_reached,240,29.474818100003176,1,1
PPO-capacity-130-large-r0-B40320,capacity-130,large,0,1,"(0.05, 0.95)",1920,1920,0,candidate_budget_reached,240,29.125483600000734,1,1
PPO-capacity-130-large-r0-B40320,capacity-130,large,0,2,"(0.1, 0.9)",1920,1920,0,candidate_budget_reached,240,28.984062500006985,1,1
PPO-capacity-130-large-r0-B40320,capacity-130,large,0,3,"(0.15, 0.85)",1920,1920,0,candidate_budget_reached,240,28.885341700006393,1,1
PPO-capacity-130-large-r0-B40320,capacity-130,large,0,4,"(0.2, 0.8)",1920,1920,0,candidate_budget_reached,240,29.294985899992753,1,1
PPO-capacity-130-large-r0-B40320,capacity-130,large,0,5,"(0.25, 0.75)",1920,1920,0,candidate_budget_reached,240,29.36922430001141,1,1
PPO-capacity-130-large-r0-B40320,capacity-130,large,0,6,"(0.3, 0.7)",1920,1920,0,candidate_budget_reached,240,29.016322999988915,1,1
PPO-capacity-130-large-r0-B40320,capacity-130,large,0,7,"(0.35, 0.65)",1920,1920,0,candidate_budget_reached,240,28.748067299995455,1,1
PPO-capacity-130-large-r0-B40320,capacity-130,large,0,8,"(0.4, 0.6)",1920,1920,0,candidate_budget_reached,240,29.628114799998002,1,1
PPO-capacity-130-large-r0-B40320,capacity-130,large,0,9,"(0.45, 0.55)",1920,1920,0,candidate_budget_reached,240,28.626318299997365,1,1
PPO-capacity-130-large-r0-B40320,capacity-130,large,0,10,"(0.5, 0.5)",1920,1920,0,candidate_budget_reached,240,28.404929600001196,1,1
PPO-capacity-130-large-r0-B40320,capacity-130,large,0,11,"(0.55, 0.44999999999999996)",1920,1920,0,candidate_budget_reached,240,28.595904800007702,1,1
PPO-capacity-130-large-r0-B40320,capacity-130,large,0,12,"(0.6, 0.4)",1920,1920,0,candidate_budget_reached,240,28.389300999988336,1,1
PPO-capacity-130-large-r0-B40320,capacity-130,large,0,13,"(0.65, 0.35)",1920,1920,0,candidate_budget_reached,240,28.36064610000176,1,1
PPO-capacity-130-large-r0-B40320,capacity-130,large,0,14,"(0.7, 0.30000000000000004)",1920,1920,0,candidate_budget_reached,240,28.250390200002585,1,1
PPO-capacity-130-large-r0-B40320,capacity-130,large,0,15,"(0.75, 0.25)",1920,1920,0,candidate_budget_reached,240,28.207231099993805,1,1
PPO-capacity-130-large-r0-B40320,capacity-130,large,0,16,"(0.8, 0.19999999999999996)",1920,1920,0,candidate_budget_reached,240,28.097127900007763,1,1
PPO-capacity-130-large-r0-B40320,capacity-130,large,0,17,"(0.85, 0.15000000000000002)",1920,1920,0,candidate_budget_reached,240,28.175878499998362,1,1
PPO-capacity-130-large-r0-B40320,capacity-130,large,0,18,"(0.9, 0.09999999999999998)",1920,1920,0,candidate_budget_reached,240,28.19855919999827,1,1
PPO-capacity-130-large-r0-B40320,capacity-130,large,0,19,"(0.95, 0.050000000000000044)",1920,1920,0,candidate_budget_reached,240,28.16260369999509,1,1
PPO-capacity-130-large-r0-B40320,capacity-130,large,0,20,"(1.0, 0.0)",1920,1920,0,candidate_budget_reached,240,28.12363620000542,1,1
PPO-capacity-130-large-r1-B40320,capacity-130,large,1,0,"(0.0, 1.0)",1920,1920,0,candidate_budget_reached,240,28.635835099994438,1,1
PPO-capacity-130-large-r1-B40320,capacity-130,large,1,1,"(0.05, 0.95)",1920,1920,0,candidate_budget_reached,240,28.80073469999479,1,1
PPO-capacity-130-large-r1-B40320,capacity-130,large,1,2,"(0.1, 0.9)",1920,1920,0,candidate_budget_reached,240,28.92307209999126,1,1
PPO-capacity-130-large-r1-B40320,capacity-130,large,1,3,"(0.15, 0.85)",1920,1920,0,candidate_budget_reached,240,29.20962039999722,1,1
PPO-capacity-130-large-r1-B40320,capacity-130,large,1,4,"(0.2, 0.8)",1920,1920,0,candidate_budget_reached,240,28.963745699991705,1,1
PPO-capacity-130-large-r1-B40320,capacity-130,large,1,5,"(0.25, 0.75)",1920,1920,0,candidate_budget_reached,240,28.80237209999177,1,1
PPO-capacity-130-large-r1-B40320,capacity-130,large,1,6,"(0.3, 0.7)",1920,1920,0,candidate_budget_reached,240,29.380468499992276,1,1
PPO-capacity-130-large-r1-B40320,capacity-130,large,1,7,"(0.35, 0.65)",1920,1920,0,candidate_budget_reached,240,28.668028400003095,1,1
PPO-capacity-130-large-r1-B40320,capacity-130,large,1,8,"(0.4, 0.6)",1920,1920,0,candidate_budget_reached,240,28.5871724000026,1,1
PPO-capacity-130-large-r1-B40320,capacity-130,large,1,9,"(0.45, 0.55)",1920,1920,0,candidate_budget_reached,240,28.43343350000214,1,1
PPO-capacity-130-large-r1-B40320,capacity-130,large,1,10,"(0.5, 0.5)",1920,1920,0,candidate_budget_reached,240,28.194018800000777,1,1
PPO-capacity-130-large-r1-B40320,capacity-130,large,1,11,"(0.55, 0.44999999999999996)",1920,1920,0,candidate_budget_reached,240,28.236608899998828,1,1
PPO-capacity-130-large-r1-B40320,capacity-130,large,1,12,"(0.6, 0.4)",1920,1920,0,candidate_budget_reached,240,28.286404600003152,1,1
PPO-capacity-130-large-r1-B40320,capacity-130,large,1,13,"(0.65, 0.35)",1920,1920,0,candidate_budget_reached,240,28.075553999995464,1,1
PPO-capacity-130-large-r1-B40320,capacity-130,large,1,14,"(0.7, 0.30000000000000004)",1920,1920,0,candidate_budget_reached,240,27.88202890001412,1,1
PPO-capacity-130-large-r1-B40320,capacity-130,large,1,15,"(0.75, 0.25)",1920,1920,0,candidate_budget_reached,240,27.89585880000959,1,1
PPO-capacity-130-large-r1-B40320,capacity-130,large,1,16,"(0.8, 0.19999999999999996)",1920,1920,0,candidate_budget_reached,240,27.661939300000085,1,1
PPO-capacity-130-large-r1-B40320,capacity-130,large,1,17,"(0.85, 0.15000000000000002)",1920,1920,0,candidate_budget_reached,240,27.66850919999706,1,1
PPO-capacity-130-large-r1-B40320,capacity-130,large,1,18,"(0.9, 0.09999999999999998)",1920,1920,0,candidate_budget_reached,240,28.188758800009964,1,1
PPO-capacity-130-large-r1-B40320,capacity-130,large,1,19,"(0.95, 0.050000000000000044)",1920,1920,0,candidate_budget_reached,240,27.95901919998869,1,1
PPO-capacity-130-large-r1-B40320,capacity-130,large,1,20,"(1.0, 0.0)",1920,1920,0,candidate_budget_reached,240,28.165640300008818,1,1
PPO-capacity-130-large-r2-B40320,capacity-130,large,2,0,"(0.0, 1.0)",1920,1920,0,candidate_budget_reached,240,29.035437700003968,1,1
PPO-capacity-130-large-r2-B40320,capacity-130,large,2,1,"(0.05, 0.95)",1920,1920,0,candidate_budget_reached,240,28.972096800003783,1,1
PPO-capacity-130-large-r2-B40320,capacity-130,large,2,2,"(0.1, 0.9)",1920,1920,0,candidate_budget_reached,240,29.15327239999897,1,1
PPO-capacity-130-large-r2-B40320,capacity-130,large,2,3,"(0.15, 0.85)",1920,1920,0,candidate_budget_reached,240,29.553210700003547,1,1
PPO-capacity-130-large-r2-B40320,capacity-130,large,2,4,"(0.2, 0.8)",1920,1920,0,candidate_budget_reached,240,29.629304700007197,1,1
PPO-capacity-130-large-r2-B40320,capacity-130,large,2,5,"(0.25, 0.75)",1920,1920,0,candidate_budget_reached,240,29.22722210000211,1,1
PPO-capacity-130-large-r2-B40320,capacity-130,large,2,6,"(0.3, 0.7)",1920,1920,0,candidate_budget_reached,240,29.376812000002246,1,1
PPO-capacity-130-large-r2-B40320,capacity-130,large,2,7,"(0.35, 0.65)",1920,1920,0,candidate_budget_reached,240,28.34634509999887,1,1
PPO-capacity-130-large-r2-B40320,capacity-130,large,2,8,"(0.4, 0.6)",1920,1920,0,candidate_budget_reached,240,28.27983659999154,1,1
PPO-capacity-130-large-r2-B40320,capacity-130,large,2,9,"(0.45, 0.55)",1920,1920,0,candidate_budget_reached,240,28.068049199995585,1,1
PPO-capacity-130-large-r2-B40320,capacity-130,large,2,10,"(0.5, 0.5)",1920,1920,0,candidate_budget_reached,240,28.488136300002225,1,1
PPO-capacity-130-large-r2-B40320,capacity-130,large,2,11,"(0.55, 0.44999999999999996)",1920,1920,0,candidate_budget_reached,240,28.41279719999875,1,1
PPO-capacity-130-large-r2-B40320,capacity-130,large,2,12,"(0.6, 0.4)",1920,1920,0,candidate_budget_reached,240,28.345620399995823,1,1
PPO-capacity-130-large-r2-B40320,capacity-130,large,2,13,"(0.65, 0.35)",1920,1920,0,candidate_budget_reached,240,27.81438349999371,1,1
PPO-capacity-130-large-r2-B40320,capacity-130,large,2,14,"(0.7, 0.30000000000000004)",1920,1920,0,candidate_budget_reached,240,28.416950099999667,1,1
PPO-capacity-130-large-r2-B40320,capacity-130,large,2,15,"(0.75, 0.25)",1920,1920,0,candidate_budget_reached,240,28.120028100005584,1,1
PPO-capacity-130-large-r2-B40320,capacity-130,large,2,16,"(0.8, 0.19999999999999996)",1920,1920,0,candidate_budget_reached,240,27.794376099991496,1,1
PPO-capacity-130-large-r2-B40320,capacity-130,large,2,17,"(0.85, 0.15000000000000002)",1920,1920,0,candidate_budget_reached,240,27.978925299990806,1,1
PPO-capacity-130-large-r2-B40320,capacity-130,large,2,18,"(0.9, 0.09999999999999998)",1920,1920,0,candidate_budget_reached,240,27.506976599994232,1,1
PPO-capacity-130-large-r2-B40320,capacity-130,large,2,19,"(0.95, 0.050000000000000044)",1920,1920,0,candidate_budget_reached,240,28.264985500005423,1,1
PPO-capacity-130-large-r2-B40320,capacity-130,large,2,20,"(1.0, 0.0)",1920,1920,0,candidate_budget_reached,240,27.90313820001029,1,1
PPO-coload-70-large-r0-B40320,coload-70,large,0,0,"(0.0, 1.0)",1920,1920,0,candidate_budget_reached,240,42.46957039998961,1,1
PPO-coload-70-large-r0-B40320,coload-70,large,0,1,"(0.05, 0.95)",1920,1920,0,candidate_budget_reached,240,46.16868230000546,1,1
PPO-coload-70-large-r0-B40320,coload-70,large,0,2,"(0.1, 0.9)",1920,1920,0,candidate_budget_reached,240,44.78681049999432,1,1
PPO-coload-70-large-r0-B40320,coload-70,large,0,3,"(0.15, 0.85)",1920,1920,0,candidate_budget_reached,240,44.22426250000717,1,1
PPO-coload-70-large-r0-B40320,coload-70,large,0,4,"(0.2, 0.8)",1920,1920,0,candidate_budget_reached,240,43.07098709999991,1,1
PPO-coload-70-large-r0-B40320,coload-70,large,0,5,"(0.25, 0.75)",1920,1920,0,candidate_budget_reached,240,43.882988500001375,1,1
PPO-coload-70-large-r0-B40320,coload-70,large,0,6,"(0.3, 0.7)",1920,1920,0,candidate_budget_reached,240,45.051615500007756,1,1
PPO-coload-70-large-r0-B40320,coload-70,large,0,7,"(0.35, 0.65)",1920,1920,0,candidate_budget_reached,240,44.31738789999508,1,1
PPO-coload-70-large-r0-B40320,coload-70,large,0,8,"(0.4, 0.6)",1920,1920,0,candidate_budget_reached,240,43.68264780000027,1,1
PPO-coload-70-large-r0-B40320,coload-70,large,0,9,"(0.45, 0.55)",1920,1920,0,candidate_budget_reached,240,42.57094119999965,1,1
PPO-coload-70-large-r0-B40320,coload-70,large,0,10,"(0.5, 0.5)",1920,1920,0,candidate_budget_reached,240,45.470531600003596,1,1
PPO-coload-70-large-r0-B40320,coload-70,large,0,11,"(0.55, 0.44999999999999996)",1920,1920,0,candidate_budget_reached,240,42.593693200004054,1,1
PPO-coload-70-large-r0-B40320,coload-70,large,0,12,"(0.6, 0.4)",1920,1920,0,candidate_budget_reached,240,39.343568000011146,1,1
PPO-coload-70-large-r0-B40320,coload-70,large,0,13,"(0.65, 0.35)",1920,1920,0,candidate_budget_reached,240,40.44959469999594,1,1
PPO-coload-70-large-r0-B40320,coload-70,large,0,14,"(0.7, 0.30000000000000004)",1920,1920,0,candidate_budget_reached,240,38.76618419999431,1,1
PPO-coload-70-large-r0-B40320,coload-70,large,0,15,"(0.75, 0.25)",1920,1920,0,candidate_budget_reached,240,39.68278050000663,1,1
PPO-coload-70-large-r0-B40320,coload-70,large,0,16,"(0.8, 0.19999999999999996)",1920,1920,0,candidate_budget_reached,240,39.7111256000062,1,1
PPO-coload-70-large-r0-B40320,coload-70,large,0,17,"(0.85, 0.15000000000000002)",1920,1920,0,candidate_budget_reached,240,39.183980399990105,1,1
PPO-coload-70-large-r0-B40320,coload-70,large,0,18,"(0.9, 0.09999999999999998)",1920,1920,0,candidate_budget_reached,240,38.75346839999838,1,1
PPO-coload-70-large-r0-B40320,coload-70,large,0,19,"(0.95, 0.050000000000000044)",1920,1920,0,candidate_budget_reached,240,39.78238820000843,1,1
PPO-coload-70-large-r0-B40320,coload-70,large,0,20,"(1.0, 0.0)",1920,1920,0,candidate_budget_reached,240,38.516888400001335,1,1
PPO-coload-70-large-r1-B40320,coload-70,large,1,0,"(0.0, 1.0)",1920,1920,0,candidate_budget_reached,240,43.34942509999382,1,1
PPO-coload-70-large-r1-B40320,coload-70,large,1,1,"(0.05, 0.95)",1920,1920,0,candidate_budget_reached,240,43.89421830000356,1,1
PPO-coload-70-large-r1-B40320,coload-70,large,1,2,"(0.1, 0.9)",1920,1920,0,candidate_budget_reached,240,44.52213810000103,1,1
PPO-coload-70-large-r1-B40320,coload-70,large,1,3,"(0.15, 0.85)",1920,1920,0,candidate_budget_reached,240,44.132732899990515,1,1
PPO-coload-70-large-r1-B40320,coload-70,large,1,4,"(0.2, 0.8)",1920,1920,0,candidate_budget_reached,240,43.58210310000868,1,1
PPO-coload-70-large-r1-B40320,coload-70,large,1,5,"(0.25, 0.75)",1920,1920,0,candidate_budget_reached,240,43.54866380000021,1,1
PPO-coload-70-large-r1-B40320,coload-70,large,1,6,"(0.3, 0.7)",1920,1920,0,candidate_budget_reached,240,44.15035860000353,1,1
PPO-coload-70-large-r1-B40320,coload-70,large,1,7,"(0.35, 0.65)",1920,1920,0,candidate_budget_reached,240,43.98014250000415,1,1
PPO-coload-70-large-r1-B40320,coload-70,large,1,8,"(0.4, 0.6)",1920,1920,0,candidate_budget_reached,240,43.64247199999227,1,1
PPO-coload-70-large-r1-B40320,coload-70,large,1,9,"(0.45, 0.55)",1920,1920,0,candidate_budget_reached,240,42.77593819999311,1,1
PPO-coload-70-large-r1-B40320,coload-70,large,1,10,"(0.5, 0.5)",1920,1920,0,candidate_budget_reached,240,42.75861810000788,1,1
PPO-coload-70-large-r1-B40320,coload-70,large,1,11,"(0.55, 0.44999999999999996)",1920,1920,0,candidate_budget_reached,240,42.136531600001035,1,1
PPO-coload-70-large-r1-B40320,coload-70,large,1,12,"(0.6, 0.4)",1920,1920,0,candidate_budget_reached,240,39.27895059999719,1,1
PPO-coload-70-large-r1-B40320,coload-70,large,1,13,"(0.65, 0.35)",1920,1920,0,candidate_budget_reached,240,39.303700400007074,1,1
PPO-coload-70-large-r1-B40320,coload-70,large,1,14,"(0.7, 0.30000000000000004)",1920,1920,0,candidate_budget_reached,240,39.89302529999986,1,1
PPO-coload-70-large-r1-B40320,coload-70,large,1,15,"(0.75, 0.25)",1920,1920,0,candidate_budget_reached,240,38.87584050001169,1,1
PPO-coload-70-large-r1-B40320,coload-70,large,1,16,"(0.8, 0.19999999999999996)",1920,1920,0,candidate_budget_reached,240,39.26773300000059,1,1
PPO-coload-70-large-r1-B40320,coload-70,large,1,17,"(0.85, 0.15000000000000002)",1920,1920,0,candidate_budget_reached,240,39.22420379999676,1,1
PPO-coload-70-large-r1-B40320,coload-70,large,1,18,"(0.9, 0.09999999999999998)",1920,1920,0,candidate_budget_reached,240,39.36633810000785,1,1
PPO-coload-70-large-r1-B40320,coload-70,large,1,19,"(0.95, 0.050000000000000044)",1920,1920,0,candidate_budget_reached,240,39.96768570000131,1,1
PPO-coload-70-large-r1-B40320,coload-70,large,1,20,"(1.0, 0.0)",1920,1920,0,candidate_budget_reached,240,39.26945180000621,1,1
PPO-coload-70-large-r2-B40320,coload-70,large,2,0,"(0.0, 1.0)",1920,1920,0,candidate_budget_reached,240,42.88816659999429,1,1
PPO-coload-70-large-r2-B40320,coload-70,large,2,1,"(0.05, 0.95)",1920,1920,0,candidate_budget_reached,240,45.83421260000614,1,1
PPO-coload-70-large-r2-B40320,coload-70,large,2,2,"(0.1, 0.9)",1920,1920,0,candidate_budget_reached,240,43.620803600002546,1,1
PPO-coload-70-large-r2-B40320,coload-70,large,2,3,"(0.15, 0.85)",1920,1920,0,candidate_budget_reached,240,44.47364119999111,1,1
PPO-coload-70-large-r2-B40320,coload-70,large,2,4,"(0.2, 0.8)",1920,1920,0,candidate_budget_reached,240,45.789244400002644,1,1
PPO-coload-70-large-r2-B40320,coload-70,large,2,5,"(0.25, 0.75)",1920,1920,0,candidate_budget_reached,240,45.57500080000318,1,1
PPO-coload-70-large-r2-B40320,coload-70,large,2,6,"(0.3, 0.7)",1920,1920,0,candidate_budget_reached,240,43.822923400002765,1,1
PPO-coload-70-large-r2-B40320,coload-70,large,2,7,"(0.35, 0.65)",1920,1920,0,candidate_budget_reached,240,43.835541300009936,1,1
PPO-coload-70-large-r2-B40320,coload-70,large,2,8,"(0.4, 0.6)",1920,1920,0,candidate_budget_reached,240,42.753371400001924,1,1
PPO-coload-70-large-r2-B40320,coload-70,large,2,9,"(0.45, 0.55)",1920,1920,0,candidate_budget_reached,240,43.0620973000041,1,1
PPO-coload-70-large-r2-B40320,coload-70,large,2,10,"(0.5, 0.5)",1920,1920,0,candidate_budget_reached,240,43.8704613000009,1,1
PPO-coload-70-large-r2-B40320,coload-70,large,2,11,"(0.55, 0.44999999999999996)",1920,1920,0,candidate_budget_reached,240,41.60400750000554,1,1
PPO-coload-70-large-r2-B40320,coload-70,large,2,12,"(0.6, 0.4)",1920,1920,0,candidate_budget_reached,240,39.72210769999947,1,1
PPO-coload-70-large-r2-B40320,coload-70,large,2,13,"(0.65, 0.35)",1920,1920,0,candidate_budget_reached,240,39.4825087999925,1,1
PPO-coload-70-large-r2-B40320,coload-70,large,2,14,"(0.7, 0.30000000000000004)",1920,1920,0,candidate_budget_reached,240,39.429005900004995,1,1
PPO-coload-70-large-r2-B40320,coload-70,large,2,15,"(0.75, 0.25)",1920,1920,0,candidate_budget_reached,240,39.46669020000263,1,1
PPO-coload-70-large-r2-B40320,coload-70,large,2,16,"(0.8, 0.19999999999999996)",1920,1920,0,candidate_budget_reached,240,40.26958239999658,1,1
PPO-coload-70-large-r2-B40320,coload-70,large,2,17,"(0.85, 0.15000000000000002)",1920,1920,0,candidate_budget_reached,240,39.259490299999015,1,1
PPO-coload-70-large-r2-B40320,coload-70,large,2,18,"(0.9, 0.09999999999999998)",1920,1920,0,candidate_budget_reached,240,40.10669279999274,1,1
PPO-coload-70-large-r2-B40320,coload-70,large,2,19,"(0.95, 0.050000000000000044)",1920,1920,0,candidate_budget_reached,240,40.31703609999386,1,1
PPO-coload-70-large-r2-B40320,coload-70,large,2,20,"(1.0, 0.0)",1920,1920,0,candidate_budget_reached,240,38.93591290000768,1,1
PPO-coload-80-large-r0-B40320,coload-80,large,0,0,"(0.0, 1.0)",1920,1920,0,candidate_budget_reached,240,44.42109530000016,1,1
PPO-coload-80-large-r0-B40320,coload-80,large,0,1,"(0.05, 0.95)",1920,1920,0,candidate_budget_reached,240,43.3689122999931,1,1
PPO-coload-80-large-r0-B40320,coload-80,large,0,2,"(0.1, 0.9)",1920,1920,0,candidate_budget_reached,240,45.193466500000795,1,1
PPO-coload-80-large-r0-B40320,coload-80,large,0,3,"(0.15, 0.85)",1920,1920,0,candidate_budget_reached,240,43.57655940001132,1,1
PPO-coload-80-large-r0-B40320,coload-80,large,0,4,"(0.2, 0.8)",1920,1920,0,candidate_budget_reached,240,43.569729499999085,1,1
PPO-coload-80-large-r0-B40320,coload-80,large,0,5,"(0.25, 0.75)",1920,1920,0,candidate_budget_reached,240,43.56600960000651,1,1
PPO-coload-80-large-r0-B40320,coload-80,large,0,6,"(0.3, 0.7)",1920,1920,0,candidate_budget_reached,240,43.985383399995044,1,1
PPO-coload-80-large-r0-B40320,coload-80,large,0,7,"(0.35, 0.65)",1920,1920,0,candidate_budget_reached,240,44.06571929999336,1,1
PPO-coload-80-large-r0-B40320,coload-80,large,0,8,"(0.4, 0.6)",1920,1920,0,candidate_budget_reached,240,43.500508999990416,1,1
PPO-coload-80-large-r0-B40320,coload-80,large,0,9,"(0.45, 0.55)",1920,1920,0,candidate_budget_reached,240,42.55505429999903,1,1
PPO-coload-80-large-r0-B40320,coload-80,large,0,10,"(0.5, 0.5)",1920,1920,0,candidate_budget_reached,240,45.53852970000298,1,1
PPO-coload-80-large-r0-B40320,coload-80,large,0,11,"(0.55, 0.44999999999999996)",1920,1920,0,candidate_budget_reached,240,41.52332710000337,1,1
PPO-coload-80-large-r0-B40320,coload-80,large,0,12,"(0.6, 0.4)",1920,1920,0,candidate_budget_reached,240,39.8905792000005,1,1
PPO-coload-80-large-r0-B40320,coload-80,large,0,13,"(0.65, 0.35)",1920,1920,0,candidate_budget_reached,240,40.220673700008774,1,1
PPO-coload-80-large-r0-B40320,coload-80,large,0,14,"(0.7, 0.30000000000000004)",1920,1920,0,candidate_budget_reached,240,39.705186399995,1,1
PPO-coload-80-large-r0-B40320,coload-80,large,0,15,"(0.75, 0.25)",1920,1920,0,candidate_budget_reached,240,39.81859270000132,1,1
PPO-coload-80-large-r0-B40320,coload-80,large,0,16,"(0.8, 0.19999999999999996)",1920,1920,0,candidate_budget_reached,240,39.58436310000252,1,1
PPO-coload-80-large-r0-B40320,coload-80,large,0,17,"(0.85, 0.15000000000000002)",1920,1920,0,candidate_budget_reached,240,40.052494600007776,1,1
PPO-coload-80-large-r0-B40320,coload-80,large,0,18,"(0.9, 0.09999999999999998)",1920,1920,0,candidate_budget_reached,240,39.831114000000525,1,1
PPO-coload-80-large-r0-B40320,coload-80,large,0,19,"(0.95, 0.050000000000000044)",1920,1920,0,candidate_budget_reached,240,39.63730430000578,1,1
PPO-coload-80-large-r0-B40320,coload-80,large,0,20,"(1.0, 0.0)",1920,1920,0,candidate_budget_reached,240,39.1058808999951,1,1
PPO-coload-80-large-r1-B40320,coload-80,large,1,0,"(0.0, 1.0)",1920,1920,0,candidate_budget_reached,240,45.4401011000009,1,1
PPO-coload-80-large-r1-B40320,coload-80,large,1,1,"(0.05, 0.95)",1920,1920,0,candidate_budget_reached,240,45.58401530000265,1,1
PPO-coload-80-large-r1-B40320,coload-80,large,1,2,"(0.1, 0.9)",1920,1920,0,candidate_budget_reached,240,45.82815899999696,1,1
PPO-coload-80-large-r1-B40320,coload-80,large,1,3,"(0.15, 0.85)",1920,1920,0,candidate_budget_reached,240,45.61332299999776,1,1
PPO-coload-80-large-r1-B40320,coload-80,large,1,4,"(0.2, 0.8)",1920,1920,0,candidate_budget_reached,240,44.242975100001786,1,1
PPO-coload-80-large-r1-B40320,coload-80,large,1,5,"(0.25, 0.75)",1920,1920,0,candidate_budget_reached,240,43.82312070000626,1,1
PPO-coload-80-large-r1-B40320,coload-80,large,1,6,"(0.3, 0.7)",1920,1920,0,candidate_budget_reached,240,43.99146970000584,1,1
PPO-coload-80-large-r1-B40320,coload-80,large,1,7,"(0.35, 0.65)",1920,1920,0,candidate_budget_reached,240,43.60877289999917,1,1
PPO-coload-80-large-r1-B40320,coload-80,large,1,8,"(0.4, 0.6)",1920,1920,0,candidate_budget_reached,240,42.14965669999947,1,1
PPO-coload-80-large-r1-B40320,coload-80,large,1,9,"(0.45, 0.55)",1920,1920,0,candidate_budget_reached,240,42.913893000004464,1,1
PPO-coload-80-large-r1-B40320,coload-80,large,1,10,"(0.5, 0.5)",1920,1920,0,candidate_budget_reached,240,44.39231880000443,1,1
PPO-coload-80-large-r1-B40320,coload-80,large,1,11,"(0.55, 0.44999999999999996)",1920,1920,0,candidate_budget_reached,240,41.589567300005,1,1
PPO-coload-80-large-r1-B40320,coload-80,large,1,12,"(0.6, 0.4)",1920,1920,0,candidate_budget_reached,240,40.03206630000204,1,1
PPO-coload-80-large-r1-B40320,coload-80,large,1,13,"(0.65, 0.35)",1920,1920,0,candidate_budget_reached,240,40.15990559999773,1,1
PPO-coload-80-large-r1-B40320,coload-80,large,1,14,"(0.7, 0.30000000000000004)",1920,1920,0,candidate_budget_reached,240,39.36294380000618,1,1
PPO-coload-80-large-r1-B40320,coload-80,large,1,15,"(0.75, 0.25)",1920,1920,0,candidate_budget_reached,240,39.12357159999374,1,1
PPO-coload-80-large-r1-B40320,coload-80,large,1,16,"(0.8, 0.19999999999999996)",1920,1920,0,candidate_budget_reached,240,39.748498500004644,1,1
PPO-coload-80-large-r1-B40320,coload-80,large,1,17,"(0.85, 0.15000000000000002)",1920,1920,0,candidate_budget_reached,240,39.293010399997,1,1
PPO-coload-80-large-r1-B40320,coload-80,large,1,18,"(0.9, 0.09999999999999998)",1920,1920,0,candidate_budget_reached,240,39.982286500002374,1,1
PPO-coload-80-large-r1-B40320,coload-80,large,1,19,"(0.95, 0.050000000000000044)",1920,1920,0,candidate_budget_reached,240,39.77765790000558,1,1
PPO-coload-80-large-r1-B40320,coload-80,large,1,20,"(1.0, 0.0)",1920,1920,0,candidate_budget_reached,240,38.564076299997396,1,1
PPO-coload-80-large-r2-B40320,coload-80,large,2,0,"(0.0, 1.0)",1920,1920,0,candidate_budget_reached,240,42.758510400002706,1,1
PPO-coload-80-large-r2-B40320,coload-80,large,2,1,"(0.05, 0.95)",1920,1920,0,candidate_budget_reached,240,43.3423238999967,1,1
PPO-coload-80-large-r2-B40320,coload-80,large,2,2,"(0.1, 0.9)",1920,1920,0,candidate_budget_reached,240,45.5932318999985,1,1
PPO-coload-80-large-r2-B40320,coload-80,large,2,3,"(0.15, 0.85)",1920,1920,0,candidate_budget_reached,240,43.88151029999426,1,1
PPO-coload-80-large-r2-B40320,coload-80,large,2,4,"(0.2, 0.8)",1920,1920,0,candidate_budget_reached,240,47.02947189999395,1,1
PPO-coload-80-large-r2-B40320,coload-80,large,2,5,"(0.25, 0.75)",1920,1920,0,candidate_budget_reached,240,46.59269900000072,1,1
PPO-coload-80-large-r2-B40320,coload-80,large,2,6,"(0.3, 0.7)",1920,1920,0,candidate_budget_reached,240,43.56458310000016,1,1
PPO-coload-80-large-r2-B40320,coload-80,large,2,7,"(0.35, 0.65)",1920,1920,0,candidate_budget_reached,240,44.49947449998581,1,1
PPO-coload-80-large-r2-B40320,coload-80,large,2,8,"(0.4, 0.6)",1920,1920,0,candidate_budget_reached,240,43.19298969999363,1,1
PPO-coload-80-large-r2-B40320,coload-80,large,2,9,"(0.45, 0.55)",1920,1920,0,candidate_budget_reached,240,42.812769199998,1,1
PPO-coload-80-large-r2-B40320,coload-80,large,2,10,"(0.5, 0.5)",1920,1920,0,candidate_budget_reached,240,46.234511000002385,1,1
PPO-coload-80-large-r2-B40320,coload-80,large,2,11,"(0.55, 0.44999999999999996)",1920,1920,0,candidate_budget_reached,240,41.023883300003945,1,1
PPO-coload-80-large-r2-B40320,coload-80,large,2,12,"(0.6, 0.4)",1920,1920,0,candidate_budget_reached,240,40.12693820000277,1,1
PPO-coload-80-large-r2-B40320,coload-80,large,2,13,"(0.65, 0.35)",1920,1920,0,candidate_budget_reached,240,40.062517400001525,1,1
PPO-coload-80-large-r2-B40320,coload-80,large,2,14,"(0.7, 0.30000000000000004)",1920,1920,0,candidate_budget_reached,240,39.353858300004504,1,1
PPO-coload-80-large-r2-B40320,coload-80,large,2,15,"(0.75, 0.25)",1920,1920,0,candidate_budget_reached,240,39.54250540000794,1,1
PPO-coload-80-large-r2-B40320,coload-80,large,2,16,"(0.8, 0.19999999999999996)",1920,1920,0,candidate_budget_reached,240,39.09406120001222,1,1
PPO-coload-80-large-r2-B40320,coload-80,large,2,17,"(0.85, 0.15000000000000002)",1920,1920,0,candidate_budget_reached,240,39.34947230000398,1,1
PPO-coload-80-large-r2-B40320,coload-80,large,2,18,"(0.9, 0.09999999999999998)",1920,1920,0,candidate_budget_reached,240,39.60835789999692,1,1
PPO-coload-80-large-r2-B40320,coload-80,large,2,19,"(0.95, 0.050000000000000044)",1920,1920,0,candidate_budget_reached,240,39.90697409999848,1,1
PPO-coload-80-large-r2-B40320,coload-80,large,2,20,"(1.0, 0.0)",1920,1920,0,candidate_budget_reached,240,37.72151480001048,1,1
PPO-coload-120-large-r0-B40320,coload-120,large,0,0,"(0.0, 1.0)",1920,1920,0,candidate_budget_reached,240,44.515342200000305,1,1
PPO-coload-120-large-r0-B40320,coload-120,large,0,1,"(0.05, 0.95)",1920,1920,0,candidate_budget_reached,240,43.28436339998734,1,1
PPO-coload-120-large-r0-B40320,coload-120,large,0,2,"(0.1, 0.9)",1920,1920,0,candidate_budget_reached,240,44.820355199990445,1,1
PPO-coload-120-large-r0-B40320,coload-120,large,0,3,"(0.15, 0.85)",1920,1920,0,candidate_budget_reached,240,45.62192179998965,1,1
PPO-coload-120-large-r0-B40320,coload-120,large,0,4,"(0.2, 0.8)",1920,1920,0,candidate_budget_reached,240,43.470472300003166,1,1
PPO-coload-120-large-r0-B40320,coload-120,large,0,5,"(0.25, 0.75)",1920,1920,0,candidate_budget_reached,240,44.36342000000877,1,1
PPO-coload-120-large-r0-B40320,coload-120,large,0,6,"(0.3, 0.7)",1920,1920,0,candidate_budget_reached,240,43.93919580000511,1,1
PPO-coload-120-large-r0-B40320,coload-120,large,0,7,"(0.35, 0.65)",1920,1920,0,candidate_budget_reached,240,44.350284200001624,1,1
PPO-coload-120-large-r0-B40320,coload-120,large,0,8,"(0.4, 0.6)",1920,1920,0,candidate_budget_reached,240,44.36500370000431,1,1
PPO-coload-120-large-r0-B40320,coload-120,large,0,9,"(0.45, 0.55)",1920,1920,0,candidate_budget_reached,240,42.71389369999815,1,1
PPO-coload-120-large-r0-B40320,coload-120,large,0,10,"(0.5, 0.5)",1920,1920,0,candidate_budget_reached,240,43.050934300001245,1,1
PPO-coload-120-large-r0-B40320,coload-120,large,0,11,"(0.55, 0.44999999999999996)",1920,1920,0,candidate_budget_reached,240,41.54361140000401,1,1
PPO-coload-120-large-r0-B40320,coload-120,large,0,12,"(0.6, 0.4)",1920,1920,0,candidate_budget_reached,240,39.397120699999505,1,1
PPO-coload-120-large-r0-B40320,coload-120,large,0,13,"(0.65, 0.35)",1920,1920,0,candidate_budget_reached,240,39.38772820000304,1,1
PPO-coload-120-large-r0-B40320,coload-120,large,0,14,"(0.7, 0.30000000000000004)",1920,1920,0,candidate_budget_reached,240,39.751721300010104,1,1
PPO-coload-120-large-r0-B40320,coload-120,large,0,15,"(0.75, 0.25)",1920,1920,0,candidate_budget_reached,240,38.99271160000353,1,1
PPO-coload-120-large-r0-B40320,coload-120,large,0,16,"(0.8, 0.19999999999999996)",1920,1920,0,candidate_budget_reached,240,39.35739740000281,1,1
PPO-coload-120-large-r0-B40320,coload-120,large,0,17,"(0.85, 0.15000000000000002)",1920,1920,0,candidate_budget_reached,240,39.73848060000455,1,1
PPO-coload-120-large-r0-B40320,coload-120,large,0,18,"(0.9, 0.09999999999999998)",1920,1920,0,candidate_budget_reached,240,39.047459499997785,1,1
PPO-coload-120-large-r0-B40320,coload-120,large,0,19,"(0.95, 0.050000000000000044)",1920,1920,0,candidate_budget_reached,240,39.50319220000529,1,1
PPO-coload-120-large-r0-B40320,coload-120,large,0,20,"(1.0, 0.0)",1920,1920,0,candidate_budget_reached,240,39.27934789999563,1,1
PPO-coload-120-large-r1-B40320,coload-120,large,1,0,"(0.0, 1.0)",1920,1920,0,candidate_budget_reached,240,44.41591640000115,1,1
PPO-coload-120-large-r1-B40320,coload-120,large,1,1,"(0.05, 0.95)",1920,1920,0,candidate_budget_reached,240,43.839300799998455,1,1
PPO-coload-120-large-r1-B40320,coload-120,large,1,2,"(0.1, 0.9)",1920,1920,0,candidate_budget_reached,240,44.488142299989704,1,1
PPO-coload-120-large-r1-B40320,coload-120,large,1,3,"(0.15, 0.85)",1920,1920,0,candidate_budget_reached,240,44.09221430000616,1,1
PPO-coload-120-large-r1-B40320,coload-120,large,1,4,"(0.2, 0.8)",1920,1920,0,candidate_budget_reached,240,43.32366449999972,1,1
PPO-coload-120-large-r1-B40320,coload-120,large,1,5,"(0.25, 0.75)",1920,1920,0,candidate_budget_reached,240,46.511274400007096,1,1
PPO-coload-120-large-r1-B40320,coload-120,large,1,6,"(0.3, 0.7)",1920,1920,0,candidate_budget_reached,240,44.328140199999325,1,1
PPO-coload-120-large-r1-B40320,coload-120,large,1,7,"(0.35, 0.65)",1920,1920,0,candidate_budget_reached,240,43.11210349999601,1,1
PPO-coload-120-large-r1-B40320,coload-120,large,1,8,"(0.4, 0.6)",1920,1920,0,candidate_budget_reached,240,42.94264889998885,1,1
PPO-coload-120-large-r1-B40320,coload-120,large,1,9,"(0.45, 0.55)",1920,1920,0,candidate_budget_reached,240,42.827416000000085,1,1
PPO-coload-120-large-r1-B40320,coload-120,large,1,10,"(0.5, 0.5)",1920,1920,0,candidate_budget_reached,240,43.2966965999949,1,1
PPO-coload-120-large-r1-B40320,coload-120,large,1,11,"(0.55, 0.44999999999999996)",1920,1920,0,candidate_budget_reached,240,41.651551600007224,1,1
PPO-coload-120-large-r1-B40320,coload-120,large,1,12,"(0.6, 0.4)",1920,1920,0,candidate_budget_reached,240,39.46885920000204,1,1
PPO-coload-120-large-r1-B40320,coload-120,large,1,13,"(0.65, 0.35)",1920,1920,0,candidate_budget_reached,240,39.40435009999783,1,1
PPO-coload-120-large-r1-B40320,coload-120,large,1,14,"(0.7, 0.30000000000000004)",1920,1920,0,candidate_budget_reached,240,38.84545249999792,1,1
PPO-coload-120-large-r1-B40320,coload-120,large,1,15,"(0.75, 0.25)",1920,1920,0,candidate_budget_reached,240,38.60726660001092,1,1
PPO-coload-120-large-r1-B40320,coload-120,large,1,16,"(0.8, 0.19999999999999996)",1920,1920,0,candidate_budget_reached,240,38.787839900003746,1,1
PPO-coload-120-large-r1-B40320,coload-120,large,1,17,"(0.85, 0.15000000000000002)",1920,1920,0,candidate_budget_reached,240,39.33871830000135,1,1
PPO-coload-120-large-r1-B40320,coload-120,large,1,18,"(0.9, 0.09999999999999998)",1920,1920,0,candidate_budget_reached,240,39.302472399998805,1,1
PPO-coload-120-large-r1-B40320,coload-120,large,1,19,"(0.95, 0.050000000000000044)",1920,1920,0,candidate_budget_reached,240,40.20212270000775,1,1
PPO-coload-120-large-r1-B40320,coload-120,large,1,20,"(1.0, 0.0)",1920,1920,0,candidate_budget_reached,240,39.83061980000639,1,1
PPO-coload-120-large-r2-B40320,coload-120,large,2,0,"(0.0, 1.0)",1920,1920,0,candidate_budget_reached,240,42.64616709999973,1,1
PPO-coload-120-large-r2-B40320,coload-120,large,2,1,"(0.05, 0.95)",1920,1920,0,candidate_budget_reached,240,42.961284899996826,1,1
PPO-coload-120-large-r2-B40320,coload-120,large,2,2,"(0.1, 0.9)",1920,1920,0,candidate_budget_reached,240,44.901766700000735,1,1
PPO-coload-120-large-r2-B40320,coload-120,large,2,3,"(0.15, 0.85)",1920,1920,0,candidate_budget_reached,240,43.9286482000025,1,1
PPO-coload-120-large-r2-B40320,coload-120,large,2,4,"(0.2, 0.8)",1920,1920,0,candidate_budget_reached,240,44.73071849999542,1,1
PPO-coload-120-large-r2-B40320,coload-120,large,2,5,"(0.25, 0.75)",1920,1920,0,candidate_budget_reached,240,44.13648629999079,1,1
PPO-coload-120-large-r2-B40320,coload-120,large,2,6,"(0.3, 0.7)",1920,1920,0,candidate_budget_reached,240,44.241303500006325,1,1
PPO-coload-120-large-r2-B40320,coload-120,large,2,7,"(0.35, 0.65)",1920,1920,0,candidate_budget_reached,240,43.578633900004206,1,1
PPO-coload-120-large-r2-B40320,coload-120,large,2,8,"(0.4, 0.6)",1920,1920,0,candidate_budget_reached,240,43.835345500003314,1,1
PPO-coload-120-large-r2-B40320,coload-120,large,2,9,"(0.45, 0.55)",1920,1920,0,candidate_budget_reached,240,42.25813550000021,1,1
PPO-coload-120-large-r2-B40320,coload-120,large,2,10,"(0.5, 0.5)",1920,1920,0,candidate_budget_reached,240,45.700318399991374,1,1
PPO-coload-120-large-r2-B40320,coload-120,large,2,11,"(0.55, 0.44999999999999996)",1920,1920,0,candidate_budget_reached,240,41.603377499995986,1,1
PPO-coload-120-large-r2-B40320,coload-120,large,2,12,"(0.6, 0.4)",1920,1920,0,candidate_budget_reached,240,39.45507669998915,1,1
PPO-coload-120-large-r2-B40320,coload-120,large,2,13,"(0.65, 0.35)",1920,1920,0,candidate_budget_reached,240,39.452884400001494,1,1
PPO-coload-120-large-r2-B40320,coload-120,large,2,14,"(0.7, 0.30000000000000004)",1920,1920,0,candidate_budget_reached,240,39.905251899996074,1,1
PPO-coload-120-large-r2-B40320,coload-120,large,2,15,"(0.75, 0.25)",1920,1920,0,candidate_budget_reached,240,38.75185000000056,1,1
PPO-coload-120-large-r2-B40320,coload-120,large,2,16,"(0.8, 0.19999999999999996)",1920,1920,0,candidate_budget_reached,240,39.075370899998234,1,1
PPO-coload-120-large-r2-B40320,coload-120,large,2,17,"(0.85, 0.15000000000000002)",1920,1920,0,candidate_budget_reached,240,39.346792399999686,1,1
PPO-coload-120-large-r2-B40320,coload-120,large,2,18,"(0.9, 0.09999999999999998)",1920,1920,0,candidate_budget_reached,240,40.13989479999873,1,1
PPO-coload-120-large-r2-B40320,coload-120,large,2,19,"(0.95, 0.050000000000000044)",1920,1920,0,candidate_budget_reached,240,39.88107160000072,1,1
PPO-coload-120-large-r2-B40320,coload-120,large,2,20,"(1.0, 0.0)",1920,1920,0,candidate_budget_reached,240,39.004548600001726,1,1
PPO-coload-130-large-r0-B40320,coload-130,large,0,0,"(0.0, 1.0)",1920,1920,0,candidate_budget_reached,240,45.713971799996216,1,1
PPO-coload-130-large-r0-B40320,coload-130,large,0,1,"(0.05, 0.95)",1920,1920,0,candidate_budget_reached,240,43.75050259999989,1,1
PPO-coload-130-large-r0-B40320,coload-130,large,0,2,"(0.1, 0.9)",1920,1920,0,candidate_budget_reached,240,44.31567110000469,1,1
PPO-coload-130-large-r0-B40320,coload-130,large,0,3,"(0.15, 0.85)",1920,1920,0,candidate_budget_reached,240,44.62975969999388,1,1
PPO-coload-130-large-r0-B40320,coload-130,large,0,4,"(0.2, 0.8)",1920,1920,0,candidate_budget_reached,240,44.55190669999865,1,1
PPO-coload-130-large-r0-B40320,coload-130,large,0,5,"(0.25, 0.75)",1920,1920,0,candidate_budget_reached,240,43.733180699986406,1,1
PPO-coload-130-large-r0-B40320,coload-130,large,0,6,"(0.3, 0.7)",1920,1920,0,candidate_budget_reached,240,45.31030739999551,1,1
PPO-coload-130-large-r0-B40320,coload-130,large,0,7,"(0.35, 0.65)",1920,1920,0,candidate_budget_reached,240,44.62837420000869,1,1
PPO-coload-130-large-r0-B40320,coload-130,large,0,8,"(0.4, 0.6)",1920,1920,0,candidate_budget_reached,240,44.17034060000151,1,1
PPO-coload-130-large-r0-B40320,coload-130,large,0,9,"(0.45, 0.55)",1920,1920,0,candidate_budget_reached,240,41.7579601000034,1,1
PPO-coload-130-large-r0-B40320,coload-130,large,0,10,"(0.5, 0.5)",1920,1920,0,candidate_budget_reached,240,43.4287372000108,1,1
PPO-coload-130-large-r0-B40320,coload-130,large,0,11,"(0.55, 0.44999999999999996)",1920,1920,0,candidate_budget_reached,240,42.14051309999195,1,1
PPO-coload-130-large-r0-B40320,coload-130,large,0,12,"(0.6, 0.4)",1920,1920,0,candidate_budget_reached,240,39.15086510000401,1,1
PPO-coload-130-large-r0-B40320,coload-130,large,0,13,"(0.65, 0.35)",1920,1920,0,candidate_budget_reached,240,39.18456179999339,1,1
PPO-coload-130-large-r0-B40320,coload-130,large,0,14,"(0.7, 0.30000000000000004)",1920,1920,0,candidate_budget_reached,240,39.027774199988926,1,1
PPO-coload-130-large-r0-B40320,coload-130,large,0,15,"(0.75, 0.25)",1920,1920,0,candidate_budget_reached,240,39.386894700000994,1,1
PPO-coload-130-large-r0-B40320,coload-130,large,0,16,"(0.8, 0.19999999999999996)",1920,1920,0,candidate_budget_reached,240,39.20574140000099,1,1
PPO-coload-130-large-r0-B40320,coload-130,large,0,17,"(0.85, 0.15000000000000002)",1920,1920,0,candidate_budget_reached,240,39.7186750999972,1,1
PPO-coload-130-large-r0-B40320,coload-130,large,0,18,"(0.9, 0.09999999999999998)",1920,1920,0,candidate_budget_reached,240,38.923923399997875,1,1
PPO-coload-130-large-r0-B40320,coload-130,large,0,19,"(0.95, 0.050000000000000044)",1920,1920,0,candidate_budget_reached,240,40.25567689999298,1,1
PPO-coload-130-large-r0-B40320,coload-130,large,0,20,"(1.0, 0.0)",1920,1920,0,candidate_budget_reached,240,39.22020139999222,1,1
PPO-coload-130-large-r1-B40320,coload-130,large,1,0,"(0.0, 1.0)",1920,1920,0,candidate_budget_reached,240,42.53701679999358,1,1
PPO-coload-130-large-r1-B40320,coload-130,large,1,1,"(0.05, 0.95)",1920,1920,0,candidate_budget_reached,240,42.92271020000044,1,1
PPO-coload-130-large-r1-B40320,coload-130,large,1,2,"(0.1, 0.9)",1920,1920,0,candidate_budget_reached,240,45.17819680001412,1,1
PPO-coload-130-large-r1-B40320,coload-130,large,1,3,"(0.15, 0.85)",1920,1920,0,candidate_budget_reached,240,44.56211130000884,1,1
PPO-coload-130-large-r1-B40320,coload-130,large,1,4,"(0.2, 0.8)",1920,1920,0,candidate_budget_reached,240,43.827442800000426,1,1
PPO-coload-130-large-r1-B40320,coload-130,large,1,5,"(0.25, 0.75)",1920,1920,0,candidate_budget_reached,240,43.472341699991375,1,1
PPO-coload-130-large-r1-B40320,coload-130,large,1,6,"(0.3, 0.7)",1920,1920,0,candidate_budget_reached,240,45.52948389999801,1,1
PPO-coload-130-large-r1-B40320,coload-130,large,1,7,"(0.35, 0.65)",1920,1920,0,candidate_budget_reached,240,43.29503749999276,1,1
PPO-coload-130-large-r1-B40320,coload-130,large,1,8,"(0.4, 0.6)",1920,1920,0,candidate_budget_reached,240,42.8993591999897,1,1
PPO-coload-130-large-r1-B40320,coload-130,large,1,9,"(0.45, 0.55)",1920,1920,0,candidate_budget_reached,240,42.96071389999997,1,1
PPO-coload-130-large-r1-B40320,coload-130,large,1,10,"(0.5, 0.5)",1920,1920,0,candidate_budget_reached,240,44.47769580000022,1,1
PPO-coload-130-large-r1-B40320,coload-130,large,1,11,"(0.55, 0.44999999999999996)",1920,1920,0,candidate_budget_reached,240,41.75495800000499,1,1
PPO-coload-130-large-r1-B40320,coload-130,large,1,12,"(0.6, 0.4)",1920,1920,0,candidate_budget_reached,240,40.03050290000101,1,1
PPO-coload-130-large-r1-B40320,coload-130,large,1,13,"(0.65, 0.35)",1920,1920,0,candidate_budget_reached,240,39.858299100000295,1,1
PPO-coload-130-large-r1-B40320,coload-130,large,1,14,"(0.7, 0.30000000000000004)",1920,1920,0,candidate_budget_reached,240,39.58914579999691,1,1
PPO-coload-130-large-r1-B40320,coload-130,large,1,15,"(0.75, 0.25)",1920,1920,0,candidate_budget_reached,240,39.14803330000723,1,1
PPO-coload-130-large-r1-B40320,coload-130,large,1,16,"(0.8, 0.19999999999999996)",1920,1920,0,candidate_budget_reached,240,39.180768400008674,1,1
PPO-coload-130-large-r1-B40320,coload-130,large,1,17,"(0.85, 0.15000000000000002)",1920,1920,0,candidate_budget_reached,240,39.34836119999818,1,1
PPO-coload-130-large-r1-B40320,coload-130,large,1,18,"(0.9, 0.09999999999999998)",1920,1920,0,candidate_budget_reached,240,39.88418900000397,1,1
PPO-coload-130-large-r1-B40320,coload-130,large,1,19,"(0.95, 0.050000000000000044)",1920,1920,0,candidate_budget_reached,240,39.890612799994415,1,1
PPO-coload-130-large-r1-B40320,coload-130,large,1,20,"(1.0, 0.0)",1920,1920,0,candidate_budget_reached,240,39.42715709999902,1,1
PPO-coload-130-large-r2-B40320,coload-130,large,2,0,"(0.0, 1.0)",1920,1920,0,candidate_budget_reached,240,45.11213530000532,1,1
PPO-coload-130-large-r2-B40320,coload-130,large,2,1,"(0.05, 0.95)",1920,1920,0,candidate_budget_reached,240,42.9449270000041,1,1
PPO-coload-130-large-r2-B40320,coload-130,large,2,2,"(0.1, 0.9)",1920,1920,0,candidate_budget_reached,240,44.3785549000022,1,1
PPO-coload-130-large-r2-B40320,coload-130,large,2,3,"(0.15, 0.85)",1920,1920,0,candidate_budget_reached,240,43.115662399999565,1,1
PPO-coload-130-large-r2-B40320,coload-130,large,2,4,"(0.2, 0.8)",1920,1920,0,candidate_budget_reached,240,43.60655240000051,1,1
PPO-coload-130-large-r2-B40320,coload-130,large,2,5,"(0.25, 0.75)",1920,1920,0,candidate_budget_reached,240,46.04594409999845,1,1
PPO-coload-130-large-r2-B40320,coload-130,large,2,6,"(0.3, 0.7)",1920,1920,0,candidate_budget_reached,240,43.52248640000471,1,1
PPO-coload-130-large-r2-B40320,coload-130,large,2,7,"(0.35, 0.65)",1920,1920,0,candidate_budget_reached,240,43.38013740000315,1,1
PPO-coload-130-large-r2-B40320,coload-130,large,2,8,"(0.4, 0.6)",1920,1920,0,candidate_budget_reached,240,42.57732019999821,1,1
PPO-coload-130-large-r2-B40320,coload-130,large,2,9,"(0.45, 0.55)",1920,1920,0,candidate_budget_reached,240,44.25988399999915,1,1
PPO-coload-130-large-r2-B40320,coload-130,large,2,10,"(0.5, 0.5)",1920,1920,0,candidate_budget_reached,240,42.450398300003144,1,1
PPO-coload-130-large-r2-B40320,coload-130,large,2,11,"(0.55, 0.44999999999999996)",1920,1920,0,candidate_budget_reached,240,41.63651660000323,1,1
PPO-coload-130-large-r2-B40320,coload-130,large,2,12,"(0.6, 0.4)",1920,1920,0,candidate_budget_reached,240,38.85312170001271,1,1
PPO-coload-130-large-r2-B40320,coload-130,large,2,13,"(0.65, 0.35)",1920,1920,0,candidate_budget_reached,240,39.38540900000953,1,1
PPO-coload-130-large-r2-B40320,coload-130,large,2,14,"(0.7, 0.30000000000000004)",1920,1920,0,candidate_budget_reached,240,40.24972730000445,1,1
PPO-coload-130-large-r2-B40320,coload-130,large,2,15,"(0.75, 0.25)",1920,1920,0,candidate_budget_reached,240,40.41112359998806,1,1
PPO-coload-130-large-r2-B40320,coload-130,large,2,16,"(0.8, 0.19999999999999996)",1920,1920,0,candidate_budget_reached,240,39.24490460001107,1,1
PPO-coload-130-large-r2-B40320,coload-130,large,2,17,"(0.85, 0.15000000000000002)",1920,1920,0,candidate_budget_reached,240,38.81730540000717,1,1
PPO-coload-130-large-r2-B40320,coload-130,large,2,18,"(0.9, 0.09999999999999998)",1920,1920,0,candidate_budget_reached,240,39.06972569999925,1,1
PPO-coload-130-large-r2-B40320,coload-130,large,2,19,"(0.95, 0.050000000000000044)",1920,1920,0,candidate_budget_reached,240,39.523221499999636,1,1
PPO-coload-130-large-r2-B40320,coload-130,large,2,20,"(1.0, 0.0)",1920,1920,0,candidate_budget_reached,240,39.917693399998825,1,1
