scenario,instance_id,b_C,b_R,solution_id,cost,risk,archive_id,solution_path
baseline,test-Test-4-000--revision-v4,51700.426665000006,15393.350068342135,aea6fd3440c91ba418d8adda5a6267a6fb44edb996359c9e8cc8ea4e788b40c5,21954.010259000002,5496.866573858585,PPO-Test-4-large-r1-B40320,solutions/test-Test-4-000--revision-v4/aea6fd3440c91ba418d8adda5a6267a6fb44edb996359c9e8cc8ea4e788b40c5.json
baseline,test-Test-4-000--revision-v4,51700.426665000006,15393.350068342135,e117a095d960e18ee64d20140ffb9b5b87b79993d7e7fb75c585f2b891fda56d,22579.895892,5473.643867828282,PPO-Test-4-large-r1-B40320,solutions/test-Test-4-000--revision-v4/e117a095d960e18ee64d20140ffb9b5b87b79993d7e7fb75c585f2b891fda56d.json
baseline,test-Test-4-000--revision-v4,51700.426665000006,15393.350068342135,674953d195bfd6e903c9301acafdf3a5ebc1a0ce4c9f2341162888ae0f5f41f8,22988.278411000007,5166.362532777858,PPO-Test-4-large-r2-B40320,solutions/test-Test-4-000--revision-v4/674953d195bfd6e903c9301acafdf3a5ebc1a0ce4c9f2341162888ae0f5f41f8.json
baseline,test-Test-4-000--revision-v4,51700.426665000006,15393.350068342135,29b4ce9328108bdaec74de5307619ef481239cff40c0383a84369e4cabe9aa07,23009.263411000007,5140.950993913925,PPO-Test-4-large-r2-B40320,solutions/test-Test-4-000--revision-v4/29b4ce9328108bdaec74de5307619ef481239cff40c0383a84369e4cabe9aa07.json
baseline,test-Test-4-000--revision-v4,51700.426665000006,15393.350068342135,e2af13014364fff8d5d3d2ba14d91710cde2dfdd95b4d96af18a741d192b2d01,23041.56041100001,5105.069400028906,PPO-Test-4-large-r2-B40320,solutions/test-Test-4-000--revision-v4/e2af13014364fff8d5d3d2ba14d91710cde2dfdd95b4d96af18a741d192b2d01.json
baseline,test-Test-4-000--revision-v4,51700.426665000006,15393.350068342135,04e1e0203111df1e1a20e714a6bcd6db8d4f65aa3ca6fed90eec23e29410b931,23054.16041100001,5057.360182808502,PPO-Test-4-large-r2-B40320,solutions/test-Test-4-000--revision-v4/04e1e0203111df1e1a20e714a6bcd6db8d4f65aa3ca6fed90eec23e29410b931.json
baseline,test-Test-4-000--revision-v4,51700.426665000006,15393.350068342135,f9146bac1b498c40e3211e4a41b693421b3fce5bf883f2c1997d390a16341056,23169.231411000008,4806.645361573447,PPO-Test-4-large-r2-B40320,solutions/test-Test-4-000--revision-v4/f9146bac1b498c40e3211e4a41b693421b3fce5bf883f2c1997d390a16341056.json
baseline,test-Test-4-000--revision-v4,51700.426665000006,15393.350068342135,4ddc5e0522b456da40661788d53fddf87e0ece3e31e144b0da5be0fcd6b21ec3,23177.80841100001,4799.111710229329,PPO-Test-4-large-r2-B40320,solutions/test-Test-4-000--revision-v4/4ddc5e0522b456da40661788d53fddf87e0ece3e31e144b0da5be0fcd6b21ec3.json
baseline,test-Test-4-000--revision-v4,51700.426665000006,15393.350068342135,8fb8222c8080694b64dd2bb62be67c5b581cb5253b5c62dac03882c5c5625306,23373.606411000015,4795.2348628130885,PPO-Test-4-large-r2-B40320,solutions/test-Test-4-000--revision-v4/8fb8222c8080694b64dd2bb62be67c5b581cb5253b5c62dac03882c5c5625306.json
baseline,test-Test-4-000--revision-v4,51700.426665000006,15393.350068342135,55236631c14420fe007d5296fa347b8d33ba0705ba44973e62f62762574d6289,23375.600411000007,4754.790450880413,PPO-Test-4-large-r2-B40320,solutions/test-Test-4-000--revision-v4/55236631c14420fe007d5296fa347b8d33ba0705ba44973e62f62762574d6289.json
baseline,test-Test-4-000--revision-v4,51700.426665000006,15393.350068342135,6d652ce0ebb40c32cf4ca9c764cde38c919707d98739d1d03a4ef8066953b8e7,23415.600411000007,4674.941088205418,PPO-Test-4-large-r2-B40320,solutions/test-Test-4-000--revision-v4/6d652ce0ebb40c32cf4ca9c764cde38c919707d98739d1d03a4ef8066953b8e7.json
baseline,test-Test-4-000--revision-v4,51700.426665000006,15393.350068342135,ba0197d93b5c2ef20e4914e97b8ed53533c91cec3f31c788db585608388625bf,23647.32847400001,3547.8873222849093,PPO-Test-4-large-r0-B40320,solutions/test-Test-4-000--revision-v4/ba0197d93b5c2ef20e4914e97b8ed53533c91cec3f31c788db585608388625bf.json
baseline,test-Test-4-000--revision-v4,51700.426665000006,15393.350068342135,122ecdb148182d7d2dd05909b104b62372c44aaaa3a1d34fec2fcf82eaf67302,23653.49347400001,3545.9550126257964,PPO-Test-4-large-r0-B40320,solutions/test-Test-4-000--revision-v4/122ecdb148182d7d2dd05909b104b62372c44aaaa3a1d34fec2fcf82eaf67302.json
baseline,test-Test-4-000--revision-v4,51700.426665000006,15393.350068342135,585052d354db23659d2d73647b95952fae0dc71e141ce506887fdb9f4c5d10a3,23709.919334000013,3513.3119989035636,PPO-Test-4-large-r0-B40320,solutions/test-Test-4-000--revision-v4/585052d354db23659d2d73647b95952fae0dc71e141ce506887fdb9f4c5d10a3.json
baseline,test-Test-4-000--revision-v4,51700.426665000006,15393.350068342135,1a2d45907df38ab6e6bcd9ac71c3bddc9a9009d1d18b0d2acf74355be6db0b14,23802.658124000012,3506.6304629165725,PPO-Test-4-large-r0-B40320,solutions/test-Test-4-000--revision-v4/1a2d45907df38ab6e6bcd9ac71c3bddc9a9009d1d18b0d2acf74355be6db0b14.json
baseline,test-Test-4-000--revision-v4,51700.426665000006,15393.350068342135,767dd3896a1cf2ac371871da82c57f096481fa1b900e8ea246ade3b1f039359a,25504.583707,3163.675730695978,PPO-Test-4-large-r0-B40320,solutions/test-Test-4-000--revision-v4/767dd3896a1cf2ac371871da82c57f096481fa1b900e8ea246ade3b1f039359a.json
baseline,test-Test-4-000--revision-v4,51700.426665000006,15393.350068342135,c9eda7e8c206fd4799769f49792746a7b886c26fee00665635834652d23978ea,25522.313707000005,3098.0047997836937,PPO-Test-4-large-r0-B40320,solutions/test-Test-4-000--revision-v4/c9eda7e8c206fd4799769f49792746a7b886c26fee00665635834652d23978ea.json
baseline,test-Test-4-000--revision-v4,51700.426665000006,15393.350068342135,aa011be0f21164119a41151bb9deb3da37f0d3d6f39392ac945db8e22faecf78,25579.357207000005,3091.8740806317974,PPO-Test-4-large-r0-B40320,solutions/test-Test-4-000--revision-v4/aa011be0f21164119a41151bb9deb3da37f0d3d6f39392ac945db8e22faecf78.json
baseline,test-Test-4-000--revision-v4,51700.426665000006,15393.350068342135,8e726b09530d39d34c434dbbb83d866279bbee24f34b1e24b2a5b559df47b24e,25591.642207,3074.3689904759694,PPO-Test-4-large-r0-B40320,solutions/test-Test-4-000--revision-v4/8e726b09530d39d34c434dbbb83d866279bbee24f34b1e24b2a5b559df47b24e.json
baseline,test-Test-4-000--revision-v4,51700.426665000006,15393.350068342135,9cfb552d6aa2eeb87b1db8105e9fdc1db95323dc059715ec05d24a40b7fec40e,25613.387700000003,2910.5379261147073,PPO-Test-4-large-r1-B40320,solutions/test-Test-4-000--revision-v4/9cfb552d6aa2eeb87b1db8105e9fdc1db95323dc059715ec05d24a40b7fec40e.json
baseline,test-Test-4-000--revision-v4,51700.426665000006,15393.350068342135,ed6567583b9b860138d640761ac63ca4d6e22fba4f7f49e6d9788a0b9cbc49bd,25688.755304,2906.6901081302194,PPO-Test-4-large-r1-B40320,solutions/test-Test-4-000--revision-v4/ed6567583b9b860138d640761ac63ca4d6e22fba4f7f49e6d9788a0b9cbc49bd.json
baseline,test-Test-4-000--revision-v4,51700.426665000006,15393.350068342135,ca96a66c0031ae1c33fed00f1d0f0ee49f5843e22c306c11d2755f195ff8d3e4,25711.8987,2878.71564853046,PPO-Test-4-large-r1-B40320,solutions/test-Test-4-000--revision-v4/ca96a66c0031ae1c33fed00f1d0f0ee49f5843e22c306c11d2755f195ff8d3e4.json
baseline,test-Test-4-000--revision-v4,51700.426665000006,15393.350068342135,ec1d7ea199b3dbcd824d1f507a2244eda477d445c8a5ab4604a558cba8a50067,25738.0587,2876.2324987325924,PPO-Test-4-large-r1-B40320,solutions/test-Test-4-000--revision-v4/ec1d7ea199b3dbcd824d1f507a2244eda477d445c8a5ab4604a558cba8a50067.json
baseline,test-Test-4-000--revision-v4,51700.426665000006,15393.350068342135,8906ec4d20e630da5c989eb7fdd04a5a74cc7859c65146cec2ebf8635a63e4ef,25790.3697,2833.527991056813,PPO-Test-4-large-r1-B40320,solutions/test-Test-4-000--revision-v4/8906ec4d20e630da5c989eb7fdd04a5a74cc7859c65146cec2ebf8635a63e4ef.json
baseline,test-Test-4-000--revision-v4,51700.426665000006,15393.350068342135,c7c733fea02d3ea3537a3c6087c682a73f036b59ff42dec67cb3634dd2dd2042,25841.644893,2826.7112940118363,PPO-Test-4-large-r1-B40320,solutions/test-Test-4-000--revision-v4/c7c733fea02d3ea3537a3c6087c682a73f036b59ff42dec67cb3634dd2dd2042.json
baseline,test-Test-4-000--revision-v4,51700.426665000006,15393.350068342135,b6287f0f87f3df044bb1e4675519390982c0bf7deef01c6e8e78d264960fbbc1,26160.765077,2820.2193668444165,PPO-Test-4-large-r1-B40320,solutions/test-Test-4-000--revision-v4/b6287f0f87f3df044bb1e4675519390982c0bf7deef01c6e8e78d264960fbbc1.json
baseline,test-Test-4-000--revision-v4,51700.426665000006,15393.350068342135,e3098083f0304f90eb30e0bc269595520b30c36d02cf6724f69874cc7ce21974,27433.687303,2815.2416411416148,PPO-Test-4-large-r2-B40320,solutions/test-Test-4-000--revision-v4/e3098083f0304f90eb30e0bc269595520b30c36d02cf6724f69874cc7ce21974.json
baseline,test-Test-4-000--revision-v4,51700.426665000006,15393.350068342135,5cb6153d70f458dfc195756a3043ae3fc10ed547ca304060a4fb5519d2ef5883,27456.859302999997,2798.988573217493,PPO-Test-4-large-r2-B40320,solutions/test-Test-4-000--revision-v4/5cb6153d70f458dfc195756a3043ae3fc10ed547ca304060a4fb5519d2ef5883.json
baseline,test-Test-4-000--revision-v4,51700.426665000006,15393.350068342135,fe8a8d45b74e0011a72933bfa9ea0a3a32773528bd49c6d98628af4ba2852e9b,27472.666302999998,2795.060782785418,PPO-Test-4-large-r2-B40320,solutions/test-Test-4-000--revision-v4/fe8a8d45b74e0011a72933bfa9ea0a3a32773528bd49c6d98628af4ba2852e9b.json
baseline,test-Test-4-000--revision-v4,51700.426665000006,15393.350068342135,796b39f713d92c32bc6bb5e6904fd5ee0e82f449f9633987abbd90c41b1d6213,27913.569664,2428.1222826534067,PPO-Test-4-large-r2-B40320,solutions/test-Test-4-000--revision-v4/796b39f713d92c32bc6bb5e6904fd5ee0e82f449f9633987abbd90c41b1d6213.json
baseline,test-Test-4-000--revision-v4,51700.426665000006,15393.350068342135,292342cd931e14d82bd95c8eaa43aeefb72624a7df331a90727e6c4d4886d355,28030.406737999998,2411.1014095350865,PPO-Test-4-large-r2-B40320,solutions/test-Test-4-000--revision-v4/292342cd931e14d82bd95c8eaa43aeefb72624a7df331a90727e6c4d4886d355.json
baseline,test-Test-4-000--revision-v4,51700.426665000006,15393.350068342135,8146706b2715e3086e951105364d1258f279915403a90187d1cf40e3d132f79d,28125.056738,2404.2404331888497,PPO-Test-4-large-r2-B40320,solutions/test-Test-4-000--revision-v4/8146706b2715e3086e951105364d1258f279915403a90187d1cf40e3d132f79d.json
baseline,test-Test-4-000--revision-v4,51700.426665000006,15393.350068342135,43c8eeb6fed23c27162128458ef3a8e1d71a972ed46bba208245d2f19ca185fb,28243.613737999996,2399.977048170385,PPO-Test-4-large-r2-B40320,solutions/test-Test-4-000--revision-v4/43c8eeb6fed23c27162128458ef3a8e1d71a972ed46bba208245d2f19ca185fb.json
baseline,test-Test-4-000--revision-v4,51700.426665000006,15393.350068342135,8b2e4b69efb7aa5c534b3b942e08378f7e5b655c1ee51a56752f4be33e3ff51b,34098.921741000006,1924.0261238863293,PPO-Test-4-large-r0-B40320,solutions/test-Test-4-000--revision-v4/8b2e4b69efb7aa5c534b3b942e08378f7e5b655c1ee51a56752f4be33e3ff51b.json
baseline,test-Test-4-000--revision-v4,51700.426665000006,15393.350068342135,d0b6f0705aca5d90cf2893aee47cdbbc88438793886e7a5c206a043234220ee7,34130.403741,1863.2548421874592,PPO-Test-4-large-r0-B40320,solutions/test-Test-4-000--revision-v4/d0b6f0705aca5d90cf2893aee47cdbbc88438793886e7a5c206a043234220ee7.json
baseline,test-Test-4-000--revision-v4,51700.426665000006,15393.350068342135,26ad2557b2232f46d61d47b9981ebd517754dd214751bf8be93d6df6fcd02283,34403.616741000005,1838.2075354101873,PPO-Test-4-large-r0-B40320,solutions/test-Test-4-000--revision-v4/26ad2557b2232f46d61d47b9981ebd517754dd214751bf8be93d6df6fcd02283.json
capacity-70,test-Test-4-000--revision-v4--capacity-70,54207.20426199997,10099.99439118735,dd17ab76c7f98b37e94317d32bfbbfc76ba53a9baaaec72c075f752360734cca,25964.90516699999,4201.204008311734,PPO-capacity-70-large-r0-B40320,solutions/test-Test-4-000--revision-v4--capacity-70/dd17ab76c7f98b37e94317d32bfbbfc76ba53a9baaaec72c075f752360734cca.json
capacity-70,test-Test-4-000--revision-v4--capacity-70,54207.20426199997,10099.99439118735,b4b6e1547f28b8d6db5a77ebf3a6c1ecc5adfff0fa45d6f8433f0d1a12c7dbe5,26000.03816699999,4197.016023727784,PPO-capacity-70-large-r0-B40320,solutions/test-Test-4-000--revision-v4--capacity-70/b4b6e1547f28b8d6db5a77ebf3a6c1ecc5adfff0fa45d6f8433f0d1a12c7dbe5.json
capacity-70,test-Test-4-000--revision-v4--capacity-70,54207.20426199997,10099.99439118735,c31762418e948350d1aa20e01bb3f56e2572a13b30940cac379de91beaae4379,26030.29359299999,4192.1858775256205,PPO-capacity-70-large-r0-B40320,solutions/test-Test-4-000--revision-v4--capacity-70/c31762418e948350d1aa20e01bb3f56e2572a13b30940cac379de91beaae4379.json
capacity-70,test-Test-4-000--revision-v4--capacity-70,54207.20426199997,10099.99439118735,965d3a74a108dab4952c4e69ee2d56df2090e2e049eda722b3e0346dc4931dd2,26032.802433000008,3903.544635764643,PPO-capacity-70-large-r0-B40320,solutions/test-Test-4-000--revision-v4--capacity-70/965d3a74a108dab4952c4e69ee2d56df2090e2e049eda722b3e0346dc4931dd2.json
capacity-70,test-Test-4-000--revision-v4--capacity-70,54207.20426199997,10099.99439118735,4aff0791b5088a541ffe2eba8fcee375c514dbf086bb4284f7848f3eb2d14b3b,26033.381433000006,3899.671509734809,PPO-capacity-70-large-r0-B40320,solutions/test-Test-4-000--revision-v4--capacity-70/4aff0791b5088a541ffe2eba8fcee375c514dbf086bb4284f7848f3eb2d14b3b.json
capacity-70,test-Test-4-000--revision-v4--capacity-70,54207.20426199997,10099.99439118735,aa5baaa63f1cb0b8c2342653dd9388738a1863b62719a463e70b92602b653484,26073.37443300001,3868.409062396739,PPO-capacity-70-large-r0-B40320,solutions/test-Test-4-000--revision-v4--capacity-70/aa5baaa63f1cb0b8c2342653dd9388738a1863b62719a463e70b92602b653484.json
capacity-70,test-Test-4-000--revision-v4--capacity-70,54207.20426199997,10099.99439118735,52d1f0d791ffe627860ace6a88cf5d2aa2aa4f68b4e32312fe23a9d19fea71f6,26091.93041299999,3350.4267481218094,PPO-capacity-70-large-r1-B40320,solutions/test-Test-4-000--revision-v4--capacity-70/52d1f0d791ffe627860ace6a88cf5d2aa2aa4f68b4e32312fe23a9d19fea71f6.json
capacity-70,test-Test-4-000--revision-v4--capacity-70,54207.20426199997,10099.99439118735,b2c0a8279da1f38ec27f9107922af118f4cf6a1fffd10e520986bd23a5ce598b,26168.079412999992,3177.0603301302863,PPO-capacity-70-large-r1-B40320,solutions/test-Test-4-000--revision-v4--capacity-70/b2c0a8279da1f38ec27f9107922af118f4cf6a1fffd10e520986bd23a5ce598b.json
capacity-70,test-Test-4-000--revision-v4--capacity-70,54207.20426199997,10099.99439118735,2eddeb6ad2c28aaa39e2f2f109ab9ec4eedc7f57554a33ba64e3d6c3367c4375,26283.854412999994,3144.543599439999,PPO-capacity-70-large-r1-B40320,solutions/test-Test-4-000--revision-v4--capacity-70/2eddeb6ad2c28aaa39e2f2f109ab9ec4eedc7f57554a33ba64e3d6c3367c4375.json
capacity-70,test-Test-4-000--revision-v4--capacity-70,54207.20426199997,10099.99439118735,a7348e407aa6846d33b77a247ac7b098667e1e09fe7c0c274396e54462b9ea68,26308.644412999995,3132.9099058969355,PPO-capacity-70-large-r1-B40320,solutions/test-Test-4-000--revision-v4--capacity-70/a7348e407aa6846d33b77a247ac7b098667e1e09fe7c0c274396e54462b9ea68.json
capacity-70,test-Test-4-000--revision-v4--capacity-70,54207.20426199997,10099.99439118735,f31ac077a32a23e4cb5fc6d4d0b84d6ff528db47b656501182c9512b8a8dd3ce,27768.155224000002,2724.0689071548386,PPO-capacity-70-large-r2-B40320,solutions/test-Test-4-000--revision-v4--capacity-70/f31ac077a32a23e4cb5fc6d4d0b84d6ff528db47b656501182c9512b8a8dd3ce.json
capacity-70,test-Test-4-000--revision-v4--capacity-70,54207.20426199997,10099.99439118735,0b1443910f8b7a63e231795307b2eae17221f69a23fd69386b6dda6287ee1869,27768.692224000002,2720.596458334955,PPO-capacity-70-large-r2-B40320,solutions/test-Test-4-000--revision-v4--capacity-70/0b1443910f8b7a63e231795307b2eae17221f69a23fd69386b6dda6287ee1869.json
capacity-70,test-Test-4-000--revision-v4--capacity-70,54207.20426199997,10099.99439118735,3552f3e3a23c3a5de209f2a2e50c7fdbe02e96d43b2271a0abe2fc034cf0e402,27771.818224000002,2718.439674941084,PPO-capacity-70-large-r2-B40320,solutions/test-Test-4-000--revision-v4--capacity-70/3552f3e3a23c3a5de209f2a2e50c7fdbe02e96d43b2271a0abe2fc034cf0e402.json
capacity-70,test-Test-4-000--revision-v4--capacity-70,54207.20426199997,10099.99439118735,5702fddb2f545beec27b2aa573ca8ae6df51613c92d88e999888a12e0a11f73a,27776.758916,2715.787778682427,PPO-capacity-70-large-r2-B40320,solutions/test-Test-4-000--revision-v4--capacity-70/5702fddb2f545beec27b2aa573ca8ae6df51613c92d88e999888a12e0a11f73a.json
capacity-70,test-Test-4-000--revision-v4--capacity-70,54207.20426199997,10099.99439118735,29d58ca0272686173707874c31a598e14c6c16c8dd63d857b2399e43634a34bc,27779.749916,2714.252879316296,PPO-capacity-70-large-r2-B40320,solutions/test-Test-4-000--revision-v4--capacity-70/29d58ca0272686173707874c31a598e14c6c16c8dd63d857b2399e43634a34bc.json
capacity-70,test-Test-4-000--revision-v4--capacity-70,54207.20426199997,10099.99439118735,543183af065b247e9d42e39df0fe3659dff05fd0a4e042f702800ed49aaf70e6,27779.884916,2713.6309952885554,PPO-capacity-70-large-r2-B40320,solutions/test-Test-4-000--revision-v4--capacity-70/543183af065b247e9d42e39df0fe3659dff05fd0a4e042f702800ed49aaf70e6.json
capacity-70,test-Test-4-000--revision-v4--capacity-70,54207.20426199997,10099.99439118735,9b4a0ae28a9c8681b3a4f46c59c5c4767465a6612128989408afad8efaba522d,27788.449916,2709.6603951860197,PPO-capacity-70-large-r2-B40320,solutions/test-Test-4-000--revision-v4--capacity-70/9b4a0ae28a9c8681b3a4f46c59c5c4767465a6612128989408afad8efaba522d.json
capacity-70,test-Test-4-000--revision-v4--capacity-70,54207.20426199997,10099.99439118735,7e33e4151655f9d855e1f560b0c6c8c0dfe404e0891f6c2ad406a9e1f2dd607c,27935.294224000005,2677.7030840997327,PPO-capacity-70-large-r2-B40320,solutions/test-Test-4-000--revision-v4--capacity-70/7e33e4151655f9d855e1f560b0c6c8c0dfe404e0891f6c2ad406a9e1f2dd607c.json
capacity-70,test-Test-4-000--revision-v4--capacity-70,54207.20426199997,10099.99439118735,9aa917eb3984a39c9c661ad28f334f521f5f8776ab1ee0443a53b09f24229d8f,28149.804066999983,2522.0030658288833,PPO-capacity-70-large-r0-B40320,solutions/test-Test-4-000--revision-v4--capacity-70/9aa917eb3984a39c9c661ad28f334f521f5f8776ab1ee0443a53b09f24229d8f.json
capacity-70,test-Test-4-000--revision-v4--capacity-70,54207.20426199997,10099.99439118735,2b37c46285f0af483750e4ae775dfac7a99e8e705d153245b9362c535ad3ca36,28753.62006699999,2520.7028044860217,PPO-capacity-70-large-r0-B40320,solutions/test-Test-4-000--revision-v4--capacity-70/2b37c46285f0af483750e4ae775dfac7a99e8e705d153245b9362c535ad3ca36.json
capacity-70,test-Test-4-000--revision-v4--capacity-70,54207.20426199997,10099.99439118735,b989e14111cd817cd0987a965b1acfb266633d620b7eabedaf58ff9fff1fca99,30228.389962999987,2381.9924777688125,PPO-capacity-70-large-r1-B40320,solutions/test-Test-4-000--revision-v4--capacity-70/b989e14111cd817cd0987a965b1acfb266633d620b7eabedaf58ff9fff1fca99.json
capacity-70,test-Test-4-000--revision-v4--capacity-70,54207.20426199997,10099.99439118735,67666c9ed9ec2ca3f5e102037ffffa0444dacdc7b9d7d21c407e3dcad812b2a9,30255.412428999985,2368.962625235713,PPO-capacity-70-large-r1-B40320,solutions/test-Test-4-000--revision-v4--capacity-70/67666c9ed9ec2ca3f5e102037ffffa0444dacdc7b9d7d21c407e3dcad812b2a9.json
capacity-70,test-Test-4-000--revision-v4--capacity-70,54207.20426199997,10099.99439118735,0869988c4c6c02bac418c7169854e0c81e8cbde6503f14842c34826624f9c3c1,30268.351212999987,2360.8455568081554,PPO-capacity-70-large-r1-B40320,solutions/test-Test-4-000--revision-v4--capacity-70/0869988c4c6c02bac418c7169854e0c81e8cbde6503f14842c34826624f9c3c1.json
capacity-70,test-Test-4-000--revision-v4--capacity-70,54207.20426199997,10099.99439118735,1c66b867768d6254197aab270a9a61cb8282a6f9d07d6a39bfb14be21faacd01,30268.573212999985,2357.7393392652325,PPO-capacity-70-large-r1-B40320,solutions/test-Test-4-000--revision-v4--capacity-70/1c66b867768d6254197aab270a9a61cb8282a6f9d07d6a39bfb14be21faacd01.json
capacity-70,test-Test-4-000--revision-v4--capacity-70,54207.20426199997,10099.99439118735,fc13043b0e69e81c2affc632175c79275f12b62c9a08a0bc4237ec0f9691c661,30305.029212999987,2355.863067442551,PPO-capacity-70-large-r1-B40320,solutions/test-Test-4-000--revision-v4--capacity-70/fc13043b0e69e81c2affc632175c79275f12b62c9a08a0bc4237ec0f9691c661.json
capacity-70,test-Test-4-000--revision-v4--capacity-70,54207.20426199997,10099.99439118735,a4f7815ad3d7f98eac1a0e22ed176271fc3f92ddc76767a2d2610cfd70045c0b,30305.251212999985,2352.7568498996284,PPO-capacity-70-large-r1-B40320,solutions/test-Test-4-000--revision-v4--capacity-70/a4f7815ad3d7f98eac1a0e22ed176271fc3f92ddc76767a2d2610cfd70045c0b.json
capacity-70,test-Test-4-000--revision-v4--capacity-70,54207.20426199997,10099.99439118735,a4e9a1302e81f05cb7ec37f949970e4e446e0e1e47231616c584b5aaf856bc76,30306.125528999986,2350.5829208320993,PPO-capacity-70-large-r1-B40320,solutions/test-Test-4-000--revision-v4--capacity-70/a4e9a1302e81f05cb7ec37f949970e4e446e0e1e47231616c584b5aaf856bc76.json
capacity-70,test-Test-4-000--revision-v4--capacity-70,54207.20426199997,10099.99439118735,d9df559d3451fcfd99ac97f0be8b91c5dd9a8f903f286aa2c04d47a5e3cc0f51,30506.031708000002,2259.962873913866,PPO-capacity-70-large-r1-B40320,solutions/test-Test-4-000--revision-v4--capacity-70/d9df559d3451fcfd99ac97f0be8b91c5dd9a8f903f286aa2c04d47a5e3cc0f51.json
capacity-70,test-Test-4-000--revision-v4--capacity-70,54207.20426199997,10099.99439118735,7bf7aa121f54b04bb5a906f9a6e0b0f8c3ecb71cdb6e91cb1c5abaccac5095bd,30555.519708000007,2252.831171038914,PPO-capacity-70-large-r1-B40320,solutions/test-Test-4-000--revision-v4--capacity-70/7bf7aa121f54b04bb5a906f9a6e0b0f8c3ecb71cdb6e91cb1c5abaccac5095bd.json
capacity-70,test-Test-4-000--revision-v4--capacity-70,54207.20426199997,10099.99439118735,8c119ac4abf07e9f115383bdf52b1ddd6e29d76597024fb3cc2a1995fc45f11d,31114.60096700001,2241.866594911034,PPO-capacity-70-large-r2-B40320,solutions/test-Test-4-000--revision-v4--capacity-70/8c119ac4abf07e9f115383bdf52b1ddd6e29d76597024fb3cc2a1995fc45f11d.json
capacity-70,test-Test-4-000--revision-v4--capacity-70,54207.20426199997,10099.99439118735,c2f5a46c59c83ce8342bb2dc74ff2ba1a5686d6b0f066d751d4cb3a6c6744a0e,31151.25496700001,2238.5310656541506,PPO-capacity-70-large-r2-B40320,solutions/test-Test-4-000--revision-v4--capacity-70/c2f5a46c59c83ce8342bb2dc74ff2ba1a5686d6b0f066d751d4cb3a6c6744a0e.json
capacity-70,test-Test-4-000--revision-v4--capacity-70,54207.20426199997,10099.99439118735,d2f9e469174be9ed98a78bd8854de8813ec9f2de29f408b19ec43a596c5bb1ed,31162.88896700001,2236.5491480871187,PPO-capacity-70-large-r2-B40320,solutions/test-Test-4-000--revision-v4--capacity-70/d2f9e469174be9ed98a78bd8854de8813ec9f2de29f408b19ec43a596c5bb1ed.json
capacity-70,test-Test-4-000--revision-v4--capacity-70,54207.20426199997,10099.99439118735,bebda1bcde332fd07f5d31a6d43efe70bea7fb525d09491c93bc6d334ed1c7b7,31193.53696700001,2217.2578515370847,PPO-capacity-70-large-r2-B40320,solutions/test-Test-4-000--revision-v4--capacity-70/bebda1bcde332fd07f5d31a6d43efe70bea7fb525d09491c93bc6d334ed1c7b7.json
capacity-70,test-Test-4-000--revision-v4--capacity-70,54207.20426199997,10099.99439118735,9d4daab891fd3a2b8fe8f3426a2b81841b98024919f51f393e30070873cfeef9,31230.190967000006,2213.922322280201,PPO-capacity-70-large-r2-B40320,solutions/test-Test-4-000--revision-v4--capacity-70/9d4daab891fd3a2b8fe8f3426a2b81841b98024919f51f393e30070873cfeef9.json
capacity-70,test-Test-4-000--revision-v4--capacity-70,54207.20426199997,10099.99439118735,842ee1b2b11c43fdb2b6b0c6bccddfc46f45554372fb143c96f79728e48aed7b,31238.11396700001,2203.987362095733,PPO-capacity-70-large-r2-B40320,solutions/test-Test-4-000--revision-v4--capacity-70/842ee1b2b11c43fdb2b6b0c6bccddfc46f45554372fb143c96f79728e48aed7b.json
capacity-70,test-Test-4-000--revision-v4--capacity-70,54207.20426199997,10099.99439118735,92f868886a2998c84e0416efe6471422f453a0c09f4ded7b05aa8a13d11d2f80,31274.76796700001,2200.651832838849,PPO-capacity-70-large-r2-B40320,solutions/test-Test-4-000--revision-v4--capacity-70/92f868886a2998c84e0416efe6471422f453a0c09f4ded7b05aa8a13d11d2f80.json
capacity-70,test-Test-4-000--revision-v4--capacity-70,54207.20426199997,10099.99439118735,bfbcbc7c9ab67d27c53315a5459d58a9c2799a99f218d8422b598b90b864e232,31286.40196700001,2198.6699152718174,PPO-capacity-70-large-r2-B40320,solutions/test-Test-4-000--revision-v4--capacity-70/bfbcbc7c9ab67d27c53315a5459d58a9c2799a99f218d8422b598b90b864e232.json
capacity-70,test-Test-4-000--revision-v4--capacity-70,54207.20426199997,10099.99439118735,7623271842cef7f6e2affc61f0145e589f3cee6011dde4bf6330e520c68cec10,31472.46096700001,2183.325327466405,PPO-capacity-70-large-r2-B40320,solutions/test-Test-4-000--revision-v4--capacity-70/7623271842cef7f6e2affc61f0145e589f3cee6011dde4bf6330e520c68cec10.json
capacity-70,test-Test-4-000--revision-v4--capacity-70,54207.20426199997,10099.99439118735,60306418c15d26b99dab7e23ecc15a711042a9fbaee55961534b0128ffc0b3be,32182.168042,2183.1412759073137,PPO-capacity-70-large-r2-B40320,solutions/test-Test-4-000--revision-v4--capacity-70/60306418c15d26b99dab7e23ecc15a711042a9fbaee55961534b0128ffc0b3be.json
capacity-70,test-Test-4-000--revision-v4--capacity-70,54207.20426199997,10099.99439118735,7d48e11b9aae47bbe00203740d72cf79d66e162a19ca581cc6241e137aa1515d,32192.017600000003,2181.0429775594107,PPO-capacity-70-large-r2-B40320,solutions/test-Test-4-000--revision-v4--capacity-70/7d48e11b9aae47bbe00203740d72cf79d66e162a19ca581cc6241e137aa1515d.json
capacity-70,test-Test-4-000--revision-v4--capacity-70,54207.20426199997,10099.99439118735,ba1d88048fc21a27540f2693b3a39b4346dc9240c0d55c9283427268ffbec6b1,32243.63755500001,2171.4377938547987,PPO-capacity-70-large-r0-B40320,solutions/test-Test-4-000--revision-v4--capacity-70/ba1d88048fc21a27540f2693b3a39b4346dc9240c0d55c9283427268ffbec6b1.json
capacity-70,test-Test-4-000--revision-v4--capacity-70,54207.20426199997,10099.99439118735,6b4f6e45251f720a98d43556507223c6293b0999b73ca3e74c2ec7f67ebb9cc3,32251.080331999998,2163.116361745103,PPO-capacity-70-large-r2-B40320,solutions/test-Test-4-000--revision-v4--capacity-70/6b4f6e45251f720a98d43556507223c6293b0999b73ca3e74c2ec7f67ebb9cc3.json
capacity-70,test-Test-4-000--revision-v4--capacity-70,54207.20426199997,10099.99439118735,d0fc6aaa995d22c4e6225ceca7c0c049232912237493f79b3a83beb0a527a573,32251.128599999996,2120.8172170120038,PPO-capacity-70-large-r2-B40320,solutions/test-Test-4-000--revision-v4--capacity-70/d0fc6aaa995d22c4e6225ceca7c0c049232912237493f79b3a83beb0a527a573.json
capacity-70,test-Test-4-000--revision-v4--capacity-70,54207.20426199997,10099.99439118735,e9c5f471661d31396d6d97be9837ca6aab6bee2326c56884dc69db3ea4bb4434,32560.326806999998,1838.9535623375716,PPO-capacity-70-large-r1-B40320,solutions/test-Test-4-000--revision-v4--capacity-70/e9c5f471661d31396d6d97be9837ca6aab6bee2326c56884dc69db3ea4bb4434.json
capacity-70,test-Test-4-000--revision-v4--capacity-70,54207.20426199997,10099.99439118735,9908150429437662edbba90ee45a828c98abdbcb7e2ef57bd1fb7f54ce9aa614,37694.990215,1811.5382301397194,PPO-capacity-70-large-r1-B40320,solutions/test-Test-4-000--revision-v4--capacity-70/9908150429437662edbba90ee45a828c98abdbcb7e2ef57bd1fb7f54ce9aa614.json
capacity-70,test-Test-4-000--revision-v4--capacity-70,54207.20426199997,10099.99439118735,69845aaa16ff3ffbf65b550bde06d4a3fe8943832636a772bc2c4dca6404e5de,38096.72736099999,1810.7462236424885,PPO-capacity-70-large-r1-B40320,solutions/test-Test-4-000--revision-v4--capacity-70/69845aaa16ff3ffbf65b550bde06d4a3fe8943832636a772bc2c4dca6404e5de.json
capacity-70,test-Test-4-000--revision-v4--capacity-70,54207.20426199997,10099.99439118735,07219791af52ea1652814a82b324062b37dac854a791b60c76d59beca6aa911d,38187.59445099999,1810.6299179010568,PPO-capacity-70-large-r1-B40320,solutions/test-Test-4-000--revision-v4--capacity-70/07219791af52ea1652814a82b324062b37dac854a791b60c76d59beca6aa911d.json
capacity-70,test-Test-4-000--revision-v4--capacity-70,54207.20426199997,10099.99439118735,b67d7c0385978bb7e4350f573d1a0527baf02cd3da94335d07de6b66cf3e7db0,38254.059361,1809.8695283645534,PPO-capacity-70-large-r1-B40320,solutions/test-Test-4-000--revision-v4--capacity-70/b67d7c0385978bb7e4350f573d1a0527baf02cd3da94335d07de6b66cf3e7db0.json
capacity-70,test-Test-4-000--revision-v4--capacity-70,54207.20426199997,10099.99439118735,814f6168c84db4a813b288c0793e4c6f6e601953c1f35aaf39eaceb371346682,38433.53359399999,1643.7258456390534,PPO-capacity-70-large-r2-B40320,solutions/test-Test-4-000--revision-v4--capacity-70/814f6168c84db4a813b288c0793e4c6f6e601953c1f35aaf39eaceb371346682.json
capacity-70,test-Test-4-000--revision-v4--capacity-70,54207.20426199997,10099.99439118735,aded393a9d0045df6f799cef982879515f0ca8eb33807fac3d3b795e265f5e36,38720.00128999999,1640.6061959430183,PPO-capacity-70-large-r2-B40320,solutions/test-Test-4-000--revision-v4--capacity-70/aded393a9d0045df6f799cef982879515f0ca8eb33807fac3d3b795e265f5e36.json
capacity-70,test-Test-4-000--revision-v4--capacity-70,54207.20426199997,10099.99439118735,51e8432cf8269cd01d7045088c8257441ce7b589c6308284fb65797cf7c8f8e5,38857.34129,1631.6493492058455,PPO-capacity-70-large-r2-B40320,solutions/test-Test-4-000--revision-v4--capacity-70/51e8432cf8269cd01d7045088c8257441ce7b589c6308284fb65797cf7c8f8e5.json
capacity-70,test-Test-4-000--revision-v4--capacity-70,54207.20426199997,10099.99439118735,03f1d4e9374ff813d8587a27ffd690a1cb160e409a5d4a9f8d88d23b948aa87f,38911.631537999994,1627.5855685250297,PPO-capacity-70-large-r2-B40320,solutions/test-Test-4-000--revision-v4--capacity-70/03f1d4e9374ff813d8587a27ffd690a1cb160e409a5d4a9f8d88d23b948aa87f.json
capacity-80,test-Test-4-000--revision-v4--capacity-80,53720.242923999984,12160.408486884107,0cfacfa085c05eabe78793ea58314a1f09e334431a279b23fd03c5a426fa842c,25250.86665300001,5043.234752784579,PPO-capacity-80-large-r0-B40320,solutions/test-Test-4-000--revision-v4--capacity-80/0cfacfa085c05eabe78793ea58314a1f09e334431a279b23fd03c5a426fa842c.json
capacity-80,test-Test-4-000--revision-v4--capacity-80,53720.242923999984,12160.408486884107,904422bb442ecbba09aa5efc5756e1c09e02cd68f6203e758f51ee57c733d267,25262.896653000007,4989.038548110067,PPO-capacity-80-large-r0-B40320,solutions/test-Test-4-000--revision-v4--capacity-80/904422bb442ecbba09aa5efc5756e1c09e02cd68f6203e758f51ee57c733d267.json
capacity-80,test-Test-4-000--revision-v4--capacity-80,53720.242923999984,12160.408486884107,0e33ee9ed94c4ebf40850900cbf73dba922ef45c03a5acb97f41cfe5f11655d8,25276.19865300001,4965.578507546196,PPO-capacity-80-large-r0-B40320,solutions/test-Test-4-000--revision-v4--capacity-80/0e33ee9ed94c4ebf40850900cbf73dba922ef45c03a5acb97f41cfe5f11655d8.json
capacity-80,test-Test-4-000--revision-v4--capacity-80,53720.242923999984,12160.408486884107,6bc51997194fa93d644165c7b7dfbbbac35cf6891c0cac22e8026e00ab815f75,25337.59665300001,4944.135285614467,PPO-capacity-80-large-r0-B40320,solutions/test-Test-4-000--revision-v4--capacity-80/6bc51997194fa93d644165c7b7dfbbbac35cf6891c0cac22e8026e00ab815f75.json
capacity-80,test-Test-4-000--revision-v4--capacity-80,53720.242923999984,12160.408486884107,305675e29e1e86880c0bb01f256d0d76b46b5002fa34c0cf50fad8522cc3cf32,25404.432653000007,4931.692486881547,PPO-capacity-80-large-r0-B40320,solutions/test-Test-4-000--revision-v4--capacity-80/305675e29e1e86880c0bb01f256d0d76b46b5002fa34c0cf50fad8522cc3cf32.json
capacity-80,test-Test-4-000--revision-v4--capacity-80,53720.242923999984,12160.408486884107,0735bfff411d56ba2f6a98600b8a46b4ebc97c992b0259d09d6557b7965dff14,25419.28865300001,4903.6213116195195,PPO-capacity-80-large-r0-B40320,solutions/test-Test-4-000--revision-v4--capacity-80/0735bfff411d56ba2f6a98600b8a46b4ebc97c992b0259d09d6557b7965dff14.json
capacity-80,test-Test-4-000--revision-v4--capacity-80,53720.242923999984,12160.408486884107,4c7166b2cef3b8d48aa224af57e42b987a04828bef707c5f7c081b22c8fc333e,25457.919653000008,4887.097985622031,PPO-capacity-80-large-r0-B40320,solutions/test-Test-4-000--revision-v4--capacity-80/4c7166b2cef3b8d48aa224af57e42b987a04828bef707c5f7c081b22c8fc333e.json
capacity-80,test-Test-4-000--revision-v4--capacity-80,53720.242923999984,12160.408486884107,2a34b13ec1a96fdfe054eda870def1d4164201c0a4530cdce3d71c80bf288333,25459.61865300001,4781.421887297695,PPO-capacity-80-large-r0-B40320,solutions/test-Test-4-000--revision-v4--capacity-80/2a34b13ec1a96fdfe054eda870def1d4164201c0a4530cdce3d71c80bf288333.json
capacity-80,test-Test-4-000--revision-v4--capacity-80,53720.242923999984,12160.408486884107,d87651d1d3a4079f1fa1d48e3138d88885bc73f4b1985d51d9724c3d36ab74c2,25968.814182000002,4150.252563986705,PPO-capacity-80-large-r0-B40320,solutions/test-Test-4-000--revision-v4--capacity-80/d87651d1d3a4079f1fa1d48e3138d88885bc73f4b1985d51d9724c3d36ab74c2.json
capacity-80,test-Test-4-000--revision-v4--capacity-80,53720.242923999984,12160.408486884107,fd1ecb0ce03a3ae473a3d95966107be14c9e17b8af7264c960a0609074f6e06b,28073.26334099999,3736.5881846033117,PPO-capacity-80-large-r2-B40320,solutions/test-Test-4-000--revision-v4--capacity-80/fd1ecb0ce03a3ae473a3d95966107be14c9e17b8af7264c960a0609074f6e06b.json
capacity-80,test-Test-4-000--revision-v4--capacity-80,53720.242923999984,12160.408486884107,89a7c1237ce3b0183b4546e69c3b18b720fb4a820ecea7e50a27591905c985c8,28082.31434099999,3617.9089525675895,PPO-capacity-80-large-r2-B40320,solutions/test-Test-4-000--revision-v4--capacity-80/89a7c1237ce3b0183b4546e69c3b18b720fb4a820ecea7e50a27591905c985c8.json
capacity-80,test-Test-4-000--revision-v4--capacity-80,53720.242923999984,12160.408486884107,b4647a136092eade3eb73b7a6f674a7093a828e651da37762ec44736ca595aea,28087.62434099999,3589.5833950707997,PPO-capacity-80-large-r2-B40320,solutions/test-Test-4-000--revision-v4--capacity-80/b4647a136092eade3eb73b7a6f674a7093a828e651da37762ec44736ca595aea.json
capacity-80,test-Test-4-000--revision-v4--capacity-80,53720.242923999984,12160.408486884107,5b89e08cb113cdf2dc418c5aa7ed6f36501e3228aaa48b16e4f361edd52409bf,28089.751340999992,3587.772606171412,PPO-capacity-80-large-r2-B40320,solutions/test-Test-4-000--revision-v4--capacity-80/5b89e08cb113cdf2dc418c5aa7ed6f36501e3228aaa48b16e4f361edd52409bf.json
capacity-80,test-Test-4-000--revision-v4--capacity-80,53720.242923999984,12160.408486884107,a50e540cccc0e6d59868c5602e6473e271e6e7e643b6c88286c102642e3d3c6a,28145.239340999993,3573.9033639891463,PPO-capacity-80-large-r2-B40320,solutions/test-Test-4-000--revision-v4--capacity-80/a50e540cccc0e6d59868c5602e6473e271e6e7e643b6c88286c102642e3d3c6a.json
capacity-80,test-Test-4-000--revision-v4--capacity-80,53720.242923999984,12160.408486884107,f6def2dc53c2bb10790f503e348013912fa7f07012198dbda8c944155c34ca2b,28147.366340999994,3572.0925750897586,PPO-capacity-80-large-r2-B40320,solutions/test-Test-4-000--revision-v4--capacity-80/f6def2dc53c2bb10790f503e348013912fa7f07012198dbda8c944155c34ca2b.json
capacity-80,test-Test-4-000--revision-v4--capacity-80,53720.242923999984,12160.408486884107,a6f78d13259b1e56750b5e29de58fc4e68324bc474d8f77f2a5fb4cba4267b1b,28165.843341,3522.697312339037,PPO-capacity-80-large-r2-B40320,solutions/test-Test-4-000--revision-v4--capacity-80/a6f78d13259b1e56750b5e29de58fc4e68324bc474d8f77f2a5fb4cba4267b1b.json
capacity-80,test-Test-4-000--revision-v4--capacity-80,53720.242923999984,12160.408486884107,853183bfae546f7b7e89ba8c99d765ff7845767ec31a5ca6d600e5fb04e33058,28868.684985000007,3518.4850023782815,PPO-capacity-80-large-r2-B40320,solutions/test-Test-4-000--revision-v4--capacity-80/853183bfae546f7b7e89ba8c99d765ff7845767ec31a5ca6d600e5fb04e33058.json
capacity-80,test-Test-4-000--revision-v4--capacity-80,53720.242923999984,12160.408486884107,69cffc966a1167436983280f80af8e8974fa37ffd6f0e21f14078ce780c4ac7c,28876.830658,3243.3031204191666,PPO-capacity-80-large-r2-B40320,solutions/test-Test-4-000--revision-v4--capacity-80/69cffc966a1167436983280f80af8e8974fa37ffd6f0e21f14078ce780c4ac7c.json
capacity-80,test-Test-4-000--revision-v4--capacity-80,53720.242923999984,12160.408486884107,27c2fc3cfaf594fd482497a5452424cac790aa100bb329d7d8efc632d2f99a14,28898.283408000003,3129.1231723952224,PPO-capacity-80-large-r2-B40320,solutions/test-Test-4-000--revision-v4--capacity-80/27c2fc3cfaf594fd482497a5452424cac790aa100bb329d7d8efc632d2f99a14.json
capacity-80,test-Test-4-000--revision-v4--capacity-80,53720.242923999984,12160.408486884107,730397e38ade46572552719359f07ad684fdf855cd7b7cc49a84cb4fe47e3a80,28912.45565799999,3125.8892588590857,PPO-capacity-80-large-r2-B40320,solutions/test-Test-4-000--revision-v4--capacity-80/730397e38ade46572552719359f07ad684fdf855cd7b7cc49a84cb4fe47e3a80.json
capacity-80,test-Test-4-000--revision-v4--capacity-80,53720.242923999984,12160.408486884107,4dad682ac0ec29abfbaf5e8f4b208042844ad627f4960669f99fe00b4296bc90,28941.13771,3114.4217435127016,PPO-capacity-80-large-r2-B40320,solutions/test-Test-4-000--revision-v4--capacity-80/4dad682ac0ec29abfbaf5e8f4b208042844ad627f4960669f99fe00b4296bc90.json
capacity-80,test-Test-4-000--revision-v4--capacity-80,53720.242923999984,12160.408486884107,54a40ed225a1b2f3efe36d65853450b09f8cbb360c4c3dd43a165c1f003b984b,28949.154658,3109.9929344644347,PPO-capacity-80-large-r2-B40320,solutions/test-Test-4-000--revision-v4--capacity-80/54a40ed225a1b2f3efe36d65853450b09f8cbb360c4c3dd43a165c1f003b984b.json
capacity-80,test-Test-4-000--revision-v4--capacity-80,53720.242923999984,12160.408486884107,8ed49d2cc8d33453bf80b2642eb767f89dfbdd98af1758fe20bdb19e44bf495b,29072.58913399999,3105.1049285417575,PPO-capacity-80-large-r0-B40320,solutions/test-Test-4-000--revision-v4--capacity-80/8ed49d2cc8d33453bf80b2642eb767f89dfbdd98af1758fe20bdb19e44bf495b.json
capacity-80,test-Test-4-000--revision-v4--capacity-80,53720.242923999984,12160.408486884107,0639d58dcea65436f6bb6fe5a00435e977a51cfec057a4e8675922f77b08086c,29076.52807999999,3090.9572975010415,PPO-capacity-80-large-r0-B40320,solutions/test-Test-4-000--revision-v4--capacity-80/0639d58dcea65436f6bb6fe5a00435e977a51cfec057a4e8675922f77b08086c.json
capacity-80,test-Test-4-000--revision-v4--capacity-80,53720.242923999984,12160.408486884107,a424c22c0216543da057f200e72c5c2ca34b5458b9ec4a6b5ea2c765faf64caa,29096.325133999988,3084.8013857251967,PPO-capacity-80-large-r0-B40320,solutions/test-Test-4-000--revision-v4--capacity-80/a424c22c0216543da057f200e72c5c2ca34b5458b9ec4a6b5ea2c765faf64caa.json
capacity-80,test-Test-4-000--revision-v4--capacity-80,53720.242923999984,12160.408486884107,d840e1d030c7ceefe508e526d692c497b9dc6a4bec230e1187bd3f3bf9a251fe,29209.984081999988,3077.0688635412093,PPO-capacity-80-large-r0-B40320,solutions/test-Test-4-000--revision-v4--capacity-80/d840e1d030c7ceefe508e526d692c497b9dc6a4bec230e1187bd3f3bf9a251fe.json
capacity-80,test-Test-4-000--revision-v4--capacity-80,53720.242923999984,12160.408486884107,5ca55ed7e06198811c66027426590df46d7bcf66a8e7bd0c714201ebe6b5ab18,29646.142308000006,2829.4425544335595,PPO-capacity-80-large-r2-B40320,solutions/test-Test-4-000--revision-v4--capacity-80/5ca55ed7e06198811c66027426590df46d7bcf66a8e7bd0c714201ebe6b5ab18.json
capacity-80,test-Test-4-000--revision-v4--capacity-80,53720.242923999984,12160.408486884107,ec99bb2288705c8088eb2b415b1bb7e16782ba20dd7d2018c9ba145f32dd07d6,29765.21830800001,2705.0751681509873,PPO-capacity-80-large-r2-B40320,solutions/test-Test-4-000--revision-v4--capacity-80/ec99bb2288705c8088eb2b415b1bb7e16782ba20dd7d2018c9ba145f32dd07d6.json
capacity-80,test-Test-4-000--revision-v4--capacity-80,53720.242923999984,12160.408486884107,c82bb49a1cca146cc4257747b2c98b7f3bd30e812e162181ca99f62c9ca79728,29818.183308000003,2687.9624900924646,PPO-capacity-80-large-r2-B40320,solutions/test-Test-4-000--revision-v4--capacity-80/c82bb49a1cca146cc4257747b2c98b7f3bd30e812e162181ca99f62c9ca79728.json
capacity-80,test-Test-4-000--revision-v4--capacity-80,53720.242923999984,12160.408486884107,d3bedf9290a67b4fea4f1dc4dc333744f44443cf890dda81760f2538842fc8be,29885.158308000013,2687.2232579234887,PPO-capacity-80-large-r2-B40320,solutions/test-Test-4-000--revision-v4--capacity-80/d3bedf9290a67b4fea4f1dc4dc333744f44443cf890dda81760f2538842fc8be.json
capacity-80,test-Test-4-000--revision-v4--capacity-80,53720.242923999984,12160.408486884107,c1ec7c2425af1e865ade59d0b6fded09c1640ba7bbea6e5488add166ee4c4bd8,29895.261333000006,2677.3979128328865,PPO-capacity-80-large-r2-B40320,solutions/test-Test-4-000--revision-v4--capacity-80/c1ec7c2425af1e865ade59d0b6fded09c1640ba7bbea6e5488add166ee4c4bd8.json
capacity-80,test-Test-4-000--revision-v4--capacity-80,53720.242923999984,12160.408486884107,09e6323357d89ab492ccd39bccd9a2995857446a466ec4960b93fdc599522cad,29923.810308000007,2675.352764402049,PPO-capacity-80-large-r2-B40320,solutions/test-Test-4-000--revision-v4--capacity-80/09e6323357d89ab492ccd39bccd9a2995857446a466ec4960b93fdc599522cad.json
capacity-80,test-Test-4-000--revision-v4--capacity-80,53720.242923999984,12160.408486884107,63e5f9c61138ea15ced7ecfc885d51dac83f3e21350350e9b0eb0f007ec9636a,29926.354308000005,2674.1010934492697,PPO-capacity-80-large-r2-B40320,solutions/test-Test-4-000--revision-v4--capacity-80/63e5f9c61138ea15ced7ecfc885d51dac83f3e21350350e9b0eb0f007ec9636a.json
capacity-80,test-Test-4-000--revision-v4--capacity-80,53720.242923999984,12160.408486884107,c0c9506ce86203176774fb223ca6411a2211843c1ed5a1f8066e0018566eff68,29977.824308000007,2627.505886109137,PPO-capacity-80-large-r2-B40320,solutions/test-Test-4-000--revision-v4--capacity-80/c0c9506ce86203176774fb223ca6411a2211843c1ed5a1f8066e0018566eff68.json
capacity-80,test-Test-4-000--revision-v4--capacity-80,53720.242923999984,12160.408486884107,a326b100b56fb3e27b6a8b079e23514ad7298537811282b7d7e655e38e65584f,30045.101308000012,2608.301898823735,PPO-capacity-80-large-r2-B40320,solutions/test-Test-4-000--revision-v4--capacity-80/a326b100b56fb3e27b6a8b079e23514ad7298537811282b7d7e655e38e65584f.json
capacity-80,test-Test-4-000--revision-v4--capacity-80,53720.242923999984,12160.408486884107,c87ecea573f6a58ec322975d49bf889a1fef97fc971318d73a0b382fda1a1fd7,30073.036333000007,2532.7685692045347,PPO-capacity-80-large-r2-B40320,solutions/test-Test-4-000--revision-v4--capacity-80/c87ecea573f6a58ec322975d49bf889a1fef97fc971318d73a0b382fda1a1fd7.json
capacity-80,test-Test-4-000--revision-v4--capacity-80,53720.242923999984,12160.408486884107,f7de7c9f521c87631b799fc341b1194cc49edc0e64195bc5b28a4b9ccab5cce4,30076.342333000008,2507.7090786472413,PPO-capacity-80-large-r2-B40320,solutions/test-Test-4-000--revision-v4--capacity-80/f7de7c9f521c87631b799fc341b1194cc49edc0e64195bc5b28a4b9ccab5cce4.json
capacity-80,test-Test-4-000--revision-v4--capacity-80,53720.242923999984,12160.408486884107,3f6d76433bacc71fa2754a327616960de6b0f93918011039c3bcd3b265e8e086,30104.89130800001,2505.663930216405,PPO-capacity-80-large-r2-B40320,solutions/test-Test-4-000--revision-v4--capacity-80/3f6d76433bacc71fa2754a327616960de6b0f93918011039c3bcd3b265e8e086.json
capacity-80,test-Test-4-000--revision-v4--capacity-80,53720.242923999984,12160.408486884107,ba092f6035d13e24f01c6a8b2ce463469cb2fa879677e0255af16db45ed8da8c,30107.43530800001,2504.412259263625,PPO-capacity-80-large-r2-B40320,solutions/test-Test-4-000--revision-v4--capacity-80/ba092f6035d13e24f01c6a8b2ce463469cb2fa879677e0255af16db45ed8da8c.json
capacity-80,test-Test-4-000--revision-v4--capacity-80,53720.242923999984,12160.408486884107,e6de8cc4b892298b39674d63ae6492ae44168b4797b0166546e5d4515eab0337,30131.243308000012,2449.977429721374,PPO-capacity-80-large-r2-B40320,solutions/test-Test-4-000--revision-v4--capacity-80/e6de8cc4b892298b39674d63ae6492ae44168b4797b0166546e5d4515eab0337.json
capacity-80,test-Test-4-000--revision-v4--capacity-80,53720.242923999984,12160.408486884107,3917565c968350d56076188fc5a1d58e222afc7fae8bc1284933a973677af12c,30151.402333000016,2442.2746172056163,PPO-capacity-80-large-r2-B40320,solutions/test-Test-4-000--revision-v4--capacity-80/3917565c968350d56076188fc5a1d58e222afc7fae8bc1284933a973677af12c.json
capacity-80,test-Test-4-000--revision-v4--capacity-80,53720.242923999984,12160.408486884107,be7e8a733f0698a94e6f71c30ca26a24480b38266714c285ccca2f0fecc32a04,30182.495308000012,2438.977797821999,PPO-capacity-80-large-r2-B40320,solutions/test-Test-4-000--revision-v4--capacity-80/be7e8a733f0698a94e6f71c30ca26a24480b38266714c285ccca2f0fecc32a04.json
capacity-80,test-Test-4-000--revision-v4--capacity-80,53720.242923999984,12160.408486884107,87088d4628ba1936e4af1c34b918a67dee08fca4dba17f04a63eccbed7f724b1,30265.693411000015,2429.7847471786317,PPO-capacity-80-large-r2-B40320,solutions/test-Test-4-000--revision-v4--capacity-80/87088d4628ba1936e4af1c34b918a67dee08fca4dba17f04a63eccbed7f724b1.json
capacity-80,test-Test-4-000--revision-v4--capacity-80,53720.242923999984,12160.408486884107,14f96694d757dfa9ef22baa4af499439225aadd17e4034f94909233dd5fdeb07,30279.68330800001,2427.286583304365,PPO-capacity-80-large-r2-B40320,solutions/test-Test-4-000--revision-v4--capacity-80/14f96694d757dfa9ef22baa4af499439225aadd17e4034f94909233dd5fdeb07.json
capacity-80,test-Test-4-000--revision-v4--capacity-80,53720.242923999984,12160.408486884107,b3422480831e40c071d60e3950c1893c022e0689bb57793b9f279f420654adba,33505.362629999996,2425.2425901659744,PPO-capacity-80-large-r2-B40320,solutions/test-Test-4-000--revision-v4--capacity-80/b3422480831e40c071d60e3950c1893c022e0689bb57793b9f279f420654adba.json
capacity-80,test-Test-4-000--revision-v4--capacity-80,53720.242923999984,12160.408486884107,b30ecb270b62aa7b884cda50348e58ab8526034007f84f1c9976393437f3c80c,33505.915709999994,2397.238231074603,PPO-capacity-80-large-r2-B40320,solutions/test-Test-4-000--revision-v4--capacity-80/b30ecb270b62aa7b884cda50348e58ab8526034007f84f1c9976393437f3c80c.json
capacity-80,test-Test-4-000--revision-v4--capacity-80,53720.242923999984,12160.408486884107,4fe7cc91fbfc9879c2633735cd8198f6bccf08404a285e4a8eb0c103cdc11954,33556.15237999999,2395.678727037828,PPO-capacity-80-large-r2-B40320,solutions/test-Test-4-000--revision-v4--capacity-80/4fe7cc91fbfc9879c2633735cd8198f6bccf08404a285e4a8eb0c103cdc11954.json
capacity-80,test-Test-4-000--revision-v4--capacity-80,53720.242923999984,12160.408486884107,cf3ac80b91e846530a6b5534657acbaa79e70131afc9287c7b30222f00700c1f,33595.789326,2389.481939720171,PPO-capacity-80-large-r2-B40320,solutions/test-Test-4-000--revision-v4--capacity-80/cf3ac80b91e846530a6b5534657acbaa79e70131afc9287c7b30222f00700c1f.json
capacity-80,test-Test-4-000--revision-v4--capacity-80,53720.242923999984,12160.408486884107,f6611227ba08580623ee971404f41864e9c7ce25f379ba156007c6ca0763fea4,33607.023629999996,2387.5632964481306,PPO-capacity-80-large-r2-B40320,solutions/test-Test-4-000--revision-v4--capacity-80/f6611227ba08580623ee971404f41864e9c7ce25f379ba156007c6ca0763fea4.json
capacity-80,test-Test-4-000--revision-v4--capacity-80,53720.242923999984,12160.408486884107,98881f7606f4e2ef8cb82a0c26f0efbded68210faaa382f093ea4211c17b5341,33679.03077599999,2383.1739279639864,PPO-capacity-80-large-r2-B40320,solutions/test-Test-4-000--revision-v4--capacity-80/98881f7606f4e2ef8cb82a0c26f0efbded68210faaa382f093ea4211c17b5341.json
capacity-80,test-Test-4-000--revision-v4--capacity-80,53720.242923999984,12160.408486884107,7b30d96dd4344803509aa69e7d1e6752c401b181ece5d6179c770028846bb001,33735.97512599999,2380.6348992024546,PPO-capacity-80-large-r2-B40320,solutions/test-Test-4-000--revision-v4--capacity-80/7b30d96dd4344803509aa69e7d1e6752c401b181ece5d6179c770028846bb001.json
capacity-80,test-Test-4-000--revision-v4--capacity-80,53720.242923999984,12160.408486884107,572b9753db3a91640b75deb706cb5158f312b48b79cb82da34d2456c0adeb0f2,33802.656125999994,2366.208903450618,PPO-capacity-80-large-r2-B40320,solutions/test-Test-4-000--revision-v4--capacity-80/572b9753db3a91640b75deb706cb5158f312b48b79cb82da34d2456c0adeb0f2.json
capacity-80,test-Test-4-000--revision-v4--capacity-80,53720.242923999984,12160.408486884107,66f2fc481cd16cf79a7bd888fc1d10a9d213c5ab0f4a7a59883700328476edcf,33863.07312599999,2363.463262036334,PPO-capacity-80-large-r2-B40320,solutions/test-Test-4-000--revision-v4--capacity-80/66f2fc481cd16cf79a7bd888fc1d10a9d213c5ab0f4a7a59883700328476edcf.json
capacity-80,test-Test-4-000--revision-v4--capacity-80,53720.242923999984,12160.408486884107,178ab14948448e8540c5a69d4d55295265f54eecb8281f2ecc39bc399e9f1e50,36136.543851,2359.2493963294755,PPO-capacity-80-large-r0-B40320,solutions/test-Test-4-000--revision-v4--capacity-80/178ab14948448e8540c5a69d4d55295265f54eecb8281f2ecc39bc399e9f1e50.json
capacity-80,test-Test-4-000--revision-v4--capacity-80,53720.242923999984,12160.408486884107,f2a8f378fdba55c2e188f11c19c51fb0dffd5d748121b69762523d2302e5d5d4,36356.510627,2349.1769904739494,PPO-capacity-80-large-r0-B40320,solutions/test-Test-4-000--revision-v4--capacity-80/f2a8f378fdba55c2e188f11c19c51fb0dffd5d748121b69762523d2302e5d5d4.json
capacity-80,test-Test-4-000--revision-v4--capacity-80,53720.242923999984,12160.408486884107,d8bc00c705999833a708ae3dfe0fa4fe5aa96832513b2beebd277ea2a793e7cd,36601.799742999996,2328.8439220354485,PPO-capacity-80-large-r1-B40320,solutions/test-Test-4-000--revision-v4--capacity-80/d8bc00c705999833a708ae3dfe0fa4fe5aa96832513b2beebd277ea2a793e7cd.json
capacity-80,test-Test-4-000--revision-v4--capacity-80,53720.242923999984,12160.408486884107,300440d4f07ff1927bcf273b1ccd85de705459174c491a155ad8b30e4a3ebeb9,36794.97032300001,2327.4552036252267,PPO-capacity-80-large-r0-B40320,solutions/test-Test-4-000--revision-v4--capacity-80/300440d4f07ff1927bcf273b1ccd85de705459174c491a155ad8b30e4a3ebeb9.json
capacity-80,test-Test-4-000--revision-v4--capacity-80,53720.242923999984,12160.408486884107,071632400b9fe2590b6f063de6c7f4a07f24a5fe37a6deae6946ec40e695e044,40634.815262000004,2216.678842207207,PPO-capacity-80-large-r2-B40320,solutions/test-Test-4-000--revision-v4--capacity-80/071632400b9fe2590b6f063de6c7f4a07f24a5fe37a6deae6946ec40e695e044.json
capacity-80,test-Test-4-000--revision-v4--capacity-80,53720.242923999984,12160.408486884107,c1c489ad8dd83b3fffac04f70ad7f9cd61db3e0d1ea491246a6b9792d0a53643,40790.057488000006,2216.671770587047,PPO-capacity-80-large-r2-B40320,solutions/test-Test-4-000--revision-v4--capacity-80/c1c489ad8dd83b3fffac04f70ad7f9cd61db3e0d1ea491246a6b9792d0a53643.json
capacity-80,test-Test-4-000--revision-v4--capacity-80,53720.242923999984,12160.408486884107,1cd8b1b3c05cf7b1fb96aa9760276d6d477013b8ca6915c70b6f6008cd917055,40899.76290800001,2216.516177765609,PPO-capacity-80-large-r2-B40320,solutions/test-Test-4-000--revision-v4--capacity-80/1cd8b1b3c05cf7b1fb96aa9760276d6d477013b8ca6915c70b6f6008cd917055.json
capacity-80,test-Test-4-000--revision-v4--capacity-80,53720.242923999984,12160.408486884107,605a684b57699795317f82b1375749dedf369e19aa31243ea2c3772223593b6c,40902.51090800001,2216.3418966315285,PPO-capacity-80-large-r2-B40320,solutions/test-Test-4-000--revision-v4--capacity-80/605a684b57699795317f82b1375749dedf369e19aa31243ea2c3772223593b6c.json
capacity-120,test-Test-4-000--revision-v4--capacity-120,51700.426665000006,15393.350068342135,e4806c5bf2f62d1971e6c26814e6cca2f5e265ae2cc154db75e677cf2b8e53f5,21841.249298999996,4949.879190191499,PPO-capacity-120-large-r2-B40320,solutions/test-Test-4-000--revision-v4--capacity-120/e4806c5bf2f62d1971e6c26814e6cca2f5e265ae2cc154db75e677cf2b8e53f5.json
capacity-120,test-Test-4-000--revision-v4--capacity-120,51700.426665000006,15393.350068342135,c8590086702290f4263c243e399c58fc301a5c33e64b06ab58996f55fd230e73,21843.894705999995,4929.31315977181,PPO-capacity-120-large-r2-B40320,solutions/test-Test-4-000--revision-v4--capacity-120/c8590086702290f4263c243e399c58fc301a5c33e64b06ab58996f55fd230e73.json
capacity-120,test-Test-4-000--revision-v4--capacity-120,51700.426665000006,15393.350068342135,c21ab8c7ca869f48089e3fc732131514e8ae79ee10614717963fdfcb9962ec4d,21861.336426999995,4899.134059073004,PPO-capacity-120-large-r2-B40320,solutions/test-Test-4-000--revision-v4--capacity-120/c21ab8c7ca869f48089e3fc732131514e8ae79ee10614717963fdfcb9962ec4d.json
capacity-120,test-Test-4-000--revision-v4--capacity-120,51700.426665000006,15393.350068342135,139056f0525a54b51d9d93b20eac9764809e0d72cd843ecfe0326c88f27f64c0,22034.77647899999,4890.431823500018,PPO-capacity-120-large-r2-B40320,solutions/test-Test-4-000--revision-v4--capacity-120/139056f0525a54b51d9d93b20eac9764809e0d72cd843ecfe0326c88f27f64c0.json
capacity-120,test-Test-4-000--revision-v4--capacity-120,51700.426665000006,15393.350068342135,e240c8b5b1c0f7a491a906d30c43f22b597fe22665b6a7b29c96cc6f3a4ba8e3,22150.923926999996,4855.580993997059,PPO-capacity-120-large-r2-B40320,solutions/test-Test-4-000--revision-v4--capacity-120/e240c8b5b1c0f7a491a906d30c43f22b597fe22665b6a7b29c96cc6f3a4ba8e3.json
capacity-120,test-Test-4-000--revision-v4--capacity-120,51700.426665000006,15393.350068342135,7ed6d39289f64e4fbb6b25aec9956151c33ccd380c96466afc30ee76aad640b9,22291.149426999997,4762.226716033344,PPO-capacity-120-large-r2-B40320,solutions/test-Test-4-000--revision-v4--capacity-120/7ed6d39289f64e4fbb6b25aec9956151c33ccd380c96466afc30ee76aad640b9.json
capacity-120,test-Test-4-000--revision-v4--capacity-120,51700.426665000006,15393.350068342135,3b0e3422a7a4764e080a768cfcfdf3f9d9750e1231aeb51ce75b3da9af62c290,22392.258377,4471.781624438068,PPO-capacity-120-large-r2-B40320,solutions/test-Test-4-000--revision-v4--capacity-120/3b0e3422a7a4764e080a768cfcfdf3f9d9750e1231aeb51ce75b3da9af62c290.json
capacity-120,test-Test-4-000--revision-v4--capacity-120,51700.426665000006,15393.350068342135,d461c8a221fe21b70072a2b4253d29c97d8d025877b77802a761ec167caa23c0,22577.732376999997,4451.484765374268,PPO-capacity-120-large-r2-B40320,solutions/test-Test-4-000--revision-v4--capacity-120/d461c8a221fe21b70072a2b4253d29c97d8d025877b77802a761ec167caa23c0.json
capacity-120,test-Test-4-000--revision-v4--capacity-120,51700.426665000006,15393.350068342135,5146e96a2a7a2b2e9a67587dbc94cc6e1ffedbd8c13a9415de8c705227e9fe8d,22704.860376999997,4443.047730279689,PPO-capacity-120-large-r2-B40320,solutions/test-Test-4-000--revision-v4--capacity-120/5146e96a2a7a2b2e9a67587dbc94cc6e1ffedbd8c13a9415de8c705227e9fe8d.json
capacity-120,test-Test-4-000--revision-v4--capacity-120,51700.426665000006,15393.350068342135,6087dcc294864d1ecfd17a3c31275bf1b19015468042e0af21eef59b1b48508b,23308.675597,3716.016905995325,PPO-capacity-120-large-r0-B40320,solutions/test-Test-4-000--revision-v4--capacity-120/6087dcc294864d1ecfd17a3c31275bf1b19015468042e0af21eef59b1b48508b.json
capacity-120,test-Test-4-000--revision-v4--capacity-120,51700.426665000006,15393.350068342135,69143f751482863d2d83c3bb802907fa9e943c369c6c9eb415dab0413277fa42,23319.764851,2688.0046902235836,PPO-capacity-120-large-r0-B40320,solutions/test-Test-4-000--revision-v4--capacity-120/69143f751482863d2d83c3bb802907fa9e943c369c6c9eb415dab0413277fa42.json
capacity-120,test-Test-4-000--revision-v4--capacity-120,51700.426665000006,15393.350068342135,9adc20954924c573f93198bb7283944839859f447fc794da28edb76f9197dd6d,23388.329850999995,2664.6509559002757,PPO-capacity-120-large-r0-B40320,solutions/test-Test-4-000--revision-v4--capacity-120/9adc20954924c573f93198bb7283944839859f447fc794da28edb76f9197dd6d.json
capacity-120,test-Test-4-000--revision-v4--capacity-120,51700.426665000006,15393.350068342135,3b9abc97e8265ae515a05f6442e21f5a4d677b6263611c4019ace273288d9882,23435.34585099999,2608.9312943180344,PPO-capacity-120-large-r0-B40320,solutions/test-Test-4-000--revision-v4--capacity-120/3b9abc97e8265ae515a05f6442e21f5a4d677b6263611c4019ace273288d9882.json
capacity-120,test-Test-4-000--revision-v4--capacity-120,51700.426665000006,15393.350068342135,91da187d4fc414d17670ec40223ccbe08e707e512284f9569e9724f3e7e8c890,24066.16006200001,2605.784560410806,PPO-capacity-120-large-r2-B40320,solutions/test-Test-4-000--revision-v4--capacity-120/91da187d4fc414d17670ec40223ccbe08e707e512284f9569e9724f3e7e8c890.json
capacity-120,test-Test-4-000--revision-v4--capacity-120,51700.426665000006,15393.350068342135,24bb42e3163c8f4b49a055a39a3c95dbdd23103a893eae469ce381c8a80a39e3,24069.03106200001,2596.685709320953,PPO-capacity-120-large-r2-B40320,solutions/test-Test-4-000--revision-v4--capacity-120/24bb42e3163c8f4b49a055a39a3c95dbdd23103a893eae469ce381c8a80a39e3.json
capacity-120,test-Test-4-000--revision-v4--capacity-120,51700.426665000006,15393.350068342135,57661222f3a5bba3b3ff48c71e322f2664606ed44eb6808652adf15753fd8282,24088.543062000004,2594.467046132226,PPO-capacity-120-large-r2-B40320,solutions/test-Test-4-000--revision-v4--capacity-120/57661222f3a5bba3b3ff48c71e322f2664606ed44eb6808652adf15753fd8282.json
capacity-120,test-Test-4-000--revision-v4--capacity-120,51700.426665000006,15393.350068342135,52f2dfd44bfc98d571dedffed49430eed894eb48004ae989f45da720526e8a13,24424.529916000007,2593.3520171867217,PPO-capacity-120-large-r2-B40320,solutions/test-Test-4-000--revision-v4--capacity-120/52f2dfd44bfc98d571dedffed49430eed894eb48004ae989f45da720526e8a13.json
capacity-120,test-Test-4-000--revision-v4--capacity-120,51700.426665000006,15393.350068342135,319cea84e9e7c05d9ea9c04192f3862b6e30780562cac3a48f3e3c9e099e4421,27697.214202000006,2590.260405717315,PPO-capacity-120-large-r1-B40320,solutions/test-Test-4-000--revision-v4--capacity-120/319cea84e9e7c05d9ea9c04192f3862b6e30780562cac3a48f3e3c9e099e4421.json
capacity-120,test-Test-4-000--revision-v4--capacity-120,51700.426665000006,15393.350068342135,aa3172d80a0634f6b23f07c11d33d17e3fa8e5254ec4a0296769e2ab3637a99f,27732.892410000015,2583.108313046173,PPO-capacity-120-large-r1-B40320,solutions/test-Test-4-000--revision-v4--capacity-120/aa3172d80a0634f6b23f07c11d33d17e3fa8e5254ec4a0296769e2ab3637a99f.json
capacity-120,test-Test-4-000--revision-v4--capacity-120,51700.426665000006,15393.350068342135,e8a42ee39b9eb99c29a7dbec961ebb7891f23a7b5936eb2d702d9852ddba576e,27793.19077800001,2555.1698110183866,PPO-capacity-120-large-r1-B40320,solutions/test-Test-4-000--revision-v4--capacity-120/e8a42ee39b9eb99c29a7dbec961ebb7891f23a7b5936eb2d702d9852ddba576e.json
capacity-120,test-Test-4-000--revision-v4--capacity-120,51700.426665000006,15393.350068342135,aba60f8882b0a84dce0506391650ed6c95e9e47a834ce4b91eae7b3b22766da1,27809.098410000006,2533.3398991316026,PPO-capacity-120-large-r1-B40320,solutions/test-Test-4-000--revision-v4--capacity-120/aba60f8882b0a84dce0506391650ed6c95e9e47a834ce4b91eae7b3b22766da1.json
capacity-120,test-Test-4-000--revision-v4--capacity-120,51700.426665000006,15393.350068342135,9786c0f8ed88fd8c3b0ef10df7237a83ece86700b740dbb307996af725f0ed70,27835.609410000005,2531.1099145884064,PPO-capacity-120-large-r1-B40320,solutions/test-Test-4-000--revision-v4--capacity-120/9786c0f8ed88fd8c3b0ef10df7237a83ece86700b740dbb307996af725f0ed70.json
capacity-120,test-Test-4-000--revision-v4--capacity-120,51700.426665000006,15393.350068342135,fd7a53b9418a845d5ee5a73f09ef73bb547464a80100298fcc0a4a2953396d0a,27903.892409999997,2523.202704526398,PPO-capacity-120-large-r1-B40320,solutions/test-Test-4-000--revision-v4--capacity-120/fd7a53b9418a845d5ee5a73f09ef73bb547464a80100298fcc0a4a2953396d0a.json
capacity-120,test-Test-4-000--revision-v4--capacity-120,51700.426665000006,15393.350068342135,9f9a86d074b02bca7d65236dd623d99580f96ab151d48cbdbd7e7266995cf252,27939.340410000004,2520.6087407852765,PPO-capacity-120-large-r1-B40320,solutions/test-Test-4-000--revision-v4--capacity-120/9f9a86d074b02bca7d65236dd623d99580f96ab151d48cbdbd7e7266995cf252.json
capacity-120,test-Test-4-000--revision-v4--capacity-120,51700.426665000006,15393.350068342135,afbda8059961d6fdb14e44dafdcd51b60cfd7ca4a2f02d2ff6d1cbeec25916bf,27941.707410000003,2504.6310334533086,PPO-capacity-120-large-r1-B40320,solutions/test-Test-4-000--revision-v4--capacity-120/afbda8059961d6fdb14e44dafdcd51b60cfd7ca4a2f02d2ff6d1cbeec25916bf.json
capacity-120,test-Test-4-000--revision-v4--capacity-120,51700.426665000006,15393.350068342135,6275a3e04ed3227a2a1c58a0d2d64e5971005c7989f690ad7162c259881ed16f,27991.54641,2496.835042241258,PPO-capacity-120-large-r1-B40320,solutions/test-Test-4-000--revision-v4--capacity-120/6275a3e04ed3227a2a1c58a0d2d64e5971005c7989f690ad7162c259881ed16f.json
capacity-120,test-Test-4-000--revision-v4--capacity-120,51700.426665000006,15393.350068342135,565405e30e293fa2b21ba738304ad0fc996f8d52bedd1c35911ea15bd17aef84,27991.576409999998,2491.6186443320544,PPO-capacity-120-large-r1-B40320,solutions/test-Test-4-000--revision-v4--capacity-120/565405e30e293fa2b21ba738304ad0fc996f8d52bedd1c35911ea15bd17aef84.json
capacity-120,test-Test-4-000--revision-v4--capacity-120,51700.426665000006,15393.350068342135,6adbb212c29aa3efaaf488bfe53acc24523a69d328317ee53f340497f09c2969,30359.480589999992,2413.394248872173,PPO-capacity-120-large-r0-B40320,solutions/test-Test-4-000--revision-v4--capacity-120/6adbb212c29aa3efaaf488bfe53acc24523a69d328317ee53f340497f09c2969.json
capacity-120,test-Test-4-000--revision-v4--capacity-120,51700.426665000006,15393.350068342135,ed90011b7bbd6b3c039f47e58477c45eb3ba21fb0dfe694c55d462bf1a9b5bf7,30466.775537999987,2394.0125491038925,PPO-capacity-120-large-r0-B40320,solutions/test-Test-4-000--revision-v4--capacity-120/ed90011b7bbd6b3c039f47e58477c45eb3ba21fb0dfe694c55d462bf1a9b5bf7.json
capacity-120,test-Test-4-000--revision-v4--capacity-120,51700.426665000006,15393.350068342135,7959b82b92ec30dbc2975f3268a0f39ba063ecf5e52d22eb77aec3ed85f4abbf,30541.97074199999,2374.9860421508797,PPO-capacity-120-large-r0-B40320,solutions/test-Test-4-000--revision-v4--capacity-120/7959b82b92ec30dbc2975f3268a0f39ba063ecf5e52d22eb77aec3ed85f4abbf.json
capacity-120,test-Test-4-000--revision-v4--capacity-120,51700.426665000006,15393.350068342135,b8fd5de70c1b84aaf71a3ad1ca4ff6aa14daa1adc93f563d8f86708495346298,30562.614813999993,2372.023828855367,PPO-capacity-120-large-r0-B40320,solutions/test-Test-4-000--revision-v4--capacity-120/b8fd5de70c1b84aaf71a3ad1ca4ff6aa14daa1adc93f563d8f86708495346298.json
capacity-120,test-Test-4-000--revision-v4--capacity-120,51700.426665000006,15393.350068342135,f28e2d66db4d075e640dfbc357f098ca63c5b680dc83d87458b93de8d6f01186,30578.780589999988,2366.462414511634,PPO-capacity-120-large-r0-B40320,solutions/test-Test-4-000--revision-v4--capacity-120/f28e2d66db4d075e640dfbc357f098ca63c5b680dc83d87458b93de8d6f01186.json
capacity-120,test-Test-4-000--revision-v4--capacity-120,51700.426665000006,15393.350068342135,ca8665cbe8aeba7f923f818a0bf0d696bfcdf8df914d75fe918b88958cc0ae99,30613.11858999999,2363.5330579044094,PPO-capacity-120-large-r0-B40320,solutions/test-Test-4-000--revision-v4--capacity-120/ca8665cbe8aeba7f923f818a0bf0d696bfcdf8df914d75fe918b88958cc0ae99.json
capacity-120,test-Test-4-000--revision-v4--capacity-120,51700.426665000006,15393.350068342135,2da1686b7f6ec4b3f9821e5eb5109c70b3dd2734621255d9852c85ef3277a102,30633.279358999993,1915.6055737944848,PPO-capacity-120-large-r1-B40320,solutions/test-Test-4-000--revision-v4--capacity-120/2da1686b7f6ec4b3f9821e5eb5109c70b3dd2734621255d9852c85ef3277a102.json
capacity-120,test-Test-4-000--revision-v4--capacity-120,51700.426665000006,15393.350068342135,5b8be543141bc8e849eb6b45c3e585f74bdc8baa3f9c0d114769205ce6c8288a,31014.636566999994,1875.390477081332,PPO-capacity-120-large-r1-B40320,solutions/test-Test-4-000--revision-v4--capacity-120/5b8be543141bc8e849eb6b45c3e585f74bdc8baa3f9c0d114769205ce6c8288a.json
capacity-120,test-Test-4-000--revision-v4--capacity-120,51700.426665000006,15393.350068342135,095ce06edb5dadd3503e8413d92cc09abbc1395159b3bbe6905b5302fdfd8c23,31114.08935899999,1868.073642071473,PPO-capacity-120-large-r1-B40320,solutions/test-Test-4-000--revision-v4--capacity-120/095ce06edb5dadd3503e8413d92cc09abbc1395159b3bbe6905b5302fdfd8c23.json
capacity-120,test-Test-4-000--revision-v4--capacity-120,51700.426665000006,15393.350068342135,6580ae046c51bf7411afc3db81c1bc321c2c89dc9a1227b74ad0de26c6241f07,31147.329358999996,1865.132930237448,PPO-capacity-120-large-r1-B40320,solutions/test-Test-4-000--revision-v4--capacity-120/6580ae046c51bf7411afc3db81c1bc321c2c89dc9a1227b74ad0de26c6241f07.json
capacity-120,test-Test-4-000--revision-v4--capacity-120,51700.426665000006,15393.350068342135,b1d32454e913c97fc6bc01f519ebdd904dd8590a3284072a8e4aa99daf4d935d,31149.534358999997,1861.4073778288084,PPO-capacity-120-large-r1-B40320,solutions/test-Test-4-000--revision-v4--capacity-120/b1d32454e913c97fc6bc01f519ebdd904dd8590a3284072a8e4aa99daf4d935d.json
capacity-120,test-Test-4-000--revision-v4--capacity-120,51700.426665000006,15393.350068342135,20a622bdefa6c932e81f155f3262e91ef19419d6af2ce64db3b14862d35005a5,37699.47800099999,1853.1689818055504,PPO-capacity-120-large-r1-B40320,solutions/test-Test-4-000--revision-v4--capacity-120/20a622bdefa6c932e81f155f3262e91ef19419d6af2ce64db3b14862d35005a5.json
capacity-120,test-Test-4-000--revision-v4--capacity-120,51700.426665000006,15393.350068342135,e5004bfc45aae50a952fb5fe1ff1f197119c60a34c86b1d212bb2ea717e3a213,37758.23500099999,1838.5716807303259,PPO-capacity-120-large-r1-B40320,solutions/test-Test-4-000--revision-v4--capacity-120/e5004bfc45aae50a952fb5fe1ff1f197119c60a34c86b1d212bb2ea717e3a213.json
capacity-120,test-Test-4-000--revision-v4--capacity-120,51700.426665000006,15393.350068342135,edf74918d2c0f0110dd8e3a2248399df76ca271182b2f82e76cbecbfa0261c95,37858.68450099999,1810.462383287189,PPO-capacity-120-large-r1-B40320,solutions/test-Test-4-000--revision-v4--capacity-120/edf74918d2c0f0110dd8e3a2248399df76ca271182b2f82e76cbecbfa0261c95.json
capacity-120,test-Test-4-000--revision-v4--capacity-120,51700.426665000006,15393.350068342135,9f5e3e914352f326148ed1f5bfaab327463eda2965a94b1d7a4b0ea35fd0166c,37894.804500999984,1802.9010502820245,PPO-capacity-120-large-r1-B40320,solutions/test-Test-4-000--revision-v4--capacity-120/9f5e3e914352f326148ed1f5bfaab327463eda2965a94b1d7a4b0ea35fd0166c.json
capacity-130,test-Test-4-000--revision-v4--capacity-130,51700.426665000006,15393.350068342135,c965d8d5f23d52867b05cd8e2a60f549f0650787d84865cf3228d3ae9f9cee00,20413.849149000005,4245.254904466152,PPO-capacity-130-large-r0-B40320,solutions/test-Test-4-000--revision-v4--capacity-130/c965d8d5f23d52867b05cd8e2a60f549f0650787d84865cf3228d3ae9f9cee00.json
capacity-130,test-Test-4-000--revision-v4--capacity-130,51700.426665000006,15393.350068342135,f2ecdc00e112daba331ddbcd8e70ebeb20df5434f318022040014c8497e3dbdf,20537.849841000007,4232.317946230541,PPO-capacity-130-large-r0-B40320,solutions/test-Test-4-000--revision-v4--capacity-130/f2ecdc00e112daba331ddbcd8e70ebeb20df5434f318022040014c8497e3dbdf.json
capacity-130,test-Test-4-000--revision-v4--capacity-130,51700.426665000006,15393.350068342135,f20d863059a844a7434e9e2c900551a03b958591b7f850faed387ddbe8a5d7df,20553.919233000004,4197.41709819831,PPO-capacity-130-large-r0-B40320,solutions/test-Test-4-000--revision-v4--capacity-130/f20d863059a844a7434e9e2c900551a03b958591b7f850faed387ddbe8a5d7df.json
capacity-130,test-Test-4-000--revision-v4--capacity-130,51700.426665000006,15393.350068342135,bbe48a1c35e5da20787d6b1468d434e42edbcbfd5bbfeb6f01c357e128b0d4ea,20554.951233000007,4181.520973023877,PPO-capacity-130-large-r0-B40320,solutions/test-Test-4-000--revision-v4--capacity-130/bbe48a1c35e5da20787d6b1468d434e42edbcbfd5bbfeb6f01c357e128b0d4ea.json
capacity-130,test-Test-4-000--revision-v4--capacity-130,51700.426665000006,15393.350068342135,e1cd0d1241894252aa511ce7d8f24254dff22828c206dad7e8b4ff567594842a,20565.034841000004,4109.555322458418,PPO-capacity-130-large-r0-B40320,solutions/test-Test-4-000--revision-v4--capacity-130/e1cd0d1241894252aa511ce7d8f24254dff22828c206dad7e8b4ff567594842a.json
capacity-130,test-Test-4-000--revision-v4--capacity-130,51700.426665000006,15393.350068342135,0aa8226d22a3b8576c5170bc12ecf9df8b9c2b7f431727b164533dd397c6cd25,20579.991233000004,4032.3959205364094,PPO-capacity-130-large-r0-B40320,solutions/test-Test-4-000--revision-v4--capacity-130/0aa8226d22a3b8576c5170bc12ecf9df8b9c2b7f431727b164533dd397c6cd25.json
capacity-130,test-Test-4-000--revision-v4--capacity-130,51700.426665000006,15393.350068342135,8d98f051d2e0bb03427dd1ef19d43aa1903998c16669b5fb8de622923141dadd,21921.889496999996,3696.885819145761,PPO-capacity-130-large-r2-B40320,solutions/test-Test-4-000--revision-v4--capacity-130/8d98f051d2e0bb03427dd1ef19d43aa1903998c16669b5fb8de622923141dadd.json
capacity-130,test-Test-4-000--revision-v4--capacity-130,51700.426665000006,15393.350068342135,a0b9170b433a871bb02898e4a8e34d0cd515aa2e130ba1017232500e94d751ab,21926.560497,3691.1098601051835,PPO-capacity-130-large-r2-B40320,solutions/test-Test-4-000--revision-v4--capacity-130/a0b9170b433a871bb02898e4a8e34d0cd515aa2e130ba1017232500e94d751ab.json
capacity-130,test-Test-4-000--revision-v4--capacity-130,51700.426665000006,15393.350068342135,1e492f79cbc05a7ae6c7c34cbf2ddcf2bef735f0b99be46037d78b240d54f07c,21932.782497,3683.6162160513295,PPO-capacity-130-large-r2-B40320,solutions/test-Test-4-000--revision-v4--capacity-130/1e492f79cbc05a7ae6c7c34cbf2ddcf2bef735f0b99be46037d78b240d54f07c.json
capacity-130,test-Test-4-000--revision-v4--capacity-130,51700.426665000006,15393.350068342135,c428e85f631af06b867984469ba686af2c66b72a7846f642ea269cec0607d38f,21957.082249,3682.0018869021505,PPO-capacity-130-large-r2-B40320,solutions/test-Test-4-000--revision-v4--capacity-130/c428e85f631af06b867984469ba686af2c66b72a7846f642ea269cec0607d38f.json
capacity-130,test-Test-4-000--revision-v4--capacity-130,51700.426665000006,15393.350068342135,aff8baf11f538e212eebe1a1e43bce20970d8ebe281ba3faec8d82249983dfa5,23436.581663000004,3168.629100918454,PPO-capacity-130-large-r2-B40320,solutions/test-Test-4-000--revision-v4--capacity-130/aff8baf11f538e212eebe1a1e43bce20970d8ebe281ba3faec8d82249983dfa5.json
capacity-130,test-Test-4-000--revision-v4--capacity-130,51700.426665000006,15393.350068342135,97a9c0d3de0868a7ab38530cd9c0d4baffcddacb3ad4edf205d86be7e8375296,23473.208663,3055.0596619336334,PPO-capacity-130-large-r2-B40320,solutions/test-Test-4-000--revision-v4--capacity-130/97a9c0d3de0868a7ab38530cd9c0d4baffcddacb3ad4edf205d86be7e8375296.json
capacity-130,test-Test-4-000--revision-v4--capacity-130,51700.426665000006,15393.350068342135,449a32f078d4090b20da02371c0c4bcd8c9ba180131c7db89b2257a3a76cd960,23493.491663000004,3046.3852174703156,PPO-capacity-130-large-r2-B40320,solutions/test-Test-4-000--revision-v4--capacity-130/449a32f078d4090b20da02371c0c4bcd8c9ba180131c7db89b2257a3a76cd960.json
capacity-130,test-Test-4-000--revision-v4--capacity-130,51700.426665000006,15393.350068342135,453d7c6022f17b182d528017ea8265da4c230f360e0ae6d3e963b3c3970ad868,23508.491663000004,3037.851533910624,PPO-capacity-130-large-r2-B40320,solutions/test-Test-4-000--revision-v4--capacity-130/453d7c6022f17b182d528017ea8265da4c230f360e0ae6d3e963b3c3970ad868.json
capacity-130,test-Test-4-000--revision-v4--capacity-130,51700.426665000006,15393.350068342135,2f3a1c27e8898c3ca4f6f83d9273caba18a6b56f8962572d3b563303a75c2f6e,23568.330359000003,3028.049636882511,PPO-capacity-130-large-r2-B40320,solutions/test-Test-4-000--revision-v4--capacity-130/2f3a1c27e8898c3ca4f6f83d9273caba18a6b56f8962572d3b563303a75c2f6e.json
capacity-130,test-Test-4-000--revision-v4--capacity-130,51700.426665000006,15393.350068342135,3bd4e674f03c0f8756ca53c59b1688b886ca0075d584f298fd28e8b96e1fd9b3,23580.626663000003,3023.3319581539063,PPO-capacity-130-large-r2-B40320,solutions/test-Test-4-000--revision-v4--capacity-130/3bd4e674f03c0f8756ca53c59b1688b886ca0075d584f298fd28e8b96e1fd9b3.json
capacity-130,test-Test-4-000--revision-v4--capacity-130,51700.426665000006,15393.350068342135,7f64760ce31763b754355b09e4989190a9436c3d324ec5e2adadc2c343ee37c2,23650.002014000005,3021.2629210492037,PPO-capacity-130-large-r2-B40320,solutions/test-Test-4-000--revision-v4--capacity-130/7f64760ce31763b754355b09e4989190a9436c3d324ec5e2adadc2c343ee37c2.json
capacity-130,test-Test-4-000--revision-v4--capacity-130,51700.426665000006,15393.350068342135,1b69e48c779f91cbbfdc1e09f1c4d8623dbe1b13ba36a41d8d706fe323cfa6ee,23989.64176599999,2696.262590661243,PPO-capacity-130-large-r0-B40320,solutions/test-Test-4-000--revision-v4--capacity-130/1b69e48c779f91cbbfdc1e09f1c4d8623dbe1b13ba36a41d8d706fe323cfa6ee.json
capacity-130,test-Test-4-000--revision-v4--capacity-130,51700.426665000006,15393.350068342135,be37ede8ea8aef208cf31929a635a541ffbd64d71611c940829aecfc8d92d991,24032.83044999999,2695.3704244893866,PPO-capacity-130-large-r0-B40320,solutions/test-Test-4-000--revision-v4--capacity-130/be37ede8ea8aef208cf31929a635a541ffbd64d71611c940829aecfc8d92d991.json
capacity-130,test-Test-4-000--revision-v4--capacity-130,51700.426665000006,15393.350068342135,55e190bf036330ca4083ec8c2e9e51c27eade193d19b622ab89c81a3304da09a,24033.109449999993,2683.6215352338636,PPO-capacity-130-large-r0-B40320,solutions/test-Test-4-000--revision-v4--capacity-130/55e190bf036330ca4083ec8c2e9e51c27eade193d19b622ab89c81a3304da09a.json
capacity-130,test-Test-4-000--revision-v4--capacity-130,51700.426665000006,15393.350068342135,9c3ff48cabd97c30d712b78703c8ca8548b78721c6e3c60d43b3c69669567001,24112.306449999993,2638.368343544914,PPO-capacity-130-large-r0-B40320,solutions/test-Test-4-000--revision-v4--capacity-130/9c3ff48cabd97c30d712b78703c8ca8548b78721c6e3c60d43b3c69669567001.json
capacity-130,test-Test-4-000--revision-v4--capacity-130,51700.426665000006,15393.350068342135,ae69aaac42442b264251a575a5a429c75cb50bc3f7abd49760a3878783765ccf,24781.635474999995,2075.2552303971024,PPO-capacity-130-large-r1-B40320,solutions/test-Test-4-000--revision-v4--capacity-130/ae69aaac42442b264251a575a5a429c75cb50bc3f7abd49760a3878783765ccf.json
capacity-130,test-Test-4-000--revision-v4--capacity-130,51700.426665000006,15393.350068342135,1c625c531bc3810ff4c793d8ed60fc6fd1c8bb66f7c9d3a170a17a3b1ac047d1,24870.976624000003,2066.368027738248,PPO-capacity-130-large-r1-B40320,solutions/test-Test-4-000--revision-v4--capacity-130/1c625c531bc3810ff4c793d8ed60fc6fd1c8bb66f7c9d3a170a17a3b1ac047d1.json
capacity-130,test-Test-4-000--revision-v4--capacity-130,51700.426665000006,15393.350068342135,4255e5df5a40b0516670999f62b8755af7ada34ea08768366ed24eaef6a600e8,28835.360918999995,1833.7485508780019,PPO-capacity-130-large-r1-B40320,solutions/test-Test-4-000--revision-v4--capacity-130/4255e5df5a40b0516670999f62b8755af7ada34ea08768366ed24eaef6a600e8.json
coload-70,test-Test-4-000--revision-v4--coload-70,51700.426665000006,11290.543029865012,73f465fd46f9a3a002377dab999dc9a1e4d3e744d51657d21df7a9c2e8779a85,22347.577217,4887.114530121161,PPO-coload-70-large-r0-B40320,solutions/test-Test-4-000--revision-v4--coload-70/73f465fd46f9a3a002377dab999dc9a1e4d3e744d51657d21df7a9c2e8779a85.json
coload-70,test-Test-4-000--revision-v4--coload-70,51700.426665000006,11290.543029865012,37abf4bed4940c980f691ccc7f62e14fe015e2e4aa261a8d040a73f94a278872,22537.488217,4819.272334664483,PPO-coload-70-large-r0-B40320,solutions/test-Test-4-000--revision-v4--coload-70/37abf4bed4940c980f691ccc7f62e14fe015e2e4aa261a8d040a73f94a278872.json
coload-70,test-Test-4-000--revision-v4--coload-70,51700.426665000006,11290.543029865012,d2266dad3598b9ce734cb4f89d6f3ad119ee2465995eb13effb2f4e31b3a1400,22672.320208999998,4481.669178481974,PPO-coload-70-large-r0-B40320,solutions/test-Test-4-000--revision-v4--coload-70/d2266dad3598b9ce734cb4f89d6f3ad119ee2465995eb13effb2f4e31b3a1400.json
coload-70,test-Test-4-000--revision-v4--coload-70,51700.426665000006,11290.543029865012,d914a18d5141e14a292f1e0ebad1ffd451d8b88ea5c20c1598901a2ff35bfe4e,22690.224209,4476.294389211972,PPO-coload-70-large-r0-B40320,solutions/test-Test-4-000--revision-v4--coload-70/d914a18d5141e14a292f1e0ebad1ffd451d8b88ea5c20c1598901a2ff35bfe4e.json
coload-70,test-Test-4-000--revision-v4--coload-70,51700.426665000006,11290.543029865012,1f7713a20a42d0aec8265b07a1ffcaa2d267fa6e0a2f7a4e506e5505dd18ee44,22715.433209,4427.891353122022,PPO-coload-70-large-r0-B40320,solutions/test-Test-4-000--revision-v4--coload-70/1f7713a20a42d0aec8265b07a1ffcaa2d267fa6e0a2f7a4e506e5505dd18ee44.json
coload-70,test-Test-4-000--revision-v4--coload-70,51700.426665000006,11290.543029865012,19f5475ad70c3d4fce09b915737b231e100ed52a0c974c15d9d42f2e3d5f89a3,22719.402209,4422.577977443544,PPO-coload-70-large-r0-B40320,solutions/test-Test-4-000--revision-v4--coload-70/19f5475ad70c3d4fce09b915737b231e100ed52a0c974c15d9d42f2e3d5f89a3.json
coload-70,test-Test-4-000--revision-v4--coload-70,51700.426665000006,11290.543029865012,52192346715af9c881c8f1cc3dc457b68bac053ce3f72e42a4b04c8cd8c64b81,22780.674639999997,4421.313037425041,PPO-coload-70-large-r0-B40320,solutions/test-Test-4-000--revision-v4--coload-70/52192346715af9c881c8f1cc3dc457b68bac053ce3f72e42a4b04c8cd8c64b81.json
coload-70,test-Test-4-000--revision-v4--coload-70,51700.426665000006,11290.543029865012,b516e4b111a47e70220750a4a2fa57009d4c8d60f30a952ebc9c2358ef3dba08,22854.530208999997,4403.864481565338,PPO-coload-70-large-r0-B40320,solutions/test-Test-4-000--revision-v4--coload-70/b516e4b111a47e70220750a4a2fa57009d4c8d60f30a952ebc9c2358ef3dba08.json
coload-70,test-Test-4-000--revision-v4--coload-70,51700.426665000006,11290.543029865012,a3dabb58f8a2e6bbf7ef61b621ffc0f08a7b094b7b07cbf83d07fbe0ca232a69,23037.430246999997,4340.346558270448,PPO-coload-70-large-r0-B40320,solutions/test-Test-4-000--revision-v4--coload-70/a3dabb58f8a2e6bbf7ef61b621ffc0f08a7b094b7b07cbf83d07fbe0ca232a69.json
coload-70,test-Test-4-000--revision-v4--coload-70,51700.426665000006,11290.543029865012,bf804bca03dbe268a70fa7fa5a40c8bef6e06bf4f1e248a9d8fdf0285e2ddda6,23132.043245000004,4282.062819437376,PPO-coload-70-large-r2-B40320,solutions/test-Test-4-000--revision-v4--coload-70/bf804bca03dbe268a70fa7fa5a40c8bef6e06bf4f1e248a9d8fdf0285e2ddda6.json
coload-70,test-Test-4-000--revision-v4--coload-70,51700.426665000006,11290.543029865012,503cacfe2d6174aee4e3bc419f3e0934a64ca7377995afebc9c551946a3c90b6,23145.226117000006,4281.970695209309,PPO-coload-70-large-r2-B40320,solutions/test-Test-4-000--revision-v4--coload-70/503cacfe2d6174aee4e3bc419f3e0934a64ca7377995afebc9c551946a3c90b6.json
coload-70,test-Test-4-000--revision-v4--coload-70,51700.426665000006,11290.543029865012,862c4e14b634c0637281ca2b2d70b4c390c20e3e3ef175cac240f78bbf4c368b,23154.357245000007,4242.9543759292255,PPO-coload-70-large-r2-B40320,solutions/test-Test-4-000--revision-v4--coload-70/862c4e14b634c0637281ca2b2d70b4c390c20e3e3ef175cac240f78bbf4c368b.json
coload-70,test-Test-4-000--revision-v4--coload-70,51700.426665000006,11290.543029865012,cef41a643edcc59974cfe3a40f5374d166d79150ddf0cde606f5ce916db711a5,23321.747899999995,3819.114167316072,PPO-coload-70-large-r0-B40320,solutions/test-Test-4-000--revision-v4--coload-70/cef41a643edcc59974cfe3a40f5374d166d79150ddf0cde606f5ce916db711a5.json
coload-70,test-Test-4-000--revision-v4--coload-70,51700.426665000006,11290.543029865012,d9fe46b0ee5a866d359c83b04469e4941013d5a6e8ac9320ec1e9dcbe885562d,23361.912515999993,3785.051609075324,PPO-coload-70-large-r0-B40320,solutions/test-Test-4-000--revision-v4--coload-70/d9fe46b0ee5a866d359c83b04469e4941013d5a6e8ac9320ec1e9dcbe885562d.json
coload-70,test-Test-4-000--revision-v4--coload-70,51700.426665000006,11290.543029865012,39bbefeee54ee39e913f69dbee6eb8b1d7f0b0cf269978a4489850803555d407,23939.97301199998,3582.65721161074,PPO-coload-70-large-r1-B40320,solutions/test-Test-4-000--revision-v4--coload-70/39bbefeee54ee39e913f69dbee6eb8b1d7f0b0cf269978a4489850803555d407.json
coload-70,test-Test-4-000--revision-v4--coload-70,51700.426665000006,11290.543029865012,d7fe5085e954a274a7a39d836dc169b7c708de794caa858c49e8938147d1e72f,23940.018011999982,3576.761489136269,PPO-coload-70-large-r1-B40320,solutions/test-Test-4-000--revision-v4--coload-70/d7fe5085e954a274a7a39d836dc169b7c708de794caa858c49e8938147d1e72f.json
coload-70,test-Test-4-000--revision-v4--coload-70,51700.426665000006,11290.543029865012,4b9dfd400aad9a5ca432c4e81fb7e405d4d7263b2f1990b5500045b1b28f2dd0,23959.91598299998,3568.835109097701,PPO-coload-70-large-r1-B40320,solutions/test-Test-4-000--revision-v4--coload-70/4b9dfd400aad9a5ca432c4e81fb7e405d4d7263b2f1990b5500045b1b28f2dd0.json
coload-70,test-Test-4-000--revision-v4--coload-70,51700.426665000006,11290.543029865012,f653d481c6b5ebd381c430d820399743e312863ceed4abad3cd60b0253528ee6,23982.20401199998,3568.6100055504994,PPO-coload-70-large-r1-B40320,solutions/test-Test-4-000--revision-v4--coload-70/f653d481c6b5ebd381c430d820399743e312863ceed4abad3cd60b0253528ee6.json
coload-70,test-Test-4-000--revision-v4--coload-70,51700.426665000006,11290.543029865012,d7c58645a72a7d6c402f31d0dc6638138f624a9b1cc12db929f02c32ddc52dbb,24014.82198299998,3568.4586005207348,PPO-coload-70-large-r1-B40320,solutions/test-Test-4-000--revision-v4--coload-70/d7c58645a72a7d6c402f31d0dc6638138f624a9b1cc12db929f02c32ddc52dbb.json
coload-70,test-Test-4-000--revision-v4--coload-70,51700.426665000006,11290.543029865012,66fcc13a33785e15d3969ee137152330d81825f9ae4963975bcf9feca860742f,24427.12411199999,3559.2659683050483,PPO-coload-70-large-r1-B40320,solutions/test-Test-4-000--revision-v4--coload-70/66fcc13a33785e15d3969ee137152330d81825f9ae4963975bcf9feca860742f.json
coload-70,test-Test-4-000--revision-v4--coload-70,51700.426665000006,11290.543029865012,b430c9c0521232d6efd0de9e24553d2a0ab69e89b05a8523c0e17ca662f6ff0c,24451.11705100001,3217.915175582294,PPO-coload-70-large-r1-B40320,solutions/test-Test-4-000--revision-v4--coload-70/b430c9c0521232d6efd0de9e24553d2a0ab69e89b05a8523c0e17ca662f6ff0c.json
coload-70,test-Test-4-000--revision-v4--coload-70,51700.426665000006,11290.543029865012,1269b3597761688489789e13bf02d5165d60681493f6019becda38118a3e1aa1,24465.43713100001,3193.7581366872396,PPO-coload-70-large-r1-B40320,solutions/test-Test-4-000--revision-v4--coload-70/1269b3597761688489789e13bf02d5165d60681493f6019becda38118a3e1aa1.json
coload-70,test-Test-4-000--revision-v4--coload-70,51700.426665000006,11290.543029865012,e753efe315d70df16e5f17fd673b894f8b7a36393cd155e9679017cc8cfc0e8d,24466.018963000002,2959.70291410164,PPO-coload-70-large-r0-B40320,solutions/test-Test-4-000--revision-v4--coload-70/e753efe315d70df16e5f17fd673b894f8b7a36393cd155e9679017cc8cfc0e8d.json
coload-70,test-Test-4-000--revision-v4--coload-70,51700.426665000006,11290.543029865012,b885d8a45594c3e7cf7c28e6fade0f99044037c2528d65a29092fdf52b49c7ae,25510.013822999994,2919.8791350308747,PPO-coload-70-large-r0-B40320,solutions/test-Test-4-000--revision-v4--coload-70/b885d8a45594c3e7cf7c28e6fade0f99044037c2528d65a29092fdf52b49c7ae.json
coload-70,test-Test-4-000--revision-v4--coload-70,51700.426665000006,11290.543029865012,8c37bbc7c301eb7c83b68b61c28b710368c278a0f2788264128431f9425c08ab,25642.09450499999,2915.072996050742,PPO-coload-70-large-r0-B40320,solutions/test-Test-4-000--revision-v4--coload-70/8c37bbc7c301eb7c83b68b61c28b710368c278a0f2788264128431f9425c08ab.json
coload-70,test-Test-4-000--revision-v4--coload-70,51700.426665000006,11290.543029865012,6bf7492c21b743bb4baf9e483e2d81ea73871a0f63c54788a083381c48135540,25782.190822999994,2875.9628711058945,PPO-coload-70-large-r0-B40320,solutions/test-Test-4-000--revision-v4--coload-70/6bf7492c21b743bb4baf9e483e2d81ea73871a0f63c54788a083381c48135540.json
coload-70,test-Test-4-000--revision-v4--coload-70,51700.426665000006,11290.543029865012,1b5cf807e60a9d681d8ec7cba5b7f45fbc67c5ad186b15cce20b20a53f4303f3,25975.294699999984,2625.2435996750755,PPO-coload-70-large-r0-B40320,solutions/test-Test-4-000--revision-v4--coload-70/1b5cf807e60a9d681d8ec7cba5b7f45fbc67c5ad186b15cce20b20a53f4303f3.json
coload-70,test-Test-4-000--revision-v4--coload-70,51700.426665000006,11290.543029865012,2e39b9c80592b61628bcbca9640a61d09913089f7052714aa9536e9a7995adfa,26037.763699999996,2603.27894256357,PPO-coload-70-large-r0-B40320,solutions/test-Test-4-000--revision-v4--coload-70/2e39b9c80592b61628bcbca9640a61d09913089f7052714aa9536e9a7995adfa.json
coload-70,test-Test-4-000--revision-v4--coload-70,51700.426665000006,11290.543029865012,304859562a67f28900c2346c73e0c24a37a99833201579304ded4910062170bb,26486.52652600001,2592.0967899747557,PPO-coload-70-large-r2-B40320,solutions/test-Test-4-000--revision-v4--coload-70/304859562a67f28900c2346c73e0c24a37a99833201579304ded4910062170bb.json
coload-70,test-Test-4-000--revision-v4--coload-70,51700.426665000006,11290.543029865012,4aa0d5668b38e6de08a433d7a88f28536a1af5cd1e29f545092242ba8336c1c3,26573.305281999987,2490.8026668758594,PPO-coload-70-large-r0-B40320,solutions/test-Test-4-000--revision-v4--coload-70/4aa0d5668b38e6de08a433d7a88f28536a1af5cd1e29f545092242ba8336c1c3.json
coload-70,test-Test-4-000--revision-v4--coload-70,51700.426665000006,11290.543029865012,53f87f32a4dfc6a5fcf9722c5a59ea84c574257dda05e93d3e0ba6daa5d41ce9,26677.035336000004,2476.065129946594,PPO-coload-70-large-r2-B40320,solutions/test-Test-4-000--revision-v4--coload-70/53f87f32a4dfc6a5fcf9722c5a59ea84c574257dda05e93d3e0ba6daa5d41ce9.json
coload-70,test-Test-4-000--revision-v4--coload-70,51700.426665000006,11290.543029865012,83e9c32f89228084d1bab11c20a3f11eeda9f965571b70cb259343bacd019064,26694.584250000007,2471.5015412922644,PPO-coload-70-large-r2-B40320,solutions/test-Test-4-000--revision-v4--coload-70/83e9c32f89228084d1bab11c20a3f11eeda9f965571b70cb259343bacd019064.json
coload-70,test-Test-4-000--revision-v4--coload-70,51700.426665000006,11290.543029865012,1711dc06cba59116110b1d329a4faf4eee7cc78aec050d681f0b775070d82ac8,26694.66525000001,2431.333140980979,PPO-coload-70-large-r2-B40320,solutions/test-Test-4-000--revision-v4--coload-70/1711dc06cba59116110b1d329a4faf4eee7cc78aec050d681f0b775070d82ac8.json
coload-70,test-Test-4-000--revision-v4--coload-70,51700.426665000006,11290.543029865012,7f749fe24bda035a9167d2f603dad821f291208c71826791e16f526913a472b9,26890.669212999994,2098.504590799122,PPO-coload-70-large-r1-B40320,solutions/test-Test-4-000--revision-v4--coload-70/7f749fe24bda035a9167d2f603dad821f291208c71826791e16f526913a472b9.json
coload-70,test-Test-4-000--revision-v4--coload-70,51700.426665000006,11290.543029865012,9c0d5bc38bdf9a3de57ebf545e8232bd9bf7f77d09249fd50d18392738935a20,28849.108997,2088.5229763509856,PPO-coload-70-large-r1-B40320,solutions/test-Test-4-000--revision-v4--coload-70/9c0d5bc38bdf9a3de57ebf545e8232bd9bf7f77d09249fd50d18392738935a20.json
coload-70,test-Test-4-000--revision-v4--coload-70,51700.426665000006,11290.543029865012,399aa22f65b75b3abf2f38fe22c92e5cc19e6d574f0cd9245c3e26d8a3a906ca,28877.335997,2085.369560438281,PPO-coload-70-large-r1-B40320,solutions/test-Test-4-000--revision-v4--coload-70/399aa22f65b75b3abf2f38fe22c92e5cc19e6d574f0cd9245c3e26d8a3a906ca.json
coload-70,test-Test-4-000--revision-v4--coload-70,51700.426665000006,11290.543029865012,85c0ed2f9ea9553647288019de072a01b9b71deae24a9876477fdffdf59156de,28896.523997,2074.0757444556484,PPO-coload-70-large-r1-B40320,solutions/test-Test-4-000--revision-v4--coload-70/85c0ed2f9ea9553647288019de072a01b9b71deae24a9876477fdffdf59156de.json
coload-70,test-Test-4-000--revision-v4--coload-70,51700.426665000006,11290.543029865012,b2258184e94712fab1170977fb88b44317af8c6d8fb8c56e15b6aa06ab1036d2,28937.207096000002,2073.572503744416,PPO-coload-70-large-r1-B40320,solutions/test-Test-4-000--revision-v4--coload-70/b2258184e94712fab1170977fb88b44317af8c6d8fb8c56e15b6aa06ab1036d2.json
coload-70,test-Test-4-000--revision-v4--coload-70,51700.426665000006,11290.543029865012,e6e49f8655cf22e6e74ca59a593be63c7871d2df45aceddeb5674ed02c793217,28946.917996999993,2068.3819081741876,PPO-coload-70-large-r1-B40320,solutions/test-Test-4-000--revision-v4--coload-70/e6e49f8655cf22e6e74ca59a593be63c7871d2df45aceddeb5674ed02c793217.json
coload-70,test-Test-4-000--revision-v4--coload-70,51700.426665000006,11290.543029865012,3244ca0ff26dd0744c8463c9b9cebf664bff97af48f2d5952f487c41f4f64b29,28959.394997,2059.70276300975,PPO-coload-70-large-r1-B40320,solutions/test-Test-4-000--revision-v4--coload-70/3244ca0ff26dd0744c8463c9b9cebf664bff97af48f2d5952f487c41f4f64b29.json
coload-70,test-Test-4-000--revision-v4--coload-70,51700.426665000006,11290.543029865012,de4359f3072d8f4ee4474efef4788769f8fb05910178208ad1b5827e2ee18c99,29067.640997000002,2033.4574749969433,PPO-coload-70-large-r1-B40320,solutions/test-Test-4-000--revision-v4--coload-70/de4359f3072d8f4ee4474efef4788769f8fb05910178208ad1b5827e2ee18c99.json
coload-70,test-Test-4-000--revision-v4--coload-70,51700.426665000006,11290.543029865012,fcc667a633d1efa9b3e7a266841167f308cdf6cd6369d414869bbe2c2fc0abce,29165.015182000006,1910.9793168643776,PPO-coload-70-large-r0-B40320,solutions/test-Test-4-000--revision-v4--coload-70/fcc667a633d1efa9b3e7a266841167f308cdf6cd6369d414869bbe2c2fc0abce.json
coload-70,test-Test-4-000--revision-v4--coload-70,51700.426665000006,11290.543029865012,51070d52d4f35241341896c2aeb0cecfdb7ea2564b55abdc95abd9cf11dd4b82,29202.36600100001,1872.5184790807439,PPO-coload-70-large-r0-B40320,solutions/test-Test-4-000--revision-v4--coload-70/51070d52d4f35241341896c2aeb0cecfdb7ea2564b55abdc95abd9cf11dd4b82.json
coload-70,test-Test-4-000--revision-v4--coload-70,51700.426665000006,11290.543029865012,7c6de9779c868db1cc91caf335e586bf15bfd28d47889fed4db65dfe62e12d1c,29234.847082000008,1860.292115150773,PPO-coload-70-large-r0-B40320,solutions/test-Test-4-000--revision-v4--coload-70/7c6de9779c868db1cc91caf335e586bf15bfd28d47889fed4db65dfe62e12d1c.json
coload-70,test-Test-4-000--revision-v4--coload-70,51700.426665000006,11290.543029865012,32da3da2e93188e6521fc4fe5de445cba49af8736e96455fe63fef9916f876ec,29304.54908200001,1858.6777502686584,PPO-coload-70-large-r0-B40320,solutions/test-Test-4-000--revision-v4--coload-70/32da3da2e93188e6521fc4fe5de445cba49af8736e96455fe63fef9916f876ec.json
coload-70,test-Test-4-000--revision-v4--coload-70,51700.426665000006,11290.543029865012,357223ffab997e8f4f2940ac717fd56be59ad6dd976f050858739a2fb1cef0f8,29322.921569000006,1858.4135219594361,PPO-coload-70-large-r0-B40320,solutions/test-Test-4-000--revision-v4--coload-70/357223ffab997e8f4f2940ac717fd56be59ad6dd976f050858739a2fb1cef0f8.json
coload-70,test-Test-4-000--revision-v4--coload-70,51700.426665000006,11290.543029865012,e9a4942f2f0fe30e05f19f02263076766aa6dc0d522399dc6029a4c8ca95e85b,29412.651082000008,1858.170721452239,PPO-coload-70-large-r0-B40320,solutions/test-Test-4-000--revision-v4--coload-70/e9a4942f2f0fe30e05f19f02263076766aa6dc0d522399dc6029a4c8ca95e85b.json
coload-70,test-Test-4-000--revision-v4--coload-70,51700.426665000006,11290.543029865012,3567e64e5182f95b89ebd1ad77331044196a3a89b3651e908756cf905b1925c7,29431.725082000008,1857.8534726840046,PPO-coload-70-large-r0-B40320,solutions/test-Test-4-000--revision-v4--coload-70/3567e64e5182f95b89ebd1ad77331044196a3a89b3651e908756cf905b1925c7.json
coload-70,test-Test-4-000--revision-v4--coload-70,51700.426665000006,11290.543029865012,6091fe68dec00744eb0cb0bff0f523ea6d834c8a331b85e90fd45820249920bc,29671.49708200001,1854.3460609224337,PPO-coload-70-large-r0-B40320,solutions/test-Test-4-000--revision-v4--coload-70/6091fe68dec00744eb0cb0bff0f523ea6d834c8a331b85e90fd45820249920bc.json
coload-70,test-Test-4-000--revision-v4--coload-70,51700.426665000006,11290.543029865012,fd6383d7b66fee07e8e25f84658c5400771af555e94c408e96b4e3539374f73c,30533.09654800001,1803.6214610108925,PPO-coload-70-large-r2-B40320,solutions/test-Test-4-000--revision-v4--coload-70/fd6383d7b66fee07e8e25f84658c5400771af555e94c408e96b4e3539374f73c.json
coload-70,test-Test-4-000--revision-v4--coload-70,51700.426665000006,11290.543029865012,e1cc4bb90982691c4e0de6c0c0444c4ae195e89beaf54331f20b32d605896079,33038.77974399999,1676.1279103062911,PPO-coload-70-large-r0-B40320,solutions/test-Test-4-000--revision-v4--coload-70/e1cc4bb90982691c4e0de6c0c0444c4ae195e89beaf54331f20b32d605896079.json
coload-70,test-Test-4-000--revision-v4--coload-70,51700.426665000006,11290.543029865012,b94ec343fb7d8c507175b97f9d3f7fa47042dad6bfb2ee9588406992498fe3a4,36667.123136,1664.3352435581096,PPO-coload-70-large-r0-B40320,solutions/test-Test-4-000--revision-v4--coload-70/b94ec343fb7d8c507175b97f9d3f7fa47042dad6bfb2ee9588406992498fe3a4.json
coload-70,test-Test-4-000--revision-v4--coload-70,51700.426665000006,11290.543029865012,6163d95e909f98f8e19846b9517e9960b66b9ad09fc132151fd2b8a247a8f30a,36744.892136,1663.4314774476663,PPO-coload-70-large-r0-B40320,solutions/test-Test-4-000--revision-v4--coload-70/6163d95e909f98f8e19846b9517e9960b66b9ad09fc132151fd2b8a247a8f30a.json
coload-80,test-Test-4-000--revision-v4--coload-80,51700.426665000006,12658.145376024047,da09fb55c60d7bddce44f4f13b7a4220a9c726421ab8c24538f467bec5bb824d,23373.81847200001,7638.481333472692,PPO-coload-80-large-r2-B40320,solutions/test-Test-4-000--revision-v4--coload-80/da09fb55c60d7bddce44f4f13b7a4220a9c726421ab8c24538f467bec5bb824d.json
coload-80,test-Test-4-000--revision-v4--coload-80,51700.426665000006,12658.145376024047,d8cac3dfcbef7c408ec351798c0e7a78faab90715033f9ddd06bf0cce4e7e08d,23381.64557100001,7620.538105566412,PPO-coload-80-large-r2-B40320,solutions/test-Test-4-000--revision-v4--coload-80/d8cac3dfcbef7c408ec351798c0e7a78faab90715033f9ddd06bf0cce4e7e08d.json
coload-80,test-Test-4-000--revision-v4--coload-80,51700.426665000006,12658.145376024047,69d212440ca6bd9cf0a13bbd6e3c562e995de42382579843d545cb9a2277cf40,23394.603362999995,5787.902451053979,PPO-coload-80-large-r0-B40320,solutions/test-Test-4-000--revision-v4--coload-80/69d212440ca6bd9cf0a13bbd6e3c562e995de42382579843d545cb9a2277cf40.json
coload-80,test-Test-4-000--revision-v4--coload-80,51700.426665000006,12658.145376024047,4b312d129409c331050b7fc536722ed08b63bde16db1917d7a1aeebc93cf5131,23476.197362999992,5775.137747239081,PPO-coload-80-large-r0-B40320,solutions/test-Test-4-000--revision-v4--coload-80/4b312d129409c331050b7fc536722ed08b63bde16db1917d7a1aeebc93cf5131.json
coload-80,test-Test-4-000--revision-v4--coload-80,51700.426665000006,12658.145376024047,1005f2016b7cc4052d4c6dbc3b5fccb6e8634635e201df78b2b3e287542da50a,23489.502717999996,4224.93401770296,PPO-coload-80-large-r0-B40320,solutions/test-Test-4-000--revision-v4--coload-80/1005f2016b7cc4052d4c6dbc3b5fccb6e8634635e201df78b2b3e287542da50a.json
coload-80,test-Test-4-000--revision-v4--coload-80,51700.426665000006,12658.145376024047,ff09989c7027180896f050004ae7cf84a759a1287f4d79cbcb655b8de79f898f,23544.727977999995,4217.788432420632,PPO-coload-80-large-r0-B40320,solutions/test-Test-4-000--revision-v4--coload-80/ff09989c7027180896f050004ae7cf84a759a1287f4d79cbcb655b8de79f898f.json
coload-80,test-Test-4-000--revision-v4--coload-80,51700.426665000006,12658.145376024047,9012e72e3b3407beafe2eeb13953180e884659858b9b2f71803046af85d555c3,23556.247977999996,4196.240244426259,PPO-coload-80-large-r0-B40320,solutions/test-Test-4-000--revision-v4--coload-80/9012e72e3b3407beafe2eeb13953180e884659858b9b2f71803046af85d555c3.json
coload-80,test-Test-4-000--revision-v4--coload-80,51700.426665000006,12658.145376024047,ecc1d846cb61c59eff6c2f16a4dc52f01c2bdcf93df5cf5e0a0f160a415fd94d,23640.433977999997,4160.51115127865,PPO-coload-80-large-r0-B40320,solutions/test-Test-4-000--revision-v4--coload-80/ecc1d846cb61c59eff6c2f16a4dc52f01c2bdcf93df5cf5e0a0f160a415fd94d.json
coload-80,test-Test-4-000--revision-v4--coload-80,51700.426665000006,12658.145376024047,6c3f2121062361143edc266269c7dfec73ab89dd53f1ab8e8d8a30d9a1151a8e,23973.215007999992,4151.697674419555,PPO-coload-80-large-r0-B40320,solutions/test-Test-4-000--revision-v4--coload-80/6c3f2121062361143edc266269c7dfec73ab89dd53f1ab8e8d8a30d9a1151a8e.json
coload-80,test-Test-4-000--revision-v4--coload-80,51700.426665000006,12658.145376024047,063a80be7527c919977e27bce19fd8b30d81f1fd46eb27dda6d2e4fb874478be,24200.57332799999,4121.283067008044,PPO-coload-80-large-r0-B40320,solutions/test-Test-4-000--revision-v4--coload-80/063a80be7527c919977e27bce19fd8b30d81f1fd46eb27dda6d2e4fb874478be.json
coload-80,test-Test-4-000--revision-v4--coload-80,51700.426665000006,12658.145376024047,92562b08115f14e84efa0a37e61f2878a63018bbbbe29e7504d7ee34e2c19959,24309.635576,4016.367559114715,PPO-coload-80-large-r1-B40320,solutions/test-Test-4-000--revision-v4--coload-80/92562b08115f14e84efa0a37e61f2878a63018bbbbe29e7504d7ee34e2c19959.json
coload-80,test-Test-4-000--revision-v4--coload-80,51700.426665000006,12658.145376024047,bbcfa3b0fead44880582f3dd3aed48042b20cc09269d857c44230cea5b529d4e,24315.674575999998,3988.209494242331,PPO-coload-80-large-r1-B40320,solutions/test-Test-4-000--revision-v4--coload-80/bbcfa3b0fead44880582f3dd3aed48042b20cc09269d857c44230cea5b529d4e.json
coload-80,test-Test-4-000--revision-v4--coload-80,51700.426665000006,12658.145376024047,cefe7740e2d5a707d9bbffc935ed2af839ad5aa7e8ce247607c56a5e179d0e2e,24328.226575999997,3963.808556988502,PPO-coload-80-large-r1-B40320,solutions/test-Test-4-000--revision-v4--coload-80/cefe7740e2d5a707d9bbffc935ed2af839ad5aa7e8ce247607c56a5e179d0e2e.json
coload-80,test-Test-4-000--revision-v4--coload-80,51700.426665000006,12658.145376024047,6e69c74578e91eadeee38aa2376243e3384e52db20532a92b13e20c4d9d6e9d0,24337.694575999998,3952.85320120139,PPO-coload-80-large-r1-B40320,solutions/test-Test-4-000--revision-v4--coload-80/6e69c74578e91eadeee38aa2376243e3384e52db20532a92b13e20c4d9d6e9d0.json
coload-80,test-Test-4-000--revision-v4--coload-80,51700.426665000006,12658.145376024047,3f991ab70cc6770231caccaa0d396fb30653cb9e4967d97ee1841722c8829291,24378.169746999978,3810.8167151565262,PPO-coload-80-large-r2-B40320,solutions/test-Test-4-000--revision-v4--coload-80/3f991ab70cc6770231caccaa0d396fb30653cb9e4967d97ee1841722c8829291.json
coload-80,test-Test-4-000--revision-v4--coload-80,51700.426665000006,12658.145376024047,db9a8c8719bcae79286ba39be82434717e08ed66c450b0cc351206d4dc611b77,24394.524310999983,3736.523024478529,PPO-coload-80-large-r2-B40320,solutions/test-Test-4-000--revision-v4--coload-80/db9a8c8719bcae79286ba39be82434717e08ed66c450b0cc351206d4dc611b77.json
coload-80,test-Test-4-000--revision-v4--coload-80,51700.426665000006,12658.145376024047,4a85bc4d49a6f17de0c7ccebd10505ebb80f432e784cd401821e0f4c7687f732,24504.761267999984,3642.0905146308924,PPO-coload-80-large-r2-B40320,solutions/test-Test-4-000--revision-v4--coload-80/4a85bc4d49a6f17de0c7ccebd10505ebb80f432e784cd401821e0f4c7687f732.json
coload-80,test-Test-4-000--revision-v4--coload-80,51700.426665000006,12658.145376024047,666bf95f42fe4bf9fc226949a2f7958fb5e27f10135db9e9cf07d348f30565dd,24512.41758399998,3615.992279989405,PPO-coload-80-large-r2-B40320,solutions/test-Test-4-000--revision-v4--coload-80/666bf95f42fe4bf9fc226949a2f7958fb5e27f10135db9e9cf07d348f30565dd.json
coload-80,test-Test-4-000--revision-v4--coload-80,51700.426665000006,12658.145376024047,ed80fe109c5cb08628533e0a9ba3d60e831792a15f66543a58a8305cef2d1b0e,24521.11583199998,3572.1581600137392,PPO-coload-80-large-r2-B40320,solutions/test-Test-4-000--revision-v4--coload-80/ed80fe109c5cb08628533e0a9ba3d60e831792a15f66543a58a8305cef2d1b0e.json
coload-80,test-Test-4-000--revision-v4--coload-80,51700.426665000006,12658.145376024047,fb3ca3f6a168a015e9eb227076918dcc5913a795f3fb694d934bd55f37cd42eb,24643.247002999997,3372.6919634030546,PPO-coload-80-large-r2-B40320,solutions/test-Test-4-000--revision-v4--coload-80/fb3ca3f6a168a015e9eb227076918dcc5913a795f3fb694d934bd55f37cd42eb.json
coload-80,test-Test-4-000--revision-v4--coload-80,51700.426665000006,12658.145376024047,cdda7ae58e429b2999bf58a91024bf9b81b2e9884726365a3585c15a9da5d465,24718.894012999997,3345.1204395714176,PPO-coload-80-large-r2-B40320,solutions/test-Test-4-000--revision-v4--coload-80/cdda7ae58e429b2999bf58a91024bf9b81b2e9884726365a3585c15a9da5d465.json
coload-80,test-Test-4-000--revision-v4--coload-80,51700.426665000006,12658.145376024047,b9074445ea45fe4e9dd0b9abfcd5e737fcddfc39d5a31447d00effac4f565413,24729.780419,3293.1308897181702,PPO-coload-80-large-r2-B40320,solutions/test-Test-4-000--revision-v4--coload-80/b9074445ea45fe4e9dd0b9abfcd5e737fcddfc39d5a31447d00effac4f565413.json
coload-80,test-Test-4-000--revision-v4--coload-80,51700.426665000006,12658.145376024047,b83ce1cbe586ad2dc7fbe1cd3bac212d8436b2d1a09ed7245f759011a8cc686c,24756.072419,3293.0207997118832,PPO-coload-80-large-r2-B40320,solutions/test-Test-4-000--revision-v4--coload-80/b83ce1cbe586ad2dc7fbe1cd3bac212d8436b2d1a09ed7245f759011a8cc686c.json
coload-80,test-Test-4-000--revision-v4--coload-80,51700.426665000006,12658.145376024047,f8778470eefee324c371bb9aa049c7d884c7a3170da05c520faad233564980a2,24760.284419,3282.429960004559,PPO-coload-80-large-r2-B40320,solutions/test-Test-4-000--revision-v4--coload-80/f8778470eefee324c371bb9aa049c7d884c7a3170da05c520faad233564980a2.json
coload-80,test-Test-4-000--revision-v4--coload-80,51700.426665000006,12658.145376024047,27e8ced44cf11fc18362c30fcae4a6bb6b3216e8f78b857e7977aa837d3ec63c,25073.451249,2987.600807587901,PPO-coload-80-large-r0-B40320,solutions/test-Test-4-000--revision-v4--coload-80/27e8ced44cf11fc18362c30fcae4a6bb6b3216e8f78b857e7977aa837d3ec63c.json
coload-80,test-Test-4-000--revision-v4--coload-80,51700.426665000006,12658.145376024047,6c4b6172d08db3bab5e4208e751795925a016a88f2076946b9bbf98e057c5f89,25151.385249,2973.9311161994997,PPO-coload-80-large-r0-B40320,solutions/test-Test-4-000--revision-v4--coload-80/6c4b6172d08db3bab5e4208e751795925a016a88f2076946b9bbf98e057c5f89.json
coload-80,test-Test-4-000--revision-v4--coload-80,51700.426665000006,12658.145376024047,604b22bb17852f6639f51741f3b70e3ce92a02f93e795511270588214883720b,25172.882679000002,2901.1231766094547,PPO-coload-80-large-r0-B40320,solutions/test-Test-4-000--revision-v4--coload-80/604b22bb17852f6639f51741f3b70e3ce92a02f93e795511270588214883720b.json
coload-80,test-Test-4-000--revision-v4--coload-80,51700.426665000006,12658.145376024047,2c561dfacc244c2c266d4f16184f720d1ccf6f12848c6e09a32a5e01487a3cad,25183.814678999996,2894.9327322519825,PPO-coload-80-large-r0-B40320,solutions/test-Test-4-000--revision-v4--coload-80/2c561dfacc244c2c266d4f16184f720d1ccf6f12848c6e09a32a5e01487a3cad.json
coload-80,test-Test-4-000--revision-v4--coload-80,51700.426665000006,12658.145376024047,a1f174f70c6513fcdbcb7d0bb0849790f1202ffe237af9a099c0b609e2d19699,25184.012679,2886.4505183578813,PPO-coload-80-large-r0-B40320,solutions/test-Test-4-000--revision-v4--coload-80/a1f174f70c6513fcdbcb7d0bb0849790f1202ffe237af9a099c0b609e2d19699.json
coload-80,test-Test-4-000--revision-v4--coload-80,51700.426665000006,12658.145376024047,c90e625b7e5340f52a0bb5a89f0a470c76335ed9e9e06bd70b6951fb74c3881b,25198.328679,2877.086152492982,PPO-coload-80-large-r0-B40320,solutions/test-Test-4-000--revision-v4--coload-80/c90e625b7e5340f52a0bb5a89f0a470c76335ed9e9e06bd70b6951fb74c3881b.json
coload-80,test-Test-4-000--revision-v4--coload-80,51700.426665000006,12658.145376024047,f3cb29ab64a1b516280276e45397de6980453f476812f2d88650f1f16d6fc392,25199.819679,2867.8978990954415,PPO-coload-80-large-r0-B40320,solutions/test-Test-4-000--revision-v4--coload-80/f3cb29ab64a1b516280276e45397de6980453f476812f2d88650f1f16d6fc392.json
coload-80,test-Test-4-000--revision-v4--coload-80,51700.426665000006,12658.145376024047,46b24320c7961d53ae3737293598c40f66fa9cf6119055f84827fd44a2a830b5,25323.892678999997,2851.9348207652947,PPO-coload-80-large-r0-B40320,solutions/test-Test-4-000--revision-v4--coload-80/46b24320c7961d53ae3737293598c40f66fa9cf6119055f84827fd44a2a830b5.json
coload-80,test-Test-4-000--revision-v4--coload-80,51700.426665000006,12658.145376024047,b24aacc9d1b056a40fd44517b7c44cd388ffd5dfeeee21817ece3b931878a94c,25622.794679000006,2846.0882133538507,PPO-coload-80-large-r0-B40320,solutions/test-Test-4-000--revision-v4--coload-80/b24aacc9d1b056a40fd44517b7c44cd388ffd5dfeeee21817ece3b931878a94c.json
coload-80,test-Test-4-000--revision-v4--coload-80,51700.426665000006,12658.145376024047,1811da098bf77866be9c2c713d7ae627b547ce30037478c5874c39918b5c032f,25821.729760999995,2533.1436656290757,PPO-coload-80-large-r2-B40320,solutions/test-Test-4-000--revision-v4--coload-80/1811da098bf77866be9c2c713d7ae627b547ce30037478c5874c39918b5c032f.json
coload-80,test-Test-4-000--revision-v4--coload-80,51700.426665000006,12658.145376024047,e91bdcbd50ef250057aab8cc275e0343c25438fd53990b9c8e8f415d6d5d63a9,26303.883453999995,2308.421871536894,PPO-coload-80-large-r0-B40320,solutions/test-Test-4-000--revision-v4--coload-80/e91bdcbd50ef250057aab8cc275e0343c25438fd53990b9c8e8f415d6d5d63a9.json
coload-80,test-Test-4-000--revision-v4--coload-80,51700.426665000006,12658.145376024047,f04252f207948967fa0e04085cdda166b1e8d80897be7c3f428833ca7ea361e7,27186.789661999996,2049.266407262148,PPO-coload-80-large-r2-B40320,solutions/test-Test-4-000--revision-v4--coload-80/f04252f207948967fa0e04085cdda166b1e8d80897be7c3f428833ca7ea361e7.json
coload-80,test-Test-4-000--revision-v4--coload-80,51700.426665000006,12658.145376024047,36664fad8bb8d25c3ad484a9d8552df2bc2da54d23cbe1ba2415f150dc07361a,27229.961788999994,2049.1735762284425,PPO-coload-80-large-r2-B40320,solutions/test-Test-4-000--revision-v4--coload-80/36664fad8bb8d25c3ad484a9d8552df2bc2da54d23cbe1ba2415f150dc07361a.json
coload-80,test-Test-4-000--revision-v4--coload-80,51700.426665000006,12658.145376024047,d3b60d0f3eb452b6bc9a5108a63e2cec3342ba775a199841a4c9747100900a8e,27238.599202999994,2048.667807137831,PPO-coload-80-large-r2-B40320,solutions/test-Test-4-000--revision-v4--coload-80/d3b60d0f3eb452b6bc9a5108a63e2cec3342ba775a199841a4c9747100900a8e.json
coload-80,test-Test-4-000--revision-v4--coload-80,51700.426665000006,12658.145376024047,2ccf32c7f317aad55679e4542ea529671322be2435f95c082d562b147dcbcb8c,27249.660661999995,2045.580935770665,PPO-coload-80-large-r2-B40320,solutions/test-Test-4-000--revision-v4--coload-80/2ccf32c7f317aad55679e4542ea529671322be2435f95c082d562b147dcbcb8c.json
coload-80,test-Test-4-000--revision-v4--coload-80,51700.426665000006,12658.145376024047,9039d4a38cc5af27dcdbdb9725acbe78d6b9bf73d0fc5e590f60394a927c8cae,27391.678761999996,2033.1063284804682,PPO-coload-80-large-r2-B40320,solutions/test-Test-4-000--revision-v4--coload-80/9039d4a38cc5af27dcdbdb9725acbe78d6b9bf73d0fc5e590f60394a927c8cae.json
coload-80,test-Test-4-000--revision-v4--coload-80,51700.426665000006,12658.145376024047,487c766c8d4e71da8133855d3c1bb2cb26ccdc5df986a45b9050ccaf5e52e90c,27395.444005999998,2032.1229600088761,PPO-coload-80-large-r2-B40320,solutions/test-Test-4-000--revision-v4--coload-80/487c766c8d4e71da8133855d3c1bb2cb26ccdc5df986a45b9050ccaf5e52e90c.json
coload-80,test-Test-4-000--revision-v4--coload-80,51700.426665000006,12658.145376024047,b12f48cf2b94db020410ab21943f6e9f009a646b40e23c6a00d40eff1717d383,27399.117661999997,2031.253063055536,PPO-coload-80-large-r2-B40320,solutions/test-Test-4-000--revision-v4--coload-80/b12f48cf2b94db020410ab21943f6e9f009a646b40e23c6a00d40eff1717d383.json
coload-80,test-Test-4-000--revision-v4--coload-80,51700.426665000006,12658.145376024047,9b955c83e12f882e617103e59f1892fa78746cd72d495987b8e4a381349c7859,27411.846661999996,2030.6181626534553,PPO-coload-80-large-r2-B40320,solutions/test-Test-4-000--revision-v4--coload-80/9b955c83e12f882e617103e59f1892fa78746cd72d495987b8e4a381349c7859.json
coload-80,test-Test-4-000--revision-v4--coload-80,51700.426665000006,12658.145376024047,e28a5512c7e489bd6cc0b1107ee773f67f014e47d256e10a0aee7359802b56e4,27424.185661999996,2029.9049874552602,PPO-coload-80-large-r2-B40320,solutions/test-Test-4-000--revision-v4--coload-80/e28a5512c7e489bd6cc0b1107ee773f67f014e47d256e10a0aee7359802b56e4.json
coload-80,test-Test-4-000--revision-v4--coload-80,51700.426665000006,12658.145376024047,6bb01c197fb1c10903966857ecf34b0661119408d6f19432f5f208c2f1cd94a8,28874.10971999999,2016.6486364379114,PPO-coload-80-large-r2-B40320,solutions/test-Test-4-000--revision-v4--coload-80/6bb01c197fb1c10903966857ecf34b0661119408d6f19432f5f208c2f1cd94a8.json
coload-80,test-Test-4-000--revision-v4--coload-80,51700.426665000006,12658.145376024047,5f38bde9cb0f8d2b7044818713aa9731151ab0768da9546146fa4fd4192ff1cf,28966.907179999995,2008.2301599719358,PPO-coload-80-large-r2-B40320,solutions/test-Test-4-000--revision-v4--coload-80/5f38bde9cb0f8d2b7044818713aa9731151ab0768da9546146fa4fd4192ff1cf.json
coload-80,test-Test-4-000--revision-v4--coload-80,51700.426665000006,12658.145376024047,554a43956dc850f7713db52d67ae5ba72bd7ccf27f2c03398a28b2b9ec158403,29058.03164599999,2001.4039229423392,PPO-coload-80-large-r2-B40320,solutions/test-Test-4-000--revision-v4--coload-80/554a43956dc850f7713db52d67ae5ba72bd7ccf27f2c03398a28b2b9ec158403.json
coload-80,test-Test-4-000--revision-v4--coload-80,51700.426665000006,12658.145376024047,d9eb74c80b5210c21782a3087b8622654408786409cadc08d8071a6369157c62,29098.924645999992,1996.4763918456122,PPO-coload-80-large-r2-B40320,solutions/test-Test-4-000--revision-v4--coload-80/d9eb74c80b5210c21782a3087b8622654408786409cadc08d8071a6369157c62.json
coload-80,test-Test-4-000--revision-v4--coload-80,51700.426665000006,12658.145376024047,d937eac8b289154c240230e2376592652f0b103a23765d687bfb93c5952454e9,32325.761186,1620.3720776274638,PPO-coload-80-large-r1-B40320,solutions/test-Test-4-000--revision-v4--coload-80/d937eac8b289154c240230e2376592652f0b103a23765d687bfb93c5952454e9.json
coload-80,test-Test-4-000--revision-v4--coload-80,51700.426665000006,12658.145376024047,a05c282cb7005906eb0ac01b95ab61d996146df24fecbd61bfc01d4fad8f49b6,32555.299869999995,1606.3472000459903,PPO-coload-80-large-r1-B40320,solutions/test-Test-4-000--revision-v4--coload-80/a05c282cb7005906eb0ac01b95ab61d996146df24fecbd61bfc01d4fad8f49b6.json
coload-80,test-Test-4-000--revision-v4--coload-80,51700.426665000006,12658.145376024047,afdc97ca1fe44a6773a2b97a47181cf18b83e035138992b65792679e55472f72,32720.366185999996,1590.8064788324625,PPO-coload-80-large-r1-B40320,solutions/test-Test-4-000--revision-v4--coload-80/afdc97ca1fe44a6773a2b97a47181cf18b83e035138992b65792679e55472f72.json
coload-80,test-Test-4-000--revision-v4--coload-80,51700.426665000006,12658.145376024047,9fa2be7dd08d681fef118d4ddfc3f74c886e090ebd31c22ac58c28c9a47f5415,32844.10100599999,1558.4068076803612,PPO-coload-80-large-r1-B40320,solutions/test-Test-4-000--revision-v4--coload-80/9fa2be7dd08d681fef118d4ddfc3f74c886e090ebd31c22ac58c28c9a47f5415.json
coload-120,test-Test-4-000--revision-v4--coload-120,51700.426665000006,18128.55476066022,4b08fda6dcaa290062db31ebdc6786429e95e8684d619a2ca0d14c71bd21bbbf,22443.517856000002,9174.374697299048,PPO-coload-120-large-r2-B40320,solutions/test-Test-4-000--revision-v4--coload-120/4b08fda6dcaa290062db31ebdc6786429e95e8684d619a2ca0d14c71bd21bbbf.json
coload-120,test-Test-4-000--revision-v4--coload-120,51700.426665000006,18128.55476066022,4646483b36ac16d285eafbd785d682fbafb52040ddba52fea51cc9588357b40f,22459.390856,9019.460885258319,PPO-coload-120-large-r2-B40320,solutions/test-Test-4-000--revision-v4--coload-120/4646483b36ac16d285eafbd785d682fbafb52040ddba52fea51cc9588357b40f.json
coload-120,test-Test-4-000--revision-v4--coload-120,51700.426665000006,18128.55476066022,9136f8c434eb07540c2241996d6919c317bed799e01b52adc687de44ef52c5fb,22479.232856,8982.768124147671,PPO-coload-120-large-r2-B40320,solutions/test-Test-4-000--revision-v4--coload-120/9136f8c434eb07540c2241996d6919c317bed799e01b52adc687de44ef52c5fb.json
coload-120,test-Test-4-000--revision-v4--coload-120,51700.426665000006,18128.55476066022,05eb1b67ace79da9cd19265fd57ba50f88f84cc613b7e4273472130b1d29266b,22645.192798999997,8949.50258443256,PPO-coload-120-large-r2-B40320,solutions/test-Test-4-000--revision-v4--coload-120/05eb1b67ace79da9cd19265fd57ba50f88f84cc613b7e4273472130b1d29266b.json
coload-120,test-Test-4-000--revision-v4--coload-120,51700.426665000006,18128.55476066022,5ef50757bf981a9cf283298b376577dc83446a2a0dcf6bca7728d31db211f1ac,22706.830656,8909.820659526715,PPO-coload-120-large-r2-B40320,solutions/test-Test-4-000--revision-v4--coload-120/5ef50757bf981a9cf283298b376577dc83446a2a0dcf6bca7728d31db211f1ac.json
coload-120,test-Test-4-000--revision-v4--coload-120,51700.426665000006,18128.55476066022,7b2ba1ef70e4429a8c1490070a5ad573e3c9b9de063b90cc29ad12a6642929ff,22795.12847300001,8903.448001697869,PPO-coload-120-large-r0-B40320,solutions/test-Test-4-000--revision-v4--coload-120/7b2ba1ef70e4429a8c1490070a5ad573e3c9b9de063b90cc29ad12a6642929ff.json
coload-120,test-Test-4-000--revision-v4--coload-120,51700.426665000006,18128.55476066022,30c249ce41718f0508a9981771ae2b3135dce527f740d3c34b9448441715328e,22844.03747300001,8851.672499998964,PPO-coload-120-large-r0-B40320,solutions/test-Test-4-000--revision-v4--coload-120/30c249ce41718f0508a9981771ae2b3135dce527f740d3c34b9448441715328e.json
coload-120,test-Test-4-000--revision-v4--coload-120,51700.426665000006,18128.55476066022,5d04b693373f3294e8f6aedbf799a08046d4350f10cbda32cba13082cc457450,22957.809166,6984.771216916105,PPO-coload-120-large-r0-B40320,solutions/test-Test-4-000--revision-v4--coload-120/5d04b693373f3294e8f6aedbf799a08046d4350f10cbda32cba13082cc457450.json
coload-120,test-Test-4-000--revision-v4--coload-120,51700.426665000006,18128.55476066022,8f94ee35d8be5eaf750f5818de3014569a2e78e1b8aff209a4b02803c6263067,22976.03213,6923.950182021811,PPO-coload-120-large-r0-B40320,solutions/test-Test-4-000--revision-v4--coload-120/8f94ee35d8be5eaf750f5818de3014569a2e78e1b8aff209a4b02803c6263067.json
coload-120,test-Test-4-000--revision-v4--coload-120,51700.426665000006,18128.55476066022,b13a83d9a6d9edb324dc5a91f4b4add3f01ed1878eaf2aa43de7ab1ce9265d49,23030.566130000007,6892.397495774232,PPO-coload-120-large-r0-B40320,solutions/test-Test-4-000--revision-v4--coload-120/b13a83d9a6d9edb324dc5a91f4b4add3f01ed1878eaf2aa43de7ab1ce9265d49.json
coload-120,test-Test-4-000--revision-v4--coload-120,51700.426665000006,18128.55476066022,a423b2cb2dd73dea4a2304bc7f8a2c54cbdeb9dedd81c5bcdd33e9ebfb640f38,23073.771129999994,6856.284074850147,PPO-coload-120-large-r0-B40320,solutions/test-Test-4-000--revision-v4--coload-120/a423b2cb2dd73dea4a2304bc7f8a2c54cbdeb9dedd81c5bcdd33e9ebfb640f38.json
coload-120,test-Test-4-000--revision-v4--coload-120,51700.426665000006,18128.55476066022,ee67d0724a829541d26840211d6eee9ae838b1bf5fc2510739ac893da3c54eef,23333.72740799999,5195.814885037702,PPO-coload-120-large-r0-B40320,solutions/test-Test-4-000--revision-v4--coload-120/ee67d0724a829541d26840211d6eee9ae838b1bf5fc2510739ac893da3c54eef.json
coload-120,test-Test-4-000--revision-v4--coload-120,51700.426665000006,18128.55476066022,abcca71c1c5f6b9823de0409b8b56b85916972c590cf78bc397c543ae90b963f,23358.006407999994,5149.752438660189,PPO-coload-120-large-r0-B40320,solutions/test-Test-4-000--revision-v4--coload-120/abcca71c1c5f6b9823de0409b8b56b85916972c590cf78bc397c543ae90b963f.json
coload-120,test-Test-4-000--revision-v4--coload-120,51700.426665000006,18128.55476066022,a31eea3fd89d2d67e4a47d89e450d1b5d5fc27d192600ae9932c1de689efa5a5,23373.360407999993,5127.320237667803,PPO-coload-120-large-r0-B40320,solutions/test-Test-4-000--revision-v4--coload-120/a31eea3fd89d2d67e4a47d89e450d1b5d5fc27d192600ae9932c1de689efa5a5.json
coload-120,test-Test-4-000--revision-v4--coload-120,51700.426665000006,18128.55476066022,060329a9fc1fc6b94872cbff7defb3d4d97ac131b5700e68e8429297b59c10f2,23439.648407999994,5083.587255436874,PPO-coload-120-large-r0-B40320,solutions/test-Test-4-000--revision-v4--coload-120/060329a9fc1fc6b94872cbff7defb3d4d97ac131b5700e68e8429297b59c10f2.json
coload-120,test-Test-4-000--revision-v4--coload-120,51700.426665000006,18128.55476066022,f9e1ce41736c62fcb4a73039f71a62afc9153ea8b4fb3a1a08bbd567a5138fcf,23568.93940799999,5055.31669133369,PPO-coload-120-large-r0-B40320,solutions/test-Test-4-000--revision-v4--coload-120/f9e1ce41736c62fcb4a73039f71a62afc9153ea8b4fb3a1a08bbd567a5138fcf.json
coload-120,test-Test-4-000--revision-v4--coload-120,51700.426665000006,18128.55476066022,bab9a7ded65bdfcc7fd53c36ba99a9a596552f2c71c850eacaa97d895dff4abf,23931.855143,3809.4569409923124,PPO-coload-120-large-r2-B40320,solutions/test-Test-4-000--revision-v4--coload-120/bab9a7ded65bdfcc7fd53c36ba99a9a596552f2c71c850eacaa97d895dff4abf.json
coload-120,test-Test-4-000--revision-v4--coload-120,51700.426665000006,18128.55476066022,a0bbc772ef226498e8b69c7d4824971461c82704725cab56f52d4025b40f6346,23972.101003,3744.6018786659515,PPO-coload-120-large-r2-B40320,solutions/test-Test-4-000--revision-v4--coload-120/a0bbc772ef226498e8b69c7d4824971461c82704725cab56f52d4025b40f6346.json
coload-120,test-Test-4-000--revision-v4--coload-120,51700.426665000006,18128.55476066022,f2518b4b21a20a57217cb2394c57d4a52e856ccab60336ec0a82973c51836e4a,23988.069643,3720.7323114966043,PPO-coload-120-large-r2-B40320,solutions/test-Test-4-000--revision-v4--coload-120/f2518b4b21a20a57217cb2394c57d4a52e856ccab60336ec0a82973c51836e4a.json
coload-120,test-Test-4-000--revision-v4--coload-120,51700.426665000006,18128.55476066022,832c95f5b7bee64dad5b5eecb755546dc3eb8261872d4d1dd3a537f796418063,24001.470439000004,3716.934833096504,PPO-coload-120-large-r2-B40320,solutions/test-Test-4-000--revision-v4--coload-120/832c95f5b7bee64dad5b5eecb755546dc3eb8261872d4d1dd3a537f796418063.json
coload-120,test-Test-4-000--revision-v4--coload-120,51700.426665000006,18128.55476066022,f285abff336778f4dd22bfd06b4491b0871419ab346f02f7fad86e204fd4d805,24052.569642999995,3694.723813087849,PPO-coload-120-large-r2-B40320,solutions/test-Test-4-000--revision-v4--coload-120/f285abff336778f4dd22bfd06b4491b0871419ab346f02f7fad86e204fd4d805.json
coload-120,test-Test-4-000--revision-v4--coload-120,51700.426665000006,18128.55476066022,3a540c1e463770f1cf389fabb871b421f27fb6c6c59396323c3002691d41bc5d,24646.068066999997,3480.8451880040298,PPO-coload-120-large-r1-B40320,solutions/test-Test-4-000--revision-v4--coload-120/3a540c1e463770f1cf389fabb871b421f27fb6c6c59396323c3002691d41bc5d.json
coload-120,test-Test-4-000--revision-v4--coload-120,51700.426665000006,18128.55476066022,490aaa9cd650249c857ca14275464545a4636b934dafc812a74a8deab059c412,24780.683566999996,3477.6673236329802,PPO-coload-120-large-r1-B40320,solutions/test-Test-4-000--revision-v4--coload-120/490aaa9cd650249c857ca14275464545a4636b934dafc812a74a8deab059c412.json
coload-120,test-Test-4-000--revision-v4--coload-120,51700.426665000006,18128.55476066022,9188ff696438a84a7ceaba35ff670952b44da1302879f639bfa1b61112c62507,24826.803066999993,3476.0813762368466,PPO-coload-120-large-r1-B40320,solutions/test-Test-4-000--revision-v4--coload-120/9188ff696438a84a7ceaba35ff670952b44da1302879f639bfa1b61112c62507.json
coload-120,test-Test-4-000--revision-v4--coload-120,51700.426665000006,18128.55476066022,0a7a62135043caa0a47f87d815b43cc4a7635d797ca39e602f78567deec2e2c9,24890.846107999987,3313.906705919925,PPO-coload-120-large-r0-B40320,solutions/test-Test-4-000--revision-v4--coload-120/0a7a62135043caa0a47f87d815b43cc4a7635d797ca39e602f78567deec2e2c9.json
coload-120,test-Test-4-000--revision-v4--coload-120,51700.426665000006,18128.55476066022,9030833f3813e5df5c4880747690cb0d04b5fc91a1080c7640aa41e38b4d7f6a,24943.39787499999,3206.867388863908,PPO-coload-120-large-r0-B40320,solutions/test-Test-4-000--revision-v4--coload-120/9030833f3813e5df5c4880747690cb0d04b5fc91a1080c7640aa41e38b4d7f6a.json
coload-120,test-Test-4-000--revision-v4--coload-120,51700.426665000006,18128.55476066022,3984da3c687a66281808554f5b7fc2c4b660599d13376f8c34abeb77e140c2ea,25029.72811499999,3167.5273136407914,PPO-coload-120-large-r0-B40320,solutions/test-Test-4-000--revision-v4--coload-120/3984da3c687a66281808554f5b7fc2c4b660599d13376f8c34abeb77e140c2ea.json
coload-120,test-Test-4-000--revision-v4--coload-120,51700.426665000006,18128.55476066022,ed9f27b4c1d1f2f507d063a353e1f3fd2ddbe873bc6b3b2a097eb8aa6060c6a1,25037.20467899999,3154.844666880926,PPO-coload-120-large-r0-B40320,solutions/test-Test-4-000--revision-v4--coload-120/ed9f27b4c1d1f2f507d063a353e1f3fd2ddbe873bc6b3b2a097eb8aa6060c6a1.json
coload-120,test-Test-4-000--revision-v4--coload-120,51700.426665000006,18128.55476066022,fab4330ec5f1247724ea1f91d30db69cb0d18268daf9af13ed66354575c2b14f,28940.80897599999,2911.794555576259,PPO-coload-120-large-r2-B40320,solutions/test-Test-4-000--revision-v4--coload-120/fab4330ec5f1247724ea1f91d30db69cb0d18268daf9af13ed66354575c2b14f.json
coload-120,test-Test-4-000--revision-v4--coload-120,51700.426665000006,18128.55476066022,4dad02f97df6df8899b18e35fee69c93ac35989bcc016fa84eb294a76fcad007,28941.17185999999,2897.1106269016645,PPO-coload-120-large-r2-B40320,solutions/test-Test-4-000--revision-v4--coload-120/4dad02f97df6df8899b18e35fee69c93ac35989bcc016fa84eb294a76fcad007.json
coload-120,test-Test-4-000--revision-v4--coload-120,51700.426665000006,18128.55476066022,7eab96a3c05fa094c0cef80a788424712e2f5b11d638bd37e772ff78dcabd5ca,29052.960359999994,2845.526057253499,PPO-coload-120-large-r2-B40320,solutions/test-Test-4-000--revision-v4--coload-120/7eab96a3c05fa094c0cef80a788424712e2f5b11d638bd37e772ff78dcabd5ca.json
coload-120,test-Test-4-000--revision-v4--coload-120,51700.426665000006,18128.55476066022,9eb1e73fb13dfca79f580723fa92b963730e728163a9bf7b44c8f87c5ea1784c,29291.330359999993,2827.623822568488,PPO-coload-120-large-r2-B40320,solutions/test-Test-4-000--revision-v4--coload-120/9eb1e73fb13dfca79f580723fa92b963730e728163a9bf7b44c8f87c5ea1784c.json
coload-120,test-Test-4-000--revision-v4--coload-120,51700.426665000006,18128.55476066022,0aa4362ad89197d1c7d69ad82f4558110f2b45692a26e79056e734848df789e4,29306.047419,2806.4023025632114,PPO-coload-120-large-r2-B40320,solutions/test-Test-4-000--revision-v4--coload-120/0aa4362ad89197d1c7d69ad82f4558110f2b45692a26e79056e734848df789e4.json
coload-120,test-Test-4-000--revision-v4--coload-120,51700.426665000006,18128.55476066022,759a5417613626b34c705d9eba1bda542e2156adcf31b48f3517567aac09065f,31685.264068000004,2791.9846870301694,PPO-coload-120-large-r0-B40320,solutions/test-Test-4-000--revision-v4--coload-120/759a5417613626b34c705d9eba1bda542e2156adcf31b48f3517567aac09065f.json
coload-120,test-Test-4-000--revision-v4--coload-120,51700.426665000006,18128.55476066022,5ec65920f3440f6403dee7c34604a38c1dfc9e07b1fff933e893e6ed8bcbfe62,31810.305775999994,2776.192086009691,PPO-coload-120-large-r2-B40320,solutions/test-Test-4-000--revision-v4--coload-120/5ec65920f3440f6403dee7c34604a38c1dfc9e07b1fff933e893e6ed8bcbfe62.json
coload-120,test-Test-4-000--revision-v4--coload-120,51700.426665000006,18128.55476066022,5b48732ccad7ce35cce1c5b68a78f120aa9e207f9c077449954697de513e54e7,31877.618853000004,2768.7184690578792,PPO-coload-120-large-r0-B40320,solutions/test-Test-4-000--revision-v4--coload-120/5b48732ccad7ce35cce1c5b68a78f120aa9e207f9c077449954697de513e54e7.json
coload-120,test-Test-4-000--revision-v4--coload-120,51700.426665000006,18128.55476066022,cda3fbb17d3855523215c9a473c58312bd6a7f802118e8c14f8c64f8a1c63494,31926.96427599999,2753.810897653413,PPO-coload-120-large-r2-B40320,solutions/test-Test-4-000--revision-v4--coload-120/cda3fbb17d3855523215c9a473c58312bd6a7f802118e8c14f8c64f8a1c63494.json
coload-120,test-Test-4-000--revision-v4--coload-120,51700.426665000006,18128.55476066022,0009027f612c810625345e80286f855e13a144f2e5fefc8056e90c2796471c5a,31980.83804799999,2747.9660567104174,PPO-coload-120-large-r2-B40320,solutions/test-Test-4-000--revision-v4--coload-120/0009027f612c810625345e80286f855e13a144f2e5fefc8056e90c2796471c5a.json
coload-120,test-Test-4-000--revision-v4--coload-120,51700.426665000006,18128.55476066022,8415607c87b2a19c2113398f98f6deff1a37a5fcd492c2c2ab3a88019663f09d,31996.292775999995,2741.157996281436,PPO-coload-120-large-r2-B40320,solutions/test-Test-4-000--revision-v4--coload-120/8415607c87b2a19c2113398f98f6deff1a37a5fcd492c2c2ab3a88019663f09d.json
coload-120,test-Test-4-000--revision-v4--coload-120,51700.426665000006,18128.55476066022,c22c5643dd83e16fcc7a9324e327ca1a78b2deea5fc1508717a6afe94a52e32b,32013.356775999986,2712.6269011570685,PPO-coload-120-large-r2-B40320,solutions/test-Test-4-000--revision-v4--coload-120/c22c5643dd83e16fcc7a9324e327ca1a78b2deea5fc1508717a6afe94a52e32b.json
coload-120,test-Test-4-000--revision-v4--coload-120,51700.426665000006,18128.55476066022,19cc98b06747ffb7b5b4bfb6b1f91fb662c5fb08f18a6ff74b3a7bced4921424,32082.29077599999,2712.4233272367997,PPO-coload-120-large-r2-B40320,solutions/test-Test-4-000--revision-v4--coload-120/19cc98b06747ffb7b5b4bfb6b1f91fb662c5fb08f18a6ff74b3a7bced4921424.json
coload-120,test-Test-4-000--revision-v4--coload-120,51700.426665000006,18128.55476066022,a4c9eb9a87f2cda73a7740525d7a5f0e7b2dcb0457e5e35a1785f76456b68623,32514.211163000004,2286.0894014371,PPO-coload-120-large-r1-B40320,solutions/test-Test-4-000--revision-v4--coload-120/a4c9eb9a87f2cda73a7740525d7a5f0e7b2dcb0457e5e35a1785f76456b68623.json
coload-120,test-Test-4-000--revision-v4--coload-120,51700.426665000006,18128.55476066022,2b3a4079e15b9f8e09fb8efdad4dbdc35179d99e7fc590f6040ad1baa1f6b508,32676.077078,2285.6864836482473,PPO-coload-120-large-r1-B40320,solutions/test-Test-4-000--revision-v4--coload-120/2b3a4079e15b9f8e09fb8efdad4dbdc35179d99e7fc590f6040ad1baa1f6b508.json
coload-120,test-Test-4-000--revision-v4--coload-120,51700.426665000006,18128.55476066022,9a633956493dad508a1528dfe1ed7576877eec8aa7a7bdbbfa61bf4a6e2d90ab,32690.687078,2277.1456488422546,PPO-coload-120-large-r1-B40320,solutions/test-Test-4-000--revision-v4--coload-120/9a633956493dad508a1528dfe1ed7576877eec8aa7a7bdbbfa61bf4a6e2d90ab.json
coload-120,test-Test-4-000--revision-v4--coload-120,51700.426665000006,18128.55476066022,9af9210aad418e6623b8d44c01970b8906bfe7a7925c067816bee8698a5b8a6f,32778.560077999995,2276.3918828236374,PPO-coload-120-large-r1-B40320,solutions/test-Test-4-000--revision-v4--coload-120/9af9210aad418e6623b8d44c01970b8906bfe7a7925c067816bee8698a5b8a6f.json
coload-120,test-Test-4-000--revision-v4--coload-120,51700.426665000006,18128.55476066022,8ea186d7875b4c17d1d3005d350bcd3b5829fe0e81a816455a02bd0af4b0eed2,32794.42707799999,2274.759865175565,PPO-coload-120-large-r1-B40320,solutions/test-Test-4-000--revision-v4--coload-120/8ea186d7875b4c17d1d3005d350bcd3b5829fe0e81a816455a02bd0af4b0eed2.json
coload-120,test-Test-4-000--revision-v4--coload-120,51700.426665000006,18128.55476066022,7b71968716a13e00ecd0768b28d1d6ca6468dcfb25b1c867072c571402229af5,32809.742077999996,2273.7655419405414,PPO-coload-120-large-r1-B40320,solutions/test-Test-4-000--revision-v4--coload-120/7b71968716a13e00ecd0768b28d1d6ca6468dcfb25b1c867072c571402229af5.json
coload-120,test-Test-4-000--revision-v4--coload-120,51700.426665000006,18128.55476066022,8b216afb1d132b5be4d0450ea0483d7001d4fcfb9073c37f76374bcb8c79ddfe,32821.201341,2259.1012384616406,PPO-coload-120-large-r1-B40320,solutions/test-Test-4-000--revision-v4--coload-120/8b216afb1d132b5be4d0450ea0483d7001d4fcfb9073c37f76374bcb8c79ddfe.json
coload-130,test-Test-4-000--revision-v4--coload-130,51700.426665000006,19496.157106819286,bbb0da136afe862f755fa054b6dd4be4be80fb8defd3cc2abd1b3437d3d27439,23414.781294999993,8494.702825042034,PPO-coload-130-large-r2-B40320,solutions/test-Test-4-000--revision-v4--coload-130/bbb0da136afe862f755fa054b6dd4be4be80fb8defd3cc2abd1b3437d3d27439.json
coload-130,test-Test-4-000--revision-v4--coload-130,51700.426665000006,19496.157106819286,3320a2a174dabc207d71a6937152eba7967c1e0afe3312cbe2ef358b13a071d8,23450.451295,8468.544538592523,PPO-coload-130-large-r2-B40320,solutions/test-Test-4-000--revision-v4--coload-130/3320a2a174dabc207d71a6937152eba7967c1e0afe3312cbe2ef358b13a071d8.json
coload-130,test-Test-4-000--revision-v4--coload-130,51700.426665000006,19496.157106819286,2f87765900e0b8cdd329588be547cd244fce8df534e9776e680a0fbf0b3566cc,23515.569294999994,8466.958607907418,PPO-coload-130-large-r2-B40320,solutions/test-Test-4-000--revision-v4--coload-130/2f87765900e0b8cdd329588be547cd244fce8df534e9776e680a0fbf0b3566cc.json
coload-130,test-Test-4-000--revision-v4--coload-130,51700.426665000006,19496.157106819286,bb262008c5055ece8537eeaaa9419d035746095432a6dab23494ad19b69d445c,23544.213294999994,8442.660365233782,PPO-coload-130-large-r2-B40320,solutions/test-Test-4-000--revision-v4--coload-130/bb262008c5055ece8537eeaaa9419d035746095432a6dab23494ad19b69d445c.json
coload-130,test-Test-4-000--revision-v4--coload-130,51700.426665000006,19496.157106819286,b7eaafe863d0405ef2ef5eeefbf56f0fbbaa8c5f67d0117c4f19e445c16a4095,23643.905744999996,8432.04012220969,PPO-coload-130-large-r2-B40320,solutions/test-Test-4-000--revision-v4--coload-130/b7eaafe863d0405ef2ef5eeefbf56f0fbbaa8c5f67d0117c4f19e445c16a4095.json
coload-130,test-Test-4-000--revision-v4--coload-130,51700.426665000006,19496.157106819286,72ea9ad2e66645cbf71073e8074f137443cbd6edb04b53447b925431d9d4c0c0,23672.088299999996,7239.842648857135,PPO-coload-130-large-r1-B40320,solutions/test-Test-4-000--revision-v4--coload-130/72ea9ad2e66645cbf71073e8074f137443cbd6edb04b53447b925431d9d4c0c0.json
coload-130,test-Test-4-000--revision-v4--coload-130,51700.426665000006,19496.157106819286,d6e27531183274b3aa3ec6481f9aa0998c70bcd33484c759203a277dcaa9b51f,23863.29715799999,6199.846694660119,PPO-coload-130-large-r1-B40320,solutions/test-Test-4-000--revision-v4--coload-130/d6e27531183274b3aa3ec6481f9aa0998c70bcd33484c759203a277dcaa9b51f.json
coload-130,test-Test-4-000--revision-v4--coload-130,51700.426665000006,19496.157106819286,afed4f2baf18b2dd20cd549962d5ca9ae244cb51c7cc5501501fcebf118ca597,24017.101667999996,6193.865658311283,PPO-coload-130-large-r1-B40320,solutions/test-Test-4-000--revision-v4--coload-130/afed4f2baf18b2dd20cd549962d5ca9ae244cb51c7cc5501501fcebf118ca597.json
coload-130,test-Test-4-000--revision-v4--coload-130,51700.426665000006,19496.157106819286,687b5672a49ad9fc45d3cfa2d80c4bd1f0c3bee001f0a4b9e46683b7e520d0dd,24022.943733999997,4877.78810972698,PPO-coload-130-large-r2-B40320,solutions/test-Test-4-000--revision-v4--coload-130/687b5672a49ad9fc45d3cfa2d80c4bd1f0c3bee001f0a4b9e46683b7e520d0dd.json
coload-130,test-Test-4-000--revision-v4--coload-130,51700.426665000006,19496.157106819286,71f623515417af5e2055907d65ee83a0f071e97ca6b398aa5c9fbfdf798bca82,24046.095234,4827.855462561127,PPO-coload-130-large-r2-B40320,solutions/test-Test-4-000--revision-v4--coload-130/71f623515417af5e2055907d65ee83a0f071e97ca6b398aa5c9fbfdf798bca82.json
coload-130,test-Test-4-000--revision-v4--coload-130,51700.426665000006,19496.157106819286,cc73630abbcf6616e6b0019ac09d88bbdaa3d9991820c9567112c064247a5fcd,24072.160991999997,4807.55246435487,PPO-coload-130-large-r2-B40320,solutions/test-Test-4-000--revision-v4--coload-130/cc73630abbcf6616e6b0019ac09d88bbdaa3d9991820c9567112c064247a5fcd.json
coload-130,test-Test-4-000--revision-v4--coload-130,51700.426665000006,19496.157106819286,84d20e3fe3f82a1c3f166e477088ca0a173aeb09ce57a2c546357a02860bdfac,24079.158233999995,4803.220920429157,PPO-coload-130-large-r2-B40320,solutions/test-Test-4-000--revision-v4--coload-130/84d20e3fe3f82a1c3f166e477088ca0a173aeb09ce57a2c546357a02860bdfac.json
coload-130,test-Test-4-000--revision-v4--coload-130,51700.426665000006,19496.157106819286,9c155714c58dedbf22c8d9ba20a43d52511fd3766304f343078e6688dcde1d8b,24108.161255000003,3783.0648121128925,PPO-coload-130-large-r0-B40320,solutions/test-Test-4-000--revision-v4--coload-130/9c155714c58dedbf22c8d9ba20a43d52511fd3766304f343078e6688dcde1d8b.json
coload-130,test-Test-4-000--revision-v4--coload-130,51700.426665000006,19496.157106819286,f4c4d16465dbf76d632c13d17b0218b9970814eafaf66c6adf1470ae385eb054,24127.031255,3764.013045360661,PPO-coload-130-large-r0-B40320,solutions/test-Test-4-000--revision-v4--coload-130/f4c4d16465dbf76d632c13d17b0218b9970814eafaf66c6adf1470ae385eb054.json
coload-130,test-Test-4-000--revision-v4--coload-130,51700.426665000006,19496.157106819286,410ea9c4339c57318c580cdc0fe3459f384a4c308f287d1f233f1b508d9ba8c7,24127.673255,3763.670075052081,PPO-coload-130-large-r0-B40320,solutions/test-Test-4-000--revision-v4--coload-130/410ea9c4339c57318c580cdc0fe3459f384a4c308f287d1f233f1b508d9ba8c7.json
coload-130,test-Test-4-000--revision-v4--coload-130,51700.426665000006,19496.157106819286,c9f6a08f67cfe8b4ca976986669be8f153dbf125cdaf9c642fe0ace9d7798066,24260.870255,3756.949689990215,PPO-coload-130-large-r0-B40320,solutions/test-Test-4-000--revision-v4--coload-130/c9f6a08f67cfe8b4ca976986669be8f153dbf125cdaf9c642fe0ace9d7798066.json
coload-130,test-Test-4-000--revision-v4--coload-130,51700.426665000006,19496.157106819286,8b4378839f6ecfeb3bf094815dcbaf371826e4f33fa140ec2c5eba8cc2e05140,24261.512255,3756.606719681635,PPO-coload-130-large-r0-B40320,solutions/test-Test-4-000--revision-v4--coload-130/8b4378839f6ecfeb3bf094815dcbaf371826e4f33fa140ec2c5eba8cc2e05140.json
coload-130,test-Test-4-000--revision-v4--coload-130,51700.426665000006,19496.157106819286,efd6d25433d7735ccbdaba96d0d7c983751b7f16f6f19d9b88634a63ce38da5d,24319.892255000006,3731.4116847166574,PPO-coload-130-large-r0-B40320,solutions/test-Test-4-000--revision-v4--coload-130/efd6d25433d7735ccbdaba96d0d7c983751b7f16f6f19d9b88634a63ce38da5d.json
coload-130,test-Test-4-000--revision-v4--coload-130,51700.426665000006,19496.157106819286,6b0af8f6fc2d3108ff8b671202c68f0f7cda2cab6d93b47b6b635c623cb76d10,26170.835824,3054.89939180534,PPO-coload-130-large-r0-B40320,solutions/test-Test-4-000--revision-v4--coload-130/6b0af8f6fc2d3108ff8b671202c68f0f7cda2cab6d93b47b6b635c623cb76d10.json
coload-130,test-Test-4-000--revision-v4--coload-130,51700.426665000006,19496.157106819286,c37207100a4054d75b210c847e855ade23dddd91b2daf5d80ddfad9bc476831a,26201.951824000003,3047.9419155934634,PPO-coload-130-large-r0-B40320,solutions/test-Test-4-000--revision-v4--coload-130/c37207100a4054d75b210c847e855ade23dddd91b2daf5d80ddfad9bc476831a.json
coload-130,test-Test-4-000--revision-v4--coload-130,51700.426665000006,19496.157106819286,68840bd02a367005b3ee30bfd4106dbbfb4a98e760e49cad92d7e2ab48a1e838,26471.363824000004,3043.7011720925516,PPO-coload-130-large-r0-B40320,solutions/test-Test-4-000--revision-v4--coload-130/68840bd02a367005b3ee30bfd4106dbbfb4a98e760e49cad92d7e2ab48a1e838.json
coload-130,test-Test-4-000--revision-v4--coload-130,51700.426665000006,19496.157106819286,2f84692c94a4aeb8b051a4d49e82288fba4c858c272cfd8cc685b0f52531fea9,26508.209824000005,3039.257879832705,PPO-coload-130-large-r0-B40320,solutions/test-Test-4-000--revision-v4--coload-130/2f84692c94a4aeb8b051a4d49e82288fba4c858c272cfd8cc685b0f52531fea9.json
coload-130,test-Test-4-000--revision-v4--coload-130,51700.426665000006,19496.157106819286,cf3c77dfd1c44a6e0ccca4c7f043d1179981b9e4b43ac7fe52a81e2db4b0a59e,26553.10182400001,3027.353457377728,PPO-coload-130-large-r0-B40320,solutions/test-Test-4-000--revision-v4--coload-130/cf3c77dfd1c44a6e0ccca4c7f043d1179981b9e4b43ac7fe52a81e2db4b0a59e.json
coload-130,test-Test-4-000--revision-v4--coload-130,51700.426665000006,19496.157106819286,8fb63071dc866ad1968016ca2a617cae26f4fb86e6126fd3786e13b3a43e2968,29826.680766999998,2862.4657833990186,PPO-coload-130-large-r1-B40320,solutions/test-Test-4-000--revision-v4--coload-130/8fb63071dc866ad1968016ca2a617cae26f4fb86e6126fd3786e13b3a43e2968.json
coload-130,test-Test-4-000--revision-v4--coload-130,51700.426665000006,19496.157106819286,c39a1b7a756535275fd73701db2421f691273389f2ea7c91e6a65efbf98c80c6,29918.513766999997,2833.09257285681,PPO-coload-130-large-r1-B40320,solutions/test-Test-4-000--revision-v4--coload-130/c39a1b7a756535275fd73701db2421f691273389f2ea7c91e6a65efbf98c80c6.json
coload-130,test-Test-4-000--revision-v4--coload-130,51700.426665000006,19496.157106819286,c2419f85bd8649d702b477166dff553210762e9343356335b29e9c55c0d4634f,31331.12531099998,2822.342342842752,PPO-coload-130-large-r0-B40320,solutions/test-Test-4-000--revision-v4--coload-130/c2419f85bd8649d702b477166dff553210762e9343356335b29e9c55c0d4634f.json
coload-130,test-Test-4-000--revision-v4--coload-130,51700.426665000006,19496.157106819286,b8d77223e5589111c81a58d6557566580ec45d2adae75971a59aa64402123830,31364.256862999988,2820.497615443172,PPO-coload-130-large-r0-B40320,solutions/test-Test-4-000--revision-v4--coload-130/b8d77223e5589111c81a58d6557566580ec45d2adae75971a59aa64402123830.json
coload-130,test-Test-4-000--revision-v4--coload-130,51700.426665000006,19496.157106819286,99fd4ce09abe38757c96c87864a8b92b0400c76d909e096d8907cfe2d695a2c0,32500.42943699999,2362.9018710172263,PPO-coload-130-large-r1-B40320,solutions/test-Test-4-000--revision-v4--coload-130/99fd4ce09abe38757c96c87864a8b92b0400c76d909e096d8907cfe2d695a2c0.json
