archive_id,instance,model,repeat,preference_index,preference,candidate_budget,actual_candidate_attempts,unused_candidate_budget,stop_reason,batches,seconds,final_validation_evaluations,preference_initialization_evaluations
PPO-Test-1-small-r0-B252000,Test-1,small,0,0,"(0.0, 1.0)",12000,1224,10776,positive_probability_action_space_exhausted,154,2.194032999992487,1,1
PPO-Test-1-small-r0-B252000,Test-1,small,0,1,"(0.05, 0.95)",12000,1184,10816,positive_probability_action_space_exhausted,149,1.9271632000018144,1,1
PPO-Test-1-small-r0-B252000,Test-1,small,0,2,"(0.1, 0.9)",12000,1179,10821,positive_probability_action_space_exhausted,148,2.0605886000121245,1,1
PPO-Test-1-small-r0-B252000,Test-1,small,0,3,"(0.15, 0.85)",12000,1408,10592,positive_probability_action_space_exhausted,177,2.3706832000025315,1,1
PPO-Test-1-small-r0-B252000,Test-1,small,0,4,"(0.2, 0.8)",12000,1564,10436,positive_probability_action_space_exhausted,196,2.625454000008176,1,1
PPO-Test-1-small-r0-B252000,Test-1,small,0,5,"(0.25, 0.75)",12000,1408,10592,positive_probability_action_space_exhausted,177,2.257372600011877,1,1
PPO-Test-1-small-r0-B252000,Test-1,small,0,6,"(0.3, 0.7)",12000,1759,10241,positive_probability_action_space_exhausted,220,2.9111369000020204,1,1
PPO-Test-1-small-r0-B252000,Test-1,small,0,7,"(0.35, 0.65)",12000,1661,10339,positive_probability_action_space_exhausted,208,2.7434994999930495,1,1
PPO-Test-1-small-r0-B252000,Test-1,small,0,8,"(0.4, 0.6)",12000,1227,10773,positive_probability_action_space_exhausted,154,2.0722112999937963,1,1
PPO-Test-1-small-r0-B252000,Test-1,small,0,9,"(0.45, 0.55)",12000,1348,10652,positive_probability_action_space_exhausted,169,2.185603699996136,1,1
PPO-Test-1-small-r0-B252000,Test-1,small,0,10,"(0.5, 0.5)",12000,1119,10881,positive_probability_action_space_exhausted,140,1.7389353000035044,1,1
PPO-Test-1-small-r0-B252000,Test-1,small,0,11,"(0.55, 0.44999999999999996)",12000,1393,10607,positive_probability_action_space_exhausted,175,2.2953331000026083,1,1
PPO-Test-1-small-r0-B252000,Test-1,small,0,12,"(0.6, 0.4)",12000,1119,10881,positive_probability_action_space_exhausted,140,1.6525656000012532,1,1
PPO-Test-1-small-r0-B252000,Test-1,small,0,13,"(0.65, 0.35)",12000,1199,10801,positive_probability_action_space_exhausted,150,1.8787890000094194,1,1
PPO-Test-1-small-r0-B252000,Test-1,small,0,14,"(0.7, 0.30000000000000004)",12000,1207,10793,positive_probability_action_space_exhausted,151,1.965597999995225,1,1
PPO-Test-1-small-r0-B252000,Test-1,small,0,15,"(0.75, 0.25)",12000,1239,10761,positive_probability_action_space_exhausted,155,1.997210500005167,1,1
PPO-Test-1-small-r0-B252000,Test-1,small,0,16,"(0.8, 0.19999999999999996)",12000,1119,10881,positive_probability_action_space_exhausted,140,1.687868900000467,1,1
PPO-Test-1-small-r0-B252000,Test-1,small,0,17,"(0.85, 0.15000000000000002)",12000,1327,10673,positive_probability_action_space_exhausted,166,2.1779372000019066,1,1
PPO-Test-1-small-r0-B252000,Test-1,small,0,18,"(0.9, 0.09999999999999998)",12000,1311,10689,positive_probability_action_space_exhausted,164,2.0715034999884665,1,1
PPO-Test-1-small-r0-B252000,Test-1,small,0,19,"(0.95, 0.050000000000000044)",12000,1321,10679,positive_probability_action_space_exhausted,166,2.158660199987935,1,1
PPO-Test-1-small-r0-B252000,Test-1,small,0,20,"(1.0, 0.0)",12000,1145,10855,positive_probability_action_space_exhausted,144,1.7739507999940543,1,1
PPO-Test-1-large-r0-B252000,Test-1,large,0,0,"(0.0, 1.0)",12000,1178,10822,positive_probability_action_space_exhausted,148,1.9296998999925563,1,1
PPO-Test-1-large-r0-B252000,Test-1,large,0,1,"(0.05, 0.95)",12000,1163,10837,positive_probability_action_space_exhausted,146,1.9653173999977298,1,1
PPO-Test-1-large-r0-B252000,Test-1,large,0,2,"(0.1, 0.9)",12000,1184,10816,positive_probability_action_space_exhausted,149,1.9712282999971649,1,1
PPO-Test-1-large-r0-B252000,Test-1,large,0,3,"(0.15, 0.85)",12000,1185,10815,positive_probability_action_space_exhausted,149,2.03638740000315,1,1
PPO-Test-1-large-r0-B252000,Test-1,large,0,4,"(0.2, 0.8)",12000,1163,10837,positive_probability_action_space_exhausted,146,1.987296299994341,1,1
PPO-Test-1-large-r0-B252000,Test-1,large,0,5,"(0.25, 0.75)",12000,1184,10816,positive_probability_action_space_exhausted,149,1.9291927000012947,1,1
PPO-Test-1-large-r0-B252000,Test-1,large,0,6,"(0.3, 0.7)",12000,1162,10838,positive_probability_action_space_exhausted,146,1.8898780000017723,1,1
PPO-Test-1-large-r0-B252000,Test-1,large,0,7,"(0.35, 0.65)",12000,1139,10861,positive_probability_action_space_exhausted,143,1.8311262000061106,1,1
PPO-Test-1-large-r0-B252000,Test-1,large,0,8,"(0.4, 0.6)",12000,1147,10853,positive_probability_action_space_exhausted,144,1.8840188000031048,1,1
PPO-Test-1-large-r0-B252000,Test-1,large,0,9,"(0.45, 0.55)",12000,1116,10884,positive_probability_action_space_exhausted,140,1.865115100008552,1,1
PPO-Test-1-large-r0-B252000,Test-1,large,0,10,"(0.5, 0.5)",12000,1139,10861,positive_probability_action_space_exhausted,143,1.9031604000047082,1,1
PPO-Test-1-large-r0-B252000,Test-1,large,0,11,"(0.55, 0.44999999999999996)",12000,1116,10884,positive_probability_action_space_exhausted,140,1.773509799997555,1,1
PPO-Test-1-large-r0-B252000,Test-1,large,0,12,"(0.6, 0.4)",12000,1116,10884,positive_probability_action_space_exhausted,140,1.7061952000076417,1,1
PPO-Test-1-large-r0-B252000,Test-1,large,0,13,"(0.65, 0.35)",12000,1116,10884,positive_probability_action_space_exhausted,140,1.8502842000016244,1,1
PPO-Test-1-large-r0-B252000,Test-1,large,0,14,"(0.7, 0.30000000000000004)",12000,1116,10884,positive_probability_action_space_exhausted,140,1.8007075000059558,1,1
PPO-Test-1-large-r0-B252000,Test-1,large,0,15,"(0.75, 0.25)",12000,1119,10881,positive_probability_action_space_exhausted,140,1.8432101999933366,1,1
PPO-Test-1-large-r0-B252000,Test-1,large,0,16,"(0.8, 0.19999999999999996)",12000,1119,10881,positive_probability_action_space_exhausted,140,1.8178382999903988,1,1
PPO-Test-1-large-r0-B252000,Test-1,large,0,17,"(0.85, 0.15000000000000002)",12000,1175,10825,positive_probability_action_space_exhausted,147,1.9837904999876628,1,1
PPO-Test-1-large-r0-B252000,Test-1,large,0,18,"(0.9, 0.09999999999999998)",12000,1119,10881,positive_probability_action_space_exhausted,140,1.8257360999996308,1,1
PPO-Test-1-large-r0-B252000,Test-1,large,0,19,"(0.95, 0.050000000000000044)",12000,1185,10815,positive_probability_action_space_exhausted,149,1.783123599991086,1,1
PPO-Test-1-large-r0-B252000,Test-1,large,0,20,"(1.0, 0.0)",12000,1145,10855,positive_probability_action_space_exhausted,144,1.8167204999917885,1,1
PPO-Test-1-small-r1-B252000,Test-1,small,1,0,"(0.0, 1.0)",12000,1581,10419,positive_probability_action_space_exhausted,198,2.5773015999875497,1,1
PPO-Test-1-small-r1-B252000,Test-1,small,1,1,"(0.05, 0.95)",12000,1184,10816,positive_probability_action_space_exhausted,149,1.885336899998947,1,1
PPO-Test-1-small-r1-B252000,Test-1,small,1,2,"(0.1, 0.9)",12000,1377,10623,positive_probability_action_space_exhausted,173,2.216393299997435,1,1
PPO-Test-1-small-r1-B252000,Test-1,small,1,3,"(0.15, 0.85)",12000,1505,10495,positive_probability_action_space_exhausted,189,2.3961124000052223,1,1
PPO-Test-1-small-r1-B252000,Test-1,small,1,4,"(0.2, 0.8)",12000,1416,10584,positive_probability_action_space_exhausted,178,2.29666960000759,1,1
PPO-Test-1-small-r1-B252000,Test-1,small,1,5,"(0.25, 0.75)",12000,1664,10336,positive_probability_action_space_exhausted,209,2.7572412000008626,1,1
PPO-Test-1-small-r1-B252000,Test-1,small,1,6,"(0.3, 0.7)",12000,1831,10169,positive_probability_action_space_exhausted,229,3.064164100011112,1,1
PPO-Test-1-small-r1-B252000,Test-1,small,1,7,"(0.35, 0.65)",12000,1788,10212,positive_probability_action_space_exhausted,224,3.1338318000052823,1,1
PPO-Test-1-small-r1-B252000,Test-1,small,1,8,"(0.4, 0.6)",12000,1172,10828,positive_probability_action_space_exhausted,147,1.7529629999917233,1,1
PPO-Test-1-small-r1-B252000,Test-1,small,1,9,"(0.45, 0.55)",12000,1303,10697,positive_probability_action_space_exhausted,163,2.0843230999889784,1,1
PPO-Test-1-small-r1-B252000,Test-1,small,1,10,"(0.5, 0.5)",12000,1139,10861,positive_probability_action_space_exhausted,143,1.8053470000013476,1,1
PPO-Test-1-small-r1-B252000,Test-1,small,1,11,"(0.55, 0.44999999999999996)",12000,1328,10672,positive_probability_action_space_exhausted,167,2.1373796999978367,1,1
PPO-Test-1-small-r1-B252000,Test-1,small,1,12,"(0.6, 0.4)",12000,1649,10351,positive_probability_action_space_exhausted,207,2.7847351000091294,1,1
PPO-Test-1-small-r1-B252000,Test-1,small,1,13,"(0.65, 0.35)",12000,1324,10676,positive_probability_action_space_exhausted,166,2.1240768999996362,1,1
PPO-Test-1-small-r1-B252000,Test-1,small,1,14,"(0.7, 0.30000000000000004)",12000,1119,10881,positive_probability_action_space_exhausted,140,1.687457699998049,1,1
PPO-Test-1-small-r1-B252000,Test-1,small,1,15,"(0.75, 0.25)",12000,1119,10881,positive_probability_action_space_exhausted,140,1.7602624999999534,1,1
PPO-Test-1-small-r1-B252000,Test-1,small,1,16,"(0.8, 0.19999999999999996)",12000,1215,10785,positive_probability_action_space_exhausted,152,1.8342094999970868,1,1
PPO-Test-1-small-r1-B252000,Test-1,small,1,17,"(0.85, 0.15000000000000002)",12000,1191,10809,positive_probability_action_space_exhausted,149,1.7735096999967936,1,1
PPO-Test-1-small-r1-B252000,Test-1,small,1,18,"(0.9, 0.09999999999999998)",12000,1359,10641,positive_probability_action_space_exhausted,170,2.2192404000088573,1,1
PPO-Test-1-small-r1-B252000,Test-1,small,1,19,"(0.95, 0.050000000000000044)",12000,1401,10599,positive_probability_action_space_exhausted,176,2.224217499999213,1,1
PPO-Test-1-small-r1-B252000,Test-1,small,1,20,"(1.0, 0.0)",12000,1119,10881,positive_probability_action_space_exhausted,140,1.777348499992513,1,1
PPO-Test-1-large-r1-B252000,Test-1,large,1,0,"(0.0, 1.0)",12000,1181,10819,positive_probability_action_space_exhausted,148,2.0233581000065897,1,1
PPO-Test-1-large-r1-B252000,Test-1,large,1,1,"(0.05, 0.95)",12000,1177,10823,positive_probability_action_space_exhausted,148,1.9098500999971293,1,1
PPO-Test-1-large-r1-B252000,Test-1,large,1,2,"(0.1, 0.9)",12000,1159,10841,positive_probability_action_space_exhausted,145,1.9044987999950536,1,1
PPO-Test-1-large-r1-B252000,Test-1,large,1,3,"(0.15, 0.85)",12000,1177,10823,positive_probability_action_space_exhausted,148,2.0124262000026647,1,1
PPO-Test-1-large-r1-B252000,Test-1,large,1,4,"(0.2, 0.8)",12000,1146,10854,positive_probability_action_space_exhausted,144,1.8887163000035798,1,1
PPO-Test-1-large-r1-B252000,Test-1,large,1,5,"(0.25, 0.75)",12000,1180,10820,positive_probability_action_space_exhausted,148,1.9222164999955567,1,1
PPO-Test-1-large-r1-B252000,Test-1,large,1,6,"(0.3, 0.7)",12000,1162,10838,positive_probability_action_space_exhausted,146,1.970811799998046,1,1
PPO-Test-1-large-r1-B252000,Test-1,large,1,7,"(0.35, 0.65)",12000,1137,10863,positive_probability_action_space_exhausted,143,1.8023411000031047,1,1
PPO-Test-1-large-r1-B252000,Test-1,large,1,8,"(0.4, 0.6)",12000,1157,10843,positive_probability_action_space_exhausted,145,1.8786734000022989,1,1
PPO-Test-1-large-r1-B252000,Test-1,large,1,9,"(0.45, 0.55)",12000,1119,10881,positive_probability_action_space_exhausted,140,1.7125108000036562,1,1
PPO-Test-1-large-r1-B252000,Test-1,large,1,10,"(0.5, 0.5)",12000,1119,10881,positive_probability_action_space_exhausted,140,1.7658468000008725,1,1
PPO-Test-1-large-r1-B252000,Test-1,large,1,11,"(0.55, 0.44999999999999996)",12000,1162,10838,positive_probability_action_space_exhausted,146,1.9618934000027366,1,1
PPO-Test-1-large-r1-B252000,Test-1,large,1,12,"(0.6, 0.4)",12000,1116,10884,positive_probability_action_space_exhausted,140,1.8598367000086,1,1
PPO-Test-1-large-r1-B252000,Test-1,large,1,13,"(0.65, 0.35)",12000,1140,10860,positive_probability_action_space_exhausted,143,1.830664599998272,1,1
PPO-Test-1-large-r1-B252000,Test-1,large,1,14,"(0.7, 0.30000000000000004)",12000,1132,10868,positive_probability_action_space_exhausted,142,1.725463499999023,1,1
PPO-Test-1-large-r1-B252000,Test-1,large,1,15,"(0.75, 0.25)",12000,1124,10876,positive_probability_action_space_exhausted,141,1.7857970999903046,1,1
PPO-Test-1-large-r1-B252000,Test-1,large,1,16,"(0.8, 0.19999999999999996)",12000,1144,10856,positive_probability_action_space_exhausted,144,1.8386693999927957,1,1
PPO-Test-1-large-r1-B252000,Test-1,large,1,17,"(0.85, 0.15000000000000002)",12000,1119,10881,positive_probability_action_space_exhausted,140,1.793064500001492,1,1
PPO-Test-1-large-r1-B252000,Test-1,large,1,18,"(0.9, 0.09999999999999998)",12000,1175,10825,positive_probability_action_space_exhausted,147,1.7922099999996135,1,1
PPO-Test-1-large-r1-B252000,Test-1,large,1,19,"(0.95, 0.050000000000000044)",12000,1135,10865,positive_probability_action_space_exhausted,142,1.769083799998043,1,1
PPO-Test-1-large-r1-B252000,Test-1,large,1,20,"(1.0, 0.0)",12000,1189,10811,positive_probability_action_space_exhausted,149,1.7818451000057394,1,1
PPO-Test-1-small-r2-B252000,Test-1,small,2,0,"(0.0, 1.0)",12000,1391,10609,positive_probability_action_space_exhausted,174,2.3045107000070857,1,1
PPO-Test-1-small-r2-B252000,Test-1,small,2,1,"(0.05, 0.95)",12000,1473,10527,positive_probability_action_space_exhausted,185,2.393111500001396,1,1
PPO-Test-1-small-r2-B252000,Test-1,small,2,2,"(0.1, 0.9)",12000,1280,10720,positive_probability_action_space_exhausted,161,2.192086399998516,1,1
PPO-Test-1-small-r2-B252000,Test-1,small,2,3,"(0.15, 0.85)",12000,1343,10657,positive_probability_action_space_exhausted,168,2.185352699991199,1,1
PPO-Test-1-small-r2-B252000,Test-1,small,2,4,"(0.2, 0.8)",12000,1379,10621,positive_probability_action_space_exhausted,173,2.126064000010956,1,1
PPO-Test-1-small-r2-B252000,Test-1,small,2,5,"(0.25, 0.75)",12000,1520,10480,positive_probability_action_space_exhausted,191,2.598990700003924,1,1
PPO-Test-1-small-r2-B252000,Test-1,small,2,6,"(0.3, 0.7)",12000,1249,10751,positive_probability_action_space_exhausted,157,2.036020200001076,1,1
PPO-Test-1-small-r2-B252000,Test-1,small,2,7,"(0.35, 0.65)",12000,1492,10508,positive_probability_action_space_exhausted,187,2.4240983000054257,1,1
PPO-Test-1-small-r2-B252000,Test-1,small,2,8,"(0.4, 0.6)",12000,1251,10749,positive_probability_action_space_exhausted,157,2.1955748999898788,1,1
PPO-Test-1-small-r2-B252000,Test-1,small,2,9,"(0.45, 0.55)",12000,1420,10580,positive_probability_action_space_exhausted,178,2.2646129000058863,1,1
PPO-Test-1-small-r2-B252000,Test-1,small,2,10,"(0.5, 0.5)",12000,1212,10788,positive_probability_action_space_exhausted,152,1.9778705000062473,1,1
PPO-Test-1-small-r2-B252000,Test-1,small,2,11,"(0.55, 0.44999999999999996)",12000,1167,10833,positive_probability_action_space_exhausted,146,1.8059945999993943,1,1
PPO-Test-1-small-r2-B252000,Test-1,small,2,12,"(0.6, 0.4)",12000,1323,10677,positive_probability_action_space_exhausted,166,2.159159200004069,1,1
PPO-Test-1-small-r2-B252000,Test-1,small,2,13,"(0.65, 0.35)",12000,1119,10881,positive_probability_action_space_exhausted,140,1.6887947999930475,1,1
PPO-Test-1-small-r2-B252000,Test-1,small,2,14,"(0.7, 0.30000000000000004)",12000,1263,10737,positive_probability_action_space_exhausted,158,1.9367267999914475,1,1
PPO-Test-1-small-r2-B252000,Test-1,small,2,15,"(0.75, 0.25)",12000,1119,10881,positive_probability_action_space_exhausted,140,1.7044300999987172,1,1
PPO-Test-1-small-r2-B252000,Test-1,small,2,16,"(0.8, 0.19999999999999996)",12000,1119,10881,positive_probability_action_space_exhausted,140,1.753187700000126,1,1
PPO-Test-1-small-r2-B252000,Test-1,small,2,17,"(0.85, 0.15000000000000002)",12000,1319,10681,positive_probability_action_space_exhausted,165,2.1001967000047443,1,1
PPO-Test-1-small-r2-B252000,Test-1,small,2,18,"(0.9, 0.09999999999999998)",12000,1175,10825,positive_probability_action_space_exhausted,147,1.8351825999998255,1,1
PPO-Test-1-small-r2-B252000,Test-1,small,2,19,"(0.95, 0.050000000000000044)",12000,1185,10815,positive_probability_action_space_exhausted,149,1.8834679999999935,1,1
PPO-Test-1-small-r2-B252000,Test-1,small,2,20,"(1.0, 0.0)",12000,1160,10840,positive_probability_action_space_exhausted,146,1.814540899998974,1,1
PPO-Test-1-large-r2-B252000,Test-1,large,2,0,"(0.0, 1.0)",12000,1179,10821,positive_probability_action_space_exhausted,148,1.8981302000029245,1,1
PPO-Test-1-large-r2-B252000,Test-1,large,2,1,"(0.05, 0.95)",12000,1183,10817,positive_probability_action_space_exhausted,148,2.017766799996025,1,1
PPO-Test-1-large-r2-B252000,Test-1,large,2,2,"(0.1, 0.9)",12000,1161,10839,positive_probability_action_space_exhausted,146,1.9691586999979336,1,1
PPO-Test-1-large-r2-B252000,Test-1,large,2,3,"(0.15, 0.85)",12000,1163,10837,positive_probability_action_space_exhausted,146,2.0180786999990232,1,1
PPO-Test-1-large-r2-B252000,Test-1,large,2,4,"(0.2, 0.8)",12000,1168,10832,positive_probability_action_space_exhausted,147,1.9883223000069847,1,1
PPO-Test-1-large-r2-B252000,Test-1,large,2,5,"(0.25, 0.75)",12000,1179,10821,positive_probability_action_space_exhausted,148,2.0379817000066396,1,1
PPO-Test-1-large-r2-B252000,Test-1,large,2,6,"(0.3, 0.7)",12000,1156,10844,positive_probability_action_space_exhausted,145,1.884961799994926,1,1
PPO-Test-1-large-r2-B252000,Test-1,large,2,7,"(0.35, 0.65)",12000,1116,10884,positive_probability_action_space_exhausted,140,1.7411964000057196,1,1
PPO-Test-1-large-r2-B252000,Test-1,large,2,8,"(0.4, 0.6)",12000,1157,10843,positive_probability_action_space_exhausted,145,1.9708291999995708,1,1
PPO-Test-1-large-r2-B252000,Test-1,large,2,9,"(0.45, 0.55)",12000,1329,10671,positive_probability_action_space_exhausted,167,2.3234344000084093,1,1
PPO-Test-1-large-r2-B252000,Test-1,large,2,10,"(0.5, 0.5)",12000,1119,10881,positive_probability_action_space_exhausted,140,1.706129600002896,1,1
PPO-Test-1-large-r2-B252000,Test-1,large,2,11,"(0.55, 0.44999999999999996)",12000,1139,10861,positive_probability_action_space_exhausted,143,1.7870026999880793,1,1
PPO-Test-1-large-r2-B252000,Test-1,large,2,12,"(0.6, 0.4)",12000,1136,10864,positive_probability_action_space_exhausted,143,1.8503507999994326,1,1
PPO-Test-1-large-r2-B252000,Test-1,large,2,13,"(0.65, 0.35)",12000,1119,10881,positive_probability_action_space_exhausted,140,1.7091578999970807,1,1
PPO-Test-1-large-r2-B252000,Test-1,large,2,14,"(0.7, 0.30000000000000004)",12000,1144,10856,positive_probability_action_space_exhausted,144,1.8437688999983948,1,1
PPO-Test-1-large-r2-B252000,Test-1,large,2,15,"(0.75, 0.25)",12000,1116,10884,positive_probability_action_space_exhausted,140,1.7166444000031333,1,1
PPO-Test-1-large-r2-B252000,Test-1,large,2,16,"(0.8, 0.19999999999999996)",12000,1119,10881,positive_probability_action_space_exhausted,140,1.636014100004104,1,1
PPO-Test-1-large-r2-B252000,Test-1,large,2,17,"(0.85, 0.15000000000000002)",12000,1119,10881,positive_probability_action_space_exhausted,140,1.7079288999957498,1,1
PPO-Test-1-large-r2-B252000,Test-1,large,2,18,"(0.9, 0.09999999999999998)",12000,1119,10881,positive_probability_action_space_exhausted,140,1.7952043999976013,1,1
PPO-Test-1-large-r2-B252000,Test-1,large,2,19,"(0.95, 0.050000000000000044)",12000,1119,10881,positive_probability_action_space_exhausted,140,1.7909824999951525,1,1
PPO-Test-1-large-r2-B252000,Test-1,large,2,20,"(1.0, 0.0)",12000,1185,10815,positive_probability_action_space_exhausted,149,1.8497601999988547,1,1
PPO-Test-2-small-r0-B252000,Test-2,small,0,0,"(0.0, 1.0)",12000,5368,6632,positive_probability_action_space_exhausted,672,15.039499699996668,1,1
PPO-Test-2-small-r0-B252000,Test-2,small,0,1,"(0.05, 0.95)",12000,5503,6497,positive_probability_action_space_exhausted,688,15.397025000012945,1,1
PPO-Test-2-small-r0-B252000,Test-2,small,0,2,"(0.1, 0.9)",12000,4249,7751,positive_probability_action_space_exhausted,532,12.254463500008569,1,1
PPO-Test-2-small-r0-B252000,Test-2,small,0,3,"(0.15, 0.85)",12000,3322,8678,positive_probability_action_space_exhausted,416,9.719535100011854,1,1
PPO-Test-2-small-r0-B252000,Test-2,small,0,4,"(0.2, 0.8)",12000,3152,8848,positive_probability_action_space_exhausted,395,9.136195800005225,1,1
PPO-Test-2-small-r0-B252000,Test-2,small,0,5,"(0.25, 0.75)",12000,4144,7856,positive_probability_action_space_exhausted,519,11.783820299999206,1,1
PPO-Test-2-small-r0-B252000,Test-2,small,0,6,"(0.3, 0.7)",12000,3038,8962,positive_probability_action_space_exhausted,380,8.61226720000559,1,1
PPO-Test-2-small-r0-B252000,Test-2,small,0,7,"(0.35, 0.65)",12000,4879,7121,positive_probability_action_space_exhausted,610,13.438900099994498,1,1
PPO-Test-2-small-r0-B252000,Test-2,small,0,8,"(0.4, 0.6)",12000,3191,8809,positive_probability_action_space_exhausted,399,8.784394499991322,1,1
PPO-Test-2-small-r0-B252000,Test-2,small,0,9,"(0.45, 0.55)",12000,3142,8858,positive_probability_action_space_exhausted,393,8.431764299995848,1,1
PPO-Test-2-small-r0-B252000,Test-2,small,0,10,"(0.5, 0.5)",12000,2099,9901,positive_probability_action_space_exhausted,263,5.523753799992846,1,1
PPO-Test-2-small-r0-B252000,Test-2,small,0,11,"(0.55, 0.44999999999999996)",12000,3156,8844,positive_probability_action_space_exhausted,395,8.448026199999731,1,1
PPO-Test-2-small-r0-B252000,Test-2,small,0,12,"(0.6, 0.4)",12000,2520,9480,positive_probability_action_space_exhausted,316,6.603198599987081,1,1
PPO-Test-2-small-r0-B252000,Test-2,small,0,13,"(0.65, 0.35)",12000,1765,10235,positive_probability_action_space_exhausted,221,4.316946999999345,1,1
PPO-Test-2-small-r0-B252000,Test-2,small,0,14,"(0.7, 0.30000000000000004)",12000,2181,9819,positive_probability_action_space_exhausted,273,5.637773700000253,1,1
PPO-Test-2-small-r0-B252000,Test-2,small,0,15,"(0.75, 0.25)",12000,2834,9166,positive_probability_action_space_exhausted,355,7.186817800000426,1,1
PPO-Test-2-small-r0-B252000,Test-2,small,0,16,"(0.8, 0.19999999999999996)",12000,2629,9371,positive_probability_action_space_exhausted,329,6.930850799995824,1,1
PPO-Test-2-small-r0-B252000,Test-2,small,0,17,"(0.85, 0.15000000000000002)",12000,1806,10194,positive_probability_action_space_exhausted,226,4.4985783000011,1,1
PPO-Test-2-small-r0-B252000,Test-2,small,0,18,"(0.9, 0.09999999999999998)",12000,3543,8457,positive_probability_action_space_exhausted,443,9.391422100001364,1,1
PPO-Test-2-small-r0-B252000,Test-2,small,0,19,"(0.95, 0.050000000000000044)",12000,2659,9341,positive_probability_action_space_exhausted,333,6.976157600001898,1,1
PPO-Test-2-small-r0-B252000,Test-2,small,0,20,"(1.0, 0.0)",12000,1660,10340,positive_probability_action_space_exhausted,208,4.1877477999951225,1,1
PPO-Test-2-large-r0-B252000,Test-2,large,0,0,"(0.0, 1.0)",12000,3534,8466,positive_probability_action_space_exhausted,442,10.157524299997021,1,1
PPO-Test-2-large-r0-B252000,Test-2,large,0,1,"(0.05, 0.95)",12000,3740,8260,positive_probability_action_space_exhausted,468,11.070435300003737,1,1
PPO-Test-2-large-r0-B252000,Test-2,large,0,2,"(0.1, 0.9)",12000,3133,8867,positive_probability_action_space_exhausted,392,9.425628099997994,1,1
PPO-Test-2-large-r0-B252000,Test-2,large,0,3,"(0.15, 0.85)",12000,2262,9738,positive_probability_action_space_exhausted,283,6.5129815000109375,1,1
PPO-Test-2-large-r0-B252000,Test-2,large,0,4,"(0.2, 0.8)",12000,5310,6690,positive_probability_action_space_exhausted,664,15.741195599999628,1,1
PPO-Test-2-large-r0-B252000,Test-2,large,0,5,"(0.25, 0.75)",12000,2227,9773,positive_probability_action_space_exhausted,279,6.303057600001921,1,1
PPO-Test-2-large-r0-B252000,Test-2,large,0,6,"(0.3, 0.7)",12000,4738,7262,positive_probability_action_space_exhausted,593,13.936432999995304,1,1
PPO-Test-2-large-r0-B252000,Test-2,large,0,7,"(0.35, 0.65)",12000,2057,9943,positive_probability_action_space_exhausted,258,5.47584340001049,1,1
PPO-Test-2-large-r0-B252000,Test-2,large,0,8,"(0.4, 0.6)",12000,2673,9327,positive_probability_action_space_exhausted,335,7.320535899998504,1,1
PPO-Test-2-large-r0-B252000,Test-2,large,0,9,"(0.45, 0.55)",12000,2207,9793,positive_probability_action_space_exhausted,276,6.1257712000078754,1,1
PPO-Test-2-large-r0-B252000,Test-2,large,0,10,"(0.5, 0.5)",12000,2571,9429,positive_probability_action_space_exhausted,322,6.750608699992881,1,1
PPO-Test-2-large-r0-B252000,Test-2,large,0,11,"(0.55, 0.44999999999999996)",12000,2425,9575,positive_probability_action_space_exhausted,304,6.655062399993767,1,1
PPO-Test-2-large-r0-B252000,Test-2,large,0,12,"(0.6, 0.4)",12000,1810,10190,positive_probability_action_space_exhausted,227,4.520513099996606,1,1
PPO-Test-2-large-r0-B252000,Test-2,large,0,13,"(0.65, 0.35)",12000,2847,9153,positive_probability_action_space_exhausted,356,7.354039600002579,1,1
PPO-Test-2-large-r0-B252000,Test-2,large,0,14,"(0.7, 0.30000000000000004)",12000,1731,10269,positive_probability_action_space_exhausted,217,4.399968600002467,1,1
PPO-Test-2-large-r0-B252000,Test-2,large,0,15,"(0.75, 0.25)",12000,1922,10078,positive_probability_action_space_exhausted,241,4.762586600001669,1,1
PPO-Test-2-large-r0-B252000,Test-2,large,0,16,"(0.8, 0.19999999999999996)",12000,1679,10321,positive_probability_action_space_exhausted,210,4.0389836999966064,1,1
PPO-Test-2-large-r0-B252000,Test-2,large,0,17,"(0.85, 0.15000000000000002)",12000,2476,9524,positive_probability_action_space_exhausted,310,6.709757299991907,1,1
PPO-Test-2-large-r0-B252000,Test-2,large,0,18,"(0.9, 0.09999999999999998)",12000,1605,10395,positive_probability_action_space_exhausted,201,4.153584499988938,1,1
PPO-Test-2-large-r0-B252000,Test-2,large,0,19,"(0.95, 0.050000000000000044)",12000,1710,10290,positive_probability_action_space_exhausted,214,4.508962799998699,1,1
PPO-Test-2-large-r0-B252000,Test-2,large,0,20,"(1.0, 0.0)",12000,1644,10356,positive_probability_action_space_exhausted,206,4.09914380000555,1,1
PPO-Test-2-small-r1-B252000,Test-2,small,1,0,"(0.0, 1.0)",12000,3821,8179,positive_probability_action_space_exhausted,478,10.580081499996595,1,1
PPO-Test-2-small-r1-B252000,Test-2,small,1,1,"(0.05, 0.95)",12000,5848,6152,positive_probability_action_space_exhausted,732,16.53456539999752,1,1
PPO-Test-2-small-r1-B252000,Test-2,small,1,2,"(0.1, 0.9)",12000,7276,4724,positive_probability_action_space_exhausted,910,21.25893470000301,1,1
PPO-Test-2-small-r1-B252000,Test-2,small,1,3,"(0.15, 0.85)",12000,3733,8267,positive_probability_action_space_exhausted,467,10.897774400000344,1,1
PPO-Test-2-small-r1-B252000,Test-2,small,1,4,"(0.2, 0.8)",12000,5219,6781,positive_probability_action_space_exhausted,653,14.98207279999042,1,1
PPO-Test-2-small-r1-B252000,Test-2,small,1,5,"(0.25, 0.75)",12000,4830,7170,positive_probability_action_space_exhausted,604,13.670396600005915,1,1
PPO-Test-2-small-r1-B252000,Test-2,small,1,6,"(0.3, 0.7)",12000,3091,8909,positive_probability_action_space_exhausted,387,8.61088569999265,1,1
PPO-Test-2-small-r1-B252000,Test-2,small,1,7,"(0.35, 0.65)",12000,3724,8276,positive_probability_action_space_exhausted,466,10.270761700012372,1,1
PPO-Test-2-small-r1-B252000,Test-2,small,1,8,"(0.4, 0.6)",12000,3096,8904,positive_probability_action_space_exhausted,388,8.218145200007712,1,1
PPO-Test-2-small-r1-B252000,Test-2,small,1,9,"(0.45, 0.55)",12000,4847,7153,positive_probability_action_space_exhausted,606,13.251906099991174,1,1
PPO-Test-2-small-r1-B252000,Test-2,small,1,10,"(0.5, 0.5)",12000,2072,9928,positive_probability_action_space_exhausted,260,5.325478400001884,1,1
PPO-Test-2-small-r1-B252000,Test-2,small,1,11,"(0.55, 0.44999999999999996)",12000,2372,9628,positive_probability_action_space_exhausted,297,6.12731700000586,1,1
PPO-Test-2-small-r1-B252000,Test-2,small,1,12,"(0.6, 0.4)",12000,2493,9507,positive_probability_action_space_exhausted,312,6.577020199998515,1,1
PPO-Test-2-small-r1-B252000,Test-2,small,1,13,"(0.65, 0.35)",12000,2466,9534,positive_probability_action_space_exhausted,309,6.477404200006276,1,1
PPO-Test-2-small-r1-B252000,Test-2,small,1,14,"(0.7, 0.30000000000000004)",12000,1719,10281,positive_probability_action_space_exhausted,215,4.409190399994259,1,1
PPO-Test-2-small-r1-B252000,Test-2,small,1,15,"(0.75, 0.25)",12000,2839,9161,positive_probability_action_space_exhausted,355,7.425555699999677,1,1
PPO-Test-2-small-r1-B252000,Test-2,small,1,16,"(0.8, 0.19999999999999996)",12000,2896,9104,positive_probability_action_space_exhausted,363,7.687975599998026,1,1
PPO-Test-2-small-r1-B252000,Test-2,small,1,17,"(0.85, 0.15000000000000002)",12000,3204,8796,positive_probability_action_space_exhausted,401,8.376093800005037,1,1
PPO-Test-2-small-r1-B252000,Test-2,small,1,18,"(0.9, 0.09999999999999998)",12000,2717,9283,positive_probability_action_space_exhausted,340,7.245023800001945,1,1
PPO-Test-2-small-r1-B252000,Test-2,small,1,19,"(0.95, 0.050000000000000044)",12000,1798,10202,positive_probability_action_space_exhausted,225,4.589518900000257,1,1
PPO-Test-2-small-r1-B252000,Test-2,small,1,20,"(1.0, 0.0)",12000,1804,10196,positive_probability_action_space_exhausted,226,4.6408164000022225,1,1
PPO-Test-2-large-r1-B252000,Test-2,large,1,0,"(0.0, 1.0)",12000,3498,8502,positive_probability_action_space_exhausted,438,10.113207699992927,1,1
PPO-Test-2-large-r1-B252000,Test-2,large,1,1,"(0.05, 0.95)",12000,3689,8311,positive_probability_action_space_exhausted,462,10.812059300005785,1,1
PPO-Test-2-large-r1-B252000,Test-2,large,1,2,"(0.1, 0.9)",12000,3452,8548,positive_probability_action_space_exhausted,432,10.163252400001511,1,1
PPO-Test-2-large-r1-B252000,Test-2,large,1,3,"(0.15, 0.85)",12000,3816,8184,positive_probability_action_space_exhausted,478,11.317754299991066,1,1
PPO-Test-2-large-r1-B252000,Test-2,large,1,4,"(0.2, 0.8)",12000,2257,9743,positive_probability_action_space_exhausted,283,6.50094069998886,1,1
PPO-Test-2-large-r1-B252000,Test-2,large,1,5,"(0.25, 0.75)",12000,2891,9109,positive_probability_action_space_exhausted,362,8.220731699999305,1,1
PPO-Test-2-large-r1-B252000,Test-2,large,1,6,"(0.3, 0.7)",12000,3682,8318,positive_probability_action_space_exhausted,461,10.403909699991345,1,1
PPO-Test-2-large-r1-B252000,Test-2,large,1,7,"(0.35, 0.65)",12000,2682,9318,positive_probability_action_space_exhausted,336,7.509386799996719,1,1
PPO-Test-2-large-r1-B252000,Test-2,large,1,8,"(0.4, 0.6)",12000,4908,7092,positive_probability_action_space_exhausted,614,13.4606238000124,1,1
PPO-Test-2-large-r1-B252000,Test-2,large,1,9,"(0.45, 0.55)",12000,1533,10467,positive_probability_action_space_exhausted,192,3.8382348000013735,1,1
PPO-Test-2-large-r1-B252000,Test-2,large,1,10,"(0.5, 0.5)",12000,2175,9825,positive_probability_action_space_exhausted,272,5.773563900002046,1,1
PPO-Test-2-large-r1-B252000,Test-2,large,1,11,"(0.55, 0.44999999999999996)",12000,1890,10110,positive_probability_action_space_exhausted,237,5.17886549999821,1,1
PPO-Test-2-large-r1-B252000,Test-2,large,1,12,"(0.6, 0.4)",12000,1978,10022,positive_probability_action_space_exhausted,248,4.970995700001367,1,1
PPO-Test-2-large-r1-B252000,Test-2,large,1,13,"(0.65, 0.35)",12000,1946,10054,positive_probability_action_space_exhausted,244,4.866514299996197,1,1
PPO-Test-2-large-r1-B252000,Test-2,large,1,14,"(0.7, 0.30000000000000004)",12000,2053,9947,positive_probability_action_space_exhausted,257,5.181069500002195,1,1
PPO-Test-2-large-r1-B252000,Test-2,large,1,15,"(0.75, 0.25)",12000,1805,10195,positive_probability_action_space_exhausted,226,4.5785662999987835,1,1
PPO-Test-2-large-r1-B252000,Test-2,large,1,16,"(0.8, 0.19999999999999996)",12000,1982,10018,positive_probability_action_space_exhausted,248,4.98780909999914,1,1
PPO-Test-2-large-r1-B252000,Test-2,large,1,17,"(0.85, 0.15000000000000002)",12000,2810,9190,positive_probability_action_space_exhausted,352,7.4079772000113735,1,1
PPO-Test-2-large-r1-B252000,Test-2,large,1,18,"(0.9, 0.09999999999999998)",12000,1924,10076,positive_probability_action_space_exhausted,241,4.925942299989401,1,1
PPO-Test-2-large-r1-B252000,Test-2,large,1,19,"(0.95, 0.050000000000000044)",12000,1678,10322,positive_probability_action_space_exhausted,210,4.578655900011654,1,1
PPO-Test-2-large-r1-B252000,Test-2,large,1,20,"(1.0, 0.0)",12000,2190,9810,positive_probability_action_space_exhausted,274,5.790016800005105,1,1
PPO-Test-2-small-r2-B252000,Test-2,small,2,0,"(0.0, 1.0)",12000,3505,8495,positive_probability_action_space_exhausted,439,9.612179299991112,1,1
PPO-Test-2-small-r2-B252000,Test-2,small,2,1,"(0.05, 0.95)",12000,3974,8026,positive_probability_action_space_exhausted,497,11.212058600009186,1,1
PPO-Test-2-small-r2-B252000,Test-2,small,2,2,"(0.1, 0.9)",12000,3984,8016,positive_probability_action_space_exhausted,499,11.511865699998452,1,1
PPO-Test-2-small-r2-B252000,Test-2,small,2,3,"(0.15, 0.85)",12000,4090,7910,positive_probability_action_space_exhausted,512,11.775151800000458,1,1
PPO-Test-2-small-r2-B252000,Test-2,small,2,4,"(0.2, 0.8)",12000,5406,6594,positive_probability_action_space_exhausted,676,15.383411799994064,1,1
PPO-Test-2-small-r2-B252000,Test-2,small,2,5,"(0.25, 0.75)",12000,3048,8952,positive_probability_action_space_exhausted,382,8.537053399995784,1,1
PPO-Test-2-small-r2-B252000,Test-2,small,2,6,"(0.3, 0.7)",12000,3292,8708,positive_probability_action_space_exhausted,412,9.176596300007077,1,1
PPO-Test-2-small-r2-B252000,Test-2,small,2,7,"(0.35, 0.65)",12000,3009,8991,positive_probability_action_space_exhausted,377,8.272851100002299,1,1
PPO-Test-2-small-r2-B252000,Test-2,small,2,8,"(0.4, 0.6)",12000,2766,9234,positive_probability_action_space_exhausted,346,7.371977199989487,1,1
PPO-Test-2-small-r2-B252000,Test-2,small,2,9,"(0.45, 0.55)",12000,2359,9641,positive_probability_action_space_exhausted,295,6.31638849999581,1,1
PPO-Test-2-small-r2-B252000,Test-2,small,2,10,"(0.5, 0.5)",12000,2350,9650,positive_probability_action_space_exhausted,294,6.526364999997895,1,1
PPO-Test-2-small-r2-B252000,Test-2,small,2,11,"(0.55, 0.44999999999999996)",12000,3006,8994,positive_probability_action_space_exhausted,376,7.914921000003233,1,1
PPO-Test-2-small-r2-B252000,Test-2,small,2,12,"(0.6, 0.4)",12000,3577,8423,positive_probability_action_space_exhausted,448,9.624647300006473,1,1
PPO-Test-2-small-r2-B252000,Test-2,small,2,13,"(0.65, 0.35)",12000,2023,9977,positive_probability_action_space_exhausted,253,5.007198699997389,1,1
PPO-Test-2-small-r2-B252000,Test-2,small,2,14,"(0.7, 0.30000000000000004)",12000,2323,9677,positive_probability_action_space_exhausted,291,6.04124320000119,1,1
PPO-Test-2-small-r2-B252000,Test-2,small,2,15,"(0.75, 0.25)",12000,1766,10234,positive_probability_action_space_exhausted,221,4.331969399994705,1,1
PPO-Test-2-small-r2-B252000,Test-2,small,2,16,"(0.8, 0.19999999999999996)",12000,2500,9500,positive_probability_action_space_exhausted,313,6.520951300000888,1,1
PPO-Test-2-small-r2-B252000,Test-2,small,2,17,"(0.85, 0.15000000000000002)",12000,2620,9380,positive_probability_action_space_exhausted,328,6.852912000002107,1,1
PPO-Test-2-small-r2-B252000,Test-2,small,2,18,"(0.9, 0.09999999999999998)",12000,2804,9196,positive_probability_action_space_exhausted,351,7.366655100006028,1,1
PPO-Test-2-small-r2-B252000,Test-2,small,2,19,"(0.95, 0.050000000000000044)",12000,3138,8862,positive_probability_action_space_exhausted,393,8.323149399991962,1,1
PPO-Test-2-small-r2-B252000,Test-2,small,2,20,"(1.0, 0.0)",12000,2180,9820,positive_probability_action_space_exhausted,273,5.694900299989968,1,1
PPO-Test-2-large-r2-B252000,Test-2,large,2,0,"(0.0, 1.0)",12000,4554,7446,positive_probability_action_space_exhausted,570,13.739137199998368,1,1
PPO-Test-2-large-r2-B252000,Test-2,large,2,1,"(0.05, 0.95)",12000,3354,8646,positive_probability_action_space_exhausted,420,10.27944739999657,1,1
PPO-Test-2-large-r2-B252000,Test-2,large,2,2,"(0.1, 0.9)",12000,3005,8995,positive_probability_action_space_exhausted,376,9.168607100000372,1,1
PPO-Test-2-large-r2-B252000,Test-2,large,2,3,"(0.15, 0.85)",12000,2853,9147,positive_probability_action_space_exhausted,357,8.903391799991368,1,1
PPO-Test-2-large-r2-B252000,Test-2,large,2,4,"(0.2, 0.8)",12000,3926,8074,positive_probability_action_space_exhausted,491,11.856526500007021,1,1
PPO-Test-2-large-r2-B252000,Test-2,large,2,5,"(0.25, 0.75)",12000,3416,8584,positive_probability_action_space_exhausted,428,10.153469199998653,1,1
PPO-Test-2-large-r2-B252000,Test-2,large,2,6,"(0.3, 0.7)",12000,3288,8712,positive_probability_action_space_exhausted,412,9.478656999999657,1,1
PPO-Test-2-large-r2-B252000,Test-2,large,2,7,"(0.35, 0.65)",12000,3213,8787,positive_probability_action_space_exhausted,402,9.543693999992684,1,1
PPO-Test-2-large-r2-B252000,Test-2,large,2,8,"(0.4, 0.6)",12000,2338,9662,positive_probability_action_space_exhausted,293,6.557657700002892,1,1
PPO-Test-2-large-r2-B252000,Test-2,large,2,9,"(0.45, 0.55)",12000,1948,10052,positive_probability_action_space_exhausted,244,5.5410764000116615,1,1
PPO-Test-2-large-r2-B252000,Test-2,large,2,10,"(0.5, 0.5)",12000,2215,9785,positive_probability_action_space_exhausted,277,6.236279199991259,1,1
PPO-Test-2-large-r2-B252000,Test-2,large,2,11,"(0.55, 0.44999999999999996)",12000,2412,9588,positive_probability_action_space_exhausted,302,6.65119489999779,1,1
PPO-Test-2-large-r2-B252000,Test-2,large,2,12,"(0.6, 0.4)",12000,2674,9326,positive_probability_action_space_exhausted,335,7.2850961000076495,1,1
PPO-Test-2-large-r2-B252000,Test-2,large,2,13,"(0.65, 0.35)",12000,2800,9200,positive_probability_action_space_exhausted,351,7.626960599998711,1,1
PPO-Test-2-large-r2-B252000,Test-2,large,2,14,"(0.7, 0.30000000000000004)",12000,1635,10365,positive_probability_action_space_exhausted,205,4.109344800002873,1,1
PPO-Test-2-large-r2-B252000,Test-2,large,2,15,"(0.75, 0.25)",12000,3004,8996,positive_probability_action_space_exhausted,376,8.179240199999185,1,1
PPO-Test-2-large-r2-B252000,Test-2,large,2,16,"(0.8, 0.19999999999999996)",12000,1738,10262,positive_probability_action_space_exhausted,218,4.439949999999953,1,1
PPO-Test-2-large-r2-B252000,Test-2,large,2,17,"(0.85, 0.15000000000000002)",12000,2247,9753,positive_probability_action_space_exhausted,281,6.28444980000495,1,1
PPO-Test-2-large-r2-B252000,Test-2,large,2,18,"(0.9, 0.09999999999999998)",12000,2444,9556,positive_probability_action_space_exhausted,306,6.771311499993317,1,1
PPO-Test-2-large-r2-B252000,Test-2,large,2,19,"(0.95, 0.050000000000000044)",12000,2546,9454,positive_probability_action_space_exhausted,319,6.962218699991354,1,1
PPO-Test-2-large-r2-B252000,Test-2,large,2,20,"(1.0, 0.0)",12000,2029,9971,positive_probability_action_space_exhausted,254,5.663221099996008,1,1
PPO-Test-3-small-r0-B252000,Test-3,small,0,0,"(0.0, 1.0)",12000,12000,0,candidate_budget_reached,1500,68.29654080000182,1,1
PPO-Test-3-small-r0-B252000,Test-3,small,0,1,"(0.05, 0.95)",12000,12000,0,candidate_budget_reached,1500,69.91316850000294,1,1
PPO-Test-3-small-r0-B252000,Test-3,small,0,2,"(0.1, 0.9)",12000,12000,0,candidate_budget_reached,1500,68.39764999999898,1,1
PPO-Test-3-small-r0-B252000,Test-3,small,0,3,"(0.15, 0.85)",12000,12000,0,candidate_budget_reached,1500,67.56580339999346,1,1
PPO-Test-3-small-r0-B252000,Test-3,small,0,4,"(0.2, 0.8)",12000,12000,0,candidate_budget_reached,1500,67.45024709998688,1,1
PPO-Test-3-small-r0-B252000,Test-3,small,0,5,"(0.25, 0.75)",12000,12000,0,candidate_budget_reached,1500,67.32256800000323,1,1
PPO-Test-3-small-r0-B252000,Test-3,small,0,6,"(0.3, 0.7)",12000,12000,0,candidate_budget_reached,1500,67.17152329999954,1,1
PPO-Test-3-small-r0-B252000,Test-3,small,0,7,"(0.35, 0.65)",12000,12000,0,candidate_budget_reached,1500,68.69830469999579,1,1
PPO-Test-3-small-r0-B252000,Test-3,small,0,8,"(0.4, 0.6)",12000,12000,0,candidate_budget_reached,1500,67.47973629999615,1,1
PPO-Test-3-small-r0-B252000,Test-3,small,0,9,"(0.45, 0.55)",12000,12000,0,candidate_budget_reached,1500,65.93335069999739,1,1
PPO-Test-3-small-r0-B252000,Test-3,small,0,10,"(0.5, 0.5)",12000,12000,0,candidate_budget_reached,1500,66.86918970000988,1,1
PPO-Test-3-small-r0-B252000,Test-3,small,0,11,"(0.55, 0.44999999999999996)",12000,12000,0,candidate_budget_reached,1500,67.0465264999948,1,1
PPO-Test-3-small-r0-B252000,Test-3,small,0,12,"(0.6, 0.4)",12000,12000,0,candidate_budget_reached,1500,65.08407960001205,1,1
PPO-Test-3-small-r0-B252000,Test-3,small,0,13,"(0.65, 0.35)",12000,12000,0,candidate_budget_reached,1500,65.49798590000137,1,1
PPO-Test-3-small-r0-B252000,Test-3,small,0,14,"(0.7, 0.30000000000000004)",12000,12000,0,candidate_budget_reached,1500,65.8234805999964,1,1
PPO-Test-3-small-r0-B252000,Test-3,small,0,15,"(0.75, 0.25)",12000,12000,0,candidate_budget_reached,1500,64.08944760001032,1,1
PPO-Test-3-small-r0-B252000,Test-3,small,0,16,"(0.8, 0.19999999999999996)",12000,12000,0,candidate_budget_reached,1500,64.9843533999956,1,1
PPO-Test-3-small-r0-B252000,Test-3,small,0,17,"(0.85, 0.15000000000000002)",12000,12000,0,candidate_budget_reached,1500,65.67344309999316,1,1
PPO-Test-3-small-r0-B252000,Test-3,small,0,18,"(0.9, 0.09999999999999998)",12000,12000,0,candidate_budget_reached,1500,65.91618709999602,1,1
PPO-Test-3-small-r0-B252000,Test-3,small,0,19,"(0.95, 0.050000000000000044)",12000,12000,0,candidate_budget_reached,1500,66.032984999998,1,1
PPO-Test-3-small-r0-B252000,Test-3,small,0,20,"(1.0, 0.0)",12000,12000,0,candidate_budget_reached,1500,68.63926350000838,1,1
PPO-Test-3-large-r0-B252000,Test-3,large,0,0,"(0.0, 1.0)",12000,12000,0,candidate_budget_reached,1500,68.85474320000503,1,1
PPO-Test-3-large-r0-B252000,Test-3,large,0,1,"(0.05, 0.95)",12000,12000,0,candidate_budget_reached,1500,68.64789649999875,1,1
PPO-Test-3-large-r0-B252000,Test-3,large,0,2,"(0.1, 0.9)",12000,12000,0,candidate_budget_reached,1500,66.85587899999518,1,1
PPO-Test-3-large-r0-B252000,Test-3,large,0,3,"(0.15, 0.85)",12000,12000,0,candidate_budget_reached,1500,67.1233607000031,1,1
PPO-Test-3-large-r0-B252000,Test-3,large,0,4,"(0.2, 0.8)",12000,12000,0,candidate_budget_reached,1500,65.93476309999824,1,1
PPO-Test-3-large-r0-B252000,Test-3,large,0,5,"(0.25, 0.75)",12000,12000,0,candidate_budget_reached,1500,63.75872700000764,1,1
PPO-Test-3-large-r0-B252000,Test-3,large,0,6,"(0.3, 0.7)",12000,12000,0,candidate_budget_reached,1500,65.45316089999687,1,1
PPO-Test-3-large-r0-B252000,Test-3,large,0,7,"(0.35, 0.65)",12000,12000,0,candidate_budget_reached,1500,66.99720119999256,1,1
PPO-Test-3-large-r0-B252000,Test-3,large,0,8,"(0.4, 0.6)",12000,12000,0,candidate_budget_reached,1500,68.04847249999875,1,1
PPO-Test-3-large-r0-B252000,Test-3,large,0,9,"(0.45, 0.55)",12000,12000,0,candidate_budget_reached,1500,65.83953990000009,1,1
PPO-Test-3-large-r0-B252000,Test-3,large,0,10,"(0.5, 0.5)",12000,12000,0,candidate_budget_reached,1500,66.35843290000048,1,1
PPO-Test-3-large-r0-B252000,Test-3,large,0,11,"(0.55, 0.44999999999999996)",12000,12000,0,candidate_budget_reached,1500,66.94185010000365,1,1
PPO-Test-3-large-r0-B252000,Test-3,large,0,12,"(0.6, 0.4)",12000,12000,0,candidate_budget_reached,1500,66.12243600000511,1,1
PPO-Test-3-large-r0-B252000,Test-3,large,0,13,"(0.65, 0.35)",12000,11120,880,positive_probability_action_space_exhausted,1391,63.837616000004346,1,1
PPO-Test-3-large-r0-B252000,Test-3,large,0,14,"(0.7, 0.30000000000000004)",12000,12000,0,candidate_budget_reached,1500,64.16076959999918,1,1
PPO-Test-3-large-r0-B252000,Test-3,large,0,15,"(0.75, 0.25)",12000,12000,0,candidate_budget_reached,1500,66.24099949999072,1,1
PPO-Test-3-large-r0-B252000,Test-3,large,0,16,"(0.8, 0.19999999999999996)",12000,12000,0,candidate_budget_reached,1500,67.1733888000017,1,1
PPO-Test-3-large-r0-B252000,Test-3,large,0,17,"(0.85, 0.15000000000000002)",12000,12000,0,candidate_budget_reached,1500,65.42374250000285,1,1
PPO-Test-3-large-r0-B252000,Test-3,large,0,18,"(0.9, 0.09999999999999998)",12000,12000,0,candidate_budget_reached,1500,67.1027000999893,1,1
PPO-Test-3-large-r0-B252000,Test-3,large,0,19,"(0.95, 0.050000000000000044)",12000,12000,0,candidate_budget_reached,1500,66.19877589998941,1,1
PPO-Test-3-large-r0-B252000,Test-3,large,0,20,"(1.0, 0.0)",12000,12000,0,candidate_budget_reached,1500,70.96273210000072,1,1
PPO-Test-3-small-r1-B252000,Test-3,small,1,0,"(0.0, 1.0)",12000,12000,0,candidate_budget_reached,1500,68.89527180000732,1,1
PPO-Test-3-small-r1-B252000,Test-3,small,1,1,"(0.05, 0.95)",12000,12000,0,candidate_budget_reached,1500,69.6154275000008,1,1
PPO-Test-3-small-r1-B252000,Test-3,small,1,2,"(0.1, 0.9)",12000,12000,0,candidate_budget_reached,1500,68.39201640000101,1,1
PPO-Test-3-small-r1-B252000,Test-3,small,1,3,"(0.15, 0.85)",12000,12000,0,candidate_budget_reached,1500,67.20653739999398,1,1
PPO-Test-3-small-r1-B252000,Test-3,small,1,4,"(0.2, 0.8)",12000,12000,0,candidate_budget_reached,1500,67.54964290000498,1,1
PPO-Test-3-small-r1-B252000,Test-3,small,1,5,"(0.25, 0.75)",12000,12000,0,candidate_budget_reached,1500,66.95725959999254,1,1
PPO-Test-3-small-r1-B252000,Test-3,small,1,6,"(0.3, 0.7)",12000,12000,0,candidate_budget_reached,1500,65.54895479998959,1,1
PPO-Test-3-small-r1-B252000,Test-3,small,1,7,"(0.35, 0.65)",12000,12000,0,candidate_budget_reached,1500,67.36849609999626,1,1
PPO-Test-3-small-r1-B252000,Test-3,small,1,8,"(0.4, 0.6)",12000,12000,0,candidate_budget_reached,1500,66.44216519998736,1,1
PPO-Test-3-small-r1-B252000,Test-3,small,1,9,"(0.45, 0.55)",12000,12000,0,candidate_budget_reached,1500,66.86609060000046,1,1
PPO-Test-3-small-r1-B252000,Test-3,small,1,10,"(0.5, 0.5)",12000,12000,0,candidate_budget_reached,1500,66.49979810000514,1,1
PPO-Test-3-small-r1-B252000,Test-3,small,1,11,"(0.55, 0.44999999999999996)",12000,12000,0,candidate_budget_reached,1500,67.27557260000322,1,1
PPO-Test-3-small-r1-B252000,Test-3,small,1,12,"(0.6, 0.4)",12000,12000,0,candidate_budget_reached,1500,66.51652480001212,1,1
PPO-Test-3-small-r1-B252000,Test-3,small,1,13,"(0.65, 0.35)",12000,12000,0,candidate_budget_reached,1500,65.81278540000494,1,1
PPO-Test-3-small-r1-B252000,Test-3,small,1,14,"(0.7, 0.30000000000000004)",12000,12000,0,candidate_budget_reached,1500,65.36051890000817,1,1
PPO-Test-3-small-r1-B252000,Test-3,small,1,15,"(0.75, 0.25)",12000,12000,0,candidate_budget_reached,1500,67.13466870000411,1,1
PPO-Test-3-small-r1-B252000,Test-3,small,1,16,"(0.8, 0.19999999999999996)",12000,12000,0,candidate_budget_reached,1500,67.23672230000375,1,1
PPO-Test-3-small-r1-B252000,Test-3,small,1,17,"(0.85, 0.15000000000000002)",12000,12000,0,candidate_budget_reached,1500,66.60738509999646,1,1
PPO-Test-3-small-r1-B252000,Test-3,small,1,18,"(0.9, 0.09999999999999998)",12000,12000,0,candidate_budget_reached,1500,64.82763069999055,1,1
PPO-Test-3-small-r1-B252000,Test-3,small,1,19,"(0.95, 0.050000000000000044)",12000,12000,0,candidate_budget_reached,1500,67.08038710000983,1,1
PPO-Test-3-small-r1-B252000,Test-3,small,1,20,"(1.0, 0.0)",12000,10228,1772,positive_probability_action_space_exhausted,1279,59.44091760000447,1,1
PPO-Test-3-large-r1-B252000,Test-3,large,1,0,"(0.0, 1.0)",12000,12000,0,candidate_budget_reached,1500,68.27538629999617,1,1
PPO-Test-3-large-r1-B252000,Test-3,large,1,1,"(0.05, 0.95)",12000,12000,0,candidate_budget_reached,1500,68.79009300000325,1,1
PPO-Test-3-large-r1-B252000,Test-3,large,1,2,"(0.1, 0.9)",12000,12000,0,candidate_budget_reached,1500,68.05455549999897,1,1
PPO-Test-3-large-r1-B252000,Test-3,large,1,3,"(0.15, 0.85)",12000,12000,0,candidate_budget_reached,1500,65.87353769999754,1,1
PPO-Test-3-large-r1-B252000,Test-3,large,1,4,"(0.2, 0.8)",12000,12000,0,candidate_budget_reached,1500,67.24601350000012,1,1
PPO-Test-3-large-r1-B252000,Test-3,large,1,5,"(0.25, 0.75)",12000,10613,1387,positive_probability_action_space_exhausted,1327,61.231137700000545,1,1
PPO-Test-3-large-r1-B252000,Test-3,large,1,6,"(0.3, 0.7)",12000,12000,0,candidate_budget_reached,1500,66.91292950000206,1,1
PPO-Test-3-large-r1-B252000,Test-3,large,1,7,"(0.35, 0.65)",12000,12000,0,candidate_budget_reached,1500,64.91794730001129,1,1
PPO-Test-3-large-r1-B252000,Test-3,large,1,8,"(0.4, 0.6)",12000,12000,0,candidate_budget_reached,1500,68.99823769999784,1,1
PPO-Test-3-large-r1-B252000,Test-3,large,1,9,"(0.45, 0.55)",12000,12000,0,candidate_budget_reached,1500,64.71429740000167,1,1
PPO-Test-3-large-r1-B252000,Test-3,large,1,10,"(0.5, 0.5)",12000,12000,0,candidate_budget_reached,1500,67.7433597999916,1,1
PPO-Test-3-large-r1-B252000,Test-3,large,1,11,"(0.55, 0.44999999999999996)",12000,12000,0,candidate_budget_reached,1500,66.67445590000716,1,1
PPO-Test-3-large-r1-B252000,Test-3,large,1,12,"(0.6, 0.4)",12000,12000,0,candidate_budget_reached,1500,66.85613830000511,1,1
PPO-Test-3-large-r1-B252000,Test-3,large,1,13,"(0.65, 0.35)",12000,12000,0,candidate_budget_reached,1500,66.4011676999944,1,1
PPO-Test-3-large-r1-B252000,Test-3,large,1,14,"(0.7, 0.30000000000000004)",12000,12000,0,candidate_budget_reached,1500,64.88390380000055,1,1
PPO-Test-3-large-r1-B252000,Test-3,large,1,15,"(0.75, 0.25)",12000,12000,0,candidate_budget_reached,1500,66.6495173000003,1,1
PPO-Test-3-large-r1-B252000,Test-3,large,1,16,"(0.8, 0.19999999999999996)",12000,12000,0,candidate_budget_reached,1500,64.97408889999497,1,1
PPO-Test-3-large-r1-B252000,Test-3,large,1,17,"(0.85, 0.15000000000000002)",12000,12000,0,candidate_budget_reached,1500,65.78818410000531,1,1
PPO-Test-3-large-r1-B252000,Test-3,large,1,18,"(0.9, 0.09999999999999998)",12000,12000,0,candidate_budget_reached,1500,64.47713109999313,1,1
PPO-Test-3-large-r1-B252000,Test-3,large,1,19,"(0.95, 0.050000000000000044)",12000,12000,0,candidate_budget_reached,1500,69.8391968000069,1,1
PPO-Test-3-large-r1-B252000,Test-3,large,1,20,"(1.0, 0.0)",12000,12000,0,candidate_budget_reached,1500,70.02260090000345,1,1
PPO-Test-3-small-r2-B252000,Test-3,small,2,0,"(0.0, 1.0)",12000,12000,0,candidate_budget_reached,1500,70.62499019999814,1,1
PPO-Test-3-small-r2-B252000,Test-3,small,2,1,"(0.05, 0.95)",12000,12000,0,candidate_budget_reached,1500,70.50520139999571,1,1
PPO-Test-3-small-r2-B252000,Test-3,small,2,2,"(0.1, 0.9)",12000,12000,0,candidate_budget_reached,1500,70.82837360000121,1,1
PPO-Test-3-small-r2-B252000,Test-3,small,2,3,"(0.15, 0.85)",12000,12000,0,candidate_budget_reached,1500,68.31143859999429,1,1
PPO-Test-3-small-r2-B252000,Test-3,small,2,4,"(0.2, 0.8)",12000,12000,0,candidate_budget_reached,1500,67.66334419998748,1,1
PPO-Test-3-small-r2-B252000,Test-3,small,2,5,"(0.25, 0.75)",12000,12000,0,candidate_budget_reached,1500,66.72018200000457,1,1
PPO-Test-3-small-r2-B252000,Test-3,small,2,6,"(0.3, 0.7)",12000,12000,0,candidate_budget_reached,1500,67.13729220000096,1,1
PPO-Test-3-small-r2-B252000,Test-3,small,2,7,"(0.35, 0.65)",12000,12000,0,candidate_budget_reached,1500,65.97620980000647,1,1
PPO-Test-3-small-r2-B252000,Test-3,small,2,8,"(0.4, 0.6)",12000,12000,0,candidate_budget_reached,1500,66.5037910999963,1,1
PPO-Test-3-small-r2-B252000,Test-3,small,2,9,"(0.45, 0.55)",12000,12000,0,candidate_budget_reached,1500,65.4804104000068,1,1
PPO-Test-3-small-r2-B252000,Test-3,small,2,10,"(0.5, 0.5)",12000,12000,0,candidate_budget_reached,1500,64.51313410000876,1,1
PPO-Test-3-small-r2-B252000,Test-3,small,2,11,"(0.55, 0.44999999999999996)",12000,12000,0,candidate_budget_reached,1500,66.91455879999558,1,1
PPO-Test-3-small-r2-B252000,Test-3,small,2,12,"(0.6, 0.4)",12000,12000,0,candidate_budget_reached,1500,65.63024100000621,1,1
PPO-Test-3-small-r2-B252000,Test-3,small,2,13,"(0.65, 0.35)",12000,12000,0,candidate_budget_reached,1500,67.01953579999099,1,1
PPO-Test-3-small-r2-B252000,Test-3,small,2,14,"(0.7, 0.30000000000000004)",12000,12000,0,candidate_budget_reached,1500,65.40993360000721,1,1
PPO-Test-3-small-r2-B252000,Test-3,small,2,15,"(0.75, 0.25)",12000,12000,0,candidate_budget_reached,1500,65.7946712999983,1,1
PPO-Test-3-small-r2-B252000,Test-3,small,2,16,"(0.8, 0.19999999999999996)",12000,12000,0,candidate_budget_reached,1500,65.35227069999382,1,1
PPO-Test-3-small-r2-B252000,Test-3,small,2,17,"(0.85, 0.15000000000000002)",12000,12000,0,candidate_budget_reached,1500,64.84347659999912,1,1
PPO-Test-3-small-r2-B252000,Test-3,small,2,18,"(0.9, 0.09999999999999998)",12000,10488,1512,positive_probability_action_space_exhausted,1312,61.59243979999155,1,1
PPO-Test-3-small-r2-B252000,Test-3,small,2,19,"(0.95, 0.050000000000000044)",12000,12000,0,candidate_budget_reached,1500,68.28760189999593,1,1
PPO-Test-3-small-r2-B252000,Test-3,small,2,20,"(1.0, 0.0)",12000,12000,0,candidate_budget_reached,1500,70.81665619999694,1,1
PPO-Test-3-large-r2-B252000,Test-3,large,2,0,"(0.0, 1.0)",12000,12000,0,candidate_budget_reached,1500,69.7204325000057,1,1
PPO-Test-3-large-r2-B252000,Test-3,large,2,1,"(0.05, 0.95)",12000,12000,0,candidate_budget_reached,1500,70.39018109999597,1,1
PPO-Test-3-large-r2-B252000,Test-3,large,2,2,"(0.1, 0.9)",12000,12000,0,candidate_budget_reached,1500,69.85284649999812,1,1
PPO-Test-3-large-r2-B252000,Test-3,large,2,3,"(0.15, 0.85)",12000,12000,0,candidate_budget_reached,1500,66.81903160001093,1,1
PPO-Test-3-large-r2-B252000,Test-3,large,2,4,"(0.2, 0.8)",12000,12000,0,candidate_budget_reached,1500,67.35377440000593,1,1
PPO-Test-3-large-r2-B252000,Test-3,large,2,5,"(0.25, 0.75)",12000,12000,0,candidate_budget_reached,1500,66.75301119999494,1,1
PPO-Test-3-large-r2-B252000,Test-3,large,2,6,"(0.3, 0.7)",12000,12000,0,candidate_budget_reached,1500,66.47748450000654,1,1
PPO-Test-3-large-r2-B252000,Test-3,large,2,7,"(0.35, 0.65)",12000,12000,0,candidate_budget_reached,1500,68.17165889999887,1,1
PPO-Test-3-large-r2-B252000,Test-3,large,2,8,"(0.4, 0.6)",12000,12000,0,candidate_budget_reached,1500,65.11657410000043,1,1
PPO-Test-3-large-r2-B252000,Test-3,large,2,9,"(0.45, 0.55)",12000,12000,0,candidate_budget_reached,1500,66.7904045000032,1,1
PPO-Test-3-large-r2-B252000,Test-3,large,2,10,"(0.5, 0.5)",12000,12000,0,candidate_budget_reached,1500,67.69647849998728,1,1
PPO-Test-3-large-r2-B252000,Test-3,large,2,11,"(0.55, 0.44999999999999996)",12000,11174,826,positive_probability_action_space_exhausted,1397,63.033642200010945,1,1
PPO-Test-3-large-r2-B252000,Test-3,large,2,12,"(0.6, 0.4)",12000,12000,0,candidate_budget_reached,1500,64.68501110000943,1,1
PPO-Test-3-large-r2-B252000,Test-3,large,2,13,"(0.65, 0.35)",12000,10791,1209,positive_probability_action_space_exhausted,1349,62.15837599999213,1,1
PPO-Test-3-large-r2-B252000,Test-3,large,2,14,"(0.7, 0.30000000000000004)",12000,12000,0,candidate_budget_reached,1500,64.39306640000723,1,1
PPO-Test-3-large-r2-B252000,Test-3,large,2,15,"(0.75, 0.25)",12000,11909,91,positive_probability_action_space_exhausted,1489,65.28807779999624,1,1
PPO-Test-3-large-r2-B252000,Test-3,large,2,16,"(0.8, 0.19999999999999996)",12000,12000,0,candidate_budget_reached,1500,65.52631439999095,1,1
PPO-Test-3-large-r2-B252000,Test-3,large,2,17,"(0.85, 0.15000000000000002)",12000,12000,0,candidate_budget_reached,1500,68.69846130000951,1,1
PPO-Test-3-large-r2-B252000,Test-3,large,2,18,"(0.9, 0.09999999999999998)",12000,12000,0,candidate_budget_reached,1500,65.79555559999426,1,1
PPO-Test-3-large-r2-B252000,Test-3,large,2,19,"(0.95, 0.050000000000000044)",12000,12000,0,candidate_budget_reached,1500,65.26902469999914,1,1
PPO-Test-3-large-r2-B252000,Test-3,large,2,20,"(1.0, 0.0)",12000,12000,0,candidate_budget_reached,1500,69.22621330000402,1,1
PPO-Test-4-small-r0-B252000,Test-4,small,0,0,"(0.0, 1.0)",12000,12000,0,candidate_budget_reached,1500,214.345960199993,1,1
PPO-Test-4-small-r0-B252000,Test-4,small,0,1,"(0.05, 0.95)",12000,12000,0,candidate_budget_reached,1500,211.768822500002,1,1
PPO-Test-4-small-r0-B252000,Test-4,small,0,2,"(0.1, 0.9)",12000,12000,0,candidate_budget_reached,1500,208.2236666999961,1,1
PPO-Test-4-small-r0-B252000,Test-4,small,0,3,"(0.15, 0.85)",12000,12000,0,candidate_budget_reached,1500,215.8476282000047,1,1
PPO-Test-4-small-r0-B252000,Test-4,small,0,4,"(0.2, 0.8)",12000,12000,0,candidate_budget_reached,1500,208.86189270000614,1,1
PPO-Test-4-small-r0-B252000,Test-4,small,0,5,"(0.25, 0.75)",12000,12000,0,candidate_budget_reached,1500,205.46345549999387,1,1
PPO-Test-4-small-r0-B252000,Test-4,small,0,6,"(0.3, 0.7)",12000,12000,0,candidate_budget_reached,1500,226.2165934999939,1,1
PPO-Test-4-small-r0-B252000,Test-4,small,0,7,"(0.35, 0.65)",12000,12000,0,candidate_budget_reached,1500,206.17215670000587,1,1
PPO-Test-4-small-r0-B252000,Test-4,small,0,8,"(0.4, 0.6)",12000,12000,0,candidate_budget_reached,1500,220.8552447999973,1,1
PPO-Test-4-small-r0-B252000,Test-4,small,0,9,"(0.45, 0.55)",12000,12000,0,candidate_budget_reached,1500,231.25064040000143,1,1
PPO-Test-4-small-r0-B252000,Test-4,small,0,10,"(0.5, 0.5)",12000,12000,0,candidate_budget_reached,1500,212.10445199999958,1,1
PPO-Test-4-small-r0-B252000,Test-4,small,0,11,"(0.55, 0.44999999999999996)",12000,12000,0,candidate_budget_reached,1500,208.09489900000335,1,1
PPO-Test-4-small-r0-B252000,Test-4,small,0,12,"(0.6, 0.4)",12000,12000,0,candidate_budget_reached,1500,216.08257980000053,1,1
PPO-Test-4-small-r0-B252000,Test-4,small,0,13,"(0.65, 0.35)",12000,12000,0,candidate_budget_reached,1500,218.72755140000663,1,1
PPO-Test-4-small-r0-B252000,Test-4,small,0,14,"(0.7, 0.30000000000000004)",12000,12000,0,candidate_budget_reached,1500,219.89481860000524,1,1
PPO-Test-4-small-r0-B252000,Test-4,small,0,15,"(0.75, 0.25)",12000,12000,0,candidate_budget_reached,1500,215.9122723999899,1,1
PPO-Test-4-small-r0-B252000,Test-4,small,0,16,"(0.8, 0.19999999999999996)",12000,12000,0,candidate_budget_reached,1500,218.46018739999272,1,1
PPO-Test-4-small-r0-B252000,Test-4,small,0,17,"(0.85, 0.15000000000000002)",12000,12000,0,candidate_budget_reached,1500,221.67474020000373,1,1
PPO-Test-4-small-r0-B252000,Test-4,small,0,18,"(0.9, 0.09999999999999998)",12000,12000,0,candidate_budget_reached,1500,228.31593909999356,1,1
PPO-Test-4-small-r0-B252000,Test-4,small,0,19,"(0.95, 0.050000000000000044)",12000,12000,0,candidate_budget_reached,1500,230.60140889999457,1,1
PPO-Test-4-small-r0-B252000,Test-4,small,0,20,"(1.0, 0.0)",12000,12000,0,candidate_budget_reached,1500,229.24382400000468,1,1
PPO-Test-4-large-r0-B252000,Test-4,large,0,0,"(0.0, 1.0)",12000,12000,0,candidate_budget_reached,1500,237.16595980001148,1,1
PPO-Test-4-large-r0-B252000,Test-4,large,0,1,"(0.05, 0.95)",12000,12000,0,candidate_budget_reached,1500,238.60291480000888,1,1
PPO-Test-4-large-r0-B252000,Test-4,large,0,2,"(0.1, 0.9)",12000,12000,0,candidate_budget_reached,1500,233.9438952000055,1,1
PPO-Test-4-large-r0-B252000,Test-4,large,0,3,"(0.15, 0.85)",12000,12000,0,candidate_budget_reached,1500,230.14656789999572,1,1
PPO-Test-4-large-r0-B252000,Test-4,large,0,4,"(0.2, 0.8)",12000,12000,0,candidate_budget_reached,1500,227.8013615999953,1,1
PPO-Test-4-large-r0-B252000,Test-4,large,0,5,"(0.25, 0.75)",12000,12000,0,candidate_budget_reached,1500,232.77268470000126,1,1
PPO-Test-4-large-r0-B252000,Test-4,large,0,6,"(0.3, 0.7)",12000,12000,0,candidate_budget_reached,1500,236.09549750000588,1,1
PPO-Test-4-large-r0-B252000,Test-4,large,0,7,"(0.35, 0.65)",12000,12000,0,candidate_budget_reached,1500,232.89906569999584,1,1
PPO-Test-4-large-r0-B252000,Test-4,large,0,8,"(0.4, 0.6)",12000,12000,0,candidate_budget_reached,1500,256.0976478999946,1,1
PPO-Test-4-large-r0-B252000,Test-4,large,0,9,"(0.45, 0.55)",12000,12000,0,candidate_budget_reached,1500,224.21778969999286,1,1
PPO-Test-4-large-r0-B252000,Test-4,large,0,10,"(0.5, 0.5)",12000,12000,0,candidate_budget_reached,1500,220.9262325000018,1,1
PPO-Test-4-large-r0-B252000,Test-4,large,0,11,"(0.55, 0.44999999999999996)",12000,12000,0,candidate_budget_reached,1500,233.19703989999834,1,1
PPO-Test-4-large-r0-B252000,Test-4,large,0,12,"(0.6, 0.4)",12000,12000,0,candidate_budget_reached,1500,244.41975210000237,1,1
PPO-Test-4-large-r0-B252000,Test-4,large,0,13,"(0.65, 0.35)",12000,12000,0,candidate_budget_reached,1500,241.42321850000008,1,1
PPO-Test-4-large-r0-B252000,Test-4,large,0,14,"(0.7, 0.30000000000000004)",12000,12000,0,candidate_budget_reached,1500,240.6899443000002,1,1
PPO-Test-4-large-r0-B252000,Test-4,large,0,15,"(0.75, 0.25)",12000,12000,0,candidate_budget_reached,1500,236.95278849999886,1,1
PPO-Test-4-large-r0-B252000,Test-4,large,0,16,"(0.8, 0.19999999999999996)",12000,12000,0,candidate_budget_reached,1500,243.0110224999953,1,1
PPO-Test-4-large-r0-B252000,Test-4,large,0,17,"(0.85, 0.15000000000000002)",12000,12000,0,candidate_budget_reached,1500,246.78827190000447,1,1
PPO-Test-4-large-r0-B252000,Test-4,large,0,18,"(0.9, 0.09999999999999998)",12000,12000,0,candidate_budget_reached,1500,246.73305199999595,1,1
PPO-Test-4-large-r0-B252000,Test-4,large,0,19,"(0.95, 0.050000000000000044)",12000,12000,0,candidate_budget_reached,1500,244.44877760000236,1,1
PPO-Test-4-large-r0-B252000,Test-4,large,0,20,"(1.0, 0.0)",12000,12000,0,candidate_budget_reached,1500,245.26959969999734,1,1
PPO-Test-4-small-r1-B252000,Test-4,small,1,0,"(0.0, 1.0)",12000,12000,0,candidate_budget_reached,1500,207.72734669999045,1,1
PPO-Test-4-small-r1-B252000,Test-4,small,1,1,"(0.05, 0.95)",12000,12000,0,candidate_budget_reached,1500,217.8478904999938,1,1
PPO-Test-4-small-r1-B252000,Test-4,small,1,2,"(0.1, 0.9)",12000,12000,0,candidate_budget_reached,1500,214.23042829999758,1,1
PPO-Test-4-small-r1-B252000,Test-4,small,1,3,"(0.15, 0.85)",12000,12000,0,candidate_budget_reached,1500,214.5972266000026,1,1
PPO-Test-4-small-r1-B252000,Test-4,small,1,4,"(0.2, 0.8)",12000,12000,0,candidate_budget_reached,1500,201.13610540000082,1,1
PPO-Test-4-small-r1-B252000,Test-4,small,1,5,"(0.25, 0.75)",12000,12000,0,candidate_budget_reached,1500,210.4346380999923,1,1
PPO-Test-4-small-r1-B252000,Test-4,small,1,6,"(0.3, 0.7)",12000,12000,0,candidate_budget_reached,1500,216.80237359998864,1,1
PPO-Test-4-small-r1-B252000,Test-4,small,1,7,"(0.35, 0.65)",12000,12000,0,candidate_budget_reached,1500,218.25787149999815,1,1
PPO-Test-4-small-r1-B252000,Test-4,small,1,8,"(0.4, 0.6)",12000,12000,0,candidate_budget_reached,1500,227.10579139999754,1,1
PPO-Test-4-small-r1-B252000,Test-4,small,1,9,"(0.45, 0.55)",12000,12000,0,candidate_budget_reached,1500,233.49372709999443,1,1
PPO-Test-4-small-r1-B252000,Test-4,small,1,10,"(0.5, 0.5)",12000,12000,0,candidate_budget_reached,1500,210.21833399999014,1,1
PPO-Test-4-small-r1-B252000,Test-4,small,1,11,"(0.55, 0.44999999999999996)",12000,12000,0,candidate_budget_reached,1500,210.55467299999145,1,1
PPO-Test-4-small-r1-B252000,Test-4,small,1,12,"(0.6, 0.4)",12000,12000,0,candidate_budget_reached,1500,225.14047910000954,1,1
PPO-Test-4-small-r1-B252000,Test-4,small,1,13,"(0.65, 0.35)",12000,12000,0,candidate_budget_reached,1500,225.81064589999733,1,1
PPO-Test-4-small-r1-B252000,Test-4,small,1,14,"(0.7, 0.30000000000000004)",12000,12000,0,candidate_budget_reached,1500,222.6197591000091,1,1
PPO-Test-4-small-r1-B252000,Test-4,small,1,15,"(0.75, 0.25)",12000,12000,0,candidate_budget_reached,1500,214.2866084999987,1,1
PPO-Test-4-small-r1-B252000,Test-4,small,1,16,"(0.8, 0.19999999999999996)",12000,12000,0,candidate_budget_reached,1500,227.6825472000055,1,1
PPO-Test-4-small-r1-B252000,Test-4,small,1,17,"(0.85, 0.15000000000000002)",12000,12000,0,candidate_budget_reached,1500,223.27378339999996,1,1
PPO-Test-4-small-r1-B252000,Test-4,small,1,18,"(0.9, 0.09999999999999998)",12000,12000,0,candidate_budget_reached,1500,233.54913479999232,1,1
PPO-Test-4-small-r1-B252000,Test-4,small,1,19,"(0.95, 0.050000000000000044)",12000,12000,0,candidate_budget_reached,1500,238.6860505999939,1,1
PPO-Test-4-small-r1-B252000,Test-4,small,1,20,"(1.0, 0.0)",12000,12000,0,candidate_budget_reached,1500,218.57226120000996,1,1
PPO-Test-4-large-r1-B252000,Test-4,large,1,0,"(0.0, 1.0)",12000,12000,0,candidate_budget_reached,1500,239.95408310000494,1,1
PPO-Test-4-large-r1-B252000,Test-4,large,1,1,"(0.05, 0.95)",12000,12000,0,candidate_budget_reached,1500,235.91638560000865,1,1
PPO-Test-4-large-r1-B252000,Test-4,large,1,2,"(0.1, 0.9)",12000,12000,0,candidate_budget_reached,1500,231.92578360000334,1,1
PPO-Test-4-large-r1-B252000,Test-4,large,1,3,"(0.15, 0.85)",12000,12000,0,candidate_budget_reached,1500,227.0270426999923,1,1
PPO-Test-4-large-r1-B252000,Test-4,large,1,4,"(0.2, 0.8)",12000,12000,0,candidate_budget_reached,1500,224.0544583999872,1,1
PPO-Test-4-large-r1-B252000,Test-4,large,1,5,"(0.25, 0.75)",12000,12000,0,candidate_budget_reached,1500,231.28045230000862,1,1
PPO-Test-4-large-r1-B252000,Test-4,large,1,6,"(0.3, 0.7)",12000,12000,0,candidate_budget_reached,1500,244.93416829999478,1,1
PPO-Test-4-large-r1-B252000,Test-4,large,1,7,"(0.35, 0.65)",12000,12000,0,candidate_budget_reached,1500,243.6422528999974,1,1
PPO-Test-4-large-r1-B252000,Test-4,large,1,8,"(0.4, 0.6)",12000,12000,0,candidate_budget_reached,1500,247.7436730000045,1,1
PPO-Test-4-large-r1-B252000,Test-4,large,1,9,"(0.45, 0.55)",12000,12000,0,candidate_budget_reached,1500,220.51602789999743,1,1
PPO-Test-4-large-r1-B252000,Test-4,large,1,10,"(0.5, 0.5)",12000,12000,0,candidate_budget_reached,1500,219.63039040000876,1,1
PPO-Test-4-large-r1-B252000,Test-4,large,1,11,"(0.55, 0.44999999999999996)",12000,12000,0,candidate_budget_reached,1500,230.62913259999186,1,1
PPO-Test-4-large-r1-B252000,Test-4,large,1,12,"(0.6, 0.4)",12000,12000,0,candidate_budget_reached,1500,240.54522200000065,1,1
PPO-Test-4-large-r1-B252000,Test-4,large,1,13,"(0.65, 0.35)",12000,12000,0,candidate_budget_reached,1500,238.9674559999985,1,1
PPO-Test-4-large-r1-B252000,Test-4,large,1,14,"(0.7, 0.30000000000000004)",12000,12000,0,candidate_budget_reached,1500,239.88879389999784,1,1
PPO-Test-4-large-r1-B252000,Test-4,large,1,15,"(0.75, 0.25)",12000,12000,0,candidate_budget_reached,1500,240.13316290000512,1,1
PPO-Test-4-large-r1-B252000,Test-4,large,1,16,"(0.8, 0.19999999999999996)",12000,12000,0,candidate_budget_reached,1500,238.66016509999463,1,1
PPO-Test-4-large-r1-B252000,Test-4,large,1,17,"(0.85, 0.15000000000000002)",12000,12000,0,candidate_budget_reached,1500,238.42412250000052,1,1
PPO-Test-4-large-r1-B252000,Test-4,large,1,18,"(0.9, 0.09999999999999998)",12000,12000,0,candidate_budget_reached,1500,235.52246550000564,1,1
PPO-Test-4-large-r1-B252000,Test-4,large,1,19,"(0.95, 0.050000000000000044)",12000,12000,0,candidate_budget_reached,1500,250.0967001000099,1,1
PPO-Test-4-large-r1-B252000,Test-4,large,1,20,"(1.0, 0.0)",12000,12000,0,candidate_budget_reached,1500,235.84469559999707,1,1
PPO-Test-4-small-r2-B252000,Test-4,small,2,0,"(0.0, 1.0)",12000,12000,0,candidate_budget_reached,1500,211.23207450000336,1,1
PPO-Test-4-small-r2-B252000,Test-4,small,2,1,"(0.05, 0.95)",12000,12000,0,candidate_budget_reached,1500,204.85883379999723,1,1
PPO-Test-4-small-r2-B252000,Test-4,small,2,2,"(0.1, 0.9)",12000,12000,0,candidate_budget_reached,1500,206.76224039999943,1,1
PPO-Test-4-small-r2-B252000,Test-4,small,2,3,"(0.15, 0.85)",12000,12000,0,candidate_budget_reached,1500,203.27110800000082,1,1
PPO-Test-4-small-r2-B252000,Test-4,small,2,4,"(0.2, 0.8)",12000,12000,0,candidate_budget_reached,1500,204.623700000011,1,1
PPO-Test-4-small-r2-B252000,Test-4,small,2,5,"(0.25, 0.75)",12000,12000,0,candidate_budget_reached,1500,206.6198994999868,1,1
PPO-Test-4-small-r2-B252000,Test-4,small,2,6,"(0.3, 0.7)",12000,12000,0,candidate_budget_reached,1500,217.29900129999442,1,1
PPO-Test-4-small-r2-B252000,Test-4,small,2,7,"(0.35, 0.65)",12000,12000,0,candidate_budget_reached,1500,220.67183350000414,1,1
PPO-Test-4-small-r2-B252000,Test-4,small,2,8,"(0.4, 0.6)",12000,12000,0,candidate_budget_reached,1500,226.37393590000283,1,1
PPO-Test-4-small-r2-B252000,Test-4,small,2,9,"(0.45, 0.55)",12000,12000,0,candidate_budget_reached,1500,219.36311470001237,1,1
PPO-Test-4-small-r2-B252000,Test-4,small,2,10,"(0.5, 0.5)",12000,12000,0,candidate_budget_reached,1500,201.22583759999543,1,1
PPO-Test-4-small-r2-B252000,Test-4,small,2,11,"(0.55, 0.44999999999999996)",12000,12000,0,candidate_budget_reached,1500,207.62072679999983,1,1
PPO-Test-4-small-r2-B252000,Test-4,small,2,12,"(0.6, 0.4)",12000,12000,0,candidate_budget_reached,1500,207.2265258999978,1,1
PPO-Test-4-small-r2-B252000,Test-4,small,2,13,"(0.65, 0.35)",12000,12000,0,candidate_budget_reached,1500,209.16875810000056,1,1
PPO-Test-4-small-r2-B252000,Test-4,small,2,14,"(0.7, 0.30000000000000004)",12000,12000,0,candidate_budget_reached,1500,226.82672549999552,1,1
PPO-Test-4-small-r2-B252000,Test-4,small,2,15,"(0.75, 0.25)",12000,12000,0,candidate_budget_reached,1500,215.314882199993,1,1
PPO-Test-4-small-r2-B252000,Test-4,small,2,16,"(0.8, 0.19999999999999996)",12000,12000,0,candidate_budget_reached,1500,231.14998550000018,1,1
PPO-Test-4-small-r2-B252000,Test-4,small,2,17,"(0.85, 0.15000000000000002)",12000,12000,0,candidate_budget_reached,1500,223.74863000000187,1,1
PPO-Test-4-small-r2-B252000,Test-4,small,2,18,"(0.9, 0.09999999999999998)",12000,12000,0,candidate_budget_reached,1500,228.74030669999775,1,1
PPO-Test-4-small-r2-B252000,Test-4,small,2,19,"(0.95, 0.050000000000000044)",12000,12000,0,candidate_budget_reached,1500,230.41278549999697,1,1
PPO-Test-4-small-r2-B252000,Test-4,small,2,20,"(1.0, 0.0)",12000,12000,0,candidate_budget_reached,1500,234.5209343000024,1,1
PPO-Test-4-large-r2-B252000,Test-4,large,2,0,"(0.0, 1.0)",12000,12000,0,candidate_budget_reached,1500,237.0541821999941,1,1
PPO-Test-4-large-r2-B252000,Test-4,large,2,1,"(0.05, 0.95)",12000,12000,0,candidate_budget_reached,1500,232.39257359999465,1,1
PPO-Test-4-large-r2-B252000,Test-4,large,2,2,"(0.1, 0.9)",12000,12000,0,candidate_budget_reached,1500,230.87495089998993,1,1
PPO-Test-4-large-r2-B252000,Test-4,large,2,3,"(0.15, 0.85)",12000,12000,0,candidate_budget_reached,1500,223.61432069999864,1,1
PPO-Test-4-large-r2-B252000,Test-4,large,2,4,"(0.2, 0.8)",12000,12000,0,candidate_budget_reached,1500,227.32243470000685,1,1
PPO-Test-4-large-r2-B252000,Test-4,large,2,5,"(0.25, 0.75)",12000,12000,0,candidate_budget_reached,1500,237.1251043999946,1,1
PPO-Test-4-large-r2-B252000,Test-4,large,2,6,"(0.3, 0.7)",12000,12000,0,candidate_budget_reached,1500,227.00871530000586,1,1
PPO-Test-4-large-r2-B252000,Test-4,large,2,7,"(0.35, 0.65)",12000,12000,0,candidate_budget_reached,1500,241.51964109999244,1,1
PPO-Test-4-large-r2-B252000,Test-4,large,2,8,"(0.4, 0.6)",12000,12000,0,candidate_budget_reached,1500,242.90406230000372,1,1
PPO-Test-4-large-r2-B252000,Test-4,large,2,9,"(0.45, 0.55)",12000,12000,0,candidate_budget_reached,1500,228.772112199993,1,1
PPO-Test-4-large-r2-B252000,Test-4,large,2,10,"(0.5, 0.5)",12000,12000,0,candidate_budget_reached,1500,229.9703698999947,1,1
PPO-Test-4-large-r2-B252000,Test-4,large,2,11,"(0.55, 0.44999999999999996)",12000,12000,0,candidate_budget_reached,1500,234.60465069999918,1,1
PPO-Test-4-large-r2-B252000,Test-4,large,2,12,"(0.6, 0.4)",12000,12000,0,candidate_budget_reached,1500,240.69859719999658,1,1
PPO-Test-4-large-r2-B252000,Test-4,large,2,13,"(0.65, 0.35)",12000,12000,0,candidate_budget_reached,1500,243.0269971999951,1,1
PPO-Test-4-large-r2-B252000,Test-4,large,2,14,"(0.7, 0.30000000000000004)",12000,12000,0,candidate_budget_reached,1500,237.37172239999927,1,1
PPO-Test-4-large-r2-B252000,Test-4,large,2,15,"(0.75, 0.25)",12000,12000,0,candidate_budget_reached,1500,237.2426373000053,1,1
PPO-Test-4-large-r2-B252000,Test-4,large,2,16,"(0.8, 0.19999999999999996)",12000,12000,0,candidate_budget_reached,1500,235.25453350000316,1,1
PPO-Test-4-large-r2-B252000,Test-4,large,2,17,"(0.85, 0.15000000000000002)",12000,12000,0,candidate_budget_reached,1500,235.1222984999913,1,1
PPO-Test-4-large-r2-B252000,Test-4,large,2,18,"(0.9, 0.09999999999999998)",12000,12000,0,candidate_budget_reached,1500,244.7196999000007,1,1
PPO-Test-4-large-r2-B252000,Test-4,large,2,19,"(0.95, 0.050000000000000044)",12000,12000,0,candidate_budget_reached,1500,243.56139729999995,1,1
PPO-Test-4-large-r2-B252000,Test-4,large,2,20,"(1.0, 0.0)",12000,12000,0,candidate_budget_reached,1500,238.816313000003,1,1
PPO-capacity-70-large-r0-B252000,capacity-70,large,0,0,"(0.0, 1.0)",12000,12000,0,candidate_budget_reached,1500,240.87721449999663,1,1
PPO-capacity-70-large-r0-B252000,capacity-70,large,0,1,"(0.05, 0.95)",12000,12000,0,candidate_budget_reached,1500,244.49427450000076,1,1
PPO-capacity-70-large-r0-B252000,capacity-70,large,0,2,"(0.1, 0.9)",12000,12000,0,candidate_budget_reached,1500,241.73629089999304,1,1
PPO-capacity-70-large-r0-B252000,capacity-70,large,0,3,"(0.15, 0.85)",12000,12000,0,candidate_budget_reached,1500,238.47438330001023,1,1
PPO-capacity-70-large-r0-B252000,capacity-70,large,0,4,"(0.2, 0.8)",12000,12000,0,candidate_budget_reached,1500,235.92817359999754,1,1
PPO-capacity-70-large-r0-B252000,capacity-70,large,0,5,"(0.25, 0.75)",12000,12000,0,candidate_budget_reached,1500,247.11214429998654,1,1
PPO-capacity-70-large-r0-B252000,capacity-70,large,0,6,"(0.3, 0.7)",12000,12000,0,candidate_budget_reached,1500,254.6405356000032,1,1
PPO-capacity-70-large-r0-B252000,capacity-70,large,0,7,"(0.35, 0.65)",12000,12000,0,candidate_budget_reached,1500,265.4960957000003,1,1
PPO-capacity-70-large-r0-B252000,capacity-70,large,0,8,"(0.4, 0.6)",12000,12000,0,candidate_budget_reached,1500,246.36361380000017,1,1
PPO-capacity-70-large-r0-B252000,capacity-70,large,0,9,"(0.45, 0.55)",12000,12000,0,candidate_budget_reached,1500,237.44735879999644,1,1
PPO-capacity-70-large-r0-B252000,capacity-70,large,0,10,"(0.5, 0.5)",12000,12000,0,candidate_budget_reached,1500,247.89826899999753,1,1
PPO-capacity-70-large-r0-B252000,capacity-70,large,0,11,"(0.55, 0.44999999999999996)",12000,12000,0,candidate_budget_reached,1500,251.00353970000288,1,1
PPO-capacity-70-large-r0-B252000,capacity-70,large,0,12,"(0.6, 0.4)",12000,12000,0,candidate_budget_reached,1500,251.79583529999945,1,1
PPO-capacity-70-large-r0-B252000,capacity-70,large,0,13,"(0.65, 0.35)",12000,12000,0,candidate_budget_reached,1500,249.01883720001206,1,1
PPO-capacity-70-large-r0-B252000,capacity-70,large,0,14,"(0.7, 0.30000000000000004)",12000,12000,0,candidate_budget_reached,1500,250.92346740000357,1,1
PPO-capacity-70-large-r0-B252000,capacity-70,large,0,15,"(0.75, 0.25)",12000,12000,0,candidate_budget_reached,1500,250.9356989999942,1,1
PPO-capacity-70-large-r0-B252000,capacity-70,large,0,16,"(0.8, 0.19999999999999996)",12000,12000,0,candidate_budget_reached,1500,252.02994029999536,1,1
PPO-capacity-70-large-r0-B252000,capacity-70,large,0,17,"(0.85, 0.15000000000000002)",12000,12000,0,candidate_budget_reached,1500,249.43082869998761,1,1
PPO-capacity-70-large-r0-B252000,capacity-70,large,0,18,"(0.9, 0.09999999999999998)",12000,12000,0,candidate_budget_reached,1500,252.12822729999607,1,1
PPO-capacity-70-large-r0-B252000,capacity-70,large,0,19,"(0.95, 0.050000000000000044)",12000,12000,0,candidate_budget_reached,1500,252.3248120999924,1,1
PPO-capacity-70-large-r0-B252000,capacity-70,large,0,20,"(1.0, 0.0)",12000,12000,0,candidate_budget_reached,1500,260.06015299999854,1,1
PPO-capacity-70-large-r1-B252000,capacity-70,large,1,0,"(0.0, 1.0)",12000,12000,0,candidate_budget_reached,1500,238.74163409999164,1,1
PPO-capacity-70-large-r1-B252000,capacity-70,large,1,1,"(0.05, 0.95)",12000,12000,0,candidate_budget_reached,1500,242.7654954999889,1,1
PPO-capacity-70-large-r1-B252000,capacity-70,large,1,2,"(0.1, 0.9)",12000,12000,0,candidate_budget_reached,1500,230.21010620000015,1,1
PPO-capacity-70-large-r1-B252000,capacity-70,large,1,3,"(0.15, 0.85)",12000,12000,0,candidate_budget_reached,1500,240.3262223000056,1,1
PPO-capacity-70-large-r1-B252000,capacity-70,large,1,4,"(0.2, 0.8)",12000,12000,0,candidate_budget_reached,1500,241.65798550000181,1,1
PPO-capacity-70-large-r1-B252000,capacity-70,large,1,5,"(0.25, 0.75)",12000,12000,0,candidate_budget_reached,1500,262.10254390000773,1,1
PPO-capacity-70-large-r1-B252000,capacity-70,large,1,6,"(0.3, 0.7)",12000,12000,0,candidate_budget_reached,1500,252.11722349999764,1,1
PPO-capacity-70-large-r1-B252000,capacity-70,large,1,7,"(0.35, 0.65)",12000,12000,0,candidate_budget_reached,1500,260.3020535000105,1,1
PPO-capacity-70-large-r1-B252000,capacity-70,large,1,8,"(0.4, 0.6)",12000,12000,0,candidate_budget_reached,1500,241.0515230000019,1,1
PPO-capacity-70-large-r1-B252000,capacity-70,large,1,9,"(0.45, 0.55)",12000,12000,0,candidate_budget_reached,1500,237.40616830000363,1,1
PPO-capacity-70-large-r1-B252000,capacity-70,large,1,10,"(0.5, 0.5)",12000,12000,0,candidate_budget_reached,1500,251.33711890000268,1,1
PPO-capacity-70-large-r1-B252000,capacity-70,large,1,11,"(0.55, 0.44999999999999996)",12000,12000,0,candidate_budget_reached,1500,255.40715199999977,1,1
PPO-capacity-70-large-r1-B252000,capacity-70,large,1,12,"(0.6, 0.4)",12000,12000,0,candidate_budget_reached,1500,253.76860650000162,1,1
PPO-capacity-70-large-r1-B252000,capacity-70,large,1,13,"(0.65, 0.35)",12000,12000,0,candidate_budget_reached,1500,247.45046330000332,1,1
PPO-capacity-70-large-r1-B252000,capacity-70,large,1,14,"(0.7, 0.30000000000000004)",12000,12000,0,candidate_budget_reached,1500,253.2211215999996,1,1
PPO-capacity-70-large-r1-B252000,capacity-70,large,1,15,"(0.75, 0.25)",12000,12000,0,candidate_budget_reached,1500,249.33342660000199,1,1
PPO-capacity-70-large-r1-B252000,capacity-70,large,1,16,"(0.8, 0.19999999999999996)",12000,12000,0,candidate_budget_reached,1500,254.08272659999784,1,1
PPO-capacity-70-large-r1-B252000,capacity-70,large,1,17,"(0.85, 0.15000000000000002)",12000,12000,0,candidate_budget_reached,1500,251.0321321000083,1,1
PPO-capacity-70-large-r1-B252000,capacity-70,large,1,18,"(0.9, 0.09999999999999998)",12000,12000,0,candidate_budget_reached,1500,256.1600135000044,1,1
PPO-capacity-70-large-r1-B252000,capacity-70,large,1,19,"(0.95, 0.050000000000000044)",12000,12000,0,candidate_budget_reached,1500,254.37552400000277,1,1
PPO-capacity-70-large-r1-B252000,capacity-70,large,1,20,"(1.0, 0.0)",12000,12000,0,candidate_budget_reached,1500,255.5469235000055,1,1
PPO-capacity-70-large-r2-B252000,capacity-70,large,2,0,"(0.0, 1.0)",12000,12000,0,candidate_budget_reached,1500,240.08228919999965,1,1
PPO-capacity-70-large-r2-B252000,capacity-70,large,2,1,"(0.05, 0.95)",12000,12000,0,candidate_budget_reached,1500,240.1479599000013,1,1
PPO-capacity-70-large-r2-B252000,capacity-70,large,2,2,"(0.1, 0.9)",12000,12000,0,candidate_budget_reached,1500,235.731117000003,1,1
PPO-capacity-70-large-r2-B252000,capacity-70,large,2,3,"(0.15, 0.85)",12000,12000,0,candidate_budget_reached,1500,237.3990402000054,1,1
PPO-capacity-70-large-r2-B252000,capacity-70,large,2,4,"(0.2, 0.8)",12000,12000,0,candidate_budget_reached,1500,239.1338870999898,1,1
PPO-capacity-70-large-r2-B252000,capacity-70,large,2,5,"(0.25, 0.75)",12000,12000,0,candidate_budget_reached,1500,255.71261539999978,1,1
PPO-capacity-70-large-r2-B252000,capacity-70,large,2,6,"(0.3, 0.7)",12000,12000,0,candidate_budget_reached,1500,255.22989630000666,1,1
PPO-capacity-70-large-r2-B252000,capacity-70,large,2,7,"(0.35, 0.65)",12000,12000,0,candidate_budget_reached,1500,264.04627459999756,1,1
PPO-capacity-70-large-r2-B252000,capacity-70,large,2,8,"(0.4, 0.6)",12000,12000,0,candidate_budget_reached,1500,241.07314760000736,1,1
PPO-capacity-70-large-r2-B252000,capacity-70,large,2,9,"(0.45, 0.55)",12000,12000,0,candidate_budget_reached,1500,234.6449464000034,1,1
PPO-capacity-70-large-r2-B252000,capacity-70,large,2,10,"(0.5, 0.5)",12000,12000,0,candidate_budget_reached,1500,249.66685520000465,1,1
PPO-capacity-70-large-r2-B252000,capacity-70,large,2,11,"(0.55, 0.44999999999999996)",12000,12000,0,candidate_budget_reached,1500,256.4677343999938,1,1
PPO-capacity-70-large-r2-B252000,capacity-70,large,2,12,"(0.6, 0.4)",12000,12000,0,candidate_budget_reached,1500,252.15235519999987,1,1
PPO-capacity-70-large-r2-B252000,capacity-70,large,2,13,"(0.65, 0.35)",12000,12000,0,candidate_budget_reached,1500,250.60530960001051,1,1
PPO-capacity-70-large-r2-B252000,capacity-70,large,2,14,"(0.7, 0.30000000000000004)",12000,12000,0,candidate_budget_reached,1500,255.83649980000337,1,1
PPO-capacity-70-large-r2-B252000,capacity-70,large,2,15,"(0.75, 0.25)",12000,12000,0,candidate_budget_reached,1500,243.4212589999952,1,1
PPO-capacity-70-large-r2-B252000,capacity-70,large,2,16,"(0.8, 0.19999999999999996)",12000,12000,0,candidate_budget_reached,1500,246.253821899998,1,1
PPO-capacity-70-large-r2-B252000,capacity-70,large,2,17,"(0.85, 0.15000000000000002)",12000,12000,0,candidate_budget_reached,1500,252.9369921000034,1,1
PPO-capacity-70-large-r2-B252000,capacity-70,large,2,18,"(0.9, 0.09999999999999998)",12000,12000,0,candidate_budget_reached,1500,250.76174439999158,1,1
PPO-capacity-70-large-r2-B252000,capacity-70,large,2,19,"(0.95, 0.050000000000000044)",12000,12000,0,candidate_budget_reached,1500,247.52333479998924,1,1
PPO-capacity-70-large-r2-B252000,capacity-70,large,2,20,"(1.0, 0.0)",12000,12000,0,candidate_budget_reached,1500,258.4010485000035,1,1
PPO-capacity-80-large-r0-B252000,capacity-80,large,0,0,"(0.0, 1.0)",12000,12000,0,candidate_budget_reached,1500,246.3631566999975,1,1
PPO-capacity-80-large-r0-B252000,capacity-80,large,0,1,"(0.05, 0.95)",12000,12000,0,candidate_budget_reached,1500,247.39496119999967,1,1
PPO-capacity-80-large-r0-B252000,capacity-80,large,0,2,"(0.1, 0.9)",12000,12000,0,candidate_budget_reached,1500,245.13352909999958,1,1
PPO-capacity-80-large-r0-B252000,capacity-80,large,0,3,"(0.15, 0.85)",12000,12000,0,candidate_budget_reached,1500,236.19700020000164,1,1
PPO-capacity-80-large-r0-B252000,capacity-80,large,0,4,"(0.2, 0.8)",12000,12000,0,candidate_budget_reached,1500,244.52297430000908,1,1
PPO-capacity-80-large-r0-B252000,capacity-80,large,0,5,"(0.25, 0.75)",12000,12000,0,candidate_budget_reached,1500,254.02057950000744,1,1
PPO-capacity-80-large-r0-B252000,capacity-80,large,0,6,"(0.3, 0.7)",12000,12000,0,candidate_budget_reached,1500,253.96431029999803,1,1
PPO-capacity-80-large-r0-B252000,capacity-80,large,0,7,"(0.35, 0.65)",12000,12000,0,candidate_budget_reached,1500,259.2717612999986,1,1
PPO-capacity-80-large-r0-B252000,capacity-80,large,0,8,"(0.4, 0.6)",12000,12000,0,candidate_budget_reached,1500,231.92255050000676,1,1
PPO-capacity-80-large-r0-B252000,capacity-80,large,0,9,"(0.45, 0.55)",12000,12000,0,candidate_budget_reached,1500,234.16286089998903,1,1
PPO-capacity-80-large-r0-B252000,capacity-80,large,0,10,"(0.5, 0.5)",12000,12000,0,candidate_budget_reached,1500,248.24936419998994,1,1
PPO-capacity-80-large-r0-B252000,capacity-80,large,0,11,"(0.55, 0.44999999999999996)",12000,12000,0,candidate_budget_reached,1500,254.32964800001355,1,1
PPO-capacity-80-large-r0-B252000,capacity-80,large,0,12,"(0.6, 0.4)",12000,12000,0,candidate_budget_reached,1500,253.27381810000225,1,1
PPO-capacity-80-large-r0-B252000,capacity-80,large,0,13,"(0.65, 0.35)",12000,12000,0,candidate_budget_reached,1500,245.31779129999632,1,1
PPO-capacity-80-large-r0-B252000,capacity-80,large,0,14,"(0.7, 0.30000000000000004)",12000,12000,0,candidate_budget_reached,1500,253.1605508999928,1,1
PPO-capacity-80-large-r0-B252000,capacity-80,large,0,15,"(0.75, 0.25)",12000,12000,0,candidate_budget_reached,1500,248.47823780000908,1,1
PPO-capacity-80-large-r0-B252000,capacity-80,large,0,16,"(0.8, 0.19999999999999996)",12000,12000,0,candidate_budget_reached,1500,256.64858449999883,1,1
PPO-capacity-80-large-r0-B252000,capacity-80,large,0,17,"(0.85, 0.15000000000000002)",12000,12000,0,candidate_budget_reached,1500,254.31764649999968,1,1
PPO-capacity-80-large-r0-B252000,capacity-80,large,0,18,"(0.9, 0.09999999999999998)",12000,12000,0,candidate_budget_reached,1500,254.76054550000117,1,1
PPO-capacity-80-large-r0-B252000,capacity-80,large,0,19,"(0.95, 0.050000000000000044)",12000,12000,0,candidate_budget_reached,1500,253.10641269999905,1,1
PPO-capacity-80-large-r0-B252000,capacity-80,large,0,20,"(1.0, 0.0)",12000,12000,0,candidate_budget_reached,1500,256.5796582000039,1,1
PPO-capacity-80-large-r1-B252000,capacity-80,large,1,0,"(0.0, 1.0)",12000,12000,0,candidate_budget_reached,1500,274.65654179999547,1,1
PPO-capacity-80-large-r1-B252000,capacity-80,large,1,1,"(0.05, 0.95)",12000,12000,0,candidate_budget_reached,1500,266.48623589999625,1,1
PPO-capacity-80-large-r1-B252000,capacity-80,large,1,2,"(0.1, 0.9)",12000,12000,0,candidate_budget_reached,1500,266.05359550000867,1,1
PPO-capacity-80-large-r1-B252000,capacity-80,large,1,3,"(0.15, 0.85)",12000,12000,0,candidate_budget_reached,1500,238.23888580000494,1,1
PPO-capacity-80-large-r1-B252000,capacity-80,large,1,4,"(0.2, 0.8)",12000,12000,0,candidate_budget_reached,1500,234.84679060000053,1,1
PPO-capacity-80-large-r1-B252000,capacity-80,large,1,5,"(0.25, 0.75)",12000,12000,0,candidate_budget_reached,1500,249.28511830000207,1,1
PPO-capacity-80-large-r1-B252000,capacity-80,large,1,6,"(0.3, 0.7)",12000,12000,0,candidate_budget_reached,1500,248.06249799999932,1,1
PPO-capacity-80-large-r1-B252000,capacity-80,large,1,7,"(0.35, 0.65)",12000,12000,0,candidate_budget_reached,1500,251.63802009999927,1,1
PPO-capacity-80-large-r1-B252000,capacity-80,large,1,8,"(0.4, 0.6)",12000,12000,0,candidate_budget_reached,1500,245.9601879999973,1,1
PPO-capacity-80-large-r1-B252000,capacity-80,large,1,9,"(0.45, 0.55)",12000,12000,0,candidate_budget_reached,1500,247.80859800000326,1,1
PPO-capacity-80-large-r1-B252000,capacity-80,large,1,10,"(0.5, 0.5)",12000,12000,0,candidate_budget_reached,1500,247.01952719999827,1,1
PPO-capacity-80-large-r1-B252000,capacity-80,large,1,11,"(0.55, 0.44999999999999996)",12000,12000,0,candidate_budget_reached,1500,250.96578850000515,1,1
PPO-capacity-80-large-r1-B252000,capacity-80,large,1,12,"(0.6, 0.4)",12000,12000,0,candidate_budget_reached,1500,250.04354230000172,1,1
PPO-capacity-80-large-r1-B252000,capacity-80,large,1,13,"(0.65, 0.35)",12000,12000,0,candidate_budget_reached,1500,247.06348389999766,1,1
PPO-capacity-80-large-r1-B252000,capacity-80,large,1,14,"(0.7, 0.30000000000000004)",12000,12000,0,candidate_budget_reached,1500,246.30046339999535,1,1
PPO-capacity-80-large-r1-B252000,capacity-80,large,1,15,"(0.75, 0.25)",12000,12000,0,candidate_budget_reached,1500,247.72762809999404,1,1
PPO-capacity-80-large-r1-B252000,capacity-80,large,1,16,"(0.8, 0.19999999999999996)",12000,12000,0,candidate_budget_reached,1500,248.5226926000032,1,1
PPO-capacity-80-large-r1-B252000,capacity-80,large,1,17,"(0.85, 0.15000000000000002)",12000,12000,0,candidate_budget_reached,1500,249.5157545999973,1,1
PPO-capacity-80-large-r1-B252000,capacity-80,large,1,18,"(0.9, 0.09999999999999998)",12000,12000,0,candidate_budget_reached,1500,246.14831020000565,1,1
PPO-capacity-80-large-r1-B252000,capacity-80,large,1,19,"(0.95, 0.050000000000000044)",12000,12000,0,candidate_budget_reached,1500,252.4646999999968,1,1
PPO-capacity-80-large-r1-B252000,capacity-80,large,1,20,"(1.0, 0.0)",12000,12000,0,candidate_budget_reached,1500,250.68093649999355,1,1
PPO-capacity-80-large-r2-B252000,capacity-80,large,2,0,"(0.0, 1.0)",12000,12000,0,candidate_budget_reached,1500,279.57562030000554,1,1
PPO-capacity-80-large-r2-B252000,capacity-80,large,2,1,"(0.05, 0.95)",12000,12000,0,candidate_budget_reached,1500,266.5127431000001,1,1
PPO-capacity-80-large-r2-B252000,capacity-80,large,2,2,"(0.1, 0.9)",12000,12000,0,candidate_budget_reached,1500,269.18084099999396,1,1
PPO-capacity-80-large-r2-B252000,capacity-80,large,2,3,"(0.15, 0.85)",12000,12000,0,candidate_budget_reached,1500,241.84948720000102,1,1
PPO-capacity-80-large-r2-B252000,capacity-80,large,2,4,"(0.2, 0.8)",12000,12000,0,candidate_budget_reached,1500,237.63991460000398,1,1
PPO-capacity-80-large-r2-B252000,capacity-80,large,2,5,"(0.25, 0.75)",12000,12000,0,candidate_budget_reached,1500,243.11922510000295,1,1
PPO-capacity-80-large-r2-B252000,capacity-80,large,2,6,"(0.3, 0.7)",12000,12000,0,candidate_budget_reached,1500,250.63204050000058,1,1
PPO-capacity-80-large-r2-B252000,capacity-80,large,2,7,"(0.35, 0.65)",12000,12000,0,candidate_budget_reached,1500,260.37369500000204,1,1
PPO-capacity-80-large-r2-B252000,capacity-80,large,2,8,"(0.4, 0.6)",12000,12000,0,candidate_budget_reached,1500,240.67392149999796,1,1
PPO-capacity-80-large-r2-B252000,capacity-80,large,2,9,"(0.45, 0.55)",12000,12000,0,candidate_budget_reached,1500,244.119746700002,1,1
PPO-capacity-80-large-r2-B252000,capacity-80,large,2,10,"(0.5, 0.5)",12000,12000,0,candidate_budget_reached,1500,244.1044236000016,1,1
PPO-capacity-80-large-r2-B252000,capacity-80,large,2,11,"(0.55, 0.44999999999999996)",12000,12000,0,candidate_budget_reached,1500,246.3239445000072,1,1
PPO-capacity-80-large-r2-B252000,capacity-80,large,2,12,"(0.6, 0.4)",12000,12000,0,candidate_budget_reached,1500,246.71272730000783,1,1
PPO-capacity-80-large-r2-B252000,capacity-80,large,2,13,"(0.65, 0.35)",12000,12000,0,candidate_budget_reached,1500,251.46257449999393,1,1
PPO-capacity-80-large-r2-B252000,capacity-80,large,2,14,"(0.7, 0.30000000000000004)",12000,12000,0,candidate_budget_reached,1500,249.50434790000145,1,1
PPO-capacity-80-large-r2-B252000,capacity-80,large,2,15,"(0.75, 0.25)",12000,12000,0,candidate_budget_reached,1500,254.41884899999422,1,1
PPO-capacity-80-large-r2-B252000,capacity-80,large,2,16,"(0.8, 0.19999999999999996)",12000,12000,0,candidate_budget_reached,1500,246.9594436000043,1,1
PPO-capacity-80-large-r2-B252000,capacity-80,large,2,17,"(0.85, 0.15000000000000002)",12000,12000,0,candidate_budget_reached,1500,248.47144259999914,1,1
PPO-capacity-80-large-r2-B252000,capacity-80,large,2,18,"(0.9, 0.09999999999999998)",12000,12000,0,candidate_budget_reached,1500,246.6980700999993,1,1
PPO-capacity-80-large-r2-B252000,capacity-80,large,2,19,"(0.95, 0.050000000000000044)",12000,12000,0,candidate_budget_reached,1500,250.39767649999703,1,1
PPO-capacity-80-large-r2-B252000,capacity-80,large,2,20,"(1.0, 0.0)",12000,12000,0,candidate_budget_reached,1500,250.35107050000806,1,1
PPO-capacity-120-large-r0-B252000,capacity-120,large,0,0,"(0.0, 1.0)",12000,12000,0,candidate_budget_reached,1500,266.71154180000303,1,1
PPO-capacity-120-large-r0-B252000,capacity-120,large,0,1,"(0.05, 0.95)",12000,12000,0,candidate_budget_reached,1500,252.6160799000063,1,1
PPO-capacity-120-large-r0-B252000,capacity-120,large,0,2,"(0.1, 0.9)",12000,12000,0,candidate_budget_reached,1500,253.2371079000004,1,1
PPO-capacity-120-large-r0-B252000,capacity-120,large,0,3,"(0.15, 0.85)",12000,12000,0,candidate_budget_reached,1500,230.14849010000762,1,1
PPO-capacity-120-large-r0-B252000,capacity-120,large,0,4,"(0.2, 0.8)",12000,12000,0,candidate_budget_reached,1500,218.92649540001003,1,1
PPO-capacity-120-large-r0-B252000,capacity-120,large,0,5,"(0.25, 0.75)",12000,12000,0,candidate_budget_reached,1500,231.10431330000574,1,1
PPO-capacity-120-large-r0-B252000,capacity-120,large,0,6,"(0.3, 0.7)",12000,12000,0,candidate_budget_reached,1500,233.6828788999992,1,1
PPO-capacity-120-large-r0-B252000,capacity-120,large,0,7,"(0.35, 0.65)",12000,12000,0,candidate_budget_reached,1500,231.5617942999961,1,1
PPO-capacity-120-large-r0-B252000,capacity-120,large,0,8,"(0.4, 0.6)",12000,12000,0,candidate_budget_reached,1500,226.8888597000041,1,1
PPO-capacity-120-large-r0-B252000,capacity-120,large,0,9,"(0.45, 0.55)",12000,12000,0,candidate_budget_reached,1500,231.1214489999984,1,1
PPO-capacity-120-large-r0-B252000,capacity-120,large,0,10,"(0.5, 0.5)",12000,12000,0,candidate_budget_reached,1500,227.04106650000904,1,1
PPO-capacity-120-large-r0-B252000,capacity-120,large,0,11,"(0.55, 0.44999999999999996)",12000,12000,0,candidate_budget_reached,1500,224.26593680000224,1,1
PPO-capacity-120-large-r0-B252000,capacity-120,large,0,12,"(0.6, 0.4)",12000,12000,0,candidate_budget_reached,1500,230.5299767000106,1,1
PPO-capacity-120-large-r0-B252000,capacity-120,large,0,13,"(0.65, 0.35)",12000,12000,0,candidate_budget_reached,1500,232.9749460000021,1,1
PPO-capacity-120-large-r0-B252000,capacity-120,large,0,14,"(0.7, 0.30000000000000004)",12000,12000,0,candidate_budget_reached,1500,221.15881780000927,1,1
PPO-capacity-120-large-r0-B252000,capacity-120,large,0,15,"(0.75, 0.25)",12000,12000,0,candidate_budget_reached,1500,230.02421660000982,1,1
PPO-capacity-120-large-r0-B252000,capacity-120,large,0,16,"(0.8, 0.19999999999999996)",12000,12000,0,candidate_budget_reached,1500,224.90193320000253,1,1
PPO-capacity-120-large-r0-B252000,capacity-120,large,0,17,"(0.85, 0.15000000000000002)",12000,12000,0,candidate_budget_reached,1500,245.60339769998973,1,1
PPO-capacity-120-large-r0-B252000,capacity-120,large,0,18,"(0.9, 0.09999999999999998)",12000,12000,0,candidate_budget_reached,1500,245.75181570000132,1,1
PPO-capacity-120-large-r0-B252000,capacity-120,large,0,19,"(0.95, 0.050000000000000044)",12000,12000,0,candidate_budget_reached,1500,244.84817919999477,1,1
PPO-capacity-120-large-r0-B252000,capacity-120,large,0,20,"(1.0, 0.0)",12000,12000,0,candidate_budget_reached,1500,238.82377840000845,1,1
PPO-capacity-120-large-r1-B252000,capacity-120,large,1,0,"(0.0, 1.0)",12000,12000,0,candidate_budget_reached,1500,264.8554623999953,1,1
PPO-capacity-120-large-r1-B252000,capacity-120,large,1,1,"(0.05, 0.95)",12000,12000,0,candidate_budget_reached,1500,253.61484789999668,1,1
PPO-capacity-120-large-r1-B252000,capacity-120,large,1,2,"(0.1, 0.9)",12000,12000,0,candidate_budget_reached,1500,245.88943939999444,1,1
PPO-capacity-120-large-r1-B252000,capacity-120,large,1,3,"(0.15, 0.85)",12000,12000,0,candidate_budget_reached,1500,229.8311384000117,1,1
PPO-capacity-120-large-r1-B252000,capacity-120,large,1,4,"(0.2, 0.8)",12000,12000,0,candidate_budget_reached,1500,222.0047188000026,1,1
PPO-capacity-120-large-r1-B252000,capacity-120,large,1,5,"(0.25, 0.75)",12000,12000,0,candidate_budget_reached,1500,239.21385640000517,1,1
PPO-capacity-120-large-r1-B252000,capacity-120,large,1,6,"(0.3, 0.7)",12000,12000,0,candidate_budget_reached,1500,235.87273560000176,1,1
PPO-capacity-120-large-r1-B252000,capacity-120,large,1,7,"(0.35, 0.65)",12000,12000,0,candidate_budget_reached,1500,232.1974845999939,1,1
PPO-capacity-120-large-r1-B252000,capacity-120,large,1,8,"(0.4, 0.6)",12000,12000,0,candidate_budget_reached,1500,220.86554830000387,1,1
PPO-capacity-120-large-r1-B252000,capacity-120,large,1,9,"(0.45, 0.55)",12000,12000,0,candidate_budget_reached,1500,236.83684599999106,1,1
PPO-capacity-120-large-r1-B252000,capacity-120,large,1,10,"(0.5, 0.5)",12000,12000,0,candidate_budget_reached,1500,229.14316639999743,1,1
PPO-capacity-120-large-r1-B252000,capacity-120,large,1,11,"(0.55, 0.44999999999999996)",12000,12000,0,candidate_budget_reached,1500,235.7859782000014,1,1
PPO-capacity-120-large-r1-B252000,capacity-120,large,1,12,"(0.6, 0.4)",12000,12000,0,candidate_budget_reached,1500,230.4835633999901,1,1
PPO-capacity-120-large-r1-B252000,capacity-120,large,1,13,"(0.65, 0.35)",12000,12000,0,candidate_budget_reached,1500,222.1803086,1,1
PPO-capacity-120-large-r1-B252000,capacity-120,large,1,14,"(0.7, 0.30000000000000004)",12000,12000,0,candidate_budget_reached,1500,227.59536630001094,1,1
PPO-capacity-120-large-r1-B252000,capacity-120,large,1,15,"(0.75, 0.25)",12000,12000,0,candidate_budget_reached,1500,232.47423690000142,1,1
PPO-capacity-120-large-r1-B252000,capacity-120,large,1,16,"(0.8, 0.19999999999999996)",12000,12000,0,candidate_budget_reached,1500,226.52358079999976,1,1
PPO-capacity-120-large-r1-B252000,capacity-120,large,1,17,"(0.85, 0.15000000000000002)",12000,12000,0,candidate_budget_reached,1500,223.9155283,1,1
PPO-capacity-120-large-r1-B252000,capacity-120,large,1,18,"(0.9, 0.09999999999999998)",12000,12000,0,candidate_budget_reached,1500,233.20973670000967,1,1
PPO-capacity-120-large-r1-B252000,capacity-120,large,1,19,"(0.95, 0.050000000000000044)",12000,12000,0,candidate_budget_reached,1500,236.84565440000733,1,1
PPO-capacity-120-large-r1-B252000,capacity-120,large,1,20,"(1.0, 0.0)",12000,12000,0,candidate_budget_reached,1500,236.13095240000985,1,1
PPO-capacity-120-large-r2-B252000,capacity-120,large,2,0,"(0.0, 1.0)",12000,12000,0,candidate_budget_reached,1500,260.80124980000255,1,1
PPO-capacity-120-large-r2-B252000,capacity-120,large,2,1,"(0.05, 0.95)",12000,12000,0,candidate_budget_reached,1500,251.9411364999978,1,1
PPO-capacity-120-large-r2-B252000,capacity-120,large,2,2,"(0.1, 0.9)",12000,12000,0,candidate_budget_reached,1500,257.45340700000816,1,1
PPO-capacity-120-large-r2-B252000,capacity-120,large,2,3,"(0.15, 0.85)",12000,12000,0,candidate_budget_reached,1500,228.9308769000054,1,1
PPO-capacity-120-large-r2-B252000,capacity-120,large,2,4,"(0.2, 0.8)",12000,12000,0,candidate_budget_reached,1500,225.94456530000025,1,1
PPO-capacity-120-large-r2-B252000,capacity-120,large,2,5,"(0.25, 0.75)",12000,12000,0,candidate_budget_reached,1500,230.98994810000295,1,1
PPO-capacity-120-large-r2-B252000,capacity-120,large,2,6,"(0.3, 0.7)",12000,12000,0,candidate_budget_reached,1500,237.4984126000054,1,1
PPO-capacity-120-large-r2-B252000,capacity-120,large,2,7,"(0.35, 0.65)",12000,12000,0,candidate_budget_reached,1500,227.05576299999666,1,1
PPO-capacity-120-large-r2-B252000,capacity-120,large,2,8,"(0.4, 0.6)",12000,12000,0,candidate_budget_reached,1500,231.8264685000031,1,1
PPO-capacity-120-large-r2-B252000,capacity-120,large,2,9,"(0.45, 0.55)",12000,12000,0,candidate_budget_reached,1500,234.26180290000048,1,1
PPO-capacity-120-large-r2-B252000,capacity-120,large,2,10,"(0.5, 0.5)",12000,12000,0,candidate_budget_reached,1500,233.93509689999337,1,1
PPO-capacity-120-large-r2-B252000,capacity-120,large,2,11,"(0.55, 0.44999999999999996)",12000,12000,0,candidate_budget_reached,1500,230.1692672999925,1,1
PPO-capacity-120-large-r2-B252000,capacity-120,large,2,12,"(0.6, 0.4)",12000,12000,0,candidate_budget_reached,1500,229.45426569999836,1,1
PPO-capacity-120-large-r2-B252000,capacity-120,large,2,13,"(0.65, 0.35)",12000,12000,0,candidate_budget_reached,1500,238.59837079999852,1,1
PPO-capacity-120-large-r2-B252000,capacity-120,large,2,14,"(0.7, 0.30000000000000004)",12000,12000,0,candidate_budget_reached,1500,228.70040940000035,1,1
PPO-capacity-120-large-r2-B252000,capacity-120,large,2,15,"(0.75, 0.25)",12000,12000,0,candidate_budget_reached,1500,222.09006099999533,1,1
PPO-capacity-120-large-r2-B252000,capacity-120,large,2,16,"(0.8, 0.19999999999999996)",12000,12000,0,candidate_budget_reached,1500,236.2758921999921,1,1
PPO-capacity-120-large-r2-B252000,capacity-120,large,2,17,"(0.85, 0.15000000000000002)",12000,12000,0,candidate_budget_reached,1500,238.4731834999984,1,1
PPO-capacity-120-large-r2-B252000,capacity-120,large,2,18,"(0.9, 0.09999999999999998)",12000,12000,0,candidate_budget_reached,1500,239.14416659998824,1,1
PPO-capacity-120-large-r2-B252000,capacity-120,large,2,19,"(0.95, 0.050000000000000044)",12000,12000,0,candidate_budget_reached,1500,235.07309040000837,1,1
PPO-capacity-120-large-r2-B252000,capacity-120,large,2,20,"(1.0, 0.0)",12000,12000,0,candidate_budget_reached,1500,236.80556009999418,1,1
PPO-capacity-130-large-r0-B252000,capacity-130,large,0,0,"(0.0, 1.0)",12000,12000,0,candidate_budget_reached,1500,261.5644977000047,1,1
PPO-capacity-130-large-r0-B252000,capacity-130,large,0,1,"(0.05, 0.95)",12000,12000,0,candidate_budget_reached,1500,255.70808979999856,1,1
PPO-capacity-130-large-r0-B252000,capacity-130,large,0,2,"(0.1, 0.9)",12000,12000,0,candidate_budget_reached,1500,251.2831373000081,1,1
PPO-capacity-130-large-r0-B252000,capacity-130,large,0,3,"(0.15, 0.85)",12000,12000,0,candidate_budget_reached,1500,222.7052340000082,1,1
PPO-capacity-130-large-r0-B252000,capacity-130,large,0,4,"(0.2, 0.8)",12000,12000,0,candidate_budget_reached,1500,226.89648720000696,1,1
PPO-capacity-130-large-r0-B252000,capacity-130,large,0,5,"(0.25, 0.75)",12000,12000,0,candidate_budget_reached,1500,235.6747955000028,1,1
PPO-capacity-130-large-r0-B252000,capacity-130,large,0,6,"(0.3, 0.7)",12000,12000,0,candidate_budget_reached,1500,225.21523380000144,1,1
PPO-capacity-130-large-r0-B252000,capacity-130,large,0,7,"(0.35, 0.65)",12000,12000,0,candidate_budget_reached,1500,234.79851849999977,1,1
PPO-capacity-130-large-r0-B252000,capacity-130,large,0,8,"(0.4, 0.6)",12000,12000,0,candidate_budget_reached,1500,225.69730319999508,1,1
PPO-capacity-130-large-r0-B252000,capacity-130,large,0,9,"(0.45, 0.55)",12000,12000,0,candidate_budget_reached,1500,225.23599639999156,1,1
PPO-capacity-130-large-r0-B252000,capacity-130,large,0,10,"(0.5, 0.5)",12000,12000,0,candidate_budget_reached,1500,226.9149133000028,1,1
PPO-capacity-130-large-r0-B252000,capacity-130,large,0,11,"(0.55, 0.44999999999999996)",12000,12000,0,candidate_budget_reached,1500,232.03397699999914,1,1
PPO-capacity-130-large-r0-B252000,capacity-130,large,0,12,"(0.6, 0.4)",12000,12000,0,candidate_budget_reached,1500,229.51163039999665,1,1
PPO-capacity-130-large-r0-B252000,capacity-130,large,0,13,"(0.65, 0.35)",12000,12000,0,candidate_budget_reached,1500,226.09015970000473,1,1
PPO-capacity-130-large-r0-B252000,capacity-130,large,0,14,"(0.7, 0.30000000000000004)",12000,12000,0,candidate_budget_reached,1500,223.22932980000041,1,1
PPO-capacity-130-large-r0-B252000,capacity-130,large,0,15,"(0.75, 0.25)",12000,12000,0,candidate_budget_reached,1500,233.84133350000775,1,1
PPO-capacity-130-large-r0-B252000,capacity-130,large,0,16,"(0.8, 0.19999999999999996)",12000,12000,0,candidate_budget_reached,1500,232.67580869999074,1,1
PPO-capacity-130-large-r0-B252000,capacity-130,large,0,17,"(0.85, 0.15000000000000002)",12000,12000,0,candidate_budget_reached,1500,228.49923220000346,1,1
PPO-capacity-130-large-r0-B252000,capacity-130,large,0,18,"(0.9, 0.09999999999999998)",12000,12000,0,candidate_budget_reached,1500,237.40677779998805,1,1
PPO-capacity-130-large-r0-B252000,capacity-130,large,0,19,"(0.95, 0.050000000000000044)",12000,12000,0,candidate_budget_reached,1500,246.0018024000019,1,1
PPO-capacity-130-large-r0-B252000,capacity-130,large,0,20,"(1.0, 0.0)",12000,12000,0,candidate_budget_reached,1500,228.75294120000035,1,1
PPO-capacity-130-large-r1-B252000,capacity-130,large,1,0,"(0.0, 1.0)",12000,12000,0,candidate_budget_reached,1500,256.8686713000061,1,1
PPO-capacity-130-large-r1-B252000,capacity-130,large,1,1,"(0.05, 0.95)",12000,12000,0,candidate_budget_reached,1500,246.7326480999909,1,1
PPO-capacity-130-large-r1-B252000,capacity-130,large,1,2,"(0.1, 0.9)",12000,12000,0,candidate_budget_reached,1500,239.1386102000106,1,1
PPO-capacity-130-large-r1-B252000,capacity-130,large,1,3,"(0.15, 0.85)",12000,12000,0,candidate_budget_reached,1500,239.00490099999297,1,1
PPO-capacity-130-large-r1-B252000,capacity-130,large,1,4,"(0.2, 0.8)",12000,12000,0,candidate_budget_reached,1500,236.3956324000028,1,1
PPO-capacity-130-large-r1-B252000,capacity-130,large,1,5,"(0.25, 0.75)",12000,12000,0,candidate_budget_reached,1500,229.5476684000023,1,1
PPO-capacity-130-large-r1-B252000,capacity-130,large,1,6,"(0.3, 0.7)",12000,12000,0,candidate_budget_reached,1500,234.03982400000677,1,1
PPO-capacity-130-large-r1-B252000,capacity-130,large,1,7,"(0.35, 0.65)",12000,12000,0,candidate_budget_reached,1500,224.10473939999065,1,1
PPO-capacity-130-large-r1-B252000,capacity-130,large,1,8,"(0.4, 0.6)",12000,12000,0,candidate_budget_reached,1500,230.0865979999944,1,1
PPO-capacity-130-large-r1-B252000,capacity-130,large,1,9,"(0.45, 0.55)",12000,12000,0,candidate_budget_reached,1500,214.94370499999786,1,1
PPO-capacity-130-large-r1-B252000,capacity-130,large,1,10,"(0.5, 0.5)",12000,12000,0,candidate_budget_reached,1500,217.67937660000462,1,1
PPO-capacity-130-large-r1-B252000,capacity-130,large,1,11,"(0.55, 0.44999999999999996)",12000,12000,0,candidate_budget_reached,1500,226.99556909999228,1,1
PPO-capacity-130-large-r1-B252000,capacity-130,large,1,12,"(0.6, 0.4)",12000,12000,0,candidate_budget_reached,1500,224.07123250000586,1,1
PPO-capacity-130-large-r1-B252000,capacity-130,large,1,13,"(0.65, 0.35)",12000,12000,0,candidate_budget_reached,1500,220.49882379999326,1,1
PPO-capacity-130-large-r1-B252000,capacity-130,large,1,14,"(0.7, 0.30000000000000004)",12000,12000,0,candidate_budget_reached,1500,212.55859459999192,1,1
PPO-capacity-130-large-r1-B252000,capacity-130,large,1,15,"(0.75, 0.25)",12000,12000,0,candidate_budget_reached,1500,220.6303016999882,1,1
PPO-capacity-130-large-r1-B252000,capacity-130,large,1,16,"(0.8, 0.19999999999999996)",12000,12000,0,candidate_budget_reached,1500,207.94681649999984,1,1
PPO-capacity-130-large-r1-B252000,capacity-130,large,1,17,"(0.85, 0.15000000000000002)",12000,12000,0,candidate_budget_reached,1500,222.44697459999588,1,1
PPO-capacity-130-large-r1-B252000,capacity-130,large,1,18,"(0.9, 0.09999999999999998)",12000,12000,0,candidate_budget_reached,1500,211.89609730000666,1,1
PPO-capacity-130-large-r1-B252000,capacity-130,large,1,19,"(0.95, 0.050000000000000044)",12000,12000,0,candidate_budget_reached,1500,227.07141380000394,1,1
PPO-capacity-130-large-r1-B252000,capacity-130,large,1,20,"(1.0, 0.0)",12000,12000,0,candidate_budget_reached,1500,230.44504399999278,1,1
PPO-capacity-130-large-r2-B252000,capacity-130,large,2,0,"(0.0, 1.0)",12000,12000,0,candidate_budget_reached,1500,258.6928869999974,1,1
PPO-capacity-130-large-r2-B252000,capacity-130,large,2,1,"(0.05, 0.95)",12000,12000,0,candidate_budget_reached,1500,244.846401399991,1,1
PPO-capacity-130-large-r2-B252000,capacity-130,large,2,2,"(0.1, 0.9)",12000,12000,0,candidate_budget_reached,1500,246.06247949998942,1,1
PPO-capacity-130-large-r2-B252000,capacity-130,large,2,3,"(0.15, 0.85)",12000,12000,0,candidate_budget_reached,1500,235.85587630000373,1,1
PPO-capacity-130-large-r2-B252000,capacity-130,large,2,4,"(0.2, 0.8)",12000,12000,0,candidate_budget_reached,1500,236.60925940000743,1,1
PPO-capacity-130-large-r2-B252000,capacity-130,large,2,5,"(0.25, 0.75)",12000,12000,0,candidate_budget_reached,1500,230.9520435000013,1,1
PPO-capacity-130-large-r2-B252000,capacity-130,large,2,6,"(0.3, 0.7)",12000,12000,0,candidate_budget_reached,1500,227.49498859999585,1,1
PPO-capacity-130-large-r2-B252000,capacity-130,large,2,7,"(0.35, 0.65)",12000,12000,0,candidate_budget_reached,1500,233.00874750000366,1,1
PPO-capacity-130-large-r2-B252000,capacity-130,large,2,8,"(0.4, 0.6)",12000,12000,0,candidate_budget_reached,1500,220.6064924999955,1,1
PPO-capacity-130-large-r2-B252000,capacity-130,large,2,9,"(0.45, 0.55)",12000,12000,0,candidate_budget_reached,1500,213.60842050000792,1,1
PPO-capacity-130-large-r2-B252000,capacity-130,large,2,10,"(0.5, 0.5)",12000,12000,0,candidate_budget_reached,1500,222.84746450000966,1,1
PPO-capacity-130-large-r2-B252000,capacity-130,large,2,11,"(0.55, 0.44999999999999996)",12000,12000,0,candidate_budget_reached,1500,227.66999280000164,1,1
PPO-capacity-130-large-r2-B252000,capacity-130,large,2,12,"(0.6, 0.4)",12000,12000,0,candidate_budget_reached,1500,225.98080910000135,1,1
PPO-capacity-130-large-r2-B252000,capacity-130,large,2,13,"(0.65, 0.35)",12000,12000,0,candidate_budget_reached,1500,218.6575606000115,1,1
PPO-capacity-130-large-r2-B252000,capacity-130,large,2,14,"(0.7, 0.30000000000000004)",12000,12000,0,candidate_budget_reached,1500,218.54498229999444,1,1
PPO-capacity-130-large-r2-B252000,capacity-130,large,2,15,"(0.75, 0.25)",12000,12000,0,candidate_budget_reached,1500,223.16414380000788,1,1
PPO-capacity-130-large-r2-B252000,capacity-130,large,2,16,"(0.8, 0.19999999999999996)",12000,12000,0,candidate_budget_reached,1500,217.25014869999723,1,1
PPO-capacity-130-large-r2-B252000,capacity-130,large,2,17,"(0.85, 0.15000000000000002)",12000,12000,0,candidate_budget_reached,1500,217.70665010000812,1,1
PPO-capacity-130-large-r2-B252000,capacity-130,large,2,18,"(0.9, 0.09999999999999998)",12000,12000,0,candidate_budget_reached,1500,217.79748719999043,1,1
PPO-capacity-130-large-r2-B252000,capacity-130,large,2,19,"(0.95, 0.050000000000000044)",12000,12000,0,candidate_budget_reached,1500,209.14444259999436,1,1
PPO-capacity-130-large-r2-B252000,capacity-130,large,2,20,"(1.0, 0.0)",12000,12000,0,candidate_budget_reached,1500,223.0690115000034,1,1
PPO-coload-70-large-r0-B252000,coload-70,large,0,0,"(0.0, 1.0)",12000,12000,0,candidate_budget_reached,1500,259.563021199996,1,1
PPO-coload-70-large-r0-B252000,coload-70,large,0,1,"(0.05, 0.95)",12000,12000,0,candidate_budget_reached,1500,245.62976499999058,1,1
PPO-coload-70-large-r0-B252000,coload-70,large,0,2,"(0.1, 0.9)",12000,12000,0,candidate_budget_reached,1500,247.67997299999115,1,1
PPO-coload-70-large-r0-B252000,coload-70,large,0,3,"(0.15, 0.85)",12000,12000,0,candidate_budget_reached,1500,244.5062564999971,1,1
PPO-coload-70-large-r0-B252000,coload-70,large,0,4,"(0.2, 0.8)",12000,12000,0,candidate_budget_reached,1500,235.9677617999987,1,1
PPO-coload-70-large-r0-B252000,coload-70,large,0,5,"(0.25, 0.75)",12000,12000,0,candidate_budget_reached,1500,241.04500910000934,1,1
PPO-coload-70-large-r0-B252000,coload-70,large,0,6,"(0.3, 0.7)",12000,12000,0,candidate_budget_reached,1500,241.8066749999998,1,1
PPO-coload-70-large-r0-B252000,coload-70,large,0,7,"(0.35, 0.65)",12000,12000,0,candidate_budget_reached,1500,236.67494199999783,1,1
PPO-coload-70-large-r0-B252000,coload-70,large,0,8,"(0.4, 0.6)",12000,12000,0,candidate_budget_reached,1500,229.68189410000923,1,1
PPO-coload-70-large-r0-B252000,coload-70,large,0,9,"(0.45, 0.55)",12000,12000,0,candidate_budget_reached,1500,223.0977767000004,1,1
PPO-coload-70-large-r0-B252000,coload-70,large,0,10,"(0.5, 0.5)",12000,12000,0,candidate_budget_reached,1500,225.13133960000414,1,1
PPO-coload-70-large-r0-B252000,coload-70,large,0,11,"(0.55, 0.44999999999999996)",12000,12000,0,candidate_budget_reached,1500,226.86195799999405,1,1
PPO-coload-70-large-r0-B252000,coload-70,large,0,12,"(0.6, 0.4)",12000,12000,0,candidate_budget_reached,1500,220.11327860000893,1,1
PPO-coload-70-large-r0-B252000,coload-70,large,0,13,"(0.65, 0.35)",12000,12000,0,candidate_budget_reached,1500,225.5336091000063,1,1
PPO-coload-70-large-r0-B252000,coload-70,large,0,14,"(0.7, 0.30000000000000004)",12000,12000,0,candidate_budget_reached,1500,229.90154060001078,1,1
PPO-coload-70-large-r0-B252000,coload-70,large,0,15,"(0.75, 0.25)",12000,12000,0,candidate_budget_reached,1500,237.09079079999356,1,1
PPO-coload-70-large-r0-B252000,coload-70,large,0,16,"(0.8, 0.19999999999999996)",12000,12000,0,candidate_budget_reached,1500,226.19919749999826,1,1
PPO-coload-70-large-r0-B252000,coload-70,large,0,17,"(0.85, 0.15000000000000002)",12000,12000,0,candidate_budget_reached,1500,228.684800300005,1,1
PPO-coload-70-large-r0-B252000,coload-70,large,0,18,"(0.9, 0.09999999999999998)",12000,12000,0,candidate_budget_reached,1500,234.77846039998985,1,1
PPO-coload-70-large-r0-B252000,coload-70,large,0,19,"(0.95, 0.050000000000000044)",12000,12000,0,candidate_budget_reached,1500,233.00219490000745,1,1
PPO-coload-70-large-r0-B252000,coload-70,large,0,20,"(1.0, 0.0)",12000,12000,0,candidate_budget_reached,1500,222.98383140000806,1,1
PPO-coload-70-large-r1-B252000,coload-70,large,1,0,"(0.0, 1.0)",12000,12000,0,candidate_budget_reached,1500,269.8003805000044,1,1
PPO-coload-70-large-r1-B252000,coload-70,large,1,1,"(0.05, 0.95)",12000,12000,0,candidate_budget_reached,1500,262.4741178999975,1,1
PPO-coload-70-large-r1-B252000,coload-70,large,1,2,"(0.1, 0.9)",12000,12000,0,candidate_budget_reached,1500,246.13070740000694,1,1
PPO-coload-70-large-r1-B252000,coload-70,large,1,3,"(0.15, 0.85)",12000,12000,0,candidate_budget_reached,1500,233.35743059999368,1,1
PPO-coload-70-large-r1-B252000,coload-70,large,1,4,"(0.2, 0.8)",12000,12000,0,candidate_budget_reached,1500,230.9545955999929,1,1
PPO-coload-70-large-r1-B252000,coload-70,large,1,5,"(0.25, 0.75)",12000,12000,0,candidate_budget_reached,1500,238.8171097000013,1,1
PPO-coload-70-large-r1-B252000,coload-70,large,1,6,"(0.3, 0.7)",12000,12000,0,candidate_budget_reached,1500,235.11059689999092,1,1
PPO-coload-70-large-r1-B252000,coload-70,large,1,7,"(0.35, 0.65)",12000,12000,0,candidate_budget_reached,1500,224.51200639999297,1,1
PPO-coload-70-large-r1-B252000,coload-70,large,1,8,"(0.4, 0.6)",12000,12000,0,candidate_budget_reached,1500,223.13353120000102,1,1
PPO-coload-70-large-r1-B252000,coload-70,large,1,9,"(0.45, 0.55)",12000,12000,0,candidate_budget_reached,1500,226.27674370000022,1,1
PPO-coload-70-large-r1-B252000,coload-70,large,1,10,"(0.5, 0.5)",12000,12000,0,candidate_budget_reached,1500,226.09456850000424,1,1
PPO-coload-70-large-r1-B252000,coload-70,large,1,11,"(0.55, 0.44999999999999996)",12000,12000,0,candidate_budget_reached,1500,229.88918070000364,1,1
PPO-coload-70-large-r1-B252000,coload-70,large,1,12,"(0.6, 0.4)",12000,12000,0,candidate_budget_reached,1500,225.8147719000117,1,1
PPO-coload-70-large-r1-B252000,coload-70,large,1,13,"(0.65, 0.35)",12000,12000,0,candidate_budget_reached,1500,222.73295400000643,1,1
PPO-coload-70-large-r1-B252000,coload-70,large,1,14,"(0.7, 0.30000000000000004)",12000,12000,0,candidate_budget_reached,1500,224.87681529999827,1,1
PPO-coload-70-large-r1-B252000,coload-70,large,1,15,"(0.75, 0.25)",12000,12000,0,candidate_budget_reached,1500,226.74113789999683,1,1
PPO-coload-70-large-r1-B252000,coload-70,large,1,16,"(0.8, 0.19999999999999996)",12000,12000,0,candidate_budget_reached,1500,238.7813662999979,1,1
PPO-coload-70-large-r1-B252000,coload-70,large,1,17,"(0.85, 0.15000000000000002)",12000,12000,0,candidate_budget_reached,1500,221.84466260000772,1,1
PPO-coload-70-large-r1-B252000,coload-70,large,1,18,"(0.9, 0.09999999999999998)",12000,12000,0,candidate_budget_reached,1500,225.39751650000107,1,1
PPO-coload-70-large-r1-B252000,coload-70,large,1,19,"(0.95, 0.050000000000000044)",12000,12000,0,candidate_budget_reached,1500,217.3062401000061,1,1
PPO-coload-70-large-r1-B252000,coload-70,large,1,20,"(1.0, 0.0)",12000,12000,0,candidate_budget_reached,1500,208.67642779999005,1,1
PPO-coload-70-large-r2-B252000,coload-70,large,2,0,"(0.0, 1.0)",12000,12000,0,candidate_budget_reached,1500,268.9795765000017,1,1
PPO-coload-70-large-r2-B252000,coload-70,large,2,1,"(0.05, 0.95)",12000,12000,0,candidate_budget_reached,1500,258.9812421999959,1,1
PPO-coload-70-large-r2-B252000,coload-70,large,2,2,"(0.1, 0.9)",12000,12000,0,candidate_budget_reached,1500,249.03815959999338,1,1
PPO-coload-70-large-r2-B252000,coload-70,large,2,3,"(0.15, 0.85)",12000,12000,0,candidate_budget_reached,1500,245.1527669000061,1,1
PPO-coload-70-large-r2-B252000,coload-70,large,2,4,"(0.2, 0.8)",12000,12000,0,candidate_budget_reached,1500,242.6325835000025,1,1
PPO-coload-70-large-r2-B252000,coload-70,large,2,5,"(0.25, 0.75)",12000,12000,0,candidate_budget_reached,1500,238.49355870000727,1,1
PPO-coload-70-large-r2-B252000,coload-70,large,2,6,"(0.3, 0.7)",12000,12000,0,candidate_budget_reached,1500,236.14347960001032,1,1
PPO-coload-70-large-r2-B252000,coload-70,large,2,7,"(0.35, 0.65)",12000,12000,0,candidate_budget_reached,1500,229.60942259999865,1,1
PPO-coload-70-large-r2-B252000,coload-70,large,2,8,"(0.4, 0.6)",12000,12000,0,candidate_budget_reached,1500,226.6256476999988,1,1
PPO-coload-70-large-r2-B252000,coload-70,large,2,9,"(0.45, 0.55)",12000,12000,0,candidate_budget_reached,1500,224.86351429999922,1,1
PPO-coload-70-large-r2-B252000,coload-70,large,2,10,"(0.5, 0.5)",12000,12000,0,candidate_budget_reached,1500,232.99897950000013,1,1
PPO-coload-70-large-r2-B252000,coload-70,large,2,11,"(0.55, 0.44999999999999996)",12000,12000,0,candidate_budget_reached,1500,225.17357309999352,1,1
PPO-coload-70-large-r2-B252000,coload-70,large,2,12,"(0.6, 0.4)",12000,12000,0,candidate_budget_reached,1500,230.38639420000254,1,1
PPO-coload-70-large-r2-B252000,coload-70,large,2,13,"(0.65, 0.35)",12000,12000,0,candidate_budget_reached,1500,230.4980685000046,1,1
PPO-coload-70-large-r2-B252000,coload-70,large,2,14,"(0.7, 0.30000000000000004)",12000,12000,0,candidate_budget_reached,1500,212.15692419999687,1,1
PPO-coload-70-large-r2-B252000,coload-70,large,2,15,"(0.75, 0.25)",12000,12000,0,candidate_budget_reached,1500,221.87761589999718,1,1
PPO-coload-70-large-r2-B252000,coload-70,large,2,16,"(0.8, 0.19999999999999996)",12000,12000,0,candidate_budget_reached,1500,234.01428479999595,1,1
PPO-coload-70-large-r2-B252000,coload-70,large,2,17,"(0.85, 0.15000000000000002)",12000,12000,0,candidate_budget_reached,1500,232.69136580001214,1,1
PPO-coload-70-large-r2-B252000,coload-70,large,2,18,"(0.9, 0.09999999999999998)",12000,12000,0,candidate_budget_reached,1500,221.36904229999345,1,1
PPO-coload-70-large-r2-B252000,coload-70,large,2,19,"(0.95, 0.050000000000000044)",12000,12000,0,candidate_budget_reached,1500,217.66625140000542,1,1
PPO-coload-70-large-r2-B252000,coload-70,large,2,20,"(1.0, 0.0)",12000,12000,0,candidate_budget_reached,1500,204.39113899999938,1,1
PPO-coload-80-large-r0-B252000,coload-80,large,0,0,"(0.0, 1.0)",12000,12000,0,candidate_budget_reached,1500,267.5019223999989,1,1
PPO-coload-80-large-r0-B252000,coload-80,large,0,1,"(0.05, 0.95)",12000,12000,0,candidate_budget_reached,1500,254.71296540000185,1,1
PPO-coload-80-large-r0-B252000,coload-80,large,0,2,"(0.1, 0.9)",12000,12000,0,candidate_budget_reached,1500,249.21278230000462,1,1
PPO-coload-80-large-r0-B252000,coload-80,large,0,3,"(0.15, 0.85)",12000,12000,0,candidate_budget_reached,1500,230.95786029999726,1,1
PPO-coload-80-large-r0-B252000,coload-80,large,0,4,"(0.2, 0.8)",12000,12000,0,candidate_budget_reached,1500,238.0627458999952,1,1
PPO-coload-80-large-r0-B252000,coload-80,large,0,5,"(0.25, 0.75)",12000,12000,0,candidate_budget_reached,1500,243.85861720000685,1,1
PPO-coload-80-large-r0-B252000,coload-80,large,0,6,"(0.3, 0.7)",12000,12000,0,candidate_budget_reached,1500,231.95014080000692,1,1
PPO-coload-80-large-r0-B252000,coload-80,large,0,7,"(0.35, 0.65)",12000,12000,0,candidate_budget_reached,1500,228.99392609999632,1,1
PPO-coload-80-large-r0-B252000,coload-80,large,0,8,"(0.4, 0.6)",12000,12000,0,candidate_budget_reached,1500,237.63804079999682,1,1
PPO-coload-80-large-r0-B252000,coload-80,large,0,9,"(0.45, 0.55)",12000,12000,0,candidate_budget_reached,1500,226.06927069999801,1,1
PPO-coload-80-large-r0-B252000,coload-80,large,0,10,"(0.5, 0.5)",12000,12000,0,candidate_budget_reached,1500,223.86971990000166,1,1
PPO-coload-80-large-r0-B252000,coload-80,large,0,11,"(0.55, 0.44999999999999996)",12000,12000,0,candidate_budget_reached,1500,218.09811620000983,1,1
PPO-coload-80-large-r0-B252000,coload-80,large,0,12,"(0.6, 0.4)",12000,12000,0,candidate_budget_reached,1500,225.36908279999625,1,1
PPO-coload-80-large-r0-B252000,coload-80,large,0,13,"(0.65, 0.35)",12000,12000,0,candidate_budget_reached,1500,219.08732969999255,1,1
PPO-coload-80-large-r0-B252000,coload-80,large,0,14,"(0.7, 0.30000000000000004)",12000,12000,0,candidate_budget_reached,1500,227.00617530000454,1,1
PPO-coload-80-large-r0-B252000,coload-80,large,0,15,"(0.75, 0.25)",12000,12000,0,candidate_budget_reached,1500,227.10093829999096,1,1
PPO-coload-80-large-r0-B252000,coload-80,large,0,16,"(0.8, 0.19999999999999996)",12000,12000,0,candidate_budget_reached,1500,222.57864779999363,1,1
PPO-coload-80-large-r0-B252000,coload-80,large,0,17,"(0.85, 0.15000000000000002)",12000,12000,0,candidate_budget_reached,1500,234.100409199993,1,1
PPO-coload-80-large-r0-B252000,coload-80,large,0,18,"(0.9, 0.09999999999999998)",12000,12000,0,candidate_budget_reached,1500,225.2843900000007,1,1
PPO-coload-80-large-r0-B252000,coload-80,large,0,19,"(0.95, 0.050000000000000044)",12000,12000,0,candidate_budget_reached,1500,206.45220129999507,1,1
PPO-coload-80-large-r0-B252000,coload-80,large,0,20,"(1.0, 0.0)",12000,12000,0,candidate_budget_reached,1500,205.48451330000535,1,1
PPO-coload-80-large-r1-B252000,coload-80,large,1,0,"(0.0, 1.0)",12000,12000,0,candidate_budget_reached,1500,274.5959459000005,1,1
PPO-coload-80-large-r1-B252000,coload-80,large,1,1,"(0.05, 0.95)",12000,12000,0,candidate_budget_reached,1500,253.07898910000222,1,1
PPO-coload-80-large-r1-B252000,coload-80,large,1,2,"(0.1, 0.9)",12000,12000,0,candidate_budget_reached,1500,233.7544474999886,1,1
PPO-coload-80-large-r1-B252000,coload-80,large,1,3,"(0.15, 0.85)",12000,12000,0,candidate_budget_reached,1500,235.44915459999174,1,1
PPO-coload-80-large-r1-B252000,coload-80,large,1,4,"(0.2, 0.8)",12000,12000,0,candidate_budget_reached,1500,239.31316819999483,1,1
PPO-coload-80-large-r1-B252000,coload-80,large,1,5,"(0.25, 0.75)",12000,12000,0,candidate_budget_reached,1500,227.8300384999893,1,1
PPO-coload-80-large-r1-B252000,coload-80,large,1,6,"(0.3, 0.7)",12000,12000,0,candidate_budget_reached,1500,225.58193759999995,1,1
PPO-coload-80-large-r1-B252000,coload-80,large,1,7,"(0.35, 0.65)",12000,12000,0,candidate_budget_reached,1500,229.588499400008,1,1
PPO-coload-80-large-r1-B252000,coload-80,large,1,8,"(0.4, 0.6)",12000,12000,0,candidate_budget_reached,1500,231.21997619999456,1,1
PPO-coload-80-large-r1-B252000,coload-80,large,1,9,"(0.45, 0.55)",12000,12000,0,candidate_budget_reached,1500,234.38865780000924,1,1
PPO-coload-80-large-r1-B252000,coload-80,large,1,10,"(0.5, 0.5)",12000,12000,0,candidate_budget_reached,1500,223.65116829999897,1,1
PPO-coload-80-large-r1-B252000,coload-80,large,1,11,"(0.55, 0.44999999999999996)",12000,12000,0,candidate_budget_reached,1500,220.5964854999911,1,1
PPO-coload-80-large-r1-B252000,coload-80,large,1,12,"(0.6, 0.4)",12000,12000,0,candidate_budget_reached,1500,227.45997599999828,1,1
PPO-coload-80-large-r1-B252000,coload-80,large,1,13,"(0.65, 0.35)",12000,12000,0,candidate_budget_reached,1500,230.03600969999388,1,1
PPO-coload-80-large-r1-B252000,coload-80,large,1,14,"(0.7, 0.30000000000000004)",12000,12000,0,candidate_budget_reached,1500,225.93541239999468,1,1
PPO-coload-80-large-r1-B252000,coload-80,large,1,15,"(0.75, 0.25)",12000,12000,0,candidate_budget_reached,1500,224.2521040000138,1,1
PPO-coload-80-large-r1-B252000,coload-80,large,1,16,"(0.8, 0.19999999999999996)",12000,12000,0,candidate_budget_reached,1500,229.87352989999636,1,1
PPO-coload-80-large-r1-B252000,coload-80,large,1,17,"(0.85, 0.15000000000000002)",12000,12000,0,candidate_budget_reached,1500,212.7213771999959,1,1
PPO-coload-80-large-r1-B252000,coload-80,large,1,18,"(0.9, 0.09999999999999998)",12000,12000,0,candidate_budget_reached,1500,206.97644960001344,1,1
PPO-coload-80-large-r1-B252000,coload-80,large,1,19,"(0.95, 0.050000000000000044)",12000,12000,0,candidate_budget_reached,1500,204.9219260999962,1,1
PPO-coload-80-large-r1-B252000,coload-80,large,1,20,"(1.0, 0.0)",12000,12000,0,candidate_budget_reached,1500,182.57971209999232,1,1
PPO-coload-80-large-r2-B252000,coload-80,large,2,0,"(0.0, 1.0)",12000,12000,0,candidate_budget_reached,1500,273.75323019998905,1,1
PPO-coload-80-large-r2-B252000,coload-80,large,2,1,"(0.05, 0.95)",12000,12000,0,candidate_budget_reached,1500,260.20026340000913,1,1
PPO-coload-80-large-r2-B252000,coload-80,large,2,2,"(0.1, 0.9)",12000,12000,0,candidate_budget_reached,1500,252.72125039999082,1,1
PPO-coload-80-large-r2-B252000,coload-80,large,2,3,"(0.15, 0.85)",12000,12000,0,candidate_budget_reached,1500,241.70193609999842,1,1
PPO-coload-80-large-r2-B252000,coload-80,large,2,4,"(0.2, 0.8)",12000,12000,0,candidate_budget_reached,1500,238.40804509998998,1,1
PPO-coload-80-large-r2-B252000,coload-80,large,2,5,"(0.25, 0.75)",12000,12000,0,candidate_budget_reached,1500,223.8236287000036,1,1
PPO-coload-80-large-r2-B252000,coload-80,large,2,6,"(0.3, 0.7)",12000,12000,0,candidate_budget_reached,1500,216.63197319999745,1,1
PPO-coload-80-large-r2-B252000,coload-80,large,2,7,"(0.35, 0.65)",12000,12000,0,candidate_budget_reached,1500,232.18149679999624,1,1
PPO-coload-80-large-r2-B252000,coload-80,large,2,8,"(0.4, 0.6)",12000,12000,0,candidate_budget_reached,1500,223.69241629999306,1,1
PPO-coload-80-large-r2-B252000,coload-80,large,2,9,"(0.45, 0.55)",12000,12000,0,candidate_budget_reached,1500,224.33858260000125,1,1
PPO-coload-80-large-r2-B252000,coload-80,large,2,10,"(0.5, 0.5)",12000,12000,0,candidate_budget_reached,1500,235.10396740000579,1,1
PPO-coload-80-large-r2-B252000,coload-80,large,2,11,"(0.55, 0.44999999999999996)",12000,12000,0,candidate_budget_reached,1500,232.95569299999624,1,1
PPO-coload-80-large-r2-B252000,coload-80,large,2,12,"(0.6, 0.4)",12000,12000,0,candidate_budget_reached,1500,214.63421720000042,1,1
PPO-coload-80-large-r2-B252000,coload-80,large,2,13,"(0.65, 0.35)",12000,12000,0,candidate_budget_reached,1500,227.68246460000228,1,1
PPO-coload-80-large-r2-B252000,coload-80,large,2,14,"(0.7, 0.30000000000000004)",12000,12000,0,candidate_budget_reached,1500,219.45645149999473,1,1
PPO-coload-80-large-r2-B252000,coload-80,large,2,15,"(0.75, 0.25)",12000,12000,0,candidate_budget_reached,1500,231.12678390000656,1,1
PPO-coload-80-large-r2-B252000,coload-80,large,2,16,"(0.8, 0.19999999999999996)",12000,12000,0,candidate_budget_reached,1500,223.82607140000619,1,1
PPO-coload-80-large-r2-B252000,coload-80,large,2,17,"(0.85, 0.15000000000000002)",12000,12000,0,candidate_budget_reached,1500,221.34890599999926,1,1
PPO-coload-80-large-r2-B252000,coload-80,large,2,18,"(0.9, 0.09999999999999998)",12000,12000,0,candidate_budget_reached,1500,212.91799570000148,1,1
PPO-coload-80-large-r2-B252000,coload-80,large,2,19,"(0.95, 0.050000000000000044)",12000,12000,0,candidate_budget_reached,1500,190.5950707000011,1,1
PPO-coload-80-large-r2-B252000,coload-80,large,2,20,"(1.0, 0.0)",12000,12000,0,candidate_budget_reached,1500,181.55339510001068,1,1
PPO-coload-120-large-r0-B252000,coload-120,large,0,0,"(0.0, 1.0)",12000,12000,0,candidate_budget_reached,1500,263.16428350000933,1,1
PPO-coload-120-large-r0-B252000,coload-120,large,0,1,"(0.05, 0.95)",12000,12000,0,candidate_budget_reached,1500,253.76081610000983,1,1
PPO-coload-120-large-r0-B252000,coload-120,large,0,2,"(0.1, 0.9)",12000,12000,0,candidate_budget_reached,1500,250.2707145000022,1,1
PPO-coload-120-large-r0-B252000,coload-120,large,0,3,"(0.15, 0.85)",12000,12000,0,candidate_budget_reached,1500,246.00992219999898,1,1
PPO-coload-120-large-r0-B252000,coload-120,large,0,4,"(0.2, 0.8)",12000,12000,0,candidate_budget_reached,1500,239.5929696999956,1,1
PPO-coload-120-large-r0-B252000,coload-120,large,0,5,"(0.25, 0.75)",12000,12000,0,candidate_budget_reached,1500,225.61318169999868,1,1
PPO-coload-120-large-r0-B252000,coload-120,large,0,6,"(0.3, 0.7)",12000,12000,0,candidate_budget_reached,1500,222.2170530000003,1,1
PPO-coload-120-large-r0-B252000,coload-120,large,0,7,"(0.35, 0.65)",12000,12000,0,candidate_budget_reached,1500,232.7749637000088,1,1
PPO-coload-120-large-r0-B252000,coload-120,large,0,8,"(0.4, 0.6)",12000,12000,0,candidate_budget_reached,1500,224.1859043000004,1,1
PPO-coload-120-large-r0-B252000,coload-120,large,0,9,"(0.45, 0.55)",12000,12000,0,candidate_budget_reached,1500,233.83744370000204,1,1
PPO-coload-120-large-r0-B252000,coload-120,large,0,10,"(0.5, 0.5)",12000,12000,0,candidate_budget_reached,1500,229.33191120000265,1,1
PPO-coload-120-large-r0-B252000,coload-120,large,0,11,"(0.55, 0.44999999999999996)",12000,12000,0,candidate_budget_reached,1500,234.04770179999468,1,1
PPO-coload-120-large-r0-B252000,coload-120,large,0,12,"(0.6, 0.4)",12000,12000,0,candidate_budget_reached,1500,219.17642990000604,1,1
PPO-coload-120-large-r0-B252000,coload-120,large,0,13,"(0.65, 0.35)",12000,12000,0,candidate_budget_reached,1500,226.9283839999989,1,1
PPO-coload-120-large-r0-B252000,coload-120,large,0,14,"(0.7, 0.30000000000000004)",12000,12000,0,candidate_budget_reached,1500,227.23434730000736,1,1
PPO-coload-120-large-r0-B252000,coload-120,large,0,15,"(0.75, 0.25)",12000,12000,0,candidate_budget_reached,1500,231.07664229998772,1,1
PPO-coload-120-large-r0-B252000,coload-120,large,0,16,"(0.8, 0.19999999999999996)",12000,12000,0,candidate_budget_reached,1500,229.01492919999873,1,1
PPO-coload-120-large-r0-B252000,coload-120,large,0,17,"(0.85, 0.15000000000000002)",12000,12000,0,candidate_budget_reached,1500,211.81106799999543,1,1
PPO-coload-120-large-r0-B252000,coload-120,large,0,18,"(0.9, 0.09999999999999998)",12000,12000,0,candidate_budget_reached,1500,191.1000039000064,1,1
PPO-coload-120-large-r0-B252000,coload-120,large,0,19,"(0.95, 0.050000000000000044)",12000,12000,0,candidate_budget_reached,1500,200.6536417999887,1,1
PPO-coload-120-large-r0-B252000,coload-120,large,0,20,"(1.0, 0.0)",12000,12000,0,candidate_budget_reached,1500,178.89018499999656,1,1
PPO-coload-120-large-r1-B252000,coload-120,large,1,0,"(0.0, 1.0)",12000,12000,0,candidate_budget_reached,1500,265.59972309999284,1,1
PPO-coload-120-large-r1-B252000,coload-120,large,1,1,"(0.05, 0.95)",12000,12000,0,candidate_budget_reached,1500,245.18257569998968,1,1
PPO-coload-120-large-r1-B252000,coload-120,large,1,2,"(0.1, 0.9)",12000,12000,0,candidate_budget_reached,1500,235.29343730000255,1,1
PPO-coload-120-large-r1-B252000,coload-120,large,1,3,"(0.15, 0.85)",12000,12000,0,candidate_budget_reached,1500,244.4020276000083,1,1
PPO-coload-120-large-r1-B252000,coload-120,large,1,4,"(0.2, 0.8)",12000,12000,0,candidate_budget_reached,1500,230.99834420000843,1,1
PPO-coload-120-large-r1-B252000,coload-120,large,1,5,"(0.25, 0.75)",12000,12000,0,candidate_budget_reached,1500,220.9354325000022,1,1
PPO-coload-120-large-r1-B252000,coload-120,large,1,6,"(0.3, 0.7)",12000,12000,0,candidate_budget_reached,1500,232.80797190000885,1,1
PPO-coload-120-large-r1-B252000,coload-120,large,1,7,"(0.35, 0.65)",12000,12000,0,candidate_budget_reached,1500,223.16900850000093,1,1
PPO-coload-120-large-r1-B252000,coload-120,large,1,8,"(0.4, 0.6)",12000,12000,0,candidate_budget_reached,1500,226.0959937000007,1,1
PPO-coload-120-large-r1-B252000,coload-120,large,1,9,"(0.45, 0.55)",12000,12000,0,candidate_budget_reached,1500,230.15800469998794,1,1
PPO-coload-120-large-r1-B252000,coload-120,large,1,10,"(0.5, 0.5)",12000,12000,0,candidate_budget_reached,1500,232.9402390999894,1,1
PPO-coload-120-large-r1-B252000,coload-120,large,1,11,"(0.55, 0.44999999999999996)",12000,12000,0,candidate_budget_reached,1500,222.45489530000486,1,1
PPO-coload-120-large-r1-B252000,coload-120,large,1,12,"(0.6, 0.4)",12000,12000,0,candidate_budget_reached,1500,225.40710009999748,1,1
PPO-coload-120-large-r1-B252000,coload-120,large,1,13,"(0.65, 0.35)",12000,12000,0,candidate_budget_reached,1500,229.0303411000059,1,1
PPO-coload-120-large-r1-B252000,coload-120,large,1,14,"(0.7, 0.30000000000000004)",12000,12000,0,candidate_budget_reached,1500,232.212981699995,1,1
PPO-coload-120-large-r1-B252000,coload-120,large,1,15,"(0.75, 0.25)",12000,12000,0,candidate_budget_reached,1500,221.49635669999407,1,1
PPO-coload-120-large-r1-B252000,coload-120,large,1,16,"(0.8, 0.19999999999999996)",12000,12000,0,candidate_budget_reached,1500,233.04219520000333,1,1
PPO-coload-120-large-r1-B252000,coload-120,large,1,17,"(0.85, 0.15000000000000002)",12000,12000,0,candidate_budget_reached,1500,221.58782250000513,1,1
PPO-coload-120-large-r1-B252000,coload-120,large,1,18,"(0.9, 0.09999999999999998)",12000,12000,0,candidate_budget_reached,1500,219.04715770001349,1,1
PPO-coload-120-large-r1-B252000,coload-120,large,1,19,"(0.95, 0.050000000000000044)",12000,12000,0,candidate_budget_reached,1500,187.88367390001076,1,1
PPO-coload-120-large-r1-B252000,coload-120,large,1,20,"(1.0, 0.0)",12000,12000,0,candidate_budget_reached,1500,180.55695159999595,1,1
PPO-coload-120-large-r2-B252000,coload-120,large,2,0,"(0.0, 1.0)",12000,12000,0,candidate_budget_reached,1500,270.96408740000334,1,1
PPO-coload-120-large-r2-B252000,coload-120,large,2,1,"(0.05, 0.95)",12000,12000,0,candidate_budget_reached,1500,238.66526149999117,1,1
PPO-coload-120-large-r2-B252000,coload-120,large,2,2,"(0.1, 0.9)",12000,12000,0,candidate_budget_reached,1500,237.85144139999466,1,1
PPO-coload-120-large-r2-B252000,coload-120,large,2,3,"(0.15, 0.85)",12000,12000,0,candidate_budget_reached,1500,226.23217139999906,1,1
PPO-coload-120-large-r2-B252000,coload-120,large,2,4,"(0.2, 0.8)",12000,12000,0,candidate_budget_reached,1500,229.207479100005,1,1
PPO-coload-120-large-r2-B252000,coload-120,large,2,5,"(0.25, 0.75)",12000,12000,0,candidate_budget_reached,1500,234.61914959999558,1,1
PPO-coload-120-large-r2-B252000,coload-120,large,2,6,"(0.3, 0.7)",12000,12000,0,candidate_budget_reached,1500,228.9604149999941,1,1
PPO-coload-120-large-r2-B252000,coload-120,large,2,7,"(0.35, 0.65)",12000,12000,0,candidate_budget_reached,1500,230.79679079999914,1,1
PPO-coload-120-large-r2-B252000,coload-120,large,2,8,"(0.4, 0.6)",12000,12000,0,candidate_budget_reached,1500,224.49993689999974,1,1
PPO-coload-120-large-r2-B252000,coload-120,large,2,9,"(0.45, 0.55)",12000,12000,0,candidate_budget_reached,1500,225.30494319999707,1,1
PPO-coload-120-large-r2-B252000,coload-120,large,2,10,"(0.5, 0.5)",12000,12000,0,candidate_budget_reached,1500,233.0141689000011,1,1
PPO-coload-120-large-r2-B252000,coload-120,large,2,11,"(0.55, 0.44999999999999996)",12000,12000,0,candidate_budget_reached,1500,235.71686099999351,1,1
PPO-coload-120-large-r2-B252000,coload-120,large,2,12,"(0.6, 0.4)",12000,12000,0,candidate_budget_reached,1500,226.48808749999444,1,1
PPO-coload-120-large-r2-B252000,coload-120,large,2,13,"(0.65, 0.35)",12000,12000,0,candidate_budget_reached,1500,219.4061248999933,1,1
PPO-coload-120-large-r2-B252000,coload-120,large,2,14,"(0.7, 0.30000000000000004)",12000,12000,0,candidate_budget_reached,1500,200.86713709999458,1,1
PPO-coload-120-large-r2-B252000,coload-120,large,2,15,"(0.75, 0.25)",12000,12000,0,candidate_budget_reached,1500,197.25572770000144,1,1
PPO-coload-120-large-r2-B252000,coload-120,large,2,16,"(0.8, 0.19999999999999996)",12000,12000,0,candidate_budget_reached,1500,174.64440760000434,1,1
PPO-coload-120-large-r2-B252000,coload-120,large,2,17,"(0.85, 0.15000000000000002)",12000,12000,0,candidate_budget_reached,1500,158.56889450000017,1,1
PPO-coload-120-large-r2-B252000,coload-120,large,2,18,"(0.9, 0.09999999999999998)",12000,12000,0,candidate_budget_reached,1500,142.8961716000049,1,1
PPO-coload-120-large-r2-B252000,coload-120,large,2,19,"(0.95, 0.050000000000000044)",12000,12000,0,candidate_budget_reached,1500,150.55063579999842,1,1
PPO-coload-120-large-r2-B252000,coload-120,large,2,20,"(1.0, 0.0)",12000,12000,0,candidate_budget_reached,1500,147.3554465999914,1,1
PPO-coload-130-large-r0-B252000,coload-130,large,0,0,"(0.0, 1.0)",12000,12000,0,candidate_budget_reached,1500,259.002013099991,1,1
PPO-coload-130-large-r0-B252000,coload-130,large,0,1,"(0.05, 0.95)",12000,12000,0,candidate_budget_reached,1500,242.1502507999976,1,1
PPO-coload-130-large-r0-B252000,coload-130,large,0,2,"(0.1, 0.9)",12000,12000,0,candidate_budget_reached,1500,230.45060840000224,1,1
PPO-coload-130-large-r0-B252000,coload-130,large,0,3,"(0.15, 0.85)",12000,12000,0,candidate_budget_reached,1500,229.44729070000176,1,1
PPO-coload-130-large-r0-B252000,coload-130,large,0,4,"(0.2, 0.8)",12000,12000,0,candidate_budget_reached,1500,231.05672390000836,1,1
PPO-coload-130-large-r0-B252000,coload-130,large,0,5,"(0.25, 0.75)",12000,12000,0,candidate_budget_reached,1500,234.58358029999363,1,1
PPO-coload-130-large-r0-B252000,coload-130,large,0,6,"(0.3, 0.7)",12000,12000,0,candidate_budget_reached,1500,215.5550241000019,1,1
PPO-coload-130-large-r0-B252000,coload-130,large,0,7,"(0.35, 0.65)",12000,12000,0,candidate_budget_reached,1500,222.4611154000013,1,1
PPO-coload-130-large-r0-B252000,coload-130,large,0,8,"(0.4, 0.6)",12000,12000,0,candidate_budget_reached,1500,226.52023329999065,1,1
PPO-coload-130-large-r0-B252000,coload-130,large,0,9,"(0.45, 0.55)",12000,12000,0,candidate_budget_reached,1500,231.70123380000587,1,1
PPO-coload-130-large-r0-B252000,coload-130,large,0,10,"(0.5, 0.5)",12000,12000,0,candidate_budget_reached,1500,225.6346690000064,1,1
PPO-coload-130-large-r0-B252000,coload-130,large,0,11,"(0.55, 0.44999999999999996)",12000,12000,0,candidate_budget_reached,1500,222.74559690000024,1,1
PPO-coload-130-large-r0-B252000,coload-130,large,0,12,"(0.6, 0.4)",12000,12000,0,candidate_budget_reached,1500,220.7118569000013,1,1
PPO-coload-130-large-r0-B252000,coload-130,large,0,13,"(0.65, 0.35)",12000,12000,0,candidate_budget_reached,1500,212.98562839999795,1,1
PPO-coload-130-large-r0-B252000,coload-130,large,0,14,"(0.7, 0.30000000000000004)",12000,12000,0,candidate_budget_reached,1500,204.58346639999945,1,1
PPO-coload-130-large-r0-B252000,coload-130,large,0,15,"(0.75, 0.25)",12000,12000,0,candidate_budget_reached,1500,193.21760640000866,1,1
PPO-coload-130-large-r0-B252000,coload-130,large,0,16,"(0.8, 0.19999999999999996)",12000,12000,0,candidate_budget_reached,1500,179.1381948000053,1,1
PPO-coload-130-large-r0-B252000,coload-130,large,0,17,"(0.85, 0.15000000000000002)",12000,12000,0,candidate_budget_reached,1500,162.36249050000333,1,1
PPO-coload-130-large-r0-B252000,coload-130,large,0,18,"(0.9, 0.09999999999999998)",12000,12000,0,candidate_budget_reached,1500,148.74772169999778,1,1
PPO-coload-130-large-r0-B252000,coload-130,large,0,19,"(0.95, 0.050000000000000044)",12000,12000,0,candidate_budget_reached,1500,152.04300020000665,1,1
PPO-coload-130-large-r0-B252000,coload-130,large,0,20,"(1.0, 0.0)",12000,12000,0,candidate_budget_reached,1500,151.94801200000802,1,1
PPO-coload-130-large-r1-B252000,coload-130,large,1,0,"(0.0, 1.0)",12000,12000,0,candidate_budget_reached,1500,267.5512535000016,1,1
PPO-coload-130-large-r1-B252000,coload-130,large,1,1,"(0.05, 0.95)",12000,12000,0,candidate_budget_reached,1500,224.8988234000135,1,1
PPO-coload-130-large-r1-B252000,coload-130,large,1,2,"(0.1, 0.9)",12000,12000,0,candidate_budget_reached,1500,232.65459370000463,1,1
PPO-coload-130-large-r1-B252000,coload-130,large,1,3,"(0.15, 0.85)",12000,12000,0,candidate_budget_reached,1500,234.32594049999898,1,1
PPO-coload-130-large-r1-B252000,coload-130,large,1,4,"(0.2, 0.8)",12000,12000,0,candidate_budget_reached,1500,227.90128060001007,1,1
PPO-coload-130-large-r1-B252000,coload-130,large,1,5,"(0.25, 0.75)",12000,12000,0,candidate_budget_reached,1500,221.53390029999719,1,1
PPO-coload-130-large-r1-B252000,coload-130,large,1,6,"(0.3, 0.7)",12000,12000,0,candidate_budget_reached,1500,218.03466960000515,1,1
PPO-coload-130-large-r1-B252000,coload-130,large,1,7,"(0.35, 0.65)",12000,12000,0,candidate_budget_reached,1500,231.88850349999848,1,1
PPO-coload-130-large-r1-B252000,coload-130,large,1,8,"(0.4, 0.6)",12000,12000,0,candidate_budget_reached,1500,221.12688500000513,1,1
PPO-coload-130-large-r1-B252000,coload-130,large,1,9,"(0.45, 0.55)",12000,12000,0,candidate_budget_reached,1500,224.46507289999863,1,1
PPO-coload-130-large-r1-B252000,coload-130,large,1,10,"(0.5, 0.5)",12000,12000,0,candidate_budget_reached,1500,230.62506900000153,1,1
PPO-coload-130-large-r1-B252000,coload-130,large,1,11,"(0.55, 0.44999999999999996)",12000,12000,0,candidate_budget_reached,1500,222.39616030000616,1,1
PPO-coload-130-large-r1-B252000,coload-130,large,1,12,"(0.6, 0.4)",12000,12000,0,candidate_budget_reached,1500,212.92426359999808,1,1
PPO-coload-130-large-r1-B252000,coload-130,large,1,13,"(0.65, 0.35)",12000,12000,0,candidate_budget_reached,1500,209.78692819998832,1,1
PPO-coload-130-large-r1-B252000,coload-130,large,1,14,"(0.7, 0.30000000000000004)",12000,12000,0,candidate_budget_reached,1500,203.61231120000593,1,1
PPO-coload-130-large-r1-B252000,coload-130,large,1,15,"(0.75, 0.25)",12000,12000,0,candidate_budget_reached,1500,204.71141879999777,1,1
PPO-coload-130-large-r1-B252000,coload-130,large,1,16,"(0.8, 0.19999999999999996)",12000,12000,0,candidate_budget_reached,1500,171.41413619999366,1,1
PPO-coload-130-large-r1-B252000,coload-130,large,1,17,"(0.85, 0.15000000000000002)",12000,12000,0,candidate_budget_reached,1500,163.9585647000058,1,1
PPO-coload-130-large-r1-B252000,coload-130,large,1,18,"(0.9, 0.09999999999999998)",12000,12000,0,candidate_budget_reached,1500,149.66733500000555,1,1
PPO-coload-130-large-r1-B252000,coload-130,large,1,19,"(0.95, 0.050000000000000044)",12000,12000,0,candidate_budget_reached,1500,158.36433369999577,1,1
PPO-coload-130-large-r1-B252000,coload-130,large,1,20,"(1.0, 0.0)",12000,12000,0,candidate_budget_reached,1500,153.01140529999975,1,1
PPO-coload-130-large-r2-B252000,coload-130,large,2,0,"(0.0, 1.0)",12000,12000,0,candidate_budget_reached,1500,261.0873161000054,1,1
PPO-coload-130-large-r2-B252000,coload-130,large,2,1,"(0.05, 0.95)",12000,12000,0,candidate_budget_reached,1500,237.57360200000403,1,1
PPO-coload-130-large-r2-B252000,coload-130,large,2,2,"(0.1, 0.9)",12000,12000,0,candidate_budget_reached,1500,238.5961438999948,1,1
PPO-coload-130-large-r2-B252000,coload-130,large,2,3,"(0.15, 0.85)",12000,12000,0,candidate_budget_reached,1500,233.8685489000054,1,1
PPO-coload-130-large-r2-B252000,coload-130,large,2,4,"(0.2, 0.8)",12000,12000,0,candidate_budget_reached,1500,217.7150804999983,1,1
PPO-coload-130-large-r2-B252000,coload-130,large,2,5,"(0.25, 0.75)",12000,12000,0,candidate_budget_reached,1500,221.052337599991,1,1
PPO-coload-130-large-r2-B252000,coload-130,large,2,6,"(0.3, 0.7)",12000,12000,0,candidate_budget_reached,1500,214.34466170000087,1,1
PPO-coload-130-large-r2-B252000,coload-130,large,2,7,"(0.35, 0.65)",12000,12000,0,candidate_budget_reached,1500,218.0070726999984,1,1
PPO-coload-130-large-r2-B252000,coload-130,large,2,8,"(0.4, 0.6)",12000,12000,0,candidate_budget_reached,1500,210.99156309998943,1,1
PPO-coload-130-large-r2-B252000,coload-130,large,2,9,"(0.45, 0.55)",12000,12000,0,candidate_budget_reached,1500,226.566129800005,1,1
PPO-coload-130-large-r2-B252000,coload-130,large,2,10,"(0.5, 0.5)",12000,12000,0,candidate_budget_reached,1500,226.27217189999647,1,1
PPO-coload-130-large-r2-B252000,coload-130,large,2,11,"(0.55, 0.44999999999999996)",12000,12000,0,candidate_budget_reached,1500,229.19413799999165,1,1
PPO-coload-130-large-r2-B252000,coload-130,large,2,12,"(0.6, 0.4)",12000,12000,0,candidate_budget_reached,1500,224.0850449999998,1,1
PPO-coload-130-large-r2-B252000,coload-130,large,2,13,"(0.65, 0.35)",12000,12000,0,candidate_budget_reached,1500,208.22354009999253,1,1
PPO-coload-130-large-r2-B252000,coload-130,large,2,14,"(0.7, 0.30000000000000004)",12000,12000,0,candidate_budget_reached,1500,197.16496049999841,1,1
PPO-coload-130-large-r2-B252000,coload-130,large,2,15,"(0.75, 0.25)",12000,12000,0,candidate_budget_reached,1500,203.38483370000904,1,1
PPO-coload-130-large-r2-B252000,coload-130,large,2,16,"(0.8, 0.19999999999999996)",12000,12000,0,candidate_budget_reached,1500,176.23438989999704,1,1
PPO-coload-130-large-r2-B252000,coload-130,large,2,17,"(0.85, 0.15000000000000002)",12000,12000,0,candidate_budget_reached,1500,160.93234700000903,1,1
PPO-coload-130-large-r2-B252000,coload-130,large,2,18,"(0.9, 0.09999999999999998)",12000,12000,0,candidate_budget_reached,1500,151.52260240000032,1,1
PPO-coload-130-large-r2-B252000,coload-130,large,2,19,"(0.95, 0.050000000000000044)",12000,12000,0,candidate_budget_reached,1500,148.80679669999518,1,1
PPO-coload-130-large-r2-B252000,coload-130,large,2,20,"(1.0, 0.0)",12000,12000,0,candidate_budget_reached,1500,150.88739449999412,1,1
