scenario,instance_id,b_C,b_R,solution_id,cost,risk,archive_id,solution_path
baseline,test-Test-4-000--revision-v4,51700.426665000006,15393.350068342135,9333d7a057bdb35891533680659bbe6558f30017166a29071be5ada7f74b34a0,13973.628992999998,2876.462483086206,PPO-Test-4-large-r1-B252000,solutions/test-Test-4-000--revision-v4/9333d7a057bdb35891533680659bbe6558f30017166a29071be5ada7f74b34a0.json
baseline,test-Test-4-000--revision-v4,51700.426665000006,15393.350068342135,2184d5902300900991aa2c1e6d6a5a29a15dec1e183e4085c85cadd9395006f1,13981.536992999998,2830.8056862255,PPO-Test-4-large-r1-B252000,solutions/test-Test-4-000--revision-v4/2184d5902300900991aa2c1e6d6a5a29a15dec1e183e4085c85cadd9395006f1.json
baseline,test-Test-4-000--revision-v4,51700.426665000006,15393.350068342135,590f8bba223ee6be3b269a225ce7a8db13dfbb06f8b3e3dd5a606494d7f43cbe,13982.181992999998,2808.4897563291192,PPO-Test-4-large-r1-B252000,solutions/test-Test-4-000--revision-v4/590f8bba223ee6be3b269a225ce7a8db13dfbb06f8b3e3dd5a606494d7f43cbe.json
baseline,test-Test-4-000--revision-v4,51700.426665000006,15393.350068342135,e5ef01d36b06583e3c091856ce07fe6e2965a5b56e6104320c98001ab7484c1d,13989.594648999999,2804.858892972722,PPO-Test-4-large-r1-B252000,solutions/test-Test-4-000--revision-v4/e5ef01d36b06583e3c091856ce07fe6e2965a5b56e6104320c98001ab7484c1d.json
baseline,test-Test-4-000--revision-v4,51700.426665000006,15393.350068342135,042d8d9d41cf1d280d080b859398807090ec5ff58f3c3bb7ee7c2d05ba23a9a0,14002.715963999999,2794.072485288743,PPO-Test-4-large-r1-B252000,solutions/test-Test-4-000--revision-v4/042d8d9d41cf1d280d080b859398807090ec5ff58f3c3bb7ee7c2d05ba23a9a0.json
baseline,test-Test-4-000--revision-v4,51700.426665000006,15393.350068342135,92231d90c8cdb849b2ed270b54951b13564467c5e4a2633ffb3148e774a61cb6,14035.035993000001,2766.027066776336,PPO-Test-4-large-r1-B252000,solutions/test-Test-4-000--revision-v4/92231d90c8cdb849b2ed270b54951b13564467c5e4a2633ffb3148e774a61cb6.json
baseline,test-Test-4-000--revision-v4,51700.426665000006,15393.350068342135,705ffeb92a5ca49f4cd5a53c7084f5ba6c161595b1f29fb3d9dfe48fabe3d27e,14035.680993000002,2743.711136879956,PPO-Test-4-large-r1-B252000,solutions/test-Test-4-000--revision-v4/705ffeb92a5ca49f4cd5a53c7084f5ba6c161595b1f29fb3d9dfe48fabe3d27e.json
baseline,test-Test-4-000--revision-v4,51700.426665000006,15393.350068342135,9e6d687eeb6389af1e1e67d8b490dff51ce41093b95a6bfcea7cf364f9073d32,14041.566993000004,2733.4644997695727,PPO-Test-4-large-r1-B252000,solutions/test-Test-4-000--revision-v4/9e6d687eeb6389af1e1e67d8b490dff51ce41093b95a6bfcea7cf364f9073d32.json
baseline,test-Test-4-000--revision-v4,51700.426665000006,15393.350068342135,e85b81030e9e19143350af9a4df66220a15af1431edafaf41b606dc96e1b2147,14056.214963999999,2729.2938658395797,PPO-Test-4-large-r1-B252000,solutions/test-Test-4-000--revision-v4/e85b81030e9e19143350af9a4df66220a15af1431edafaf41b606dc96e1b2147.json
baseline,test-Test-4-000--revision-v4,51700.426665000006,15393.350068342135,c51c1ca9be0bd4730390a1df5d8f1f48f764cc74fa965ed95142c18c798d6553,14113.614993,2724.131767728175,PPO-Test-4-large-r1-B252000,solutions/test-Test-4-000--revision-v4/c51c1ca9be0bd4730390a1df5d8f1f48f764cc74fa965ed95142c18c798d6553.json
baseline,test-Test-4-000--revision-v4,51700.426665000006,15393.350068342135,365481ddecba69c7ab8b3e5ed0031ab4f5756464d282406fa98f89cdc3411730,14113.920537000002,2689.24935750232,PPO-Test-4-large-r1-B252000,solutions/test-Test-4-000--revision-v4/365481ddecba69c7ab8b3e5ed0031ab4f5756464d282406fa98f89cdc3411730.json
baseline,test-Test-4-000--revision-v4,51700.426665000006,15393.350068342135,59a21353aec9c1addff6f1d263e7d9b0a66d36130e6f35d93eb9d3f4ecc524fc,14178.407682,2672.6623284482007,PPO-Test-4-large-r1-B252000,solutions/test-Test-4-000--revision-v4/59a21353aec9c1addff6f1d263e7d9b0a66d36130e6f35d93eb9d3f4ecc524fc.json
baseline,test-Test-4-000--revision-v4,51700.426665000006,15393.350068342135,64a7a21b56378d3ec4cf9c217e91561b75543cb4765c57a0ce329c9d397c10c4,14522.753177,1862.5271972961718,PPO-Test-4-large-r2-B252000,solutions/test-Test-4-000--revision-v4/64a7a21b56378d3ec4cf9c217e91561b75543cb4765c57a0ce329c9d397c10c4.json
baseline,test-Test-4-000--revision-v4,51700.426665000006,15393.350068342135,51c606c6d1336a73efc5fa396ea74f9e6df13fe42cec65dde7872b6274665657,14525.294921,1854.5770778969495,PPO-Test-4-large-r2-B252000,solutions/test-Test-4-000--revision-v4/51c606c6d1336a73efc5fa396ea74f9e6df13fe42cec65dde7872b6274665657.json
baseline,test-Test-4-000--revision-v4,51700.426665000006,15393.350068342135,445df362cf49688b7699886020c9f39cbb1b3dffc7890d8aa104ce5b4db2c108,14532.575921,1852.0112668681356,PPO-Test-4-large-r2-B252000,solutions/test-Test-4-000--revision-v4/445df362cf49688b7699886020c9f39cbb1b3dffc7890d8aa104ce5b4db2c108.json
baseline,test-Test-4-000--revision-v4,51700.426665000006,15393.350068342135,e15c05518b72dac2bfcc1645af3a1e56ebaf107841ff10ac5eec59e6b90d76aa,14543.083967999999,1837.171863674878,PPO-Test-4-large-r2-B252000,solutions/test-Test-4-000--revision-v4/e15c05518b72dac2bfcc1645af3a1e56ebaf107841ff10ac5eec59e6b90d76aa.json
baseline,test-Test-4-000--revision-v4,51700.426665000006,15393.350068342135,86822a7cb2c7f3473496f4ae13a5c99d478aa4e75a65b13703ca2078a3ff921b,14645.254921,1834.4714138635925,PPO-Test-4-large-r2-B252000,solutions/test-Test-4-000--revision-v4/86822a7cb2c7f3473496f4ae13a5c99d478aa4e75a65b13703ca2078a3ff921b.json
baseline,test-Test-4-000--revision-v4,51700.426665000006,15393.350068342135,68f25619f066d2de8f190418a5fc996337e6c261f20a369de4c053eb89100e5d,14663.437920999999,1830.7179645770498,PPO-Test-4-large-r2-B252000,solutions/test-Test-4-000--revision-v4/68f25619f066d2de8f190418a5fc996337e6c261f20a369de4c053eb89100e5d.json
baseline,test-Test-4-000--revision-v4,51700.426665000006,15393.350068342135,c869cdd7bb80887e63da868939f634c6650f7fed544c2ab66d5b8ff55a2f051e,14714.558921,1827.53852265855,PPO-Test-4-large-r2-B252000,solutions/test-Test-4-000--revision-v4/c869cdd7bb80887e63da868939f634c6650f7fed544c2ab66d5b8ff55a2f051e.json
baseline,test-Test-4-000--revision-v4,51700.426665000006,15393.350068342135,f0f4d964f91284a145fba95d80d8bd61dbb89cc2f5fa388746c34b4d4ad62b79,14715.035921,1797.9263715505851,PPO-Test-4-large-r2-B252000,solutions/test-Test-4-000--revision-v4/f0f4d964f91284a145fba95d80d8bd61dbb89cc2f5fa388746c34b4d4ad62b79.json
baseline,test-Test-4-000--revision-v4,51700.426665000006,15393.350068342135,a7a5298258d576583c13401e56ba909785ac71e03cb8164add359d6c6f2cb60d,14805.212920999998,1791.1250290189719,PPO-Test-4-large-r2-B252000,solutions/test-Test-4-000--revision-v4/a7a5298258d576583c13401e56ba909785ac71e03cb8164add359d6c6f2cb60d.json
baseline,test-Test-4-000--revision-v4,51700.426665000006,15393.350068342135,af56fd085b0f2f4e9c571ede46241af20dc3ef9309fb70e1e628edba67233f0d,14865.781968,1785.9013227293458,PPO-Test-4-large-r2-B252000,solutions/test-Test-4-000--revision-v4/af56fd085b0f2f4e9c571ede46241af20dc3ef9309fb70e1e628edba67233f0d.json
baseline,test-Test-4-000--revision-v4,51700.426665000006,15393.350068342135,461f41a641e9e2683782f1dfa91aba547a67cc90f4749a7f497ef9c10de57a4d,15063.770920999998,1779.6423127603227,PPO-Test-4-large-r2-B252000,solutions/test-Test-4-000--revision-v4/461f41a641e9e2683782f1dfa91aba547a67cc90f4749a7f497ef9c10de57a4d.json
baseline,test-Test-4-000--revision-v4,51700.426665000006,15393.350068342135,ef584e7f7e659fcf47533d71224082395873002b47b080d75e942d6de167efd2,15086.134921,1766.3541675743586,PPO-Test-4-large-r2-B252000,solutions/test-Test-4-000--revision-v4/ef584e7f7e659fcf47533d71224082395873002b47b080d75e942d6de167efd2.json
baseline,test-Test-4-000--revision-v4,51700.426665000006,15393.350068342135,bcc1335be4cfa39cb5b5cff0738d465cc08b53b38f37f15f7139c867e221ae1b,15125.868289,1748.7077129821225,PPO-Test-4-large-r2-B252000,solutions/test-Test-4-000--revision-v4/bcc1335be4cfa39cb5b5cff0738d465cc08b53b38f37f15f7139c867e221ae1b.json
baseline,test-Test-4-000--revision-v4,51700.426665000006,15393.350068342135,246aa6ea1cbdceeef112ec63da78e3fc98d8472f01afc58bbd5eab8bc97c6352,15132.152920999997,1739.9265258480111,PPO-Test-4-large-r2-B252000,solutions/test-Test-4-000--revision-v4/246aa6ea1cbdceeef112ec63da78e3fc98d8472f01afc58bbd5eab8bc97c6352.json
baseline,test-Test-4-000--revision-v4,51700.426665000006,15393.350068342135,cad88af80c59e22510213b8fe61d1edd16ac3097546f657d81c319068ddff09c,15710.728144999994,1485.5564153425119,PPO-Test-4-large-r0-B252000,solutions/test-Test-4-000--revision-v4/cad88af80c59e22510213b8fe61d1edd16ac3097546f657d81c319068ddff09c.json
baseline,test-Test-4-000--revision-v4,51700.426665000006,15393.350068342135,c1ca5c9cc350e0b8532829f9bf72d0c5ee1bb90b5167b7fb24a0ff4a29314db7,15721.564144999995,1480.2604979929158,PPO-Test-4-large-r0-B252000,solutions/test-Test-4-000--revision-v4/c1ca5c9cc350e0b8532829f9bf72d0c5ee1bb90b5167b7fb24a0ff4a29314db7.json
baseline,test-Test-4-000--revision-v4,51700.426665000006,15393.350068342135,4f656a0c5b272653cfa1e50fbb7aa20503ccf92b47597c3996ce91d0718c2e4e,15731.230144999994,1458.4644122058032,PPO-Test-4-large-r0-B252000,solutions/test-Test-4-000--revision-v4/4f656a0c5b272653cfa1e50fbb7aa20503ccf92b47597c3996ce91d0718c2e4e.json
baseline,test-Test-4-000--revision-v4,51700.426665000006,15393.350068342135,af42846ee75fa0e4bf25ab2d551379fe27bf0f8e3083b67212df29bba0e7a4ac,15732.415144999994,1447.2233642109895,PPO-Test-4-large-r0-B252000,solutions/test-Test-4-000--revision-v4/af42846ee75fa0e4bf25ab2d551379fe27bf0f8e3083b67212df29bba0e7a4ac.json
baseline,test-Test-4-000--revision-v4,51700.426665000006,15393.350068342135,9fbf81a8db85b1cabea58a09d7e6172ad658e6cda5bc92d4dd23e1044d4438d1,15734.938144999995,1447.0999881582002,PPO-Test-4-large-r0-B252000,solutions/test-Test-4-000--revision-v4/9fbf81a8db85b1cabea58a09d7e6172ad658e6cda5bc92d4dd23e1044d4438d1.json
baseline,test-Test-4-000--revision-v4,51700.426665000006,15393.350068342135,7b1b259e66d4cbad495b71ca2d49c877a68459c9883f128619df826ba28ed987,15747.607144999994,1433.7293913187634,PPO-Test-4-large-r0-B252000,solutions/test-Test-4-000--revision-v4/7b1b259e66d4cbad495b71ca2d49c877a68459c9883f128619df826ba28ed987.json
baseline,test-Test-4-000--revision-v4,51700.426665000006,15393.350068342135,7b81cb7aa54493ce7b96dc6ff79c6a3e04d6b5f2e45e42d14a62d01969175cb2,15805.189144999997,1433.661801060868,PPO-Test-4-large-r0-B252000,solutions/test-Test-4-000--revision-v4/7b81cb7aa54493ce7b96dc6ff79c6a3e04d6b5f2e45e42d14a62d01969175cb2.json
baseline,test-Test-4-000--revision-v4,51700.426665000006,15393.350068342135,dfc0ab41dfd331df8757ce5c1d5eb474496fc64c08d258e51a9d1674c6136801,15808.632879,1429.302400876067,PPO-Test-4-large-r0-B252000,solutions/test-Test-4-000--revision-v4/dfc0ab41dfd331df8757ce5c1d5eb474496fc64c08d258e51a9d1674c6136801.json
baseline,test-Test-4-000--revision-v4,51700.426665000006,15393.350068342135,13b35a9fad65789dbc48e1a17d6d6933c3006da4f9550927b4d4d830558cfb62,15819.928144999994,1414.2692723052246,PPO-Test-4-large-r0-B252000,solutions/test-Test-4-000--revision-v4/13b35a9fad65789dbc48e1a17d6d6933c3006da4f9550927b4d4d830558cfb62.json
baseline,test-Test-4-000--revision-v4,51700.426665000006,15393.350068342135,cfe9d52659be3c8f0706161e3a2c15c265a10c518beda3c5fadfaac229f3f528,15842.550878999997,1413.095501463061,PPO-Test-4-large-r0-B252000,solutions/test-Test-4-000--revision-v4/cfe9d52659be3c8f0706161e3a2c15c265a10c518beda3c5fadfaac229f3f528.json
baseline,test-Test-4-000--revision-v4,51700.426665000006,15393.350068342135,e40f80b63d86938d39c1da85d0ae435515e67d2862e6b4da1d22df88ff162d6c,15843.070007999999,1409.3272453481477,PPO-Test-4-large-r0-B252000,solutions/test-Test-4-000--revision-v4/e40f80b63d86938d39c1da85d0ae435515e67d2862e6b4da1d22df88ff162d6c.json
baseline,test-Test-4-000--revision-v4,51700.426665000006,15393.350068342135,0a708c33316f3d8e1b1ad275232216732d3bd998ccf5655f12984f83fe4a867f,15868.179879000001,1409.1715459996485,PPO-Test-4-large-r0-B252000,solutions/test-Test-4-000--revision-v4/0a708c33316f3d8e1b1ad275232216732d3bd998ccf5655f12984f83fe4a867f.json
baseline,test-Test-4-000--revision-v4,51700.426665000006,15393.350068342135,f3e3a277d52edaa957453a4c7a3665eeb4dd2ce38850fbb57001cdf53be0bae7,15900.679232999999,1399.3814645727755,PPO-Test-4-large-r0-B252000,solutions/test-Test-4-000--revision-v4/f3e3a277d52edaa957453a4c7a3665eeb4dd2ce38850fbb57001cdf53be0bae7.json
baseline,test-Test-4-000--revision-v4,51700.426665000006,15393.350068342135,f1c597c6482682afa25fd38543c0de991c37645fa1e6f8b03d8131265b845ed2,15930.102878999998,1397.954836982755,PPO-Test-4-large-r0-B252000,solutions/test-Test-4-000--revision-v4/f1c597c6482682afa25fd38543c0de991c37645fa1e6f8b03d8131265b845ed2.json
baseline,test-Test-4-000--revision-v4,51700.426665000006,15393.350068342135,f9b1efa87fe88701516711ddb32728f42566c155446e3a20de3d3a067f82f902,16000.222144999998,1389.728005724381,PPO-Test-4-large-r0-B252000,solutions/test-Test-4-000--revision-v4/f9b1efa87fe88701516711ddb32728f42566c155446e3a20de3d3a067f82f902.json
baseline,test-Test-4-000--revision-v4,51700.426665000006,15393.350068342135,f41e9628c791a10a2d9f62dfcfdc83fcc288cc8a32891b3d62649944ae8cf2fc,16441.380674999993,1382.7496811834899,PPO-Test-4-large-r0-B252000,solutions/test-Test-4-000--revision-v4/f41e9628c791a10a2d9f62dfcfdc83fcc288cc8a32891b3d62649944ae8cf2fc.json
baseline,test-Test-4-000--revision-v4,51700.426665000006,15393.350068342135,c0a1bd1c62a0cba70ae4df64250aa661ff36fc9c21f5049faa8d38da5da0c8df,16452.671081,763.3982955330222,PPO-Test-4-large-r1-B252000,solutions/test-Test-4-000--revision-v4/c0a1bd1c62a0cba70ae4df64250aa661ff36fc9c21f5049faa8d38da5da0c8df.json
baseline,test-Test-4-000--revision-v4,51700.426665000006,15393.350068342135,a7a9e0e0cf5857fcff23237597d42b8aa2fcf9b4b619ffa04abb913a6fb37c8e,16489.981203,760.7232527515135,PPO-Test-4-large-r1-B252000,solutions/test-Test-4-000--revision-v4/a7a9e0e0cf5857fcff23237597d42b8aa2fcf9b4b619ffa04abb913a6fb37c8e.json
baseline,test-Test-4-000--revision-v4,51700.426665000006,15393.350068342135,458832a9f5e7a9360a34d682232cdec64f744e97b3afc86389118ead1e5e1c20,16502.890093,748.1637960364059,PPO-Test-4-large-r1-B252000,solutions/test-Test-4-000--revision-v4/458832a9f5e7a9360a34d682232cdec64f744e97b3afc86389118ead1e5e1c20.json
baseline,test-Test-4-000--revision-v4,51700.426665000006,15393.350068342135,4ef5d945b700b356e360bef2eb58597add72b666d45490fe30698d60d36a08f8,16522.385081,746.6938617034931,PPO-Test-4-large-r1-B252000,solutions/test-Test-4-000--revision-v4/4ef5d945b700b356e360bef2eb58597add72b666d45490fe30698d60d36a08f8.json
baseline,test-Test-4-000--revision-v4,51700.426665000006,15393.350068342135,672c2017116633457e20cadd86cbba3aecf6e28736e90761462760494b732a58,16530.254081,742.6251818824384,PPO-Test-4-large-r1-B252000,solutions/test-Test-4-000--revision-v4/672c2017116633457e20cadd86cbba3aecf6e28736e90761462760494b732a58.json
baseline,test-Test-4-000--revision-v4,51700.426665000006,15393.350068342135,946cf3d17dd96512db8326ecd249873f8b91f2783ca49ba423af5264a9eb5baa,16531.262081,739.987258754985,PPO-Test-4-large-r1-B252000,solutions/test-Test-4-000--revision-v4/946cf3d17dd96512db8326ecd249873f8b91f2783ca49ba423af5264a9eb5baa.json
baseline,test-Test-4-000--revision-v4,51700.426665000006,15393.350068342135,8c7af215fb7b7729a93899d9bc5b6c506b64f179d6919df5eee9dc38db9a3f4f,16536.635081,738.6086394584046,PPO-Test-4-large-r1-B252000,solutions/test-Test-4-000--revision-v4/8c7af215fb7b7729a93899d9bc5b6c506b64f179d6919df5eee9dc38db9a3f4f.json
baseline,test-Test-4-000--revision-v4,51700.426665000006,15393.350068342135,94888f829acbc63b6b6fe49addd6dd3ee56b02797bbade91953b0360408b4086,16537.340081000002,737.7348987954425,PPO-Test-4-large-r1-B252000,solutions/test-Test-4-000--revision-v4/94888f829acbc63b6b6fe49addd6dd3ee56b02797bbade91953b0360408b4086.json
baseline,test-Test-4-000--revision-v4,51700.426665000006,15393.350068342135,276ed64e4c0e0ba2123d7f76fe4ba6d5abbee7a0a5feb7d9931d0e7bea5965e5,16545.671081000004,735.9424648726617,PPO-Test-4-large-r1-B252000,solutions/test-Test-4-000--revision-v4/276ed64e4c0e0ba2123d7f76fe4ba6d5abbee7a0a5feb7d9931d0e7bea5965e5.json
baseline,test-Test-4-000--revision-v4,51700.426665000006,15393.350068342135,c4d51300109391c8e4e4984bad204728c4a4054d6f3cbaa6d82fbeecaa59f894,16589.270081000002,725.9826624825356,PPO-Test-4-large-r1-B252000,solutions/test-Test-4-000--revision-v4/c4d51300109391c8e4e4984bad204728c4a4054d6f3cbaa6d82fbeecaa59f894.json
baseline,test-Test-4-000--revision-v4,51700.426665000006,15393.350068342135,9cface23b220e474a4efd20f6c8066b0df219864f15e8c5957013988c4deb4fe,17049.846330999997,718.0607273535373,PPO-Test-4-large-r1-B252000,solutions/test-Test-4-000--revision-v4/9cface23b220e474a4efd20f6c8066b0df219864f15e8c5957013988c4deb4fe.json
baseline,test-Test-4-000--revision-v4,51700.426665000006,15393.350068342135,020f5edb24d9cbd416648f18f35967da87942e45d2f4e9fbd01d0b47fad174e8,18207.015092,710.2912424197576,PPO-Test-4-large-r1-B252000,solutions/test-Test-4-000--revision-v4/020f5edb24d9cbd416648f18f35967da87942e45d2f4e9fbd01d0b47fad174e8.json
baseline,test-Test-4-000--revision-v4,51700.426665000006,15393.350068342135,8ecf7733203bb6311be637c75ffeb8b3cc0455477f37378c37c870e59f0b1505,18218.34444699999,709.912717791616,PPO-Test-4-large-r1-B252000,solutions/test-Test-4-000--revision-v4/8ecf7733203bb6311be637c75ffeb8b3cc0455477f37378c37c870e59f0b1505.json
baseline,test-Test-4-000--revision-v4,51700.426665000006,15393.350068342135,4ad10fe6a7a59268e0f6a47a6ac0e4ef15505d46ef615e804af4eb0971930efa,18220.039518999987,703.4189706314386,PPO-Test-4-large-r1-B252000,solutions/test-Test-4-000--revision-v4/4ad10fe6a7a59268e0f6a47a6ac0e4ef15505d46ef615e804af4eb0971930efa.json
baseline,test-Test-4-000--revision-v4,51700.426665000006,15393.350068342135,0447f2d9b75d68cd653ec83a8cb8837dd8970a4a275e264908caa416a31580b3,18243.17577699999,683.3968270831733,PPO-Test-4-large-r1-B252000,solutions/test-Test-4-000--revision-v4/0447f2d9b75d68cd653ec83a8cb8837dd8970a4a275e264908caa416a31580b3.json
baseline,test-Test-4-000--revision-v4,51700.426665000006,15393.350068342135,f9324cd2327a59c13ecc47dc5933e72f85a1033f427b60844893922481be8c26,18255.93177699999,678.1185155353222,PPO-Test-4-large-r1-B252000,solutions/test-Test-4-000--revision-v4/f9324cd2327a59c13ecc47dc5933e72f85a1033f427b60844893922481be8c26.json
baseline,test-Test-4-000--revision-v4,51700.426665000006,15393.350068342135,5fa31f4b5ca92bd1dfc048bc550122af4b4657520ee99a54ec375a16116511a4,18256.24977699999,676.2816268301134,PPO-Test-4-large-r1-B252000,solutions/test-Test-4-000--revision-v4/5fa31f4b5ca92bd1dfc048bc550122af4b4657520ee99a54ec375a16116511a4.json
baseline,test-Test-4-000--revision-v4,51700.426665000006,15393.350068342135,d03147bb265aafff34d79a9ac8f8dfe92ae775868c88aad0de19050752a60adb,18352.96077699999,675.0529713661585,PPO-Test-4-large-r1-B252000,solutions/test-Test-4-000--revision-v4/d03147bb265aafff34d79a9ac8f8dfe92ae775868c88aad0de19050752a60adb.json
baseline,test-Test-4-000--revision-v4,51700.426665000006,15393.350068342135,870181e8d1c56f3edd89c26e7a9074eae50b065003ed197cc78eaa1ba4a09db7,18465.142792999988,673.2486417519341,PPO-Test-4-large-r1-B252000,solutions/test-Test-4-000--revision-v4/870181e8d1c56f3edd89c26e7a9074eae50b065003ed197cc78eaa1ba4a09db7.json
baseline,test-Test-4-000--revision-v4,51700.426665000006,15393.350068342135,b9b0d1d3f598989a621e209a4800fc34d5be065ca99c030a194ce1d3dfff2948,18516.15099399999,671.3426374317329,PPO-Test-4-large-r1-B252000,solutions/test-Test-4-000--revision-v4/b9b0d1d3f598989a621e209a4800fc34d5be065ca99c030a194ce1d3dfff2948.json
baseline,test-Test-4-000--revision-v4,51700.426665000006,15393.350068342135,bb211ffd1357f7a506f5da363116a1ea55e975161ae6c5fcd20307b26df02c61,19249.046251999996,586.0350516315752,PPO-Test-4-large-r1-B252000,solutions/test-Test-4-000--revision-v4/bb211ffd1357f7a506f5da363116a1ea55e975161ae6c5fcd20307b26df02c61.json
baseline,test-Test-4-000--revision-v4,51700.426665000006,15393.350068342135,e2b6dbaefcb76babbba3195480f819ca07fc751c533c8c945dda5e731aab79ba,19263.641251999998,569.0348237510433,PPO-Test-4-large-r1-B252000,solutions/test-Test-4-000--revision-v4/e2b6dbaefcb76babbba3195480f819ca07fc751c533c8c945dda5e731aab79ba.json
baseline,test-Test-4-000--revision-v4,51700.426665000006,15393.350068342135,df861f3a6666c8838828fae13a38ea804855259ef9916a1874f2601fda1e7cd9,19273.706251999996,568.1837063737074,PPO-Test-4-large-r1-B252000,solutions/test-Test-4-000--revision-v4/df861f3a6666c8838828fae13a38ea804855259ef9916a1874f2601fda1e7cd9.json
baseline,test-Test-4-000--revision-v4,51700.426665000006,15393.350068342135,fbb18b33eef0a0edcd09e2863900c8ecf4249d9f09b8d9ed530f1d7d91e3ea77,19279.153339999997,567.5078048220615,PPO-Test-4-large-r1-B252000,solutions/test-Test-4-000--revision-v4/fbb18b33eef0a0edcd09e2863900c8ecf4249d9f09b8d9ed530f1d7d91e3ea77.json
baseline,test-Test-4-000--revision-v4,51700.426665000006,15393.350068342135,6e514c5c41cd83ae0ecf6b84ba950e5ed8ad1823b890d5245a60230723ca2e04,19280.099251999996,565.932705135633,PPO-Test-4-large-r1-B252000,solutions/test-Test-4-000--revision-v4/6e514c5c41cd83ae0ecf6b84ba950e5ed8ad1823b890d5245a60230723ca2e04.json
baseline,test-Test-4-000--revision-v4,51700.426665000006,15393.350068342135,1fccf8279452eb2dbaf8cb9d745e0b44e6e7b490ce300118040e170d833a6962,19304.375251999998,564.8547054364773,PPO-Test-4-large-r1-B252000,solutions/test-Test-4-000--revision-v4/1fccf8279452eb2dbaf8cb9d745e0b44e6e7b490ce300118040e170d833a6962.json
baseline,test-Test-4-000--revision-v4,51700.426665000006,15393.350068342135,1cf47f32598c57ae34db2cf0bd96e8ed4d6bfe5f280ce934363005e46913618f,19406.174251999993,563.5981716180662,PPO-Test-4-large-r1-B252000,solutions/test-Test-4-000--revision-v4/1cf47f32598c57ae34db2cf0bd96e8ed4d6bfe5f280ce934363005e46913618f.json
baseline,test-Test-4-000--revision-v4,51700.426665000006,15393.350068342135,c93c5606061454813663a46e4afc17aa877d627245391dfcaccb5a1753a3e2af,19423.615106999998,545.9921098568691,PPO-Test-4-large-r1-B252000,solutions/test-Test-4-000--revision-v4/c93c5606061454813663a46e4afc17aa877d627245391dfcaccb5a1753a3e2af.json
baseline,test-Test-4-000--revision-v4,51700.426665000006,15393.350068342135,f2f53e102c5b4ff257ae8995e89651dc305ed2fe98ce93cfab800ac5c42b2537,19455.571106999996,541.0837383235901,PPO-Test-4-large-r1-B252000,solutions/test-Test-4-000--revision-v4/f2f53e102c5b4ff257ae8995e89651dc305ed2fe98ce93cfab800ac5c42b2537.json
baseline,test-Test-4-000--revision-v4,51700.426665000006,15393.350068342135,02159f4153ac73e1cc57e293d8d1a6efb6b22337813f2117d86a8ea335e8b2db,19494.592106999997,538.0729317601665,PPO-Test-4-large-r1-B252000,solutions/test-Test-4-000--revision-v4/02159f4153ac73e1cc57e293d8d1a6efb6b22337813f2117d86a8ea335e8b2db.json
baseline,test-Test-4-000--revision-v4,51700.426665000006,15393.350068342135,211237c49a4393d21cafce086eeee1b5b9c021b9459074c2b77393c343f51712,19504.885107,536.9329018503487,PPO-Test-4-large-r1-B252000,solutions/test-Test-4-000--revision-v4/211237c49a4393d21cafce086eeee1b5b9c021b9459074c2b77393c343f51712.json
baseline,test-Test-4-000--revision-v4,51700.426665000006,15393.350068342135,7efad137ffa64633db962d83b66dcf18fc227e6272f4768edbcd07ed51a84518,19525.924107,535.5474745900088,PPO-Test-4-large-r1-B252000,solutions/test-Test-4-000--revision-v4/7efad137ffa64633db962d83b66dcf18fc227e6272f4768edbcd07ed51a84518.json
baseline,test-Test-4-000--revision-v4,51700.426665000006,15393.350068342135,8ac987b57ba49cb51c6333455194c4b0f6e5a2a07837d8b6d6ab4e2d31ff8c6b,19527.724107,535.2158283205291,PPO-Test-4-large-r1-B252000,solutions/test-Test-4-000--revision-v4/8ac987b57ba49cb51c6333455194c4b0f6e5a2a07837d8b6d6ab4e2d31ff8c6b.json
baseline,test-Test-4-000--revision-v4,51700.426665000006,15393.350068342135,121cbfefe3eb8f4d85bf9ae037bb8b0088d8a543e03d75e6f7d654b90c18f80b,19551.568107,534.4750261045672,PPO-Test-4-large-r1-B252000,solutions/test-Test-4-000--revision-v4/121cbfefe3eb8f4d85bf9ae037bb8b0088d8a543e03d75e6f7d654b90c18f80b.json
baseline,test-Test-4-000--revision-v4,51700.426665000006,15393.350068342135,722b8b41ebd529671f8b731ff4d9a54afd15ca3682df03835548c11d64c1c72e,19582.915107,533.8586331122714,PPO-Test-4-large-r1-B252000,solutions/test-Test-4-000--revision-v4/722b8b41ebd529671f8b731ff4d9a54afd15ca3682df03835548c11d64c1c72e.json
baseline,test-Test-4-000--revision-v4,51700.426665000006,15393.350068342135,f5f59033c82c7010bdf27a2649b9bd632322ca584cf4cbf0dd2518ae8f91dcf0,19611.528107,533.0072223377182,PPO-Test-4-large-r1-B252000,solutions/test-Test-4-000--revision-v4/f5f59033c82c7010bdf27a2649b9bd632322ca584cf4cbf0dd2518ae8f91dcf0.json
baseline,test-Test-4-000--revision-v4,51700.426665000006,15393.350068342135,95788c4917d7b335c56ac093525d6ebcaf4dbdbdc12fec4e35e0aac77410c70a,22863.37834100001,532.1784795476506,PPO-Test-4-large-r1-B252000,solutions/test-Test-4-000--revision-v4/95788c4917d7b335c56ac093525d6ebcaf4dbdbdc12fec4e35e0aac77410c70a.json
baseline,test-Test-4-000--revision-v4,51700.426665000006,15393.350068342135,c9b17ec4d30b3d4757fd28f19fe123c700ee9cc4748d15c74c9bcb2e37777e63,22869.639341000006,530.3243963986321,PPO-Test-4-large-r1-B252000,solutions/test-Test-4-000--revision-v4/c9b17ec4d30b3d4757fd28f19fe123c700ee9cc4748d15c74c9bcb2e37777e63.json
baseline,test-Test-4-000--revision-v4,51700.426665000006,15393.350068342135,28f4fedb28dd030349f8802bae9a015daa74c71cf7d1f631be5a7eb6765b64c1,22921.15784100001,529.9901886820137,PPO-Test-4-large-r1-B252000,solutions/test-Test-4-000--revision-v4/28f4fedb28dd030349f8802bae9a015daa74c71cf7d1f631be5a7eb6765b64c1.json
baseline,test-Test-4-000--revision-v4,51700.426665000006,15393.350068342135,fe28c4fea1cb684ae57e867b9bc2e967b10dd4945c97880a984fd8822372284c,22957.74217500001,529.718438834448,PPO-Test-4-large-r1-B252000,solutions/test-Test-4-000--revision-v4/fe28c4fea1cb684ae57e867b9bc2e967b10dd4945c97880a984fd8822372284c.json
baseline,test-Test-4-000--revision-v4,51700.426665000006,15393.350068342135,301277eaae8fb7a525639f1f10103b691fb607c57ffabf94ecc6d9acb8f3422a,22975.12834100001,528.2087339587615,PPO-Test-4-large-r1-B252000,solutions/test-Test-4-000--revision-v4/301277eaae8fb7a525639f1f10103b691fb607c57ffabf94ecc6d9acb8f3422a.json
baseline,test-Test-4-000--revision-v4,51700.426665000006,15393.350068342135,8aebf4afc742720673193a62a5ae4e34052606fdfe1fa541795d292b66141c9f,23049.917050000007,527.9040949638659,PPO-Test-4-large-r1-B252000,solutions/test-Test-4-000--revision-v4/8aebf4afc742720673193a62a5ae4e34052606fdfe1fa541795d292b66141c9f.json
baseline,test-Test-4-000--revision-v4,51700.426665000006,15393.350068342135,6469883557162a2a0d7dc7b54efec38d4465bbfbff3add326c8260625be3f468,23051.559341000007,525.9966530343844,PPO-Test-4-large-r1-B252000,solutions/test-Test-4-000--revision-v4/6469883557162a2a0d7dc7b54efec38d4465bbfbff3add326c8260625be3f468.json
baseline,test-Test-4-000--revision-v4,51700.426665000006,15393.350068342135,5f81481d658faa9d6de9f758d395c8ffdee79b98256106b3dc77fa644fe9b840,23061.42634100001,524.2991266917302,PPO-Test-4-large-r1-B252000,solutions/test-Test-4-000--revision-v4/5f81481d658faa9d6de9f758d395c8ffdee79b98256106b3dc77fa644fe9b840.json
baseline,test-Test-4-000--revision-v4,51700.426665000006,15393.350068342135,4d683b52c1949e54a9376e1d4d18a8303243f331cd0f09e7741cdbbee09b1612,23088.44134100001,523.7443490692126,PPO-Test-4-large-r1-B252000,solutions/test-Test-4-000--revision-v4/4d683b52c1949e54a9376e1d4d18a8303243f331cd0f09e7741cdbbee09b1612.json
baseline,test-Test-4-000--revision-v4,51700.426665000006,15393.350068342135,6d90756fedd7587247a7adba220c60d672f6c75c417e695ea44513cb0a24b840,23091.006341000008,523.0967058054847,PPO-Test-4-large-r1-B252000,solutions/test-Test-4-000--revision-v4/6d90756fedd7587247a7adba220c60d672f6c75c417e695ea44513cb0a24b840.json
baseline,test-Test-4-000--revision-v4,51700.426665000006,15393.350068342135,14f10a3004ed968f1cb719db1db647d60bfae965f42b6a279bee2487bf4f7bdd,23091.53134100001,522.6659145698255,PPO-Test-4-large-r1-B252000,solutions/test-Test-4-000--revision-v4/14f10a3004ed968f1cb719db1db647d60bfae965f42b6a279bee2487bf4f7bdd.json
baseline,test-Test-4-000--revision-v4,51700.426665000006,15393.350068342135,0d11a865a0e325751c1843c4bfe4de42ec29feacef79f0aab55f4e2609d7da3b,23108.682112999995,519.6972390535662,PPO-Test-4-large-r2-B252000,solutions/test-Test-4-000--revision-v4/0d11a865a0e325751c1843c4bfe4de42ec29feacef79f0aab55f4e2609d7da3b.json
baseline,test-Test-4-000--revision-v4,51700.426665000006,15393.350068342135,1067aac7a1fa62e2677b4f030294524742384dd73e52d157388106a977474426,23136.367276999998,511.10824999432964,PPO-Test-4-large-r2-B252000,solutions/test-Test-4-000--revision-v4/1067aac7a1fa62e2677b4f030294524742384dd73e52d157388106a977474426.json
baseline,test-Test-4-000--revision-v4,51700.426665000006,15393.350068342135,7f78b08496d8eeb109bf592d0dbfa48363d1333f8534802353793966f83c031b,23153.842448999992,501.77063678116065,PPO-Test-4-large-r2-B252000,solutions/test-Test-4-000--revision-v4/7f78b08496d8eeb109bf592d0dbfa48363d1333f8534802353793966f83c031b.json
baseline,test-Test-4-000--revision-v4,51700.426665000006,15393.350068342135,3af469037ebd618d5e4b0aa4c098ae8f32706a78960bd478b023f30360b2eb9c,23248.110752999994,492.15678556619173,PPO-Test-4-large-r2-B252000,solutions/test-Test-4-000--revision-v4/3af469037ebd618d5e4b0aa4c098ae8f32706a78960bd478b023f30360b2eb9c.json
baseline,test-Test-4-000--revision-v4,51700.426665000006,15393.350068342135,6ba4fde3a4a5e221ddfab0f41b08d5993a4368232f57339ae77071441025e662,23287.660298999996,490.1573716107007,PPO-Test-4-large-r2-B252000,solutions/test-Test-4-000--revision-v4/6ba4fde3a4a5e221ddfab0f41b08d5993a4368232f57339ae77071441025e662.json
baseline,test-Test-4-000--revision-v4,51700.426665000006,15393.350068342135,d8f3e756302ed1200fdfd1367f49ffc4ac3097a3df70e7a44bca7390c76a7820,23288.40785699999,477.56045457356595,PPO-Test-4-large-r2-B252000,solutions/test-Test-4-000--revision-v4/d8f3e756302ed1200fdfd1367f49ffc4ac3097a3df70e7a44bca7390c76a7820.json
baseline,test-Test-4-000--revision-v4,51700.426665000006,15393.350068342135,efdc5a363938bc288d721fe13a513748768c468c2c60c90cc88a63c59755f3ac,23300.800387000003,392.680893818212,PPO-Test-4-large-r1-B252000,solutions/test-Test-4-000--revision-v4/efdc5a363938bc288d721fe13a513748768c468c2c60c90cc88a63c59755f3ac.json
baseline,test-Test-4-000--revision-v4,51700.426665000006,15393.350068342135,e28fbef39f51ef44e13a9f6146b80878cf7e2d64d65b8d7f829ccd7401b983cd,23394.952386999998,389.9249665759101,PPO-Test-4-large-r1-B252000,solutions/test-Test-4-000--revision-v4/e28fbef39f51ef44e13a9f6146b80878cf7e2d64d65b8d7f829ccd7401b983cd.json
baseline,test-Test-4-000--revision-v4,51700.426665000006,15393.350068342135,d9b663d2e35a8e7682ac551ee6c37da36fec8c188d651bcabe72e8332ede0685,23397.241387000002,389.17475407947416,PPO-Test-4-large-r1-B252000,solutions/test-Test-4-000--revision-v4/d9b663d2e35a8e7682ac551ee6c37da36fec8c188d651bcabe72e8332ede0685.json
baseline,test-Test-4-000--revision-v4,51700.426665000006,15393.350068342135,4cad807d4e8625b9820bf2862ef66a71bfe2c26399f64c0d3ab3ba83bcb3062a,23492.158521000005,389.1372580249045,PPO-Test-4-large-r1-B252000,solutions/test-Test-4-000--revision-v4/4cad807d4e8625b9820bf2862ef66a71bfe2c26399f64c0d3ab3ba83bcb3062a.json
baseline,test-Test-4-000--revision-v4,51700.426665000006,15393.350068342135,cd67524affbd704bab826b919431f246d5f543b533a37aa237b176880f1d7388,23502.511387,388.71411842423464,PPO-Test-4-large-r1-B252000,solutions/test-Test-4-000--revision-v4/cd67524affbd704bab826b919431f246d5f543b533a37aa237b176880f1d7388.json
baseline,test-Test-4-000--revision-v4,51700.426665000006,15393.350068342135,ca009d5c9527d976e24aa6f24946e9e0a0ab7894dc3887584f56980bbc515a9c,23506.282387,388.6277225095533,PPO-Test-4-large-r1-B252000,solutions/test-Test-4-000--revision-v4/ca009d5c9527d976e24aa6f24946e9e0a0ab7894dc3887584f56980bbc515a9c.json
baseline,test-Test-4-000--revision-v4,51700.426665000006,15393.350068342135,50cd5e17adf9d19a0ed4a899592e99cd0aee9c5c0a826c257be2e94cfaa589ad,23520.763387000003,388.40232777309615,PPO-Test-4-large-r1-B252000,solutions/test-Test-4-000--revision-v4/50cd5e17adf9d19a0ed4a899592e99cd0aee9c5c0a826c257be2e94cfaa589ad.json
baseline,test-Test-4-000--revision-v4,51700.426665000006,15393.350068342135,e92440470b1342084b5524dcdc791a380cb01ee08fea3cfdff839dad26f60901,23528.491387,387.4056660838539,PPO-Test-4-large-r1-B252000,solutions/test-Test-4-000--revision-v4/e92440470b1342084b5524dcdc791a380cb01ee08fea3cfdff839dad26f60901.json
baseline,test-Test-4-000--revision-v4,51700.426665000006,15393.350068342135,642ceee71830882eecc9af7d5edc29fce65a92b69dd7a00c345137482c490860,23553.349387000002,387.27659241293605,PPO-Test-4-large-r1-B252000,solutions/test-Test-4-000--revision-v4/642ceee71830882eecc9af7d5edc29fce65a92b69dd7a00c345137482c490860.json
baseline,test-Test-4-000--revision-v4,51700.426665000006,15393.350068342135,469fc46ef72fbd4a13e22c19222bf062f09af021ef8b437efc92c0338dd4cae2,23565.615241000003,387.2629937736718,PPO-Test-4-large-r1-B252000,solutions/test-Test-4-000--revision-v4/469fc46ef72fbd4a13e22c19222bf062f09af021ef8b437efc92c0338dd4cae2.json
baseline,test-Test-4-000--revision-v4,51700.426665000006,15393.350068342135,a64a0e2cb89acdffa8664cac207ca2b4f5758ac0df8acbd615ff680ea5ef5a8c,23568.073386999997,385.7352916083188,PPO-Test-4-large-r1-B252000,solutions/test-Test-4-000--revision-v4/a64a0e2cb89acdffa8664cac207ca2b4f5758ac0df8acbd615ff680ea5ef5a8c.json
baseline,test-Test-4-000--revision-v4,51700.426665000006,15393.350068342135,645b302cfebed122409f2439b3618fedcc065de60094ec699d277cc20d3e81fb,23588.008386999998,383.9926195056438,PPO-Test-4-large-r1-B252000,solutions/test-Test-4-000--revision-v4/645b302cfebed122409f2439b3618fedcc065de60094ec699d277cc20d3e81fb.json
baseline,test-Test-4-000--revision-v4,51700.426665000006,15393.350068342135,f0638579b49a3b9ab772d7539ee8745248f39a5de5adbf954969e826029f7c98,23729.317890999995,382.2526318907723,PPO-Test-4-large-r1-B252000,solutions/test-Test-4-000--revision-v4/f0638579b49a3b9ab772d7539ee8745248f39a5de5adbf954969e826029f7c98.json
baseline,test-Test-4-000--revision-v4,51700.426665000006,15393.350068342135,b69e1401e2728f3acd529282720c4b32fa7906dd01edb1b5e0b8eb57cbc75fb9,37417.837578000006,369.38641594445033,PPO-Test-4-large-r1-B252000,solutions/test-Test-4-000--revision-v4/b69e1401e2728f3acd529282720c4b32fa7906dd01edb1b5e0b8eb57cbc75fb9.json
baseline,test-Test-4-000--revision-v4,51700.426665000006,15393.350068342135,4bb3c25558ee2322ee8a10bee6cd06c4dd7c7f4aae91cec9b517f5df1c38f97a,37432.99347000001,357.6752170659804,PPO-Test-4-large-r1-B252000,solutions/test-Test-4-000--revision-v4/4bb3c25558ee2322ee8a10bee6cd06c4dd7c7f4aae91cec9b517f5df1c38f97a.json
baseline,test-Test-4-000--revision-v4,51700.426665000006,15393.350068342135,c93fab963d5845df15a2d73cccada6e5434db04020a2c4ca2735c785330f1c47,37489.29504900001,352.5223208413488,PPO-Test-4-large-r1-B252000,solutions/test-Test-4-000--revision-v4/c93fab963d5845df15a2d73cccada6e5434db04020a2c4ca2735c785330f1c47.json
baseline,test-Test-4-000--revision-v4,51700.426665000006,15393.350068342135,52cd0aaa2a1d96ffe6bcd9915b59b6cc6f53d6735a460e2f05a26ceb515a29f6,37533.342333000015,350.7516277937835,PPO-Test-4-large-r1-B252000,solutions/test-Test-4-000--revision-v4/52cd0aaa2a1d96ffe6bcd9915b59b6cc6f53d6735a460e2f05a26ceb515a29f6.json
baseline,test-Test-4-000--revision-v4,51700.426665000006,15393.350068342135,1e47a8048cb1382d918a521fad2537e124cba686133f08308c51093d90e38db6,37757.82033300002,350.7342553620391,PPO-Test-4-large-r1-B252000,solutions/test-Test-4-000--revision-v4/1e47a8048cb1382d918a521fad2537e124cba686133f08308c51093d90e38db6.json
baseline,test-Test-4-000--revision-v4,51700.426665000006,15393.350068342135,feb63b90a5705942af499e0c3a22bb3251bb16177f90fc8651b3d24e911293bf,37924.098333000016,350.12233935812645,PPO-Test-4-large-r1-B252000,solutions/test-Test-4-000--revision-v4/feb63b90a5705942af499e0c3a22bb3251bb16177f90fc8651b3d24e911293bf.json
capacity-70,test-Test-4-000--revision-v4--capacity-70,54207.20426199997,10099.99439118735,f4a0296635262369db27782a8c39998c2986c169ff1d9d3ff943a6b9ff25c445,18108.27838300001,2605.1004367095775,PPO-capacity-70-large-r0-B252000,solutions/test-Test-4-000--revision-v4--capacity-70/f4a0296635262369db27782a8c39998c2986c169ff1d9d3ff943a6b9ff25c445.json
capacity-70,test-Test-4-000--revision-v4--capacity-70,54207.20426199997,10099.99439118735,94e0817bd8322267d5252ed1bbdbb38d4e0d31f5b2d4c4bc57f5c519717609dc,18135.53338300001,2604.984664948999,PPO-capacity-70-large-r0-B252000,solutions/test-Test-4-000--revision-v4--capacity-70/94e0817bd8322267d5252ed1bbdbb38d4e0d31f5b2d4c4bc57f5c519717609dc.json
capacity-70,test-Test-4-000--revision-v4--capacity-70,54207.20426199997,10099.99439118735,e86545aa33d2ebc33e56b0bfad770efe4e28b7f06865e131296da356caf9d30d,18180.152383000008,2590.393056277781,PPO-capacity-70-large-r0-B252000,solutions/test-Test-4-000--revision-v4--capacity-70/e86545aa33d2ebc33e56b0bfad770efe4e28b7f06865e131296da356caf9d30d.json
capacity-70,test-Test-4-000--revision-v4--capacity-70,54207.20426199997,10099.99439118735,6ff95e31e20d738efcfa1134d8bbbe5c84c3e7a96b9040baa20a8b9474a57e63,18180.158383000005,2580.2563826446385,PPO-capacity-70-large-r0-B252000,solutions/test-Test-4-000--revision-v4--capacity-70/6ff95e31e20d738efcfa1134d8bbbe5c84c3e7a96b9040baa20a8b9474a57e63.json
capacity-70,test-Test-4-000--revision-v4--capacity-70,54207.20426199997,10099.99439118735,a3dc3a87f37d63d7ff9864e772c655946f1a603d998e55f9a0e671274749c1c0,18180.890383000005,2580.1230842909226,PPO-capacity-70-large-r0-B252000,solutions/test-Test-4-000--revision-v4--capacity-70/a3dc3a87f37d63d7ff9864e772c655946f1a603d998e55f9a0e671274749c1c0.json
capacity-70,test-Test-4-000--revision-v4--capacity-70,54207.20426199997,10099.99439118735,0f5205c24c846b2ad2d2e8a37b19b36c734700c33f98788f7a76d3672596c18e,18194.462383000006,2565.6412396967235,PPO-capacity-70-large-r0-B252000,solutions/test-Test-4-000--revision-v4--capacity-70/0f5205c24c846b2ad2d2e8a37b19b36c734700c33f98788f7a76d3672596c18e.json
capacity-70,test-Test-4-000--revision-v4--capacity-70,54207.20426199997,10099.99439118735,7cfc013d200e1fb5d0dd5d35dea75406cac104b8560d196bb3df929b18a0f3e9,18204.005383000007,2553.1115359876712,PPO-capacity-70-large-r0-B252000,solutions/test-Test-4-000--revision-v4--capacity-70/7cfc013d200e1fb5d0dd5d35dea75406cac104b8560d196bb3df929b18a0f3e9.json
capacity-70,test-Test-4-000--revision-v4--capacity-70,54207.20426199997,10099.99439118735,e6fae3af98e736076cdb8cf810a79a8fb962e01f7ff017272790e4dc259e78fa,18330.896383000003,2520.4883322611013,PPO-capacity-70-large-r0-B252000,solutions/test-Test-4-000--revision-v4--capacity-70/e6fae3af98e736076cdb8cf810a79a8fb962e01f7ff017272790e4dc259e78fa.json
capacity-70,test-Test-4-000--revision-v4--capacity-70,54207.20426199997,10099.99439118735,677a6b732e0acef4ad805b74e63388421e20fe49fdd284476006c53c76abf4cb,18463.999383000006,2465.1869221505867,PPO-capacity-70-large-r0-B252000,solutions/test-Test-4-000--revision-v4--capacity-70/677a6b732e0acef4ad805b74e63388421e20fe49fdd284476006c53c76abf4cb.json
capacity-70,test-Test-4-000--revision-v4--capacity-70,54207.20426199997,10099.99439118735,c15171cb2018f69c049bc3bd295a273560f4ccb3ec8ada9838b1df0dc70f6a84,18532.346246000012,2139.9441335144875,PPO-capacity-70-large-r2-B252000,solutions/test-Test-4-000--revision-v4--capacity-70/c15171cb2018f69c049bc3bd295a273560f4ccb3ec8ada9838b1df0dc70f6a84.json
capacity-70,test-Test-4-000--revision-v4--capacity-70,54207.20426199997,10099.99439118735,1625633aaaecdc3a286d5640a9c62dcb199c7dfb8b1136b446690439efc272d2,18534.821246000014,2137.607614936274,PPO-capacity-70-large-r2-B252000,solutions/test-Test-4-000--revision-v4--capacity-70/1625633aaaecdc3a286d5640a9c62dcb199c7dfb8b1136b446690439efc272d2.json
capacity-70,test-Test-4-000--revision-v4--capacity-70,54207.20426199997,10099.99439118735,a15fba1b89a2cffd4251a0c55e4d3d628a53d85c9b3517a3ab27fa359f113743,18592.694246000014,2124.832087634784,PPO-capacity-70-large-r2-B252000,solutions/test-Test-4-000--revision-v4--capacity-70/a15fba1b89a2cffd4251a0c55e4d3d628a53d85c9b3517a3ab27fa359f113743.json
capacity-70,test-Test-4-000--revision-v4--capacity-70,54207.20426199997,10099.99439118735,758358459ae5d11f266aa0fea277770b88ea296a43fd376d1273cdb2d4366be8,18685.313350000008,2114.6307724702942,PPO-capacity-70-large-r0-B252000,solutions/test-Test-4-000--revision-v4--capacity-70/758358459ae5d11f266aa0fea277770b88ea296a43fd376d1273cdb2d4366be8.json
capacity-70,test-Test-4-000--revision-v4--capacity-70,54207.20426199997,10099.99439118735,0c913629c4c0620f2cd88135a6955e9ee6452988572ec6770af2ae437b8ee17c,18697.486246000015,2094.336232035519,PPO-capacity-70-large-r2-B252000,solutions/test-Test-4-000--revision-v4--capacity-70/0c913629c4c0620f2cd88135a6955e9ee6452988572ec6770af2ae437b8ee17c.json
capacity-70,test-Test-4-000--revision-v4--capacity-70,54207.20426199997,10099.99439118735,dfe650d0583e9c544c919cec81107f998861fcc07b2aa609689a37c22a8febe1,18708.12535000001,2075.2653631199137,PPO-capacity-70-large-r0-B252000,solutions/test-Test-4-000--revision-v4--capacity-70/dfe650d0583e9c544c919cec81107f998861fcc07b2aa609689a37c22a8febe1.json
capacity-70,test-Test-4-000--revision-v4--capacity-70,54207.20426199997,10099.99439118735,3e31c5b3b63036c8704d9b424e4f7c5051a5d30518651a0e120a448a810bf085,18753.083624000017,2052.2716605264454,PPO-capacity-70-large-r0-B252000,solutions/test-Test-4-000--revision-v4--capacity-70/3e31c5b3b63036c8704d9b424e4f7c5051a5d30518651a0e120a448a810bf085.json
capacity-70,test-Test-4-000--revision-v4--capacity-70,54207.20426199997,10099.99439118735,7b9e351293fda5dd15d8bdcfa9ede3d708ce252ed2895f1310cb11931a729983,18792.76735000001,2022.6375327704257,PPO-capacity-70-large-r0-B252000,solutions/test-Test-4-000--revision-v4--capacity-70/7b9e351293fda5dd15d8bdcfa9ede3d708ce252ed2895f1310cb11931a729983.json
capacity-70,test-Test-4-000--revision-v4--capacity-70,54207.20426199997,10099.99439118735,32803d8fa5f719af7beb3796e994567e8b19b0551056a0f00c3cac9d0a7694d0,18801.89013800001,1835.766930420476,PPO-capacity-70-large-r0-B252000,solutions/test-Test-4-000--revision-v4--capacity-70/32803d8fa5f719af7beb3796e994567e8b19b0551056a0f00c3cac9d0a7694d0.json
capacity-70,test-Test-4-000--revision-v4--capacity-70,54207.20426199997,10099.99439118735,7bdf2be6401cc743d19dd4c638a177274760ad68fea1f0bac94ebac1be62f4ea,18805.718624000012,1830.2142466469313,PPO-capacity-70-large-r0-B252000,solutions/test-Test-4-000--revision-v4--capacity-70/7bdf2be6401cc743d19dd4c638a177274760ad68fea1f0bac94ebac1be62f4ea.json
capacity-70,test-Test-4-000--revision-v4--capacity-70,54207.20426199997,10099.99439118735,9641153105c7cc7c0c33b9597a39d28bded335c4adbfb7d56242d4ce959a86fc,18806.57062400001,1825.768885646527,PPO-capacity-70-large-r0-B252000,solutions/test-Test-4-000--revision-v4--capacity-70/9641153105c7cc7c0c33b9597a39d28bded335c4adbfb7d56242d4ce959a86fc.json
capacity-70,test-Test-4-000--revision-v4--capacity-70,54207.20426199997,10099.99439118735,36e40facf0fad440e47ddaefb8c18c160bc4eb0da370eb1f9a00744cb1204dcc,18806.90662400001,1824.0338670439735,PPO-capacity-70-large-r0-B252000,solutions/test-Test-4-000--revision-v4--capacity-70/36e40facf0fad440e47ddaefb8c18c160bc4eb0da370eb1f9a00744cb1204dcc.json
capacity-70,test-Test-4-000--revision-v4--capacity-70,54207.20426199997,10099.99439118735,07cbbd9fc1a5b64a14938131fb543ac03570f380e3cc88b8f7ace7cdd7161c40,18811.46062400001,1823.7349826602556,PPO-capacity-70-large-r0-B252000,solutions/test-Test-4-000--revision-v4--capacity-70/07cbbd9fc1a5b64a14938131fb543ac03570f380e3cc88b8f7ace7cdd7161c40.json
capacity-70,test-Test-4-000--revision-v4--capacity-70,54207.20426199997,10099.99439118735,381177973d3224f6e1baecbb8e1922148d4d74f373b5740ba92676ce25f34afb,18814.22866900001,1821.9603302393778,PPO-capacity-70-large-r0-B252000,solutions/test-Test-4-000--revision-v4--capacity-70/381177973d3224f6e1baecbb8e1922148d4d74f373b5740ba92676ce25f34afb.json
capacity-70,test-Test-4-000--revision-v4--capacity-70,54207.20426199997,10099.99439118735,eddbe982a85a7d7580d2a2a0682fcb214b817bdc2439de6654b6752817525a51,18898.999671000012,1817.2636078274897,PPO-capacity-70-large-r0-B252000,solutions/test-Test-4-000--revision-v4--capacity-70/eddbe982a85a7d7580d2a2a0682fcb214b817bdc2439de6654b6752817525a51.json
capacity-70,test-Test-4-000--revision-v4--capacity-70,54207.20426199997,10099.99439118735,f8dd6f26b2e552af4e0965cfaf346a27590e1b280277561ebb5b558aeb9db58a,18968.615624000013,1805.7846488730256,PPO-capacity-70-large-r0-B252000,solutions/test-Test-4-000--revision-v4--capacity-70/f8dd6f26b2e552af4e0965cfaf346a27590e1b280277561ebb5b558aeb9db58a.json
capacity-70,test-Test-4-000--revision-v4--capacity-70,54207.20426199997,10099.99439118735,be1286328636629ec9b7945036d3613112231685815dd337d93113be0e34a15b,18987.74562400001,1778.1121618247287,PPO-capacity-70-large-r0-B252000,solutions/test-Test-4-000--revision-v4--capacity-70/be1286328636629ec9b7945036d3613112231685815dd337d93113be0e34a15b.json
capacity-70,test-Test-4-000--revision-v4--capacity-70,54207.20426199997,10099.99439118735,00a1233fae1e9619245ad8b9e45a791c50931c7b4247bf5e8c79b4c343cbd10c,19087.714036000012,1775.008937111917,PPO-capacity-70-large-r0-B252000,solutions/test-Test-4-000--revision-v4--capacity-70/00a1233fae1e9619245ad8b9e45a791c50931c7b4247bf5e8c79b4c343cbd10c.json
capacity-70,test-Test-4-000--revision-v4--capacity-70,54207.20426199997,10099.99439118735,1d54746051668d2b107a1511b8408884e4b661ccc97e12528856ab718bfa698b,19145.617214000013,1770.7881109268415,PPO-capacity-70-large-r0-B252000,solutions/test-Test-4-000--revision-v4--capacity-70/1d54746051668d2b107a1511b8408884e4b661ccc97e12528856ab718bfa698b.json
capacity-70,test-Test-4-000--revision-v4--capacity-70,54207.20426199997,10099.99439118735,53c6f4e9b3b88372cc74049bc04ec04b4d8d1de56264336ef1a4f3ec91edba82,19170.53821400001,1740.5750064184165,PPO-capacity-70-large-r0-B252000,solutions/test-Test-4-000--revision-v4--capacity-70/53c6f4e9b3b88372cc74049bc04ec04b4d8d1de56264336ef1a4f3ec91edba82.json
capacity-70,test-Test-4-000--revision-v4--capacity-70,54207.20426199997,10099.99439118735,6956079eeab5934487bafe4212ed86b52c448eb7038d18cf8106becd91c4ccd5,19172.11921400001,1731.9442437175403,PPO-capacity-70-large-r0-B252000,solutions/test-Test-4-000--revision-v4--capacity-70/6956079eeab5934487bafe4212ed86b52c448eb7038d18cf8106becd91c4ccd5.json
capacity-70,test-Test-4-000--revision-v4--capacity-70,54207.20426199997,10099.99439118735,aab6cc37a03f2c34c79516c7d66f632dda9f93ee8bbb6021e2ae4e3c93b0c169,19178.43984600001,1722.8268701439317,PPO-capacity-70-large-r0-B252000,solutions/test-Test-4-000--revision-v4--capacity-70/aab6cc37a03f2c34c79516c7d66f632dda9f93ee8bbb6021e2ae4e3c93b0c169.json
capacity-70,test-Test-4-000--revision-v4--capacity-70,54207.20426199997,10099.99439118735,e998a917d906326ca2a3380c5c2b176b6337496a3b75da66e90e40b704b4e5aa,19178.60221400001,1719.2585858672564,PPO-capacity-70-large-r0-B252000,solutions/test-Test-4-000--revision-v4--capacity-70/e998a917d906326ca2a3380c5c2b176b6337496a3b75da66e90e40b704b4e5aa.json
capacity-70,test-Test-4-000--revision-v4--capacity-70,54207.20426199997,10099.99439118735,7dd529c3eabe9f252186e9d0298ed3effd2b867f641ed1a26d7acdec0905609b,19178.89021400001,1717.2725688274788,PPO-capacity-70-large-r0-B252000,solutions/test-Test-4-000--revision-v4--capacity-70/7dd529c3eabe9f252186e9d0298ed3effd2b867f641ed1a26d7acdec0905609b.json
capacity-70,test-Test-4-000--revision-v4--capacity-70,54207.20426199997,10099.99439118735,7840b236fcac847964676f48f1ca39b7536c2eebbd40dca26cfde3f426467d7d,19182.22021400001,1714.2166749549795,PPO-capacity-70-large-r0-B252000,solutions/test-Test-4-000--revision-v4--capacity-70/7840b236fcac847964676f48f1ca39b7536c2eebbd40dca26cfde3f426467d7d.json
capacity-70,test-Test-4-000--revision-v4--capacity-70,54207.20426199997,10099.99439118735,4148a07da509099a97f7f74367a2c6473ebda14e4a225d290cd15660f6e8cdc1,19201.86121400001,1713.576030944607,PPO-capacity-70-large-r0-B252000,solutions/test-Test-4-000--revision-v4--capacity-70/4148a07da509099a97f7f74367a2c6473ebda14e4a225d290cd15660f6e8cdc1.json
capacity-70,test-Test-4-000--revision-v4--capacity-70,54207.20426199997,10099.99439118735,efdea054999096862f0333c4706f0255d36f096e442c41bf1bef4b24e51c9b74,19211.74921400001,1712.272193520468,PPO-capacity-70-large-r0-B252000,solutions/test-Test-4-000--revision-v4--capacity-70/efdea054999096862f0333c4706f0255d36f096e442c41bf1bef4b24e51c9b74.json
capacity-70,test-Test-4-000--revision-v4--capacity-70,54207.20426199997,10099.99439118735,cca9833317d1b2c987408969bd607fe08aa51a999d3e0a3e5aefafae63bb7251,19264.09921400001,1711.315520733637,PPO-capacity-70-large-r0-B252000,solutions/test-Test-4-000--revision-v4--capacity-70/cca9833317d1b2c987408969bd607fe08aa51a999d3e0a3e5aefafae63bb7251.json
capacity-70,test-Test-4-000--revision-v4--capacity-70,54207.20426199997,10099.99439118735,39752ff59340515c4540ff973f51a0b1e476c6bfc99d6a22fdc4ae2203f6a7f9,19267.54021400001,1707.0014506312523,PPO-capacity-70-large-r0-B252000,solutions/test-Test-4-000--revision-v4--capacity-70/39752ff59340515c4540ff973f51a0b1e476c6bfc99d6a22fdc4ae2203f6a7f9.json
capacity-70,test-Test-4-000--revision-v4--capacity-70,54207.20426199997,10099.99439118735,955574adf34e1634357cbd8c0999fec8b3ab293a20749c6818275d615d10eb62,19297.21621400001,1705.9738697716764,PPO-capacity-70-large-r0-B252000,solutions/test-Test-4-000--revision-v4--capacity-70/955574adf34e1634357cbd8c0999fec8b3ab293a20749c6818275d615d10eb62.json
capacity-70,test-Test-4-000--revision-v4--capacity-70,54207.20426199997,10099.99439118735,43444e6b4c27d4d0d6fb10eca7ff948868f3493931709d4780e67c7271bb54e5,19315.258214000012,1697.006355362745,PPO-capacity-70-large-r0-B252000,solutions/test-Test-4-000--revision-v4--capacity-70/43444e6b4c27d4d0d6fb10eca7ff948868f3493931709d4780e67c7271bb54e5.json
capacity-70,test-Test-4-000--revision-v4--capacity-70,54207.20426199997,10099.99439118735,a34486fd4159d02ad2de73f39fdc850aa8f30ae80105b255d3511073e010dab3,19348.47021400001,1687.5294222253824,PPO-capacity-70-large-r0-B252000,solutions/test-Test-4-000--revision-v4--capacity-70/a34486fd4159d02ad2de73f39fdc850aa8f30ae80105b255d3511073e010dab3.json
capacity-70,test-Test-4-000--revision-v4--capacity-70,54207.20426199997,10099.99439118735,fde2e78ccd287d4bbc1ea19685e8b6799510558b87bd840342962b79f3241bb8,19370.65746400001,1687.2062467876508,PPO-capacity-70-large-r0-B252000,solutions/test-Test-4-000--revision-v4--capacity-70/fde2e78ccd287d4bbc1ea19685e8b6799510558b87bd840342962b79f3241bb8.json
capacity-70,test-Test-4-000--revision-v4--capacity-70,54207.20426199997,10099.99439118735,cff30ffbe34d3186ca183b775d5e9d818bb54e729b022f126ff3b8c4c178097d,19439.06421400001,1681.2108025137932,PPO-capacity-70-large-r0-B252000,solutions/test-Test-4-000--revision-v4--capacity-70/cff30ffbe34d3186ca183b775d5e9d818bb54e729b022f126ff3b8c4c178097d.json
capacity-70,test-Test-4-000--revision-v4--capacity-70,54207.20426199997,10099.99439118735,dd912417f33a74ec7e7ebc534e29ff1390d0557f780619a2815dd4b1ce41d864,19677.591219000005,1439.5699714489363,PPO-capacity-70-large-r2-B252000,solutions/test-Test-4-000--revision-v4--capacity-70/dd912417f33a74ec7e7ebc534e29ff1390d0557f780619a2815dd4b1ce41d864.json
capacity-70,test-Test-4-000--revision-v4--capacity-70,54207.20426199997,10099.99439118735,c5cc9148a5bd9f0b51aa145032826cfead70985035a9d013dab01e248e85c3a4,19701.030219000007,1410.9967513034026,PPO-capacity-70-large-r2-B252000,solutions/test-Test-4-000--revision-v4--capacity-70/c5cc9148a5bd9f0b51aa145032826cfead70985035a9d013dab01e248e85c3a4.json
capacity-70,test-Test-4-000--revision-v4--capacity-70,54207.20426199997,10099.99439118735,1876a3e49b9644837540d857418bdb5670cccdb64c4f16fc9d716c2dd08faaec,19701.612219000006,1408.7176835022685,PPO-capacity-70-large-r2-B252000,solutions/test-Test-4-000--revision-v4--capacity-70/1876a3e49b9644837540d857418bdb5670cccdb64c4f16fc9d716c2dd08faaec.json
capacity-70,test-Test-4-000--revision-v4--capacity-70,54207.20426199997,10099.99439118735,bb8eba18558fad5ed31745cd7f67f217353482ee6458444696b1de4d73a54c97,19702.003799000006,1408.6264679682622,PPO-capacity-70-large-r2-B252000,solutions/test-Test-4-000--revision-v4--capacity-70/bb8eba18558fad5ed31745cd7f67f217353482ee6458444696b1de4d73a54c97.json
capacity-70,test-Test-4-000--revision-v4--capacity-70,54207.20426199997,10099.99439118735,f250bd5bbcb190d9d85b5d500c39a108857b3dfd9b258e1bda30c1c192879aef,19710.963219000005,1407.3321927391128,PPO-capacity-70-large-r2-B252000,solutions/test-Test-4-000--revision-v4--capacity-70/f250bd5bbcb190d9d85b5d500c39a108857b3dfd9b258e1bda30c1c192879aef.json
capacity-70,test-Test-4-000--revision-v4--capacity-70,54207.20426199997,10099.99439118735,8af4125a86f5e61c527e974c4438462dede0ff222253a590ce18e5b8626bafb5,19711.545219000007,1405.0531249379792,PPO-capacity-70-large-r2-B252000,solutions/test-Test-4-000--revision-v4--capacity-70/8af4125a86f5e61c527e974c4438462dede0ff222253a590ce18e5b8626bafb5.json
capacity-70,test-Test-4-000--revision-v4--capacity-70,54207.20426199997,10099.99439118735,285aec8a6892cf74bbb68be8ab82c3e40018dcc7c21a910341a2e987d3420c6b,19717.470219000003,1405.0253441286,PPO-capacity-70-large-r2-B252000,solutions/test-Test-4-000--revision-v4--capacity-70/285aec8a6892cf74bbb68be8ab82c3e40018dcc7c21a910341a2e987d3420c6b.json
capacity-70,test-Test-4-000--revision-v4--capacity-70,54207.20426199997,10099.99439118735,81b51dde37d37095f59d793a1a6b400aece467e4b276ee6b52511b834460f717,19732.134219000003,1403.4963517564372,PPO-capacity-70-large-r2-B252000,solutions/test-Test-4-000--revision-v4--capacity-70/81b51dde37d37095f59d793a1a6b400aece467e4b276ee6b52511b834460f717.json
capacity-70,test-Test-4-000--revision-v4--capacity-70,54207.20426199997,10099.99439118735,b6e10b08ad56f59ad6a40fd2dde0c2ea5f932388e40ce6549cb5eb57c6eee3f5,19780.377219000005,1402.2508659859614,PPO-capacity-70-large-r2-B252000,solutions/test-Test-4-000--revision-v4--capacity-70/b6e10b08ad56f59ad6a40fd2dde0c2ea5f932388e40ce6549cb5eb57c6eee3f5.json
capacity-70,test-Test-4-000--revision-v4--capacity-70,54207.20426199997,10099.99439118735,ad75213cff2fdd7270ad882e37dbc85f639fef8c3b14ced86a1a17b795a8512a,19788.015219,1389.6597769384443,PPO-capacity-70-large-r2-B252000,solutions/test-Test-4-000--revision-v4--capacity-70/ad75213cff2fdd7270ad882e37dbc85f639fef8c3b14ced86a1a17b795a8512a.json
capacity-70,test-Test-4-000--revision-v4--capacity-70,54207.20426199997,10099.99439118735,221a26f1835a459eb5cbc6a29f1c4222ca2ef5462376d9e117f74e370ba4026a,19788.597219000003,1387.380709137311,PPO-capacity-70-large-r2-B252000,solutions/test-Test-4-000--revision-v4--capacity-70/221a26f1835a459eb5cbc6a29f1c4222ca2ef5462376d9e117f74e370ba4026a.json
capacity-70,test-Test-4-000--revision-v4--capacity-70,54207.20426199997,10099.99439118735,7453df63953dfef52ca861efd3ca1ed1118d1f8373fdcb6f1e01051fb0933f73,19803.678219,1383.7014035512263,PPO-capacity-70-large-r2-B252000,solutions/test-Test-4-000--revision-v4--capacity-70/7453df63953dfef52ca861efd3ca1ed1118d1f8373fdcb6f1e01051fb0933f73.json
capacity-70,test-Test-4-000--revision-v4--capacity-70,54207.20426199997,10099.99439118735,9c35662e33a5fc3f5fd7fc23632917e18dce00be7883976e76c2dd803d1633ca,19828.545219000007,1365.1388571451944,PPO-capacity-70-large-r2-B252000,solutions/test-Test-4-000--revision-v4--capacity-70/9c35662e33a5fc3f5fd7fc23632917e18dce00be7883976e76c2dd803d1633ca.json
capacity-70,test-Test-4-000--revision-v4--capacity-70,54207.20426199997,10099.99439118735,1b0431342ad6c37d890668cca7adef00a92f165375f667f729db1312b06566ca,19896.795219000003,1363.7354678594324,PPO-capacity-70-large-r2-B252000,solutions/test-Test-4-000--revision-v4--capacity-70/1b0431342ad6c37d890668cca7adef00a92f165375f667f729db1312b06566ca.json
capacity-70,test-Test-4-000--revision-v4--capacity-70,54207.20426199997,10099.99439118735,0c76e05cf1121bce363e1abbd9abbf23c23a4eb8f2f465ffdf160fae9a134d81,19914.434658000013,1345.7260397279163,PPO-capacity-70-large-r2-B252000,solutions/test-Test-4-000--revision-v4--capacity-70/0c76e05cf1121bce363e1abbd9abbf23c23a4eb8f2f465ffdf160fae9a134d81.json
capacity-70,test-Test-4-000--revision-v4--capacity-70,54207.20426199997,10099.99439118735,08f081aae5573a88b58d73c02954440056de5a3767c8e891cfcfd71440bb9b01,19915.530219000004,1343.8018827802364,PPO-capacity-70-large-r2-B252000,solutions/test-Test-4-000--revision-v4--capacity-70/08f081aae5573a88b58d73c02954440056de5a3767c8e891cfcfd71440bb9b01.json
capacity-70,test-Test-4-000--revision-v4--capacity-70,54207.20426199997,10099.99439118735,3609e15e112843d44d20746124d6634517143db8d477ffe90c73b4107f32344c,19918.92857800001,1342.298400961381,PPO-capacity-70-large-r2-B252000,solutions/test-Test-4-000--revision-v4--capacity-70/3609e15e112843d44d20746124d6634517143db8d477ffe90c73b4107f32344c.json
capacity-70,test-Test-4-000--revision-v4--capacity-70,54207.20426199997,10099.99439118735,df7f3445c62e0ebc31f6c5ef0616748665cc2310e657235e1e61c2293a9878a4,19920.55165800001,1341.8772896348921,PPO-capacity-70-large-r2-B252000,solutions/test-Test-4-000--revision-v4--capacity-70/df7f3445c62e0ebc31f6c5ef0616748665cc2310e657235e1e61c2293a9878a4.json
capacity-70,test-Test-4-000--revision-v4--capacity-70,54207.20426199997,10099.99439118735,fa6f9ad9a8d6e88d44f47ef2970d4e5106564f0e2bd9fd805b5502892b6872b7,19920.68357800001,1340.6287406725958,PPO-capacity-70-large-r2-B252000,solutions/test-Test-4-000--revision-v4--capacity-70/fa6f9ad9a8d6e88d44f47ef2970d4e5106564f0e2bd9fd805b5502892b6872b7.json
capacity-70,test-Test-4-000--revision-v4--capacity-70,54207.20426199997,10099.99439118735,f4330404a9a9951cdc24f03bbea5b7901f0f91a67efcc20feddb6ad72a3fde51,19937.87365800001,1339.1883288872539,PPO-capacity-70-large-r2-B252000,solutions/test-Test-4-000--revision-v4--capacity-70/f4330404a9a9951cdc24f03bbea5b7901f0f91a67efcc20feddb6ad72a3fde51.json
capacity-70,test-Test-4-000--revision-v4--capacity-70,54207.20426199997,10099.99439118735,f1c1b79834d49cfd953803d524e9d5ceab0c7081162d8731626933fc1cbf8c1e,19990.33665800001,1339.0686852305337,PPO-capacity-70-large-r2-B252000,solutions/test-Test-4-000--revision-v4--capacity-70/f1c1b79834d49cfd953803d524e9d5ceab0c7081162d8731626933fc1cbf8c1e.json
capacity-70,test-Test-4-000--revision-v4--capacity-70,54207.20426199997,10099.99439118735,61a71ae794cf0f605f14d7ba4dcf31d3d337c993ec4fd29c54d57d6e5029e86e,20003.33665800001,1334.687941045986,PPO-capacity-70-large-r2-B252000,solutions/test-Test-4-000--revision-v4--capacity-70/61a71ae794cf0f605f14d7ba4dcf31d3d337c993ec4fd29c54d57d6e5029e86e.json
capacity-70,test-Test-4-000--revision-v4--capacity-70,54207.20426199997,10099.99439118735,064ca30a196f97552056921635f51e5008c71b1cce07c0d9e3ab5fb8729c9ccf,20005.091658000012,1333.0182807572003,PPO-capacity-70-large-r2-B252000,solutions/test-Test-4-000--revision-v4--capacity-70/064ca30a196f97552056921635f51e5008c71b1cce07c0d9e3ab5fb8729c9ccf.json
capacity-70,test-Test-4-000--revision-v4--capacity-70,54207.20426199997,10099.99439118735,664b368e7afb650206e1b8b74575a9474ea4014af7cfe0fe22937214d9f76381,20019.284658000015,1328.2130204669602,PPO-capacity-70-large-r2-B252000,solutions/test-Test-4-000--revision-v4--capacity-70/664b368e7afb650206e1b8b74575a9474ea4014af7cfe0fe22937214d9f76381.json
capacity-70,test-Test-4-000--revision-v4--capacity-70,54207.20426199997,10099.99439118735,f21825e28a22461017eb90067128844fc77b35fb972acb39e14a0a0e08ec8cd1,20040.647658000013,1324.3727188703697,PPO-capacity-70-large-r2-B252000,solutions/test-Test-4-000--revision-v4--capacity-70/f21825e28a22461017eb90067128844fc77b35fb972acb39e14a0a0e08ec8cd1.json
capacity-70,test-Test-4-000--revision-v4--capacity-70,54207.20426199997,10099.99439118735,f1c0ee6119a6edfe014051876ec45d2f47d77f7693c9822f1cf9c0cd89f2fda5,20042.402658000014,1322.703058581584,PPO-capacity-70-large-r2-B252000,solutions/test-Test-4-000--revision-v4--capacity-70/f1c0ee6119a6edfe014051876ec45d2f47d77f7693c9822f1cf9c0cd89f2fda5.json
capacity-70,test-Test-4-000--revision-v4--capacity-70,54207.20426199997,10099.99439118735,c8e985081d3bae974df3eb08b68d907ea9e64c53e8acac4ff3308c45f12f03c9,20049.06565800001,1322.5551470476084,PPO-capacity-70-large-r2-B252000,solutions/test-Test-4-000--revision-v4--capacity-70/c8e985081d3bae974df3eb08b68d907ea9e64c53e8acac4ff3308c45f12f03c9.json
capacity-70,test-Test-4-000--revision-v4--capacity-70,54207.20426199997,10099.99439118735,fb88d26d59c8a2fe74d5b90161e320464ac998c7650e2f17c8c44ab4ae118830,20052.575658000012,1316.0334795487863,PPO-capacity-70-large-r2-B252000,solutions/test-Test-4-000--revision-v4--capacity-70/fb88d26d59c8a2fe74d5b90161e320464ac998c7650e2f17c8c44ab4ae118830.json
capacity-70,test-Test-4-000--revision-v4--capacity-70,54207.20426199997,10099.99439118735,1d30d03c91236a3eb09f1d6d6b9c7d714c56fd6512232decc5b3560b54f4dc9f,20071.96765800001,1312.1439441910834,PPO-capacity-70-large-r2-B252000,solutions/test-Test-4-000--revision-v4--capacity-70/1d30d03c91236a3eb09f1d6d6b9c7d714c56fd6512232decc5b3560b54f4dc9f.json
capacity-70,test-Test-4-000--revision-v4--capacity-70,54207.20426199997,10099.99439118735,86f34fb61abf905dbe28154ed11ce6cd124e33ec834f224bd59b6421eacf5143,20150.79865800001,1304.7585184731752,PPO-capacity-70-large-r2-B252000,solutions/test-Test-4-000--revision-v4--capacity-70/86f34fb61abf905dbe28154ed11ce6cd124e33ec834f224bd59b6421eacf5143.json
capacity-70,test-Test-4-000--revision-v4--capacity-70,54207.20426199997,10099.99439118735,d30c971a108205e8cc2dc71c77e3717b38b8a2cad7ee102cac315dcd3e5ce2b7,20400.643472000003,1296.7715538849282,PPO-capacity-70-large-r1-B252000,solutions/test-Test-4-000--revision-v4--capacity-70/d30c971a108205e8cc2dc71c77e3717b38b8a2cad7ee102cac315dcd3e5ce2b7.json
capacity-70,test-Test-4-000--revision-v4--capacity-70,54207.20426199997,10099.99439118735,13a017d6655c7c6b63d4f5e34d5cac4c78f2bfdf969bc74f4e7d6a803b3222b9,20441.554472000007,1240.2289604348935,PPO-capacity-70-large-r1-B252000,solutions/test-Test-4-000--revision-v4--capacity-70/13a017d6655c7c6b63d4f5e34d5cac4c78f2bfdf969bc74f4e7d6a803b3222b9.json
capacity-70,test-Test-4-000--revision-v4--capacity-70,54207.20426199997,10099.99439118735,1b39db4753f47dae27d39929f81c8876c9b23b9642ddd629823f08e4202cc18f,20479.222472000005,1230.722015761393,PPO-capacity-70-large-r1-B252000,solutions/test-Test-4-000--revision-v4--capacity-70/1b39db4753f47dae27d39929f81c8876c9b23b9642ddd629823f08e4202cc18f.json
capacity-70,test-Test-4-000--revision-v4--capacity-70,54207.20426199997,10099.99439118735,d627b7a5d5491e5d681cce5605d48b6ec99241abe78ab00271f29a9f7a81c481,20494.101002000007,1228.094908936841,PPO-capacity-70-large-r1-B252000,solutions/test-Test-4-000--revision-v4--capacity-70/d627b7a5d5491e5d681cce5605d48b6ec99241abe78ab00271f29a9f7a81c481.json
capacity-70,test-Test-4-000--revision-v4--capacity-70,54207.20426199997,10099.99439118735,0ecd6465ea28d64e3f57b39212b7ca56b1de512ea5e5737f3f6282a5616d857e,20497.510472000005,1217.248148474283,PPO-capacity-70-large-r1-B252000,solutions/test-Test-4-000--revision-v4--capacity-70/0ecd6465ea28d64e3f57b39212b7ca56b1de512ea5e5737f3f6282a5616d857e.json
capacity-70,test-Test-4-000--revision-v4--capacity-70,54207.20426199997,10099.99439118735,284be481a375a3597bb90ddb56c7fdde6e2056190556fa549ce1725511b4aa38,20497.768472000007,1217.181705796178,PPO-capacity-70-large-r1-B252000,solutions/test-Test-4-000--revision-v4--capacity-70/284be481a375a3597bb90ddb56c7fdde6e2056190556fa549ce1725511b4aa38.json
capacity-70,test-Test-4-000--revision-v4--capacity-70,54207.20426199997,10099.99439118735,b961ea5e094af5a9a63eb4af51e06c3e05f2715e7198e39c0e2ee0b87ce62e00,20536.414472000004,1215.9860287729996,PPO-capacity-70-large-r1-B252000,solutions/test-Test-4-000--revision-v4--capacity-70/b961ea5e094af5a9a63eb4af51e06c3e05f2715e7198e39c0e2ee0b87ce62e00.json
capacity-70,test-Test-4-000--revision-v4--capacity-70,54207.20426199997,10099.99439118735,174b826dc11be9f61585b765b866a783bc10c66fb9699bc21325cf8aadac6366,20546.241519000007,1215.6980035249187,PPO-capacity-70-large-r1-B252000,solutions/test-Test-4-000--revision-v4--capacity-70/174b826dc11be9f61585b765b866a783bc10c66fb9699bc21325cf8aadac6366.json
capacity-70,test-Test-4-000--revision-v4--capacity-70,54207.20426199997,10099.99439118735,2f9d1dd861a51d999a16d50d63ad635307b96450093b0608c047fb0fdd2835c9,20576.200472000004,1208.297434382558,PPO-capacity-70-large-r1-B252000,solutions/test-Test-4-000--revision-v4--capacity-70/2f9d1dd861a51d999a16d50d63ad635307b96450093b0608c047fb0fdd2835c9.json
capacity-70,test-Test-4-000--revision-v4--capacity-70,54207.20426199997,10099.99439118735,09424a659fb9e2818945901256da9a815cec88089e3a56a38aa61168f44c50da,20779.924472000006,1205.346143141308,PPO-capacity-70-large-r1-B252000,solutions/test-Test-4-000--revision-v4--capacity-70/09424a659fb9e2818945901256da9a815cec88089e3a56a38aa61168f44c50da.json
capacity-70,test-Test-4-000--revision-v4--capacity-70,54207.20426199997,10099.99439118735,3733fbf2a3ff1554bfe5dbaf39ed4c95718aa149709f58136a9d5f9ec27549e0,20839.742679000003,1184.1977035703687,PPO-capacity-70-large-r1-B252000,solutions/test-Test-4-000--revision-v4--capacity-70/3733fbf2a3ff1554bfe5dbaf39ed4c95718aa149709f58136a9d5f9ec27549e0.json
capacity-70,test-Test-4-000--revision-v4--capacity-70,54207.20426199997,10099.99439118735,f81e42ddb6581d12cf8563eb19f63e1ac3c3da8902375695df8114612f380187,20851.563995,1178.811523340614,PPO-capacity-70-large-r1-B252000,solutions/test-Test-4-000--revision-v4--capacity-70/f81e42ddb6581d12cf8563eb19f63e1ac3c3da8902375695df8114612f380187.json
capacity-70,test-Test-4-000--revision-v4--capacity-70,54207.20426199997,10099.99439118735,e069d3c70212257ee90c754ec9ab8d410a540b941c9a90da160380d8951cf0c0,20851.617995,1178.7011296739788,PPO-capacity-70-large-r1-B252000,solutions/test-Test-4-000--revision-v4--capacity-70/e069d3c70212257ee90c754ec9ab8d410a540b941c9a90da160380d8951cf0c0.json
capacity-70,test-Test-4-000--revision-v4--capacity-70,54207.20426199997,10099.99439118735,c77865f5f658c86373a59f811aae77808776b63c80ec2327baead4832193d7e3,20875.635995,1174.7523369199746,PPO-capacity-70-large-r1-B252000,solutions/test-Test-4-000--revision-v4--capacity-70/c77865f5f658c86373a59f811aae77808776b63c80ec2327baead4832193d7e3.json
capacity-70,test-Test-4-000--revision-v4--capacity-70,54207.20426199997,10099.99439118735,6bbb4ce3280d9f7e147198c372ea1c41bb31afef9cfa3b1c4f069a1d3a4e88d1,20894.796995,1173.0858776348578,PPO-capacity-70-large-r1-B252000,solutions/test-Test-4-000--revision-v4--capacity-70/6bbb4ce3280d9f7e147198c372ea1c41bb31afef9cfa3b1c4f069a1d3a4e88d1.json
capacity-70,test-Test-4-000--revision-v4--capacity-70,54207.20426199997,10099.99439118735,f74860765ee9176fe86457b2a3eb74a85a6698067483d23a4645dc5ae524aac9,20901.126756,1104.0154112954845,PPO-capacity-70-large-r2-B252000,solutions/test-Test-4-000--revision-v4--capacity-70/f74860765ee9176fe86457b2a3eb74a85a6698067483d23a4645dc5ae524aac9.json
capacity-70,test-Test-4-000--revision-v4--capacity-70,54207.20426199997,10099.99439118735,6b3580d809262a29bc256328a644da38569f9ae40d848498e4fe9b92963f4f8a,20932.491127,1070.6999891374994,PPO-capacity-70-large-r0-B252000,solutions/test-Test-4-000--revision-v4--capacity-70/6b3580d809262a29bc256328a644da38569f9ae40d848498e4fe9b92963f4f8a.json
capacity-70,test-Test-4-000--revision-v4--capacity-70,54207.20426199997,10099.99439118735,b5bda44066113f1b68b7723a56ff9edcac8bf3ea6f37bd7e059030772150936d,20947.539756000002,1042.8226837399116,PPO-capacity-70-large-r2-B252000,solutions/test-Test-4-000--revision-v4--capacity-70/b5bda44066113f1b68b7723a56ff9edcac8bf3ea6f37bd7e059030772150936d.json
capacity-70,test-Test-4-000--revision-v4--capacity-70,54207.20426199997,10099.99439118735,11e7f83581790b835521d6e27181886c593090c209a7d4c2c0703e0f98783316,20948.808756000002,1040.7606814004373,PPO-capacity-70-large-r2-B252000,solutions/test-Test-4-000--revision-v4--capacity-70/11e7f83581790b835521d6e27181886c593090c209a7d4c2c0703e0f98783316.json
capacity-70,test-Test-4-000--revision-v4--capacity-70,54207.20426199997,10099.99439118735,83256813e9876135327aff934ab055b095e49f0755bb6cb9d560548a4397f0d4,20951.535756000005,1026.1919317461413,PPO-capacity-70-large-r2-B252000,solutions/test-Test-4-000--revision-v4--capacity-70/83256813e9876135327aff934ab055b095e49f0755bb6cb9d560548a4397f0d4.json
capacity-70,test-Test-4-000--revision-v4--capacity-70,54207.20426199997,10099.99439118735,7001e924dbcd4b33da6a7815c4e0459214548c111624ad77c1dc5d8c5c2738ff,20967.133772,1011.7439109826521,PPO-capacity-70-large-r2-B252000,solutions/test-Test-4-000--revision-v4--capacity-70/7001e924dbcd4b33da6a7815c4e0459214548c111624ad77c1dc5d8c5c2738ff.json
capacity-70,test-Test-4-000--revision-v4--capacity-70,54207.20426199997,10099.99439118735,e2a1308c99835fb6a0d3ce932b8c8356337749e5b5d0718c9db33c0c994c0d74,20989.972772,1006.6589336744102,PPO-capacity-70-large-r2-B252000,solutions/test-Test-4-000--revision-v4--capacity-70/e2a1308c99835fb6a0d3ce932b8c8356337749e5b5d0718c9db33c0c994c0d74.json
capacity-70,test-Test-4-000--revision-v4--capacity-70,54207.20426199997,10099.99439118735,d4c723e9332526e332777f41ec388f1b0ef23d4dd47b5d8ead7a4fc28c44db24,21024.489756000003,1006.2898140412548,PPO-capacity-70-large-r2-B252000,solutions/test-Test-4-000--revision-v4--capacity-70/d4c723e9332526e332777f41ec388f1b0ef23d4dd47b5d8ead7a4fc28c44db24.json
capacity-70,test-Test-4-000--revision-v4--capacity-70,54207.20426199997,10099.99439118735,0fde2d69ffd5d93665e88a8f31355452ad28750707297cf35b8438815f420632,21062.739756000003,1003.1880917057852,PPO-capacity-70-large-r2-B252000,solutions/test-Test-4-000--revision-v4--capacity-70/0fde2d69ffd5d93665e88a8f31355452ad28750707297cf35b8438815f420632.json
capacity-70,test-Test-4-000--revision-v4--capacity-70,54207.20426199997,10099.99439118735,fe50ad3afef80e252aa0142b3547646f5ec096b9369d12e93d00242ad240fe12,21063.030756,1003.1416869299071,PPO-capacity-70-large-r2-B252000,solutions/test-Test-4-000--revision-v4--capacity-70/fe50ad3afef80e252aa0142b3547646f5ec096b9369d12e93d00242ad240fe12.json
capacity-70,test-Test-4-000--revision-v4--capacity-70,54207.20426199997,10099.99439118735,1a6784d5e85b3206a66fb2f918e50efbe86ad7848701f63f5484abce498a965c,21151.049756,1001.1051169168392,PPO-capacity-70-large-r2-B252000,solutions/test-Test-4-000--revision-v4--capacity-70/1a6784d5e85b3206a66fb2f918e50efbe86ad7848701f63f5484abce498a965c.json
capacity-70,test-Test-4-000--revision-v4--capacity-70,54207.20426199997,10099.99439118735,d78eb8e8d7549c515609bf3fa30c5d9dd898a9fa27de32ed4ea0aee2367351a4,21225.876756000005,998.9417927966714,PPO-capacity-70-large-r2-B252000,solutions/test-Test-4-000--revision-v4--capacity-70/d78eb8e8d7549c515609bf3fa30c5d9dd898a9fa27de32ed4ea0aee2367351a4.json
capacity-70,test-Test-4-000--revision-v4--capacity-70,54207.20426199997,10099.99439118735,12501b321c7b6310869d1d40a3fd5b169154cf9af3754ceb7e2026b2ff02cfe9,21258.608756,997.9922754448373,PPO-capacity-70-large-r2-B252000,solutions/test-Test-4-000--revision-v4--capacity-70/12501b321c7b6310869d1d40a3fd5b169154cf9af3754ceb7e2026b2ff02cfe9.json
capacity-70,test-Test-4-000--revision-v4--capacity-70,54207.20426199997,10099.99439118735,6bf23d01c87d166f28d0ce5ea74c4c0ebf0c4cd6261a512eab4b9f2e6012789e,21290.832436999997,994.8130550664733,PPO-capacity-70-large-r1-B252000,solutions/test-Test-4-000--revision-v4--capacity-70/6bf23d01c87d166f28d0ce5ea74c4c0ebf0c4cd6261a512eab4b9f2e6012789e.json
capacity-70,test-Test-4-000--revision-v4--capacity-70,54207.20426199997,10099.99439118735,49a32c5a54d1602b00830fa83f4bc376aa7ebbf6f4608f8f4fe7aebdfb29b30e,21400.14831,955.37340370935,PPO-capacity-70-large-r1-B252000,solutions/test-Test-4-000--revision-v4--capacity-70/49a32c5a54d1602b00830fa83f4bc376aa7ebbf6f4608f8f4fe7aebdfb29b30e.json
capacity-70,test-Test-4-000--revision-v4--capacity-70,54207.20426199997,10099.99439118735,ef8d7356be0a72c7933019cd6758857f7631e1b2efa370c8ef9e542ab08cc6bc,21489.00131,892.9523417224954,PPO-capacity-70-large-r1-B252000,solutions/test-Test-4-000--revision-v4--capacity-70/ef8d7356be0a72c7933019cd6758857f7631e1b2efa370c8ef9e542ab08cc6bc.json
capacity-70,test-Test-4-000--revision-v4--capacity-70,54207.20426199997,10099.99439118735,426f3697ddd1de75c826575fd045f64ca1d69b72a1bdb03da8e36a96138b313f,21492.22031,891.725071900367,PPO-capacity-70-large-r1-B252000,solutions/test-Test-4-000--revision-v4--capacity-70/426f3697ddd1de75c826575fd045f64ca1d69b72a1bdb03da8e36a96138b313f.json
capacity-70,test-Test-4-000--revision-v4--capacity-70,54207.20426199997,10099.99439118735,6c29c305f051b83d475f943613cd3b0b859ab66df80935077cae7b3ca4fc03d8,21493.35431,890.9219700119774,PPO-capacity-70-large-r1-B252000,solutions/test-Test-4-000--revision-v4--capacity-70/6c29c305f051b83d475f943613cd3b0b859ab66df80935077cae7b3ca4fc03d8.json
capacity-70,test-Test-4-000--revision-v4--capacity-70,54207.20426199997,10099.99439118735,bf38d688c08bc63c5e5735523fe285a2289005a697b55a8ca8da88207baa199a,21515.85131,890.5425255074646,PPO-capacity-70-large-r1-B252000,solutions/test-Test-4-000--revision-v4--capacity-70/bf38d688c08bc63c5e5735523fe285a2289005a697b55a8ca8da88207baa199a.json
capacity-70,test-Test-4-000--revision-v4--capacity-70,54207.20426199997,10099.99439118735,8ac8faf29294fee2737ec8b243d243b84c7d21fa0c9db3c50d8f18e3b6cad870,21519.47531,889.7764431460055,PPO-capacity-70-large-r1-B252000,solutions/test-Test-4-000--revision-v4--capacity-70/8ac8faf29294fee2737ec8b243d243b84c7d21fa0c9db3c50d8f18e3b6cad870.json
capacity-70,test-Test-4-000--revision-v4--capacity-70,54207.20426199997,10099.99439118735,8ef40a2faac3ef21db88a5fa4d33857126d8a132f85d7889bb6590c89a352ad7,21520.20431,888.5121537969466,PPO-capacity-70-large-r1-B252000,solutions/test-Test-4-000--revision-v4--capacity-70/8ef40a2faac3ef21db88a5fa4d33857126d8a132f85d7889bb6590c89a352ad7.json
capacity-70,test-Test-4-000--revision-v4--capacity-70,54207.20426199997,10099.99439118735,dfc7a981eb6c4d4e386d89b2c995dac14b7ece852fce3133ca75738e6fda454d,21543.38231,885.0174778875268,PPO-capacity-70-large-r1-B252000,solutions/test-Test-4-000--revision-v4--capacity-70/dfc7a981eb6c4d4e386d89b2c995dac14b7ece852fce3133ca75738e6fda454d.json
capacity-70,test-Test-4-000--revision-v4--capacity-70,54207.20426199997,10099.99439118735,3e3cbe4bad3cda47022db668031b237cde5109e2319511711ff446b946f4a147,21546.967388,883.1298220588491,PPO-capacity-70-large-r1-B252000,solutions/test-Test-4-000--revision-v4--capacity-70/3e3cbe4bad3cda47022db668031b237cde5109e2319511711ff446b946f4a147.json
capacity-70,test-Test-4-000--revision-v4--capacity-70,54207.20426199997,10099.99439118735,84e8636a127975718fc25c47d61542ec03567242e254908a724a4a0ff6c1eef7,21589.55831,880.8250999251919,PPO-capacity-70-large-r1-B252000,solutions/test-Test-4-000--revision-v4--capacity-70/84e8636a127975718fc25c47d61542ec03567242e254908a724a4a0ff6c1eef7.json
capacity-70,test-Test-4-000--revision-v4--capacity-70,54207.20426199997,10099.99439118735,52b4cefa99fb706a42eb4a3feba009495854b9db10a3e70bfd523ab0cb436225,21592.77731,879.5978301030638,PPO-capacity-70-large-r1-B252000,solutions/test-Test-4-000--revision-v4--capacity-70/52b4cefa99fb706a42eb4a3feba009495854b9db10a3e70bfd523ab0cb436225.json
capacity-70,test-Test-4-000--revision-v4--capacity-70,54207.20426199997,10099.99439118735,baea8acdb5cc43928a16b09bb9778d151dde86963548b311b1d254c8967683be,21593.91131,878.794728214674,PPO-capacity-70-large-r1-B252000,solutions/test-Test-4-000--revision-v4--capacity-70/baea8acdb5cc43928a16b09bb9778d151dde86963548b311b1d254c8967683be.json
capacity-70,test-Test-4-000--revision-v4--capacity-70,54207.20426199997,10099.99439118735,cd1dc7d6952e0be44724598fae4ae895ef2dd0750457a7dcff427090395d9d34,21630.81131,877.8162026146538,PPO-capacity-70-large-r1-B252000,solutions/test-Test-4-000--revision-v4--capacity-70/cd1dc7d6952e0be44724598fae4ae895ef2dd0750457a7dcff427090395d9d34.json
capacity-70,test-Test-4-000--revision-v4--capacity-70,54207.20426199997,10099.99439118735,05fbd88ad756e81e198623078cd135ec09c8ced9361e67d776c669ae9bda0207,21689.77331,870.3835770894656,PPO-capacity-70-large-r1-B252000,solutions/test-Test-4-000--revision-v4--capacity-70/05fbd88ad756e81e198623078cd135ec09c8ced9361e67d776c669ae9bda0207.json
capacity-70,test-Test-4-000--revision-v4--capacity-70,54207.20426199997,10099.99439118735,cd5cc166e33cc31b6c2abaf0cf6f8551e2dd02a86de8a322b82d4797c42caceb,22050.29431,868.3337792792923,PPO-capacity-70-large-r1-B252000,solutions/test-Test-4-000--revision-v4--capacity-70/cd5cc166e33cc31b6c2abaf0cf6f8551e2dd02a86de8a322b82d4797c42caceb.json
capacity-70,test-Test-4-000--revision-v4--capacity-70,54207.20426199997,10099.99439118735,57beace5b8d08ef01453237b2139380fac3aa07cb8a060e9793005cc44e17c66,22056.400188000007,864.6803759561336,PPO-capacity-70-large-r1-B252000,solutions/test-Test-4-000--revision-v4--capacity-70/57beace5b8d08ef01453237b2139380fac3aa07cb8a060e9793005cc44e17c66.json
capacity-70,test-Test-4-000--revision-v4--capacity-70,54207.20426199997,10099.99439118735,bed82cf35e6a168e5424eee24dd57c33b7f181019287f37e8643e58b4554196f,22075.17718800001,859.0798376654001,PPO-capacity-70-large-r1-B252000,solutions/test-Test-4-000--revision-v4--capacity-70/bed82cf35e6a168e5424eee24dd57c33b7f181019287f37e8643e58b4554196f.json
capacity-70,test-Test-4-000--revision-v4--capacity-70,54207.20426199997,10099.99439118735,c703403d58a13c4dcfefe53f9a7fe65fdda492f74f21ebeb18d1538c1d1f496c,22076.149082000007,852.1463319304759,PPO-capacity-70-large-r1-B252000,solutions/test-Test-4-000--revision-v4--capacity-70/c703403d58a13c4dcfefe53f9a7fe65fdda492f74f21ebeb18d1538c1d1f496c.json
capacity-70,test-Test-4-000--revision-v4--capacity-70,54207.20426199997,10099.99439118735,fd62564c09c0381f3d272f7e49412f93d671085930557e687cefea909c8c8c27,22084.88293600001,852.0926455382968,PPO-capacity-70-large-r1-B252000,solutions/test-Test-4-000--revision-v4--capacity-70/fd62564c09c0381f3d272f7e49412f93d671085930557e687cefea909c8c8c27.json
capacity-70,test-Test-4-000--revision-v4--capacity-70,54207.20426199997,10099.99439118735,4d1f542e1a18f82174fefeb7ddb497dc9d9e5607d6b77c6d527da7059d628bf0,22085.41618800001,851.6352602592181,PPO-capacity-70-large-r1-B252000,solutions/test-Test-4-000--revision-v4--capacity-70/4d1f542e1a18f82174fefeb7ddb497dc9d9e5607d6b77c6d527da7059d628bf0.json
capacity-70,test-Test-4-000--revision-v4--capacity-70,54207.20426199997,10099.99439118735,5b73ec810f06231025b4c6de1a7a582353f1f04593dd34a85a7c1aaf64fd2ae3,22085.593188000006,850.388529392283,PPO-capacity-70-large-r1-B252000,solutions/test-Test-4-000--revision-v4--capacity-70/5b73ec810f06231025b4c6de1a7a582353f1f04593dd34a85a7c1aaf64fd2ae3.json
capacity-70,test-Test-4-000--revision-v4--capacity-70,54207.20426199997,10099.99439118735,dfd2a44ab4bd3c9ab9999cf2c96f455b55ec9436df597f9880f7d9c9329f3d9b,22096.220374000008,849.400914772256,PPO-capacity-70-large-r1-B252000,solutions/test-Test-4-000--revision-v4--capacity-70/dfd2a44ab4bd3c9ab9999cf2c96f455b55ec9436df597f9880f7d9c9329f3d9b.json
capacity-70,test-Test-4-000--revision-v4--capacity-70,54207.20426199997,10099.99439118735,eea281e2458d9c5b318323fbfd0e250e19419767bc4d4f5ce350891f29fd040f,22110.88618800001,848.1138801039524,PPO-capacity-70-large-r1-B252000,solutions/test-Test-4-000--revision-v4--capacity-70/eea281e2458d9c5b318323fbfd0e250e19419767bc4d4f5ce350891f29fd040f.json
capacity-70,test-Test-4-000--revision-v4--capacity-70,54207.20426199997,10099.99439118735,0741b001a96636d0377633bbaf99a361627a52ea48c1dfab7ad455cb85453f08,22120.446533,842.6640644242195,PPO-capacity-70-large-r2-B252000,solutions/test-Test-4-000--revision-v4--capacity-70/0741b001a96636d0377633bbaf99a361627a52ea48c1dfab7ad455cb85453f08.json
capacity-70,test-Test-4-000--revision-v4--capacity-70,54207.20426199997,10099.99439118735,50e5ac2d5478dfc65b234d8c6e8ca31b2f4516607c55d462ba37ce072ba1f403,22122.366532999997,841.418717481889,PPO-capacity-70-large-r2-B252000,solutions/test-Test-4-000--revision-v4--capacity-70/50e5ac2d5478dfc65b234d8c6e8ca31b2f4516607c55d462ba37ce072ba1f403.json
capacity-70,test-Test-4-000--revision-v4--capacity-70,54207.20426199997,10099.99439118735,1779a2679ae7adc904cef7e99aa3d33b3375c274efe3e48ba2362f0dc21a0ea1,22123.176532999998,840.1288262478811,PPO-capacity-70-large-r2-B252000,solutions/test-Test-4-000--revision-v4--capacity-70/1779a2679ae7adc904cef7e99aa3d33b3375c274efe3e48ba2362f0dc21a0ea1.json
capacity-70,test-Test-4-000--revision-v4--capacity-70,54207.20426199997,10099.99439118735,8c9240b560bac1bb439c0005b587a37bc3f9837e70642f8dcdf0a0e7f92ea421,22161.147533,835.4548704131232,PPO-capacity-70-large-r2-B252000,solutions/test-Test-4-000--revision-v4--capacity-70/8c9240b560bac1bb439c0005b587a37bc3f9837e70642f8dcdf0a0e7f92ea421.json
capacity-70,test-Test-4-000--revision-v4--capacity-70,54207.20426199997,10099.99439118735,e85e05fb9d5395449874631aa0dd641712b41f70797ce2544a6a3330aebc3635,22161.957532999997,834.1649791791153,PPO-capacity-70-large-r2-B252000,solutions/test-Test-4-000--revision-v4--capacity-70/e85e05fb9d5395449874631aa0dd641712b41f70797ce2544a6a3330aebc3635.json
capacity-70,test-Test-4-000--revision-v4--capacity-70,54207.20426199997,10099.99439118735,b60cc8b7bb8d093dda59c2b43c1eee1f7f760df6eefd5034e08f6efe9882936c,22221.972532999996,833.0196260867176,PPO-capacity-70-large-r2-B252000,solutions/test-Test-4-000--revision-v4--capacity-70/b60cc8b7bb8d093dda59c2b43c1eee1f7f760df6eefd5034e08f6efe9882936c.json
capacity-70,test-Test-4-000--revision-v4--capacity-70,54207.20426199997,10099.99439118735,736a756b384f736509fa5a828e8ab95a59a51f94e7bbac68506f30c0681a3dae,22222.782533,831.7297348527097,PPO-capacity-70-large-r2-B252000,solutions/test-Test-4-000--revision-v4--capacity-70/736a756b384f736509fa5a828e8ab95a59a51f94e7bbac68506f30c0681a3dae.json
capacity-70,test-Test-4-000--revision-v4--capacity-70,54207.20426199997,10099.99439118735,40e20f2aeb7722428f4df7d97af2caf046c196800c0530a5630a79c234df6951,22229.228164999997,826.4175290883353,PPO-capacity-70-large-r2-B252000,solutions/test-Test-4-000--revision-v4--capacity-70/40e20f2aeb7722428f4df7d97af2caf046c196800c0530a5630a79c234df6951.json
capacity-70,test-Test-4-000--revision-v4--capacity-70,54207.20426199997,10099.99439118735,264e5aa5273729f45401852b1dd724eff4badecad618e750d97c51ba9d9187a1,22356.613513,825.5711196133904,PPO-capacity-70-large-r2-B252000,solutions/test-Test-4-000--revision-v4--capacity-70/264e5aa5273729f45401852b1dd724eff4badecad618e750d97c51ba9d9187a1.json
capacity-70,test-Test-4-000--revision-v4--capacity-70,54207.20426199997,10099.99439118735,2694538eea39a361b80aacb23c8b9dbc288f025e1b0083e47a69521f3c11b361,22517.885063,781.6958376795428,PPO-capacity-70-large-r2-B252000,solutions/test-Test-4-000--revision-v4--capacity-70/2694538eea39a361b80aacb23c8b9dbc288f025e1b0083e47a69521f3c11b361.json
capacity-70,test-Test-4-000--revision-v4--capacity-70,54207.20426199997,10099.99439118735,523834480608071a180fc7c2e169f6c7378ff907fb28f1ade03a7a8fe292ae34,22578.836063000002,772.3228603982419,PPO-capacity-70-large-r2-B252000,solutions/test-Test-4-000--revision-v4--capacity-70/523834480608071a180fc7c2e169f6c7378ff907fb28f1ade03a7a8fe292ae34.json
capacity-70,test-Test-4-000--revision-v4--capacity-70,54207.20426199997,10099.99439118735,9b111dd72501ae98567afdf1b432d2dfcb1a2ab632d594ea7f987f1aa54a8bcc,22580.588063000003,772.2456539073756,PPO-capacity-70-large-r2-B252000,solutions/test-Test-4-000--revision-v4--capacity-70/9b111dd72501ae98567afdf1b432d2dfcb1a2ab632d594ea7f987f1aa54a8bcc.json
capacity-70,test-Test-4-000--revision-v4--capacity-70,54207.20426199997,10099.99439118735,008075db44c39c8db9f969b2af0cfba01c06e43622c7760e3ae647b8f14e298b,22580.591063,771.2591362554348,PPO-capacity-70-large-r2-B252000,solutions/test-Test-4-000--revision-v4--capacity-70/008075db44c39c8db9f969b2af0cfba01c06e43622c7760e3ae647b8f14e298b.json
capacity-70,test-Test-4-000--revision-v4--capacity-70,54207.20426199997,10099.99439118735,a1edf6552679c774a98218cbe9142ce8fde4f95170616e4b50e5800adafd4704,22625.318063000002,769.1190638696553,PPO-capacity-70-large-r2-B252000,solutions/test-Test-4-000--revision-v4--capacity-70/a1edf6552679c774a98218cbe9142ce8fde4f95170616e4b50e5800adafd4704.json
capacity-70,test-Test-4-000--revision-v4--capacity-70,54207.20426199997,10099.99439118735,7175b4f272a4b31905d6fe1ec49e74a16e18893a782be4616dbc891ba8c1df53,22853.602063000002,768.715014724531,PPO-capacity-70-large-r2-B252000,solutions/test-Test-4-000--revision-v4--capacity-70/7175b4f272a4b31905d6fe1ec49e74a16e18893a782be4616dbc891ba8c1df53.json
capacity-70,test-Test-4-000--revision-v4--capacity-70,54207.20426199997,10099.99439118735,c3019211f8baad3ae0da0f5c5f5bd190060fa13c69e5f21d31ab8f3d0dbf5db4,23062.322279,767.9622014763225,PPO-capacity-70-large-r2-B252000,solutions/test-Test-4-000--revision-v4--capacity-70/c3019211f8baad3ae0da0f5c5f5bd190060fa13c69e5f21d31ab8f3d0dbf5db4.json
capacity-70,test-Test-4-000--revision-v4--capacity-70,54207.20426199997,10099.99439118735,0aacba47597dd3b3515212b74fa3994497c002645e19aaa94f2db308ff97ffa5,23205.639378000007,733.9213155608664,PPO-capacity-70-large-r1-B252000,solutions/test-Test-4-000--revision-v4--capacity-70/0aacba47597dd3b3515212b74fa3994497c002645e19aaa94f2db308ff97ffa5.json
capacity-70,test-Test-4-000--revision-v4--capacity-70,54207.20426199997,10099.99439118735,84afaf523582598becd3521d718498c838e7ba64a2de46b6d49cf51d48dbdf59,23241.025845000007,732.5746749408313,PPO-capacity-70-large-r1-B252000,solutions/test-Test-4-000--revision-v4--capacity-70/84afaf523582598becd3521d718498c838e7ba64a2de46b6d49cf51d48dbdf59.json
capacity-70,test-Test-4-000--revision-v4--capacity-70,54207.20426199997,10099.99439118735,a6128ba532657eb3d9bd160cfde56737d650e8757b5215b70dbf53bf3a9c52de,23244.829845000007,730.2281536072878,PPO-capacity-70-large-r1-B252000,solutions/test-Test-4-000--revision-v4--capacity-70/a6128ba532657eb3d9bd160cfde56737d650e8757b5215b70dbf53bf3a9c52de.json
capacity-70,test-Test-4-000--revision-v4--capacity-70,54207.20426199997,10099.99439118735,c9edb16c29a2c1a5d9ef8f958430d7d4018772b921d74b065eac1b256ec49861,23248.729845000005,729.2811947747763,PPO-capacity-70-large-r1-B252000,solutions/test-Test-4-000--revision-v4--capacity-70/c9edb16c29a2c1a5d9ef8f958430d7d4018772b921d74b065eac1b256ec49861.json
capacity-70,test-Test-4-000--revision-v4--capacity-70,54207.20426199997,10099.99439118735,ba54eaffe1ef8b46143bbc76c3d87f05352ea5555cf89ab231589fea2dc3d36c,23249.710845000005,729.2727832180992,PPO-capacity-70-large-r1-B252000,solutions/test-Test-4-000--revision-v4--capacity-70/ba54eaffe1ef8b46143bbc76c3d87f05352ea5555cf89ab231589fea2dc3d36c.json
capacity-70,test-Test-4-000--revision-v4--capacity-70,54207.20426199997,10099.99439118735,7495f9313bc8207cef6e3d6dc382d289ac9d3503fe991f3f7f1c4b2b9e4d0639,23252.533845000005,726.934673441233,PPO-capacity-70-large-r1-B252000,solutions/test-Test-4-000--revision-v4--capacity-70/7495f9313bc8207cef6e3d6dc382d289ac9d3503fe991f3f7f1c4b2b9e4d0639.json
capacity-70,test-Test-4-000--revision-v4--capacity-70,54207.20426199997,10099.99439118735,5b4712de5649f4559c04eb0fabaf3bf57a559d569431ab4b60b2bae8a0595224,23253.514845000005,726.926261884556,PPO-capacity-70-large-r1-B252000,solutions/test-Test-4-000--revision-v4--capacity-70/5b4712de5649f4559c04eb0fabaf3bf57a559d569431ab4b60b2bae8a0595224.json
capacity-70,test-Test-4-000--revision-v4--capacity-70,54207.20426199997,10099.99439118735,054931f3ef27e6d7e14822d51f1652e8d34f292adb9d08eabeedd36f405847a1,23267.832373000005,726.732414145523,PPO-capacity-70-large-r1-B252000,solutions/test-Test-4-000--revision-v4--capacity-70/054931f3ef27e6d7e14822d51f1652e8d34f292adb9d08eabeedd36f405847a1.json
capacity-70,test-Test-4-000--revision-v4--capacity-70,54207.20426199997,10099.99439118735,1b03f688ba5b2cd2c7f98ad2fb2d9c8cd20393b021c74021559b265e5128923d,23273.884845000004,726.4820808045251,PPO-capacity-70-large-r1-B252000,solutions/test-Test-4-000--revision-v4--capacity-70/1b03f688ba5b2cd2c7f98ad2fb2d9c8cd20393b021c74021559b265e5128923d.json
capacity-70,test-Test-4-000--revision-v4--capacity-70,54207.20426199997,10099.99439118735,74003fcb7d664902e08674ad54cf47362a10a4d4d8f7b8b28d2e94ce57eb0f74,23274.949845000006,726.1517463259763,PPO-capacity-70-large-r1-B252000,solutions/test-Test-4-000--revision-v4--capacity-70/74003fcb7d664902e08674ad54cf47362a10a4d4d8f7b8b28d2e94ce57eb0f74.json
capacity-70,test-Test-4-000--revision-v4--capacity-70,54207.20426199997,10099.99439118735,636f14e6a8cb1ccac46d485f5e4a2571c7c9567aa88bd54119c774f87d2880dc,23276.689845000004,725.1606065990193,PPO-capacity-70-large-r1-B252000,solutions/test-Test-4-000--revision-v4--capacity-70/636f14e6a8cb1ccac46d485f5e4a2571c7c9567aa88bd54119c774f87d2880dc.json
capacity-70,test-Test-4-000--revision-v4--capacity-70,54207.20426199997,10099.99439118735,4ae924c291428b7042e7c12382f287bf16b13eb6a9e3d3dace03a2a8590b2448,23277.688845000004,724.1355594709818,PPO-capacity-70-large-r1-B252000,solutions/test-Test-4-000--revision-v4--capacity-70/4ae924c291428b7042e7c12382f287bf16b13eb6a9e3d3dace03a2a8590b2448.json
capacity-70,test-Test-4-000--revision-v4--capacity-70,54207.20426199997,10099.99439118735,6b5c9c4342b7e32e5e099ad0d6f5cb7b556b06cd72e3c25e8a7cde7909a333a9,23284.378845000003,723.923195423725,PPO-capacity-70-large-r1-B252000,solutions/test-Test-4-000--revision-v4--capacity-70/6b5c9c4342b7e32e5e099ad0d6f5cb7b556b06cd72e3c25e8a7cde7909a333a9.json
capacity-70,test-Test-4-000--revision-v4--capacity-70,54207.20426199997,10099.99439118735,d0cfe0444b4d67684e6ef139229f16c6aa986d419237d7a99fc510073a8521e7,23316.154845,720.5685954158256,PPO-capacity-70-large-r1-B252000,solutions/test-Test-4-000--revision-v4--capacity-70/d0cfe0444b4d67684e6ef139229f16c6aa986d419237d7a99fc510073a8521e7.json
capacity-70,test-Test-4-000--revision-v4--capacity-70,54207.20426199997,10099.99439118735,0fba8569bc28f1e5587d6104b65af377dc1eb2558c4b83179d4f640cf3f52304,23324.287845,720.4019908102607,PPO-capacity-70-large-r1-B252000,solutions/test-Test-4-000--revision-v4--capacity-70/0fba8569bc28f1e5587d6104b65af377dc1eb2558c4b83179d4f640cf3f52304.json
capacity-70,test-Test-4-000--revision-v4--capacity-70,54207.20426199997,10099.99439118735,7db922a9bc06fe57e3a201059c6cb8aba4cca527346aae2698fb38c1dd739a35,23339.790972000003,719.0389354510854,PPO-capacity-70-large-r1-B252000,solutions/test-Test-4-000--revision-v4--capacity-70/7db922a9bc06fe57e3a201059c6cb8aba4cca527346aae2698fb38c1dd739a35.json
capacity-70,test-Test-4-000--revision-v4--capacity-70,54207.20426199997,10099.99439118735,284f7b74f4f2d05c2b43f809c0c6bedd85eaebcb52c1df57d9d217c971a947c2,23669.987327000003,718.8856022361668,PPO-capacity-70-large-r1-B252000,solutions/test-Test-4-000--revision-v4--capacity-70/284f7b74f4f2d05c2b43f809c0c6bedd85eaebcb52c1df57d9d217c971a947c2.json
capacity-70,test-Test-4-000--revision-v4--capacity-70,54207.20426199997,10099.99439118735,58912039d77c20b1c409f60db645715b0b38c64437d55a8a58d8dec2e89658fd,23739.756845000004,718.4023285662313,PPO-capacity-70-large-r1-B252000,solutions/test-Test-4-000--revision-v4--capacity-70/58912039d77c20b1c409f60db645715b0b38c64437d55a8a58d8dec2e89658fd.json
capacity-70,test-Test-4-000--revision-v4--capacity-70,54207.20426199997,10099.99439118735,81a6a10d6f9d9f8accc9493b80f371de1e0be68e5f455e80d4d198fec5d5785e,23769.313844999993,716.4616444446186,PPO-capacity-70-large-r1-B252000,solutions/test-Test-4-000--revision-v4--capacity-70/81a6a10d6f9d9f8accc9493b80f371de1e0be68e5f455e80d4d198fec5d5785e.json
capacity-70,test-Test-4-000--revision-v4--capacity-70,54207.20426199997,10099.99439118735,fdbc1d4d63e253e6dc6f7f3e8ad2f25d22e92b5e5287c05533aafdc87a3fe82c,23784.341797999998,707.7527090696882,PPO-capacity-70-large-r1-B252000,solutions/test-Test-4-000--revision-v4--capacity-70/fdbc1d4d63e253e6dc6f7f3e8ad2f25d22e92b5e5287c05533aafdc87a3fe82c.json
capacity-70,test-Test-4-000--revision-v4--capacity-70,54207.20426199997,10099.99439118735,2ab7a4b1a930e4c10e117a584906c3fa39b97f6a5dde6eebbbbdbdece57a2ddb,24058.498459000002,620.7291391128945,PPO-capacity-70-large-r0-B252000,solutions/test-Test-4-000--revision-v4--capacity-70/2ab7a4b1a930e4c10e117a584906c3fa39b97f6a5dde6eebbbbdbdece57a2ddb.json
capacity-70,test-Test-4-000--revision-v4--capacity-70,54207.20426199997,10099.99439118735,4f51158dbfb2a545d727933ea7da99abeae609bf6c5860c7238063aec4f392d7,24075.961459,615.1902545207815,PPO-capacity-70-large-r0-B252000,solutions/test-Test-4-000--revision-v4--capacity-70/4f51158dbfb2a545d727933ea7da99abeae609bf6c5860c7238063aec4f392d7.json
capacity-70,test-Test-4-000--revision-v4--capacity-70,54207.20426199997,10099.99439118735,fd9d37fed9dfca0e9ffa8077a4030ff0463ec48d92a87ce7d28e4c3cf5d5c179,24097.933459,601.546531351593,PPO-capacity-70-large-r0-B252000,solutions/test-Test-4-000--revision-v4--capacity-70/fd9d37fed9dfca0e9ffa8077a4030ff0463ec48d92a87ce7d28e4c3cf5d5c179.json
capacity-70,test-Test-4-000--revision-v4--capacity-70,54207.20426199997,10099.99439118735,8001ac8528eb163e259b2f7a81d78dd8e2e8fc7cdcfcea55de427419cdd4057b,24114.481458999995,598.0565059582196,PPO-capacity-70-large-r0-B252000,solutions/test-Test-4-000--revision-v4--capacity-70/8001ac8528eb163e259b2f7a81d78dd8e2e8fc7cdcfcea55de427419cdd4057b.json
capacity-70,test-Test-4-000--revision-v4--capacity-70,54207.20426199997,10099.99439118735,48d24206865da72c1687082f6c0d81a5b7c2d5508946538593ac21df5afbc714,24121.657458999995,597.4145253351278,PPO-capacity-70-large-r0-B252000,solutions/test-Test-4-000--revision-v4--capacity-70/48d24206865da72c1687082f6c0d81a5b7c2d5508946538593ac21df5afbc714.json
capacity-70,test-Test-4-000--revision-v4--capacity-70,54207.20426199997,10099.99439118735,7f1b288bd8d96c24b884518123cd195fd8f32660a775c3c532f9291be98ab8a8,24123.151458999993,596.0954397704824,PPO-capacity-70-large-r0-B252000,solutions/test-Test-4-000--revision-v4--capacity-70/7f1b288bd8d96c24b884518123cd195fd8f32660a775c3c532f9291be98ab8a8.json
capacity-70,test-Test-4-000--revision-v4--capacity-70,54207.20426199997,10099.99439118735,af96c4b3c7d244ec6e2e24d7bc21330ab8ec503d41b03c8753a3cf12c56838fe,24158.056458999992,595.9790722273941,PPO-capacity-70-large-r0-B252000,solutions/test-Test-4-000--revision-v4--capacity-70/af96c4b3c7d244ec6e2e24d7bc21330ab8ec503d41b03c8753a3cf12c56838fe.json
capacity-70,test-Test-4-000--revision-v4--capacity-70,54207.20426199997,10099.99439118735,ff7219f247f165df68068d68d26a2ea7561ec1c39152901db635da88f0f4ed07,24168.902586999993,594.7092354087731,PPO-capacity-70-large-r0-B252000,solutions/test-Test-4-000--revision-v4--capacity-70/ff7219f247f165df68068d68d26a2ea7561ec1c39152901db635da88f0f4ed07.json
capacity-70,test-Test-4-000--revision-v4--capacity-70,54207.20426199997,10099.99439118735,10b218ba9b4c1cc58cff7c679f6c7c911b9a9087b17dddbacda09b8614f67318,24175.621458999987,592.9652663967771,PPO-capacity-70-large-r0-B252000,solutions/test-Test-4-000--revision-v4--capacity-70/10b218ba9b4c1cc58cff7c679f6c7c911b9a9087b17dddbacda09b8614f67318.json
capacity-70,test-Test-4-000--revision-v4--capacity-70,54207.20426199997,10099.99439118735,75d774ce3414dc0b0f43f8e7124d702eefa3cefa711c137ddfc477dfd701ee9e,24236.755458999993,592.1193301028154,PPO-capacity-70-large-r0-B252000,solutions/test-Test-4-000--revision-v4--capacity-70/75d774ce3414dc0b0f43f8e7124d702eefa3cefa711c137ddfc477dfd701ee9e.json
capacity-70,test-Test-4-000--revision-v4--capacity-70,54207.20426199997,10099.99439118735,c4084fe7244f88902de710ea15c3bd2fe79507f2f3c90b9b55242aee5498f96c,24365.953458999997,592.118371637649,PPO-capacity-70-large-r0-B252000,solutions/test-Test-4-000--revision-v4--capacity-70/c4084fe7244f88902de710ea15c3bd2fe79507f2f3c90b9b55242aee5498f96c.json
capacity-70,test-Test-4-000--revision-v4--capacity-70,54207.20426199997,10099.99439118735,351be928cbd4de625bd7de5a0aba37dedd1d0cb4bb9541d1735adafbeaec58a9,24590.677459,590.764321483909,PPO-capacity-70-large-r0-B252000,solutions/test-Test-4-000--revision-v4--capacity-70/351be928cbd4de625bd7de5a0aba37dedd1d0cb4bb9541d1735adafbeaec58a9.json
capacity-70,test-Test-4-000--revision-v4--capacity-70,54207.20426199997,10099.99439118735,389f8370a982f89f2a0253b7dd6c4b9382dea44e92cf7eb0d07749e3d99620ef,26341.84379000001,521.7966915617112,PPO-capacity-70-large-r1-B252000,solutions/test-Test-4-000--revision-v4--capacity-70/389f8370a982f89f2a0253b7dd6c4b9382dea44e92cf7eb0d07749e3d99620ef.json
capacity-70,test-Test-4-000--revision-v4--capacity-70,54207.20426199997,10099.99439118735,347caf9ffeddf1ac4421b61c3ad2ae5c381e81d14dcf1b8bbd257a018f3f422f,26355.531138000013,512.7805349996754,PPO-capacity-70-large-r1-B252000,solutions/test-Test-4-000--revision-v4--capacity-70/347caf9ffeddf1ac4421b61c3ad2ae5c381e81d14dcf1b8bbd257a018f3f422f.json
capacity-70,test-Test-4-000--revision-v4--capacity-70,54207.20426199997,10099.99439118735,474957fb1889fdc04f3dc81039981ea1b4610ed49921c7da0f60c83fbccdb6c7,26403.021318000014,508.0441703928189,PPO-capacity-70-large-r1-B252000,solutions/test-Test-4-000--revision-v4--capacity-70/474957fb1889fdc04f3dc81039981ea1b4610ed49921c7da0f60c83fbccdb6c7.json
capacity-70,test-Test-4-000--revision-v4--capacity-70,54207.20426199997,10099.99439118735,7f0fe4d04c7ae970571e61af22d89aed2e84b618405828cfb499f2e542c74f60,26531.55913800002,507.6984140172418,PPO-capacity-70-large-r1-B252000,solutions/test-Test-4-000--revision-v4--capacity-70/7f0fe4d04c7ae970571e61af22d89aed2e84b618405828cfb499f2e542c74f60.json
capacity-70,test-Test-4-000--revision-v4--capacity-70,54207.20426199997,10099.99439118735,7c0bdf5f7e91ccf13d7ccf27e8c69dc129b96521bb97001d7b16f3a11ee563e0,26537.097138000012,507.3597585451347,PPO-capacity-70-large-r1-B252000,solutions/test-Test-4-000--revision-v4--capacity-70/7c0bdf5f7e91ccf13d7ccf27e8c69dc129b96521bb97001d7b16f3a11ee563e0.json
capacity-70,test-Test-4-000--revision-v4--capacity-70,54207.20426199997,10099.99439118735,95a73699e76ee4e0c3f1e867b889955ecb72dd45e86a5a9ad8784e1a46b6bd27,26543.208138000013,505.283033223048,PPO-capacity-70-large-r1-B252000,solutions/test-Test-4-000--revision-v4--capacity-70/95a73699e76ee4e0c3f1e867b889955ecb72dd45e86a5a9ad8784e1a46b6bd27.json
capacity-70,test-Test-4-000--revision-v4--capacity-70,54207.20426199997,10099.99439118735,b262e9e10a671a8d0d35f51d5a7be16ac88322a623584265a09111cadd4b3eca,26550.65713800001,504.9230373826465,PPO-capacity-70-large-r1-B252000,solutions/test-Test-4-000--revision-v4--capacity-70/b262e9e10a671a8d0d35f51d5a7be16ac88322a623584265a09111cadd4b3eca.json
capacity-70,test-Test-4-000--revision-v4--capacity-70,54207.20426199997,10099.99439118735,734896697c87feb5f2ab436e87947b975a693044466eba2f8fa6cb867acc542b,26559.459688000017,504.85832929984304,PPO-capacity-70-large-r1-B252000,solutions/test-Test-4-000--revision-v4--capacity-70/734896697c87feb5f2ab436e87947b975a693044466eba2f8fa6cb867acc542b.json
capacity-70,test-Test-4-000--revision-v4--capacity-70,54207.20426199997,10099.99439118735,eb23e67d7b21bc5ee01b195c7e765f8957d71530029134e2349a467b4d97a8be,26563.71613800001,504.76604354674487,PPO-capacity-70-large-r1-B252000,solutions/test-Test-4-000--revision-v4--capacity-70/eb23e67d7b21bc5ee01b195c7e765f8957d71530029134e2349a467b4d97a8be.json
capacity-70,test-Test-4-000--revision-v4--capacity-70,54207.20426199997,10099.99439118735,eb5ed2745948dd185582f6f49a3183136ca073e6295c3b2e0f074ea5614d411e,26566.908688000014,504.4983334594416,PPO-capacity-70-large-r1-B252000,solutions/test-Test-4-000--revision-v4--capacity-70/eb5ed2745948dd185582f6f49a3183136ca073e6295c3b2e0f074ea5614d411e.json
capacity-70,test-Test-4-000--revision-v4--capacity-70,54207.20426199997,10099.99439118735,91a67046415ce3e38fd9407ccca9cc610eb4766fe020a67342c1dbf6b0e4fed9,26570.538138000018,504.3590568029476,PPO-capacity-70-large-r1-B252000,solutions/test-Test-4-000--revision-v4--capacity-70/91a67046415ce3e38fd9407ccca9cc610eb4766fe020a67342c1dbf6b0e4fed9.json
capacity-70,test-Test-4-000--revision-v4--capacity-70,54207.20426199997,10099.99439118735,df6bb5e80521a53713906014546953de94d34b083c28ebc580b78a7388b2f451,26577.98713800001,503.99906096254614,PPO-capacity-70-large-r1-B252000,solutions/test-Test-4-000--revision-v4--capacity-70/df6bb5e80521a53713906014546953de94d34b083c28ebc580b78a7388b2f451.json
capacity-70,test-Test-4-000--revision-v4--capacity-70,54207.20426199997,10099.99439118735,4f58d91ca90ebdc7a0bde10e4c58292a5ad5ac906ed86688041694d9ebe173d3,26609.544138000012,503.3737170264356,PPO-capacity-70-large-r1-B252000,solutions/test-Test-4-000--revision-v4--capacity-70/4f58d91ca90ebdc7a0bde10e4c58292a5ad5ac906ed86688041694d9ebe173d3.json
capacity-70,test-Test-4-000--revision-v4--capacity-70,54207.20426199997,10099.99439118735,bf4eb12f17f42216896e9b0a505825a782b86e6274470ea1a0cc388deb71feb9,26686.941138000017,503.03683182047024,PPO-capacity-70-large-r1-B252000,solutions/test-Test-4-000--revision-v4--capacity-70/bf4eb12f17f42216896e9b0a505825a782b86e6274470ea1a0cc388deb71feb9.json
capacity-70,test-Test-4-000--revision-v4--capacity-70,54207.20426199997,10099.99439118735,6e9bb5839c048992ab6157cfc2c202641590312b9ee2ed13c3b38c454c958b97,26966.323888000014,502.1814049546053,PPO-capacity-70-large-r1-B252000,solutions/test-Test-4-000--revision-v4--capacity-70/6e9bb5839c048992ab6157cfc2c202641590312b9ee2ed13c3b38c454c958b97.json
capacity-70,test-Test-4-000--revision-v4--capacity-70,54207.20426199997,10099.99439118735,7c35e40327c789ed5ec67dbd9778ccb61887c9a6d7f3c4df35e759c2a4e78795,38271.81981699999,483.12455121474983,PPO-capacity-70-large-r0-B252000,solutions/test-Test-4-000--revision-v4--capacity-70/7c35e40327c789ed5ec67dbd9778ccb61887c9a6d7f3c4df35e759c2a4e78795.json
capacity-70,test-Test-4-000--revision-v4--capacity-70,54207.20426199997,10099.99439118735,0902866053c86bbce7e5b0e5c5a4bc1749dd5971ce0e4fa87908d15140be0b45,38276.37703299999,481.3375473728394,PPO-capacity-70-large-r0-B252000,solutions/test-Test-4-000--revision-v4--capacity-70/0902866053c86bbce7e5b0e5c5a4bc1749dd5971ce0e4fa87908d15140be0b45.json
capacity-70,test-Test-4-000--revision-v4--capacity-70,54207.20426199997,10099.99439118735,447fffdbf1c4ce7a8c49d866186c0478aad6b233d4bd95aa8b327073f33884dc,38276.80381699999,476.454996336261,PPO-capacity-70-large-r0-B252000,solutions/test-Test-4-000--revision-v4--capacity-70/447fffdbf1c4ce7a8c49d866186c0478aad6b233d4bd95aa8b327073f33884dc.json
capacity-70,test-Test-4-000--revision-v4--capacity-70,54207.20426199997,10099.99439118735,cd7a50ace1d7ed4b43fd8ec89af4907a6dfc5d2782dc605f7b2e304a3d5ea3af,38457.12503299999,475.37934396944974,PPO-capacity-70-large-r0-B252000,solutions/test-Test-4-000--revision-v4--capacity-70/cd7a50ace1d7ed4b43fd8ec89af4907a6dfc5d2782dc605f7b2e304a3d5ea3af.json
capacity-70,test-Test-4-000--revision-v4--capacity-70,54207.20426199997,10099.99439118735,11fa913afd5af3ba4246cfabdd79402d5557d8ec854598e4bbc571065db7a2e0,38560.987073,471.8153486394788,PPO-capacity-70-large-r0-B252000,solutions/test-Test-4-000--revision-v4--capacity-70/11fa913afd5af3ba4246cfabdd79402d5557d8ec854598e4bbc571065db7a2e0.json
capacity-70,test-Test-4-000--revision-v4--capacity-70,54207.20426199997,10099.99439118735,64c29cc2f49525e37a46de0874f5c6deb031afb57efd631679a1ad57994c58f6,38693.39507299999,471.17207712241895,PPO-capacity-70-large-r0-B252000,solutions/test-Test-4-000--revision-v4--capacity-70/64c29cc2f49525e37a46de0874f5c6deb031afb57efd631679a1ad57994c58f6.json
capacity-70,test-Test-4-000--revision-v4--capacity-70,54207.20426199997,10099.99439118735,d316c5ac6af981b003f153838ad51d832a02f20f0c958e98ddab3b103dcbb38d,38814.78107299999,470.7892307526516,PPO-capacity-70-large-r0-B252000,solutions/test-Test-4-000--revision-v4--capacity-70/d316c5ac6af981b003f153838ad51d832a02f20f0c958e98ddab3b103dcbb38d.json
capacity-70,test-Test-4-000--revision-v4--capacity-70,54207.20426199997,10099.99439118735,03b1f76c876f9d0002575dd0e4eecb1a530b098863b3c2742d265c74b71d9866,38841.355289,466.7239313578421,PPO-capacity-70-large-r0-B252000,solutions/test-Test-4-000--revision-v4--capacity-70/03b1f76c876f9d0002575dd0e4eecb1a530b098863b3c2742d265c74b71d9866.json
capacity-70,test-Test-4-000--revision-v4--capacity-70,54207.20426199997,10099.99439118735,4779e668522fb17a279cca7db3c86ab6018aca44f1aa557e18eeea31573e244c,38948.407072999995,466.471735328683,PPO-capacity-70-large-r0-B252000,solutions/test-Test-4-000--revision-v4--capacity-70/4779e668522fb17a279cca7db3c86ab6018aca44f1aa557e18eeea31573e244c.json
capacity-70,test-Test-4-000--revision-v4--capacity-70,54207.20426199997,10099.99439118735,dafab6e3f03bf605878bbcb88c112c731e0e81742a373a49babe64a00fe37a2a,39065.41907299998,466.2278323464033,PPO-capacity-70-large-r0-B252000,solutions/test-Test-4-000--revision-v4--capacity-70/dafab6e3f03bf605878bbcb88c112c731e0e81742a373a49babe64a00fe37a2a.json
capacity-80,test-Test-4-000--revision-v4--capacity-80,53720.242923999984,12160.408486884107,11d0bf42b03a4c7a3bc02555eedfa5dde8c847602eb01a30ee08714dca43fb3c,16962.26452300001,3447.377861371016,PPO-capacity-80-large-r0-B252000,solutions/test-Test-4-000--revision-v4--capacity-80/11d0bf42b03a4c7a3bc02555eedfa5dde8c847602eb01a30ee08714dca43fb3c.json
capacity-80,test-Test-4-000--revision-v4--capacity-80,53720.242923999984,12160.408486884107,98a6fb1e8b79355d601d557d431daa6471db60784f86a2dd813652a2051ccf9f,16965.645523000007,3446.0311861466803,PPO-capacity-80-large-r0-B252000,solutions/test-Test-4-000--revision-v4--capacity-80/98a6fb1e8b79355d601d557d431daa6471db60784f86a2dd813652a2051ccf9f.json
capacity-80,test-Test-4-000--revision-v4--capacity-80,53720.242923999984,12160.408486884107,fcd0832eb6dff02009c7fe144be7e5143b3766679d22bc8f1bf2f475a65c1295,16968.900523000008,3418.578923852116,PPO-capacity-80-large-r0-B252000,solutions/test-Test-4-000--revision-v4--capacity-80/fcd0832eb6dff02009c7fe144be7e5143b3766679d22bc8f1bf2f475a65c1295.json
capacity-80,test-Test-4-000--revision-v4--capacity-80,53720.242923999984,12160.408486884107,3a655999fe219960fd00817ba86942d6d0dbba095cde5f4dfbb5f6c882efbd52,16970.613523000007,3411.050071424945,PPO-capacity-80-large-r0-B252000,solutions/test-Test-4-000--revision-v4--capacity-80/3a655999fe219960fd00817ba86942d6d0dbba095cde5f4dfbb5f6c882efbd52.json
capacity-80,test-Test-4-000--revision-v4--capacity-80,53720.242923999984,12160.408486884107,ea60e07862ea97984ae3117208dab1ac53532a37fd7386230e8cd5b4cc524a3b,16971.17362600001,3406.3229647477065,PPO-capacity-80-large-r0-B252000,solutions/test-Test-4-000--revision-v4--capacity-80/ea60e07862ea97984ae3117208dab1ac53532a37fd7386230e8cd5b4cc524a3b.json
capacity-80,test-Test-4-000--revision-v4--capacity-80,53720.242923999984,12160.408486884107,a858a3a2b4bacd36c4d054f2c1b1022655431a0dfefd75364213ec1f881ac938,16979.585170000006,3404.6427510944995,PPO-capacity-80-large-r0-B252000,solutions/test-Test-4-000--revision-v4--capacity-80/a858a3a2b4bacd36c4d054f2c1b1022655431a0dfefd75364213ec1f881ac938.json
capacity-80,test-Test-4-000--revision-v4--capacity-80,53720.242923999984,12160.408486884107,67de7e93962dc0947fef6545b32d15a2657bd937b0fec546e37600b93d00856b,17005.49465300001,3357.1051395191985,PPO-capacity-80-large-r0-B252000,solutions/test-Test-4-000--revision-v4--capacity-80/67de7e93962dc0947fef6545b32d15a2657bd937b0fec546e37600b93d00856b.json
capacity-80,test-Test-4-000--revision-v4--capacity-80,53720.242923999984,12160.408486884107,7f892f9a46339c78e70756237f1d5176726e7a4bd90211032f54fca25d9b9029,17078.441626000007,3310.7266334114247,PPO-capacity-80-large-r0-B252000,solutions/test-Test-4-000--revision-v4--capacity-80/7f892f9a46339c78e70756237f1d5176726e7a4bd90211032f54fca25d9b9029.json
capacity-80,test-Test-4-000--revision-v4--capacity-80,53720.242923999984,12160.408486884107,b87c889c2c08f74fb147b0d496e6dc0364ce2e449b072efbd1b0fa8533993287,17093.463523000006,3221.0446760689933,PPO-capacity-80-large-r0-B252000,solutions/test-Test-4-000--revision-v4--capacity-80/b87c889c2c08f74fb147b0d496e6dc0364ce2e449b072efbd1b0fa8533993287.json
capacity-80,test-Test-4-000--revision-v4--capacity-80,53720.242923999984,12160.408486884107,75b1dacf25a1ba58957cc27a6090ba43fbf38886a657a461ab1f45fbc47c2247,17291.920705,2474.588579634207,PPO-capacity-80-large-r0-B252000,solutions/test-Test-4-000--revision-v4--capacity-80/75b1dacf25a1ba58957cc27a6090ba43fbf38886a657a461ab1f45fbc47c2247.json
capacity-80,test-Test-4-000--revision-v4--capacity-80,53720.242923999984,12160.408486884107,70779ffddeed1086857d04015ac26fc8e75c021061fcd47fe0bbc32939acbf3e,17319.913705000003,2454.1432950364265,PPO-capacity-80-large-r0-B252000,solutions/test-Test-4-000--revision-v4--capacity-80/70779ffddeed1086857d04015ac26fc8e75c021061fcd47fe0bbc32939acbf3e.json
capacity-80,test-Test-4-000--revision-v4--capacity-80,53720.242923999984,12160.408486884107,2d10e165949d3e189932ebab3101fd06ec7b9feeefdfcc35ccb62967198a15ec,17335.620355000006,2443.070474462446,PPO-capacity-80-large-r0-B252000,solutions/test-Test-4-000--revision-v4--capacity-80/2d10e165949d3e189932ebab3101fd06ec7b9feeefdfcc35ccb62967198a15ec.json
capacity-80,test-Test-4-000--revision-v4--capacity-80,53720.242923999984,12160.408486884107,44461237ed8cf21253f382a4b05a3357e2f62f10622d111af264df99c4b6aed6,17415.571705000002,2433.3867932711582,PPO-capacity-80-large-r0-B252000,solutions/test-Test-4-000--revision-v4--capacity-80/44461237ed8cf21253f382a4b05a3357e2f62f10622d111af264df99c4b6aed6.json
capacity-80,test-Test-4-000--revision-v4--capacity-80,53720.242923999984,12160.408486884107,d0a3274f0c9ab7ba385e5465ee2cbd4f1760111e06616adda20f2be8f2766ee7,17471.779705000004,2423.369186705357,PPO-capacity-80-large-r0-B252000,solutions/test-Test-4-000--revision-v4--capacity-80/d0a3274f0c9ab7ba385e5465ee2cbd4f1760111e06616adda20f2be8f2766ee7.json
capacity-80,test-Test-4-000--revision-v4--capacity-80,53720.242923999984,12160.408486884107,7c6f4aa1c4c254b71f2dbf93ae3c4ff440b026536c3966d839a3aa07c33e98e4,17568.548355000006,2396.1666077922437,PPO-capacity-80-large-r0-B252000,solutions/test-Test-4-000--revision-v4--capacity-80/7c6f4aa1c4c254b71f2dbf93ae3c4ff440b026536c3966d839a3aa07c33e98e4.json
capacity-80,test-Test-4-000--revision-v4--capacity-80,53720.242923999984,12160.408486884107,ea193a8f7f4655c0570cefb853c8e1bf1dce0eb226c93cb601926057a05caa77,17587.545551000003,2235.2324718747445,PPO-capacity-80-large-r2-B252000,solutions/test-Test-4-000--revision-v4--capacity-80/ea193a8f7f4655c0570cefb853c8e1bf1dce0eb226c93cb601926057a05caa77.json
capacity-80,test-Test-4-000--revision-v4--capacity-80,53720.242923999984,12160.408486884107,9d46340e3fd9bcbd7ecd5b0cb6c7729a32702190f12e0c8dc8e86c16f6e61a7b,17601.210551000004,2231.9066285102904,PPO-capacity-80-large-r2-B252000,solutions/test-Test-4-000--revision-v4--capacity-80/9d46340e3fd9bcbd7ecd5b0cb6c7729a32702190f12e0c8dc8e86c16f6e61a7b.json
capacity-80,test-Test-4-000--revision-v4--capacity-80,53720.242923999984,12160.408486884107,6c503c866b7c9afe77715b713ada0bc9aac3c45e909ac5e03a6ef31dedfed9a5,17609.972101000007,2230.7405656524675,PPO-capacity-80-large-r2-B252000,solutions/test-Test-4-000--revision-v4--capacity-80/6c503c866b7c9afe77715b713ada0bc9aac3c45e909ac5e03a6ef31dedfed9a5.json
capacity-80,test-Test-4-000--revision-v4--capacity-80,53720.242923999984,12160.408486884107,846f1ea19c9fa8511eed9e7bc833681461f52d2fa6205161cb544f8ce2c97687,17633.790551000006,2190.251808481052,PPO-capacity-80-large-r2-B252000,solutions/test-Test-4-000--revision-v4--capacity-80/846f1ea19c9fa8511eed9e7bc833681461f52d2fa6205161cb544f8ce2c97687.json
capacity-80,test-Test-4-000--revision-v4--capacity-80,53720.242923999984,12160.408486884107,33bd047ebac2a9648f17d40668186ff2ffce6a0c404c96b078009d28c990df55,17836.93276700001,2178.321161761828,PPO-capacity-80-large-r2-B252000,solutions/test-Test-4-000--revision-v4--capacity-80/33bd047ebac2a9648f17d40668186ff2ffce6a0c404c96b078009d28c990df55.json
capacity-80,test-Test-4-000--revision-v4--capacity-80,53720.242923999984,12160.408486884107,b38f8c1ad7bd183560ec68b3cbf27f31a2993524645cc727d0cb85c793c21aa8,17849.102708000006,2168.315558174992,PPO-capacity-80-large-r2-B252000,solutions/test-Test-4-000--revision-v4--capacity-80/b38f8c1ad7bd183560ec68b3cbf27f31a2993524645cc727d0cb85c793c21aa8.json
capacity-80,test-Test-4-000--revision-v4--capacity-80,53720.242923999984,12160.408486884107,f14abec430588bcd074a6997a18a8f3403c80f3885536763c1a11ed0759d96fc,17882.200693000003,2133.534106558435,PPO-capacity-80-large-r2-B252000,solutions/test-Test-4-000--revision-v4--capacity-80/f14abec430588bcd074a6997a18a8f3403c80f3885536763c1a11ed0759d96fc.json
capacity-80,test-Test-4-000--revision-v4--capacity-80,53720.242923999984,12160.408486884107,03b5be533517ecc745b8f64e3df0b82d65d926911b38d432eb166870243fec1d,17884.048693000004,2130.19173767671,PPO-capacity-80-large-r2-B252000,solutions/test-Test-4-000--revision-v4--capacity-80/03b5be533517ecc745b8f64e3df0b82d65d926911b38d432eb166870243fec1d.json
capacity-80,test-Test-4-000--revision-v4--capacity-80,53720.242923999984,12160.408486884107,4d40b3b717fdd717c0cc820d4b88094c5e1da8d27a3f7f8f0388163067971f83,17884.303693,2126.5555133989637,PPO-capacity-80-large-r2-B252000,solutions/test-Test-4-000--revision-v4--capacity-80/4d40b3b717fdd717c0cc820d4b88094c5e1da8d27a3f7f8f0388163067971f83.json
capacity-80,test-Test-4-000--revision-v4--capacity-80,53720.242923999984,12160.408486884107,37d4e1bf1c0e51dcbdc96be84b99b21d992e62f0a07eaae4b010fe1b8a1c0ced,17962.799508999997,2124.5401126272122,PPO-capacity-80-large-r2-B252000,solutions/test-Test-4-000--revision-v4--capacity-80/37d4e1bf1c0e51dcbdc96be84b99b21d992e62f0a07eaae4b010fe1b8a1c0ced.json
capacity-80,test-Test-4-000--revision-v4--capacity-80,53720.242923999984,12160.408486884107,7203521c90c64428711910615b1a05624c1aa1e0ce9c34b42fc15636403368a6,18064.613509,2083.6980306894843,PPO-capacity-80-large-r2-B252000,solutions/test-Test-4-000--revision-v4--capacity-80/7203521c90c64428711910615b1a05624c1aa1e0ce9c34b42fc15636403368a6.json
capacity-80,test-Test-4-000--revision-v4--capacity-80,53720.242923999984,12160.408486884107,ab571061960044cc400275a57856bc36cfbef004dd8757bdf52aae6d0a0ddc30,18217.49477400001,1646.6017965603737,PPO-capacity-80-large-r0-B252000,solutions/test-Test-4-000--revision-v4--capacity-80/ab571061960044cc400275a57856bc36cfbef004dd8757bdf52aae6d0a0ddc30.json
capacity-80,test-Test-4-000--revision-v4--capacity-80,53720.242923999984,12160.408486884107,e78c112cfcb7764a548289a6d55a0946b8636656a54732147bce1e9bf6a045f9,18217.554774000007,1644.430475987945,PPO-capacity-80-large-r0-B252000,solutions/test-Test-4-000--revision-v4--capacity-80/e78c112cfcb7764a548289a6d55a0946b8636656a54732147bce1e9bf6a045f9.json
capacity-80,test-Test-4-000--revision-v4--capacity-80,53720.242923999984,12160.408486884107,815fca64320b3e1bdd24b40466a95c221e8189122a6bc6d4c3e079ef116b363f,18218.091774000008,1642.9078627695808,PPO-capacity-80-large-r0-B252000,solutions/test-Test-4-000--revision-v4--capacity-80/815fca64320b3e1bdd24b40466a95c221e8189122a6bc6d4c3e079ef116b363f.json
capacity-80,test-Test-4-000--revision-v4--capacity-80,53720.242923999984,12160.408486884107,dd5d873994966ddfee68453b9d57e576b8b137b571503a8a864442ed87402add,18218.79677400001,1641.752667961296,PPO-capacity-80-large-r0-B252000,solutions/test-Test-4-000--revision-v4--capacity-80/dd5d873994966ddfee68453b9d57e576b8b137b571503a8a864442ed87402add.json
capacity-80,test-Test-4-000--revision-v4--capacity-80,53720.242923999984,12160.408486884107,77cb72a605d157e9ab7b6ef9f6ce7d56e9d60c472ee80300e89ec1a8fa557947,18278.08277400001,1640.591796795638,PPO-capacity-80-large-r0-B252000,solutions/test-Test-4-000--revision-v4--capacity-80/77cb72a605d157e9ab7b6ef9f6ce7d56e9d60c472ee80300e89ec1a8fa557947.json
capacity-80,test-Test-4-000--revision-v4--capacity-80,53720.242923999984,12160.408486884107,b01b3c4d777ce4242dd2a8d354623d763e580c02b07d820355e272fae85054e8,18278.787774000008,1639.4366019873535,PPO-capacity-80-large-r0-B252000,solutions/test-Test-4-000--revision-v4--capacity-80/b01b3c4d777ce4242dd2a8d354623d763e580c02b07d820355e272fae85054e8.json
capacity-80,test-Test-4-000--revision-v4--capacity-80,53720.242923999984,12160.408486884107,373355ec0f14db13a7a62f73a731631e1524ac7128d4e913c43abfe5993cd80b,18287.538774000008,1638.892423553307,PPO-capacity-80-large-r0-B252000,solutions/test-Test-4-000--revision-v4--capacity-80/373355ec0f14db13a7a62f73a731631e1524ac7128d4e913c43abfe5993cd80b.json
capacity-80,test-Test-4-000--revision-v4--capacity-80,53720.242923999984,12160.408486884107,caa75b6ef3f982a5bb86558beb7a6c4c1339e759db7050bed25d151e14b212c5,18288.08177400001,1638.3617095012862,PPO-capacity-80-large-r0-B252000,solutions/test-Test-4-000--revision-v4--capacity-80/caa75b6ef3f982a5bb86558beb7a6c4c1339e759db7050bed25d151e14b212c5.json
capacity-80,test-Test-4-000--revision-v4--capacity-80,53720.242923999984,12160.408486884107,e59d1d5c2066cbbc307828d7ed5b69e79cdfd80f026604db5f9fe916b943098e,18296.77577400001,1638.3580530857744,PPO-capacity-80-large-r0-B252000,solutions/test-Test-4-000--revision-v4--capacity-80/e59d1d5c2066cbbc307828d7ed5b69e79cdfd80f026604db5f9fe916b943098e.json
capacity-80,test-Test-4-000--revision-v4--capacity-80,53720.242923999984,12160.408486884107,28a36ac207f389a9e50430a20fde89d0f17a49ed8c31dbe7c647b39ec51e2cde,18301.947774000007,1635.167940629299,PPO-capacity-80-large-r0-B252000,solutions/test-Test-4-000--revision-v4--capacity-80/28a36ac207f389a9e50430a20fde89d0f17a49ed8c31dbe7c647b39ec51e2cde.json
capacity-80,test-Test-4-000--revision-v4--capacity-80,53720.242923999984,12160.408486884107,b50c20bc512daa6df35d0b43e6fa8fd9e8434ac936da6fc7235d5df9a9cdf908,18315.83205300001,1628.1684130783606,PPO-capacity-80-large-r0-B252000,solutions/test-Test-4-000--revision-v4--capacity-80/b50c20bc512daa6df35d0b43e6fa8fd9e8434ac936da6fc7235d5df9a9cdf908.json
capacity-80,test-Test-4-000--revision-v4--capacity-80,53720.242923999984,12160.408486884107,5601c30da76e511e8ac0b9a7b3857da6cd04b701ed365480e274d4886fa1145c,18324.82877400001,1627.2357134728757,PPO-capacity-80-large-r0-B252000,solutions/test-Test-4-000--revision-v4--capacity-80/5601c30da76e511e8ac0b9a7b3857da6cd04b701ed365480e274d4886fa1145c.json
capacity-80,test-Test-4-000--revision-v4--capacity-80,53720.242923999984,12160.408486884107,0a878513241cc8ca3f8f77b446a563db0f7dd6c973fd4a70603ef7e268147b93,18449.83177400001,1623.2524666228915,PPO-capacity-80-large-r0-B252000,solutions/test-Test-4-000--revision-v4--capacity-80/0a878513241cc8ca3f8f77b446a563db0f7dd6c973fd4a70603ef7e268147b93.json
capacity-80,test-Test-4-000--revision-v4--capacity-80,53720.242923999984,12160.408486884107,c906d40ebd65e90edc3430bc6d061586e7b92cf730db323d49e6a638ce0927e1,18482.942783000013,1611.4312500204096,PPO-capacity-80-large-r1-B252000,solutions/test-Test-4-000--revision-v4--capacity-80/c906d40ebd65e90edc3430bc6d061586e7b92cf730db323d49e6a638ce0927e1.json
capacity-80,test-Test-4-000--revision-v4--capacity-80,53720.242923999984,12160.408486884107,929d54cede8d6b4d4fb20cbdc2c4a7bbae9434045a8a9f6ad337c151aa294ffb,18512.324783000004,1585.333823860875,PPO-capacity-80-large-r1-B252000,solutions/test-Test-4-000--revision-v4--capacity-80/929d54cede8d6b4d4fb20cbdc2c4a7bbae9434045a8a9f6ad337c151aa294ffb.json
capacity-80,test-Test-4-000--revision-v4--capacity-80,53720.242923999984,12160.408486884107,949a1578a4e8bbd2e58a0ef36be16e3f22b32cb3e5187af884af0ac79b04f15c,18520.33178300001,1567.1655817688122,PPO-capacity-80-large-r1-B252000,solutions/test-Test-4-000--revision-v4--capacity-80/949a1578a4e8bbd2e58a0ef36be16e3f22b32cb3e5187af884af0ac79b04f15c.json
capacity-80,test-Test-4-000--revision-v4--capacity-80,53720.242923999984,12160.408486884107,9290ce78d13f12742be078d21a5fd146ee9892efb68c06d350982b553401a345,18520.349783000005,1564.2769645014137,PPO-capacity-80-large-r1-B252000,solutions/test-Test-4-000--revision-v4--capacity-80/9290ce78d13f12742be078d21a5fd146ee9892efb68c06d350982b553401a345.json
capacity-80,test-Test-4-000--revision-v4--capacity-80,53720.242923999984,12160.408486884107,8fecdb3d2b1c340a008cac6297e1aebc6103049290d634dfb043e61eb69f3568,18525.182783000004,1562.4590434479187,PPO-capacity-80-large-r1-B252000,solutions/test-Test-4-000--revision-v4--capacity-80/8fecdb3d2b1c340a008cac6297e1aebc6103049290d634dfb043e61eb69f3568.json
capacity-80,test-Test-4-000--revision-v4--capacity-80,53720.242923999984,12160.408486884107,83921088b88edfd4d698cb60fc5795af8cce06b56378fcec0e69c0bdbe9ef9d9,18533.133224000005,1557.9430947240962,PPO-capacity-80-large-r1-B252000,solutions/test-Test-4-000--revision-v4--capacity-80/83921088b88edfd4d698cb60fc5795af8cce06b56378fcec0e69c0bdbe9ef9d9.json
capacity-80,test-Test-4-000--revision-v4--capacity-80,53720.242923999984,12160.408486884107,1061f9539decffec5a02223c042d9659c788c8581b435544cff205e03c329c4b,18537.198224000007,1555.1637064879874,PPO-capacity-80-large-r1-B252000,solutions/test-Test-4-000--revision-v4--capacity-80/1061f9539decffec5a02223c042d9659c788c8581b435544cff205e03c329c4b.json
capacity-80,test-Test-4-000--revision-v4--capacity-80,53720.242923999984,12160.408486884107,c507f4c4f6714033a2f7642ead8b7380e1a516c87575a6a72151862cbed57af1,18547.206224000005,1535.953720053724,PPO-capacity-80-large-r1-B252000,solutions/test-Test-4-000--revision-v4--capacity-80/c507f4c4f6714033a2f7642ead8b7380e1a516c87575a6a72151862cbed57af1.json
capacity-80,test-Test-4-000--revision-v4--capacity-80,53720.242923999984,12160.408486884107,b82ed9d7be5af5898720283c070edf15d45588360213d8662ae20f701d7fd0cf,18625.068085000014,1533.3366102297473,PPO-capacity-80-large-r1-B252000,solutions/test-Test-4-000--revision-v4--capacity-80/b82ed9d7be5af5898720283c070edf15d45588360213d8662ae20f701d7fd0cf.json
capacity-80,test-Test-4-000--revision-v4--capacity-80,53720.242923999984,12160.408486884107,8c9608d370611a2be995d760579d15478016944b0724a50c5f8e2e90f43a21c2,18648.344800999996,1520.1712599874081,PPO-capacity-80-large-r2-B252000,solutions/test-Test-4-000--revision-v4--capacity-80/8c9608d370611a2be995d760579d15478016944b0724a50c5f8e2e90f43a21c2.json
capacity-80,test-Test-4-000--revision-v4--capacity-80,53720.242923999984,12160.408486884107,4a97bf48d9677e964336cadf00349fb514d02de935993d1b945ca86a3fdc8848,18648.356800999998,1518.551203067889,PPO-capacity-80-large-r2-B252000,solutions/test-Test-4-000--revision-v4--capacity-80/4a97bf48d9677e964336cadf00349fb514d02de935993d1b945ca86a3fdc8848.json
capacity-80,test-Test-4-000--revision-v4--capacity-80,53720.242923999984,12160.408486884107,0850e66514787a10b36b34ce6391a04ed589852bd1e24a96b0746189cd1301e7,18676.553800999995,1508.4323944727244,PPO-capacity-80-large-r2-B252000,solutions/test-Test-4-000--revision-v4--capacity-80/0850e66514787a10b36b34ce6391a04ed589852bd1e24a96b0746189cd1301e7.json
capacity-80,test-Test-4-000--revision-v4--capacity-80,53720.242923999984,12160.408486884107,d75541ced5d419c5cfe921e5e837c50ecf09e4fca921aaeb0a26d708525b3e62,18691.424800999997,1503.8670063492089,PPO-capacity-80-large-r2-B252000,solutions/test-Test-4-000--revision-v4--capacity-80/d75541ced5d419c5cfe921e5e837c50ecf09e4fca921aaeb0a26d708525b3e62.json
capacity-80,test-Test-4-000--revision-v4--capacity-80,53720.242923999984,12160.408486884107,b44be4402690213228c2e95f2da95a640e97336f17c63a3c10a20a44e03b661c,18697.370800999997,1498.9922544710896,PPO-capacity-80-large-r2-B252000,solutions/test-Test-4-000--revision-v4--capacity-80/b44be4402690213228c2e95f2da95a640e97336f17c63a3c10a20a44e03b661c.json
capacity-80,test-Test-4-000--revision-v4--capacity-80,53720.242923999984,12160.408486884107,5e6d2c58c9e9dbc422541c7ebbee84e8230e8991afc3cb0eb6579c7bdfc4fa9a,18757.222801,1496.4096784490553,PPO-capacity-80-large-r2-B252000,solutions/test-Test-4-000--revision-v4--capacity-80/5e6d2c58c9e9dbc422541c7ebbee84e8230e8991afc3cb0eb6579c7bdfc4fa9a.json
capacity-80,test-Test-4-000--revision-v4--capacity-80,53720.242923999984,12160.408486884107,fce61e72512022c0dc83c96fa1459d808168f710bd6feeb375c71ad36936cba6,18763.475952000008,1409.93296893643,PPO-capacity-80-large-r0-B252000,solutions/test-Test-4-000--revision-v4--capacity-80/fce61e72512022c0dc83c96fa1459d808168f710bd6feeb375c71ad36936cba6.json
capacity-80,test-Test-4-000--revision-v4--capacity-80,53720.242923999984,12160.408486884107,2f9389bb865ed22e4e0f5279b76f397f1a7f6a0fbe597b086be7073ae3559de1,18857.32741200001,1405.790808425117,PPO-capacity-80-large-r0-B252000,solutions/test-Test-4-000--revision-v4--capacity-80/2f9389bb865ed22e4e0f5279b76f397f1a7f6a0fbe597b086be7073ae3559de1.json
capacity-80,test-Test-4-000--revision-v4--capacity-80,53720.242923999984,12160.408486884107,7f51fd8e2e442d5656fcbbb5ae87426783aaa8fbfc8f438814cc3849d1a2cf10,18859.423806000006,1405.7326307850512,PPO-capacity-80-large-r0-B252000,solutions/test-Test-4-000--revision-v4--capacity-80/7f51fd8e2e442d5656fcbbb5ae87426783aaa8fbfc8f438814cc3849d1a2cf10.json
capacity-80,test-Test-4-000--revision-v4--capacity-80,53720.242923999984,12160.408486884107,ed835b729c3af47fed8dfdb4f38d553da009055fb0c1602ebfffa644d3be4fba,18860.38080600001,1402.3252804528413,PPO-capacity-80-large-r0-B252000,solutions/test-Test-4-000--revision-v4--capacity-80/ed835b729c3af47fed8dfdb4f38d553da009055fb0c1602ebfffa644d3be4fba.json
capacity-80,test-Test-4-000--revision-v4--capacity-80,53720.242923999984,12160.408486884107,c3843d374e5371ce3dfa195fd6b2a4a89298cecb7994ebaa5391f7e78ab8bb08,18929.692806000006,1402.1313766079004,PPO-capacity-80-large-r0-B252000,solutions/test-Test-4-000--revision-v4--capacity-80/c3843d374e5371ce3dfa195fd6b2a4a89298cecb7994ebaa5391f7e78ab8bb08.json
capacity-80,test-Test-4-000--revision-v4--capacity-80,53720.242923999984,12160.408486884107,c65b4db486e2a22c583ef979f4403a0a6aede87cc61e3a9f75c81b311da36e53,18999.102846,1400.501112424642,PPO-capacity-80-large-r0-B252000,solutions/test-Test-4-000--revision-v4--capacity-80/c65b4db486e2a22c583ef979f4403a0a6aede87cc61e3a9f75c81b311da36e53.json
capacity-80,test-Test-4-000--revision-v4--capacity-80,53720.242923999984,12160.408486884107,79f15d31c6f91b21d017a015078e9ea96bec2d9a895aaaf2e479379cfec49beb,19000.147452,1397.4763424373539,PPO-capacity-80-large-r0-B252000,solutions/test-Test-4-000--revision-v4--capacity-80/79f15d31c6f91b21d017a015078e9ea96bec2d9a895aaaf2e479379cfec49beb.json
capacity-80,test-Test-4-000--revision-v4--capacity-80,53720.242923999984,12160.408486884107,19004e04113af7540e5b1f12bf59b8b4e3957669bba6bfb97c3676554eeb95d1,19003.200846000003,1394.0108144650783,PPO-capacity-80-large-r0-B252000,solutions/test-Test-4-000--revision-v4--capacity-80/19004e04113af7540e5b1f12bf59b8b4e3957669bba6bfb97c3676554eeb95d1.json
capacity-80,test-Test-4-000--revision-v4--capacity-80,53720.242923999984,12160.408486884107,531c3fd91a2e756ea59bb663622c742dacb0de4fe22ccc5b49769d6349ded5d6,19006.947846000003,1393.2386818053672,PPO-capacity-80-large-r0-B252000,solutions/test-Test-4-000--revision-v4--capacity-80/531c3fd91a2e756ea59bb663622c742dacb0de4fe22ccc5b49769d6349ded5d6.json
capacity-80,test-Test-4-000--revision-v4--capacity-80,53720.242923999984,12160.408486884107,06d96a58e67fdc0dec3434edfd2b6db85de46249779310ca7a3c4828b6423bba,19018.371846000002,1392.8929447360051,PPO-capacity-80-large-r0-B252000,solutions/test-Test-4-000--revision-v4--capacity-80/06d96a58e67fdc0dec3434edfd2b6db85de46249779310ca7a3c4828b6423bba.json
capacity-80,test-Test-4-000--revision-v4--capacity-80,53720.242923999984,12160.408486884107,1aac5156c655eb6218e8cfc05d04a16a097a4e9e34183f34139a88a22d87a39b,19023.576846000004,1391.340197193936,PPO-capacity-80-large-r0-B252000,solutions/test-Test-4-000--revision-v4--capacity-80/1aac5156c655eb6218e8cfc05d04a16a097a4e9e34183f34139a88a22d87a39b.json
capacity-80,test-Test-4-000--revision-v4--capacity-80,53720.242923999984,12160.408486884107,afd6c16fac45105dd6a06c0da93de588612b65c9ebf090cee68c25c78272e10f,19044.001452000004,1389.329585753468,PPO-capacity-80-large-r0-B252000,solutions/test-Test-4-000--revision-v4--capacity-80/afd6c16fac45105dd6a06c0da93de588612b65c9ebf090cee68c25c78272e10f.json
capacity-80,test-Test-4-000--revision-v4--capacity-80,53720.242923999984,12160.408486884107,02305f3aeedd12d5d0ac6c03621d0d5945f9970759a9a32251db859f9e997faa,19047.054846000003,1386.2255069743842,PPO-capacity-80-large-r0-B252000,solutions/test-Test-4-000--revision-v4--capacity-80/02305f3aeedd12d5d0ac6c03621d0d5945f9970759a9a32251db859f9e997faa.json
capacity-80,test-Test-4-000--revision-v4--capacity-80,53720.242923999984,12160.408486884107,0a5cd7fa000dbe568b5a7d8aa6a30e9ab90d4d5cb5a501e524ac1473dff0b002,19073.706846000005,1385.6807904857849,PPO-capacity-80-large-r0-B252000,solutions/test-Test-4-000--revision-v4--capacity-80/0a5cd7fa000dbe568b5a7d8aa6a30e9ab90d4d5cb5a501e524ac1473dff0b002.json
capacity-80,test-Test-4-000--revision-v4--capacity-80,53720.242923999984,12160.408486884107,d1c542fa0e01afcc0cc7b3cfa536e050c2e19f6df3b7fcac7f0ff79e121a5fd4,19126.449846000003,1382.8301134486383,PPO-capacity-80-large-r0-B252000,solutions/test-Test-4-000--revision-v4--capacity-80/d1c542fa0e01afcc0cc7b3cfa536e050c2e19f6df3b7fcac7f0ff79e121a5fd4.json
capacity-80,test-Test-4-000--revision-v4--capacity-80,53720.242923999984,12160.408486884107,30a240cf9f01af26e6cd783941976f0a2fbab143ddb5630b0f924dbb648ead99,19155.489846000004,1376.738400773406,PPO-capacity-80-large-r0-B252000,solutions/test-Test-4-000--revision-v4--capacity-80/30a240cf9f01af26e6cd783941976f0a2fbab143ddb5630b0f924dbb648ead99.json
capacity-80,test-Test-4-000--revision-v4--capacity-80,53720.242923999984,12160.408486884107,427303e513661d960de51b8d313bac5b42a9de8ff7bd3b985fc84d436239fa04,19189.119741000006,1284.7920847808666,PPO-capacity-80-large-r2-B252000,solutions/test-Test-4-000--revision-v4--capacity-80/427303e513661d960de51b8d313bac5b42a9de8ff7bd3b985fc84d436239fa04.json
capacity-80,test-Test-4-000--revision-v4--capacity-80,53720.242923999984,12160.408486884107,9929f3fcfc6001ec2e238718ce376ce952544555a609f52e3fd163393b8777ae,19218.849741000005,1206.5701821275954,PPO-capacity-80-large-r2-B252000,solutions/test-Test-4-000--revision-v4--capacity-80/9929f3fcfc6001ec2e238718ce376ce952544555a609f52e3fd163393b8777ae.json
capacity-80,test-Test-4-000--revision-v4--capacity-80,53720.242923999984,12160.408486884107,ab01cb73daf4059cc1b6ac448fdee534d5488016359f4193f89e7348afd66d14,19224.272670000006,1204.0807111461907,PPO-capacity-80-large-r2-B252000,solutions/test-Test-4-000--revision-v4--capacity-80/ab01cb73daf4059cc1b6ac448fdee534d5488016359f4193f89e7348afd66d14.json
capacity-80,test-Test-4-000--revision-v4--capacity-80,53720.242923999984,12160.408486884107,aee5f69eb534c2ed595ca1b2197a04fdfa6a48f5b28b331d73fe9cb9121664e8,19224.279741000006,1203.3292975074392,PPO-capacity-80-large-r2-B252000,solutions/test-Test-4-000--revision-v4--capacity-80/aee5f69eb534c2ed595ca1b2197a04fdfa6a48f5b28b331d73fe9cb9121664e8.json
capacity-80,test-Test-4-000--revision-v4--capacity-80,53720.242923999984,12160.408486884107,7337211d9843fed0a5964f85f890f0bbc2ff2de314f3469c95160598e5839a05,19229.592741000008,1200.711299612359,PPO-capacity-80-large-r2-B252000,solutions/test-Test-4-000--revision-v4--capacity-80/7337211d9843fed0a5964f85f890f0bbc2ff2de314f3469c95160598e5839a05.json
capacity-80,test-Test-4-000--revision-v4--capacity-80,53720.242923999984,12160.408486884107,58abbcf3da67c156d02fdb5eaaf34ce949b4a084bd0d7a78148933c8f8988952,19229.940741000006,1199.7197719918026,PPO-capacity-80-large-r2-B252000,solutions/test-Test-4-000--revision-v4--capacity-80/58abbcf3da67c156d02fdb5eaaf34ce949b4a084bd0d7a78148933c8f8988952.json
capacity-80,test-Test-4-000--revision-v4--capacity-80,53720.242923999984,12160.408486884107,f8b8e0329042bdb6168447504ee238b4a808d23719db4d8036de6d0007337c12,19230.18674100001,1199.3364163274452,PPO-capacity-80-large-r2-B252000,solutions/test-Test-4-000--revision-v4--capacity-80/f8b8e0329042bdb6168447504ee238b4a808d23719db4d8036de6d0007337c12.json
capacity-80,test-Test-4-000--revision-v4--capacity-80,53720.242923999984,12160.408486884107,dbb64a377e994dff8cb070d05cd3bfa26e6b81e16a45c4347f1b93b603fb75c4,19230.18974100001,1199.2900218241978,PPO-capacity-80-large-r2-B252000,solutions/test-Test-4-000--revision-v4--capacity-80/dbb64a377e994dff8cb070d05cd3bfa26e6b81e16a45c4347f1b93b603fb75c4.json
capacity-80,test-Test-4-000--revision-v4--capacity-80,53720.242923999984,12160.408486884107,8447a9efdadc6da6016d3d91d4bfc51a4d767c103d2eda2575dfeca2325d8691,19233.690741000006,1198.5880663003288,PPO-capacity-80-large-r2-B252000,solutions/test-Test-4-000--revision-v4--capacity-80/8447a9efdadc6da6016d3d91d4bfc51a4d767c103d2eda2575dfeca2325d8691.json
capacity-80,test-Test-4-000--revision-v4--capacity-80,53720.242923999984,12160.408486884107,6e34c33010093e06432d2fa42b9a7c3d0ab282b12bf0559866408b7690cefa5c,19255.200741000008,1195.685045463061,PPO-capacity-80-large-r2-B252000,solutions/test-Test-4-000--revision-v4--capacity-80/6e34c33010093e06432d2fa42b9a7c3d0ab282b12bf0559866408b7690cefa5c.json
capacity-80,test-Test-4-000--revision-v4--capacity-80,53720.242923999984,12160.408486884107,1a842bed058656e0175dc6682fd0a512ee7297f6c3553dac1b877bd8a4f12781,19261.09574100001,1193.7815486454604,PPO-capacity-80-large-r2-B252000,solutions/test-Test-4-000--revision-v4--capacity-80/1a842bed058656e0175dc6682fd0a512ee7297f6c3553dac1b877bd8a4f12781.json
capacity-80,test-Test-4-000--revision-v4--capacity-80,53720.242923999984,12160.408486884107,b607e335e809ee7d77379e2d347fc2562a5b3bd80bf248b67dfb789edf767269,19261.44374100001,1192.790021024904,PPO-capacity-80-large-r2-B252000,solutions/test-Test-4-000--revision-v4--capacity-80/b607e335e809ee7d77379e2d347fc2562a5b3bd80bf248b67dfb789edf767269.json
capacity-80,test-Test-4-000--revision-v4--capacity-80,53720.242923999984,12160.408486884107,7c7c7b93f9106826e2c07c53766f4c200b8c8910261c798232d46d262b5b74b7,19261.692741000006,1192.3602708572992,PPO-capacity-80-large-r2-B252000,solutions/test-Test-4-000--revision-v4--capacity-80/7c7c7b93f9106826e2c07c53766f4c200b8c8910261c798232d46d262b5b74b7.json
capacity-80,test-Test-4-000--revision-v4--capacity-80,53720.242923999984,12160.408486884107,3f8802e4702dc0cd0d1efb27730f598b14357321aab98491f2571ee29d40cc5f,19316.81568900001,1192.167150678188,PPO-capacity-80-large-r2-B252000,solutions/test-Test-4-000--revision-v4--capacity-80/3f8802e4702dc0cd0d1efb27730f598b14357321aab98491f2571ee29d40cc5f.json
capacity-80,test-Test-4-000--revision-v4--capacity-80,53720.242923999984,12160.408486884107,057954e687f770a2eb82d117d64730f8a4ca2c2a395a7555a39e8c316447e5bb,19351.08015000001,1189.478821217045,PPO-capacity-80-large-r2-B252000,solutions/test-Test-4-000--revision-v4--capacity-80/057954e687f770a2eb82d117d64730f8a4ca2c2a395a7555a39e8c316447e5bb.json
capacity-80,test-Test-4-000--revision-v4--capacity-80,53720.242923999984,12160.408486884107,82ee99a645fb54d61cdfceca52c960a07d94e8415218e8ee57e46d18b0f4d23f,19391.472741000005,1183.2200932784574,PPO-capacity-80-large-r2-B252000,solutions/test-Test-4-000--revision-v4--capacity-80/82ee99a645fb54d61cdfceca52c960a07d94e8415218e8ee57e46d18b0f4d23f.json
capacity-80,test-Test-4-000--revision-v4--capacity-80,53720.242923999984,12160.408486884107,644ba7b087eaa456d00377c9d8e8ae42d0b3eb80cdf4e3649404f24dc7f7b99a,19420.848543000007,1182.60033960233,PPO-capacity-80-large-r2-B252000,solutions/test-Test-4-000--revision-v4--capacity-80/644ba7b087eaa456d00377c9d8e8ae42d0b3eb80cdf4e3649404f24dc7f7b99a.json
capacity-80,test-Test-4-000--revision-v4--capacity-80,53720.242923999984,12160.408486884107,224f72e8610769794b4736fd2d0d9a307907a39219904df340ad62b3d670e9b8,19499.400379000006,1178.8240211962586,PPO-capacity-80-large-r2-B252000,solutions/test-Test-4-000--revision-v4--capacity-80/224f72e8610769794b4736fd2d0d9a307907a39219904df340ad62b3d670e9b8.json
capacity-80,test-Test-4-000--revision-v4--capacity-80,53720.242923999984,12160.408486884107,39610963ff8ecf68a534e64b5d9cb6fa8fe66e7bfdaafe3e9511c1e490f89848,19597.72713900001,1159.8522721492147,PPO-capacity-80-large-r2-B252000,solutions/test-Test-4-000--revision-v4--capacity-80/39610963ff8ecf68a534e64b5d9cb6fa8fe66e7bfdaafe3e9511c1e490f89848.json
capacity-80,test-Test-4-000--revision-v4--capacity-80,53720.242923999984,12160.408486884107,d41102f94d6223df0e1eb9b792d77e0a17a1f9aa99c0b8848fc17fbe645cb3d1,19646.497302,1049.2069297159878,PPO-capacity-80-large-r0-B252000,solutions/test-Test-4-000--revision-v4--capacity-80/d41102f94d6223df0e1eb9b792d77e0a17a1f9aa99c0b8848fc17fbe645cb3d1.json
capacity-80,test-Test-4-000--revision-v4--capacity-80,53720.242923999984,12160.408486884107,0e7d58458fcecb47a842f24769073e43cf446429d5062a6b20c0aadd2216a414,19659.349302000002,1047.4747017456325,PPO-capacity-80-large-r0-B252000,solutions/test-Test-4-000--revision-v4--capacity-80/0e7d58458fcecb47a842f24769073e43cf446429d5062a6b20c0aadd2216a414.json
capacity-80,test-Test-4-000--revision-v4--capacity-80,53720.242923999984,12160.408486884107,862197b75f42c5c405fadc22094fbc6817c2d32fbc8000e543e2e087806abcbf,19666.252302,1046.4831881193163,PPO-capacity-80-large-r0-B252000,solutions/test-Test-4-000--revision-v4--capacity-80/862197b75f42c5c405fadc22094fbc6817c2d32fbc8000e543e2e087806abcbf.json
capacity-80,test-Test-4-000--revision-v4--capacity-80,53720.242923999984,12160.408486884107,5ac1597cc60a089e2a9f3b395e477e676c50dfb991fff5a9d94b1c4523ccedbf,19666.315302000003,1044.7905948044242,PPO-capacity-80-large-r0-B252000,solutions/test-Test-4-000--revision-v4--capacity-80/5ac1597cc60a089e2a9f3b395e477e676c50dfb991fff5a9d94b1c4523ccedbf.json
capacity-80,test-Test-4-000--revision-v4--capacity-80,53720.242923999984,12160.408486884107,1463ac5d101df41246d6515dfdda67f733dd8545b77554234e3f4beb2e2e85df,19666.600302,1042.1818510038026,PPO-capacity-80-large-r0-B252000,solutions/test-Test-4-000--revision-v4--capacity-80/1463ac5d101df41246d6515dfdda67f733dd8545b77554234e3f4beb2e2e85df.json
capacity-80,test-Test-4-000--revision-v4--capacity-80,53720.242923999984,12160.408486884107,5068d2474ae3eb9141988d66c04b8dc9e7db90137266e92ab69ce372738f476b,19667.371302,1040.730709409914,PPO-capacity-80-large-r0-B252000,solutions/test-Test-4-000--revision-v4--capacity-80/5068d2474ae3eb9141988d66c04b8dc9e7db90137266e92ab69ce372738f476b.json
capacity-80,test-Test-4-000--revision-v4--capacity-80,53720.242923999984,12160.408486884107,3e9d4aaf3d67a58fb13c89ae3a6f6d6bc9a5ce41449d36979e79289d89dd4289,19668.076302,1039.9903932698062,PPO-capacity-80-large-r0-B252000,solutions/test-Test-4-000--revision-v4--capacity-80/3e9d4aaf3d67a58fb13c89ae3a6f6d6bc9a5ce41449d36979e79289d89dd4289.json
capacity-80,test-Test-4-000--revision-v4--capacity-80,53720.242923999984,12160.408486884107,2da7a85b3a2d3c9d4e57e3d868e2e7af4d59bc6bdb70053ee4086434168bf32a,19688.800302000003,1039.8915324114355,PPO-capacity-80-large-r0-B252000,solutions/test-Test-4-000--revision-v4--capacity-80/2da7a85b3a2d3c9d4e57e3d868e2e7af4d59bc6bdb70053ee4086434168bf32a.json
capacity-80,test-Test-4-000--revision-v4--capacity-80,53720.242923999984,12160.408486884107,27eea5a9915e43d97f5bdabe8e20d002772e3977e309b55b0399085a6f635eba,19689.505302,1039.1512162713277,PPO-capacity-80-large-r0-B252000,solutions/test-Test-4-000--revision-v4--capacity-80/27eea5a9915e43d97f5bdabe8e20d002772e3977e309b55b0399085a6f635eba.json
capacity-80,test-Test-4-000--revision-v4--capacity-80,53720.242923999984,12160.408486884107,2e0a2beb29be4e916adb51a4891b5144bf9a3b68caae38c81d0d324bf9d5028d,19704.619302000003,1037.8563878157825,PPO-capacity-80-large-r0-B252000,solutions/test-Test-4-000--revision-v4--capacity-80/2e0a2beb29be4e916adb51a4891b5144bf9a3b68caae38c81d0d324bf9d5028d.json
capacity-80,test-Test-4-000--revision-v4--capacity-80,53720.242923999984,12160.408486884107,9f3e0284aec63b7b9f2612adce6eafebc8fc960c666312a7760d63aa85eaabb8,19715.653302,1034.3649892443884,PPO-capacity-80-large-r0-B252000,solutions/test-Test-4-000--revision-v4--capacity-80/9f3e0284aec63b7b9f2612adce6eafebc8fc960c666312a7760d63aa85eaabb8.json
capacity-80,test-Test-4-000--revision-v4--capacity-80,53720.242923999984,12160.408486884107,e22b118706e8a45e8bede99c24b9b645b0cb34966e62fe7a93f235bdf5768c3e,19715.716302,1032.6723959294964,PPO-capacity-80-large-r0-B252000,solutions/test-Test-4-000--revision-v4--capacity-80/e22b118706e8a45e8bede99c24b9b645b0cb34966e62fe7a93f235bdf5768c3e.json
capacity-80,test-Test-4-000--revision-v4--capacity-80,53720.242923999984,12160.408486884107,e1c0d6531d3f106cf8ac3c1712b32b3ac628c5790a1e9d597788c8e6c233b51c,19716.772302,1028.612510534986,PPO-capacity-80-large-r0-B252000,solutions/test-Test-4-000--revision-v4--capacity-80/e1c0d6531d3f106cf8ac3c1712b32b3ac628c5790a1e9d597788c8e6c233b51c.json
capacity-80,test-Test-4-000--revision-v4--capacity-80,53720.242923999984,12160.408486884107,bf1c82f71022d0e83bf5a10ac0da1e6cf916861905614d3db196eb82be542a25,19717.477302,1027.8721943948783,PPO-capacity-80-large-r0-B252000,solutions/test-Test-4-000--revision-v4--capacity-80/bf1c82f71022d0e83bf5a10ac0da1e6cf916861905614d3db196eb82be542a25.json
capacity-80,test-Test-4-000--revision-v4--capacity-80,53720.242923999984,12160.408486884107,f031210966fa39b617aa4e080af581cee87d6ba8adfb0e898d4933b0287755b6,19789.888302,1026.6903385102598,PPO-capacity-80-large-r0-B252000,solutions/test-Test-4-000--revision-v4--capacity-80/f031210966fa39b617aa4e080af581cee87d6ba8adfb0e898d4933b0287755b6.json
capacity-80,test-Test-4-000--revision-v4--capacity-80,53720.242923999984,12160.408486884107,df7d1869f98617c043075220b0c910ef1d0e3098f5cf3554014c788c6f9d40a3,19819.618302000003,1019.4240346507381,PPO-capacity-80-large-r0-B252000,solutions/test-Test-4-000--revision-v4--capacity-80/df7d1869f98617c043075220b0c910ef1d0e3098f5cf3554014c788c6f9d40a3.json
capacity-80,test-Test-4-000--revision-v4--capacity-80,53720.242923999984,12160.408486884107,78b743d66cc6f37db5fb9fcff939749956b566ff426283a5cdac110e0b9e926c,19863.172302,1017.8023795576062,PPO-capacity-80-large-r0-B252000,solutions/test-Test-4-000--revision-v4--capacity-80/78b743d66cc6f37db5fb9fcff939749956b566ff426283a5cdac110e0b9e926c.json
capacity-80,test-Test-4-000--revision-v4--capacity-80,53720.242923999984,12160.408486884107,5287d0ad1497147b87505167b1a26ea3c887fce976f8dd588e2e1dc4d57e7ce7,19893.161742,1016.2112415225365,PPO-capacity-80-large-r0-B252000,solutions/test-Test-4-000--revision-v4--capacity-80/5287d0ad1497147b87505167b1a26ea3c887fce976f8dd588e2e1dc4d57e7ce7.json
capacity-80,test-Test-4-000--revision-v4--capacity-80,53720.242923999984,12160.408486884107,99a369f7afc9c4b4700267c30aa66141ab9147d7050191a2341268c5db902458,20130.210146,939.1955810826856,PPO-capacity-80-large-r2-B252000,solutions/test-Test-4-000--revision-v4--capacity-80/99a369f7afc9c4b4700267c30aa66141ab9147d7050191a2341268c5db902458.json
capacity-80,test-Test-4-000--revision-v4--capacity-80,53720.242923999984,12160.408486884107,e0da3d44062279ab08c6f431d5b583ae99af8171b0936ff33e619ec38675e359,20138.477971000004,938.754153459288,PPO-capacity-80-large-r2-B252000,solutions/test-Test-4-000--revision-v4--capacity-80/e0da3d44062279ab08c6f431d5b583ae99af8171b0936ff33e619ec38675e359.json
capacity-80,test-Test-4-000--revision-v4--capacity-80,53720.242923999984,12160.408486884107,10b801297828edccf500b877648fdc73a054a075bf7b2b2de8db57c79dec5f1b,20139.872971000004,936.9849216020997,PPO-capacity-80-large-r2-B252000,solutions/test-Test-4-000--revision-v4--capacity-80/10b801297828edccf500b877648fdc73a054a075bf7b2b2de8db57c79dec5f1b.json
capacity-80,test-Test-4-000--revision-v4--capacity-80,53720.242923999984,12160.408486884107,16d5280513f98fa4f6c81af3ed4cb6de36a59dcc143d3c3e897a80f1932397cf,20140.523971000006,933.6388012453297,PPO-capacity-80-large-r2-B252000,solutions/test-Test-4-000--revision-v4--capacity-80/16d5280513f98fa4f6c81af3ed4cb6de36a59dcc143d3c3e897a80f1932397cf.json
capacity-80,test-Test-4-000--revision-v4--capacity-80,53720.242923999984,12160.408486884107,536579f98bc832edbae99272a66ffb11ea7b81c268fe46fa1148da5b8f39218d,20142.441146000005,933.0669575438557,PPO-capacity-80-large-r2-B252000,solutions/test-Test-4-000--revision-v4--capacity-80/536579f98bc832edbae99272a66ffb11ea7b81c268fe46fa1148da5b8f39218d.json
capacity-80,test-Test-4-000--revision-v4--capacity-80,53720.242923999984,12160.408486884107,a4707f206c8d682007ab4b23dabc2a5b434707e3a33f113fa827579c10bbbdd7,20145.255146000003,932.3738513419559,PPO-capacity-80-large-r2-B252000,solutions/test-Test-4-000--revision-v4--capacity-80/a4707f206c8d682007ab4b23dabc2a5b434707e3a33f113fa827579c10bbbdd7.json
capacity-80,test-Test-4-000--revision-v4--capacity-80,53720.242923999984,12160.408486884107,5f2637c39a72b2ab5061c7726419c95ff05596c0821fa0f5b6b23367739e5b2a,20180.222971000003,913.8074552775818,PPO-capacity-80-large-r2-B252000,solutions/test-Test-4-000--revision-v4--capacity-80/5f2637c39a72b2ab5061c7726419c95ff05596c0821fa0f5b6b23367739e5b2a.json
capacity-80,test-Test-4-000--revision-v4--capacity-80,53720.242923999984,12160.408486884107,024394892a3ea9193c6c83ace54a8f8d35c7b7409c3044f454b513f37bcd2ef1,20182.140146000005,913.2356115761078,PPO-capacity-80-large-r2-B252000,solutions/test-Test-4-000--revision-v4--capacity-80/024394892a3ea9193c6c83ace54a8f8d35c7b7409c3044f454b513f37bcd2ef1.json
capacity-80,test-Test-4-000--revision-v4--capacity-80,53720.242923999984,12160.408486884107,dbfa3d2241000a0193a2fde3918aa9133066ca66f119a1d4ef602ce71d8fcdc8,20184.954146000004,912.542505374208,PPO-capacity-80-large-r2-B252000,solutions/test-Test-4-000--revision-v4--capacity-80/dbfa3d2241000a0193a2fde3918aa9133066ca66f119a1d4ef602ce71d8fcdc8.json
capacity-80,test-Test-4-000--revision-v4--capacity-80,53720.242923999984,12160.408486884107,5b8af1a52da0d4e216962c0e6ee6ad3506502f4c75976b0ced57e6d2dca83c06,20191.800146000005,912.052834789081,PPO-capacity-80-large-r2-B252000,solutions/test-Test-4-000--revision-v4--capacity-80/5b8af1a52da0d4e216962c0e6ee6ad3506502f4c75976b0ced57e6d2dca83c06.json
capacity-80,test-Test-4-000--revision-v4--capacity-80,53720.242923999984,12160.408486884107,6d70eafeb057b17ba90403abd96c1272bbd69b08284344b86de3d9afc2a2d033,20194.614146000004,911.359728587181,PPO-capacity-80-large-r2-B252000,solutions/test-Test-4-000--revision-v4--capacity-80/6d70eafeb057b17ba90403abd96c1272bbd69b08284344b86de3d9afc2a2d033.json
capacity-80,test-Test-4-000--revision-v4--capacity-80,53720.242923999984,12160.408486884107,6039ce0ef67ced04689255ec5868fd76d4b382229020e7f0f0a4dfbe578e72bc,20201.898146000003,910.5399286354073,PPO-capacity-80-large-r2-B252000,solutions/test-Test-4-000--revision-v4--capacity-80/6039ce0ef67ced04689255ec5868fd76d4b382229020e7f0f0a4dfbe578e72bc.json
capacity-80,test-Test-4-000--revision-v4--capacity-80,53720.242923999984,12160.408486884107,b96aaff67b1dd8fbc1ca0071b12553f6f1ac4cd54dc071291dc87cafd34c1549,20226.381146000003,910.169244792759,PPO-capacity-80-large-r2-B252000,solutions/test-Test-4-000--revision-v4--capacity-80/b96aaff67b1dd8fbc1ca0071b12553f6f1ac4cd54dc071291dc87cafd34c1549.json
capacity-80,test-Test-4-000--revision-v4--capacity-80,53720.242923999984,12160.408486884107,27cd54b7027badeb63a58d61900ffe4d79fb62e23456c592531f9e6282084623,20268.886286000004,909.8497458734084,PPO-capacity-80-large-r2-B252000,solutions/test-Test-4-000--revision-v4--capacity-80/27cd54b7027badeb63a58d61900ffe4d79fb62e23456c592531f9e6282084623.json
capacity-80,test-Test-4-000--revision-v4--capacity-80,53720.242923999984,12160.408486884107,45068f394b2d5ad0caa734c20791a412827fd2c09751f3015f343f16a16060b3,20271.702146000003,909.1770355104278,PPO-capacity-80-large-r2-B252000,solutions/test-Test-4-000--revision-v4--capacity-80/45068f394b2d5ad0caa734c20791a412827fd2c09751f3015f343f16a16060b3.json
capacity-80,test-Test-4-000--revision-v4--capacity-80,53720.242923999984,12160.408486884107,6d97f449b1a4ceddb7c49715f2424ee2c52a374dbb9557bf89c0247998b10ed7,20279.905584,904.2415508709786,PPO-capacity-80-large-r1-B252000,solutions/test-Test-4-000--revision-v4--capacity-80/6d97f449b1a4ceddb7c49715f2424ee2c52a374dbb9557bf89c0247998b10ed7.json
capacity-80,test-Test-4-000--revision-v4--capacity-80,53720.242923999984,12160.408486884107,6f898df0889e33e35d5fc1918aec46fb2f7233f9dd17c6f32ae7f2a09ea6cdf4,20285.848584,898.2805428561287,PPO-capacity-80-large-r1-B252000,solutions/test-Test-4-000--revision-v4--capacity-80/6f898df0889e33e35d5fc1918aec46fb2f7233f9dd17c6f32ae7f2a09ea6cdf4.json
capacity-80,test-Test-4-000--revision-v4--capacity-80,53720.242923999984,12160.408486884107,f8d623bdf05164a2cf3ad9cdf6d74f844124a386ebe7b82910402a160bcae44f,20289.889583999997,897.604670971025,PPO-capacity-80-large-r1-B252000,solutions/test-Test-4-000--revision-v4--capacity-80/f8d623bdf05164a2cf3ad9cdf6d74f844124a386ebe7b82910402a160bcae44f.json
capacity-80,test-Test-4-000--revision-v4--capacity-80,53720.242923999984,12160.408486884107,ef8449610763e2e2a6177662886982a4ce041588a35ab0d19634d9e13184e5fb,20291.539584,896.8132333101448,PPO-capacity-80-large-r1-B252000,solutions/test-Test-4-000--revision-v4--capacity-80/ef8449610763e2e2a6177662886982a4ce041588a35ab0d19634d9e13184e5fb.json
capacity-80,test-Test-4-000--revision-v4--capacity-80,53720.242923999984,12160.408486884107,d6e5686ae8e1fcf77c6a1d34c25e0e5d72391c8645fa8bc3f750e4cfb527f203,20379.358584,894.736590048811,PPO-capacity-80-large-r1-B252000,solutions/test-Test-4-000--revision-v4--capacity-80/d6e5686ae8e1fcf77c6a1d34c25e0e5d72391c8645fa8bc3f750e4cfb527f203.json
capacity-80,test-Test-4-000--revision-v4--capacity-80,53720.242923999984,12160.408486884107,b8effdf582e8374ec0c8f1f1d2e61e5a18b5f7680867da9d010ce70d781200b7,20402.559584,894.0732594036547,PPO-capacity-80-large-r1-B252000,solutions/test-Test-4-000--revision-v4--capacity-80/b8effdf582e8374ec0c8f1f1d2e61e5a18b5f7680867da9d010ce70d781200b7.json
capacity-80,test-Test-4-000--revision-v4--capacity-80,53720.242923999984,12160.408486884107,44726363bdd54c819c8c9d1a5581a2cb927779be716866b836b9031d39431fd8,20453.632676,891.3550410925475,PPO-capacity-80-large-r0-B252000,solutions/test-Test-4-000--revision-v4--capacity-80/44726363bdd54c819c8c9d1a5581a2cb927779be716866b836b9031d39431fd8.json
capacity-80,test-Test-4-000--revision-v4--capacity-80,53720.242923999984,12160.408486884107,a2b747ec084b98cba5a55d3aeac4382ac1f252c23621ff8f1d2da4375f83c6ee,20570.422584,890.7817094678456,PPO-capacity-80-large-r1-B252000,solutions/test-Test-4-000--revision-v4--capacity-80/a2b747ec084b98cba5a55d3aeac4382ac1f252c23621ff8f1d2da4375f83c6ee.json
capacity-80,test-Test-4-000--revision-v4--capacity-80,53720.242923999984,12160.408486884107,f8eeccce369fe53c7bcee5f4c574fe33d316e3d5d5d42e17ec28b82aa855dbd6,20591.200584000002,888.1809870224812,PPO-capacity-80-large-r1-B252000,solutions/test-Test-4-000--revision-v4--capacity-80/f8eeccce369fe53c7bcee5f4c574fe33d316e3d5d5d42e17ec28b82aa855dbd6.json
capacity-80,test-Test-4-000--revision-v4--capacity-80,53720.242923999984,12160.408486884107,b484ad9482899c49e77f67a337d4418c3936788c5723b95fd6314a77de6d22a7,20597.05579,880.5191798317751,PPO-capacity-80-large-r1-B252000,solutions/test-Test-4-000--revision-v4--capacity-80/b484ad9482899c49e77f67a337d4418c3936788c5723b95fd6314a77de6d22a7.json
capacity-80,test-Test-4-000--revision-v4--capacity-80,53720.242923999984,12160.408486884107,343730a48fec6728f4e5d83394156d12853470464b03c6e26bc7563fa01cb385,20988.404033,670.6628088225768,PPO-capacity-80-large-r2-B252000,solutions/test-Test-4-000--revision-v4--capacity-80/343730a48fec6728f4e5d83394156d12853470464b03c6e26bc7563fa01cb385.json
capacity-80,test-Test-4-000--revision-v4--capacity-80,53720.242923999984,12160.408486884107,f24cb0e3ef3be0eb4d3be9aa53ea75157b1e3ac86d0fb8c0e8f183f66718ea2d,21007.537966999997,661.8776249074854,PPO-capacity-80-large-r2-B252000,solutions/test-Test-4-000--revision-v4--capacity-80/f24cb0e3ef3be0eb4d3be9aa53ea75157b1e3ac86d0fb8c0e8f183f66718ea2d.json
capacity-80,test-Test-4-000--revision-v4--capacity-80,53720.242923999984,12160.408486884107,86a47462daab23cbc2f46689370e8982342b5ebbb2cb74f4f52bfb2c135c2198,21016.021966999997,660.3918043484763,PPO-capacity-80-large-r2-B252000,solutions/test-Test-4-000--revision-v4--capacity-80/86a47462daab23cbc2f46689370e8982342b5ebbb2cb74f4f52bfb2c135c2198.json
capacity-80,test-Test-4-000--revision-v4--capacity-80,53720.242923999984,12160.408486884107,6f86a4b79a4adc33fe4b60b6af63e18da02d3075e0dd8a59eb276e77dd25e30e,21017.263967,659.9346804572376,PPO-capacity-80-large-r2-B252000,solutions/test-Test-4-000--revision-v4--capacity-80/6f86a4b79a4adc33fe4b60b6af63e18da02d3075e0dd8a59eb276e77dd25e30e.json
capacity-80,test-Test-4-000--revision-v4--capacity-80,53720.242923999984,12160.408486884107,ece0ec570578a736b4b68ed1e032e595b5c779deb8007ca8e8a8a3949ba0bcd4,21046.999967,659.9212768842227,PPO-capacity-80-large-r2-B252000,solutions/test-Test-4-000--revision-v4--capacity-80/ece0ec570578a736b4b68ed1e032e595b5c779deb8007ca8e8a8a3949ba0bcd4.json
capacity-80,test-Test-4-000--revision-v4--capacity-80,53720.242923999984,12160.408486884107,75c73aba8a92a9837753688b98d62fe4238b560b4e11fff502501962d6d5144f,21060.495392,659.1699946401175,PPO-capacity-80-large-r2-B252000,solutions/test-Test-4-000--revision-v4--capacity-80/75c73aba8a92a9837753688b98d62fe4238b560b4e11fff502501962d6d5144f.json
capacity-80,test-Test-4-000--revision-v4--capacity-80,53720.242923999984,12160.408486884107,48025d19768cf1131f42181da2c735042f981b9bc905a8d8a2344014399c3ea5,21170.522007,656.7189168278219,PPO-capacity-80-large-r2-B252000,solutions/test-Test-4-000--revision-v4--capacity-80/48025d19768cf1131f42181da2c735042f981b9bc905a8d8a2344014399c3ea5.json
capacity-80,test-Test-4-000--revision-v4--capacity-80,53720.242923999984,12160.408486884107,7890ab6a9ef1b5a4398b35fa7715b4b8d28f4067ad56823bf31eef12705491fc,21199.615966999998,654.5347230399126,PPO-capacity-80-large-r2-B252000,solutions/test-Test-4-000--revision-v4--capacity-80/7890ab6a9ef1b5a4398b35fa7715b4b8d28f4067ad56823bf31eef12705491fc.json
capacity-80,test-Test-4-000--revision-v4--capacity-80,53720.242923999984,12160.408486884107,3c1ecd0fa69906c948e22c5a46bec6124d4eda8e0d736cd87e36d12c2ec061e8,21670.268717,654.014295273154,PPO-capacity-80-large-r2-B252000,solutions/test-Test-4-000--revision-v4--capacity-80/3c1ecd0fa69906c948e22c5a46bec6124d4eda8e0d736cd87e36d12c2ec061e8.json
capacity-80,test-Test-4-000--revision-v4--capacity-80,53720.242923999984,12160.408486884107,fe76e003e5c841ad444a8499fb222e6721a1a831aa74c90f72c221255f1382d9,22440.683214000008,619.2810493849979,PPO-capacity-80-large-r2-B252000,solutions/test-Test-4-000--revision-v4--capacity-80/fe76e003e5c841ad444a8499fb222e6721a1a831aa74c90f72c221255f1382d9.json
capacity-80,test-Test-4-000--revision-v4--capacity-80,53720.242923999984,12160.408486884107,2ecc1d622f7ea019cc00300e6521cebbef59022a98c0f6731ccf9a918fb49530,22444.529214000006,619.2565638672901,PPO-capacity-80-large-r2-B252000,solutions/test-Test-4-000--revision-v4--capacity-80/2ecc1d622f7ea019cc00300e6521cebbef59022a98c0f6731ccf9a918fb49530.json
capacity-80,test-Test-4-000--revision-v4--capacity-80,53720.242923999984,12160.408486884107,3e5b86a9ca656b00496a5350276749792645af97c3d1ca7979db1b435f38cd91,22505.127515999997,609.9145028836112,PPO-capacity-80-large-r2-B252000,solutions/test-Test-4-000--revision-v4--capacity-80/3e5b86a9ca656b00496a5350276749792645af97c3d1ca7979db1b435f38cd91.json
capacity-80,test-Test-4-000--revision-v4--capacity-80,53720.242923999984,12160.408486884107,6e3d6cbdd21073d2b0675377fcae923a120fde21f1c055f8f34bfd1d6c9aa34f,22505.691267,604.967391522647,PPO-capacity-80-large-r2-B252000,solutions/test-Test-4-000--revision-v4--capacity-80/6e3d6cbdd21073d2b0675377fcae923a120fde21f1c055f8f34bfd1d6c9aa34f.json
capacity-80,test-Test-4-000--revision-v4--capacity-80,53720.242923999984,12160.408486884107,faefcf89c989d2eaea8b226e67782431fbe5141e042c544b561ec568bedbb57c,22507.640214,604.3274860172601,PPO-capacity-80-large-r2-B252000,solutions/test-Test-4-000--revision-v4--capacity-80/faefcf89c989d2eaea8b226e67782431fbe5141e042c544b561ec568bedbb57c.json
capacity-80,test-Test-4-000--revision-v4--capacity-80,53720.242923999984,12160.408486884107,c6570610c4067482b52036aa509b43d3b47c349e1ae456569926d4824dad26f9,22509.302327999998,604.0973298633503,PPO-capacity-80-large-r2-B252000,solutions/test-Test-4-000--revision-v4--capacity-80/c6570610c4067482b52036aa509b43d3b47c349e1ae456569926d4824dad26f9.json
capacity-80,test-Test-4-000--revision-v4--capacity-80,53720.242923999984,12160.408486884107,8e6709db6f4f5537b8222e144a78f5253cd637737fdeafaede11825f76eaee18,22515.857214,603.8433067204164,PPO-capacity-80-large-r2-B252000,solutions/test-Test-4-000--revision-v4--capacity-80/8e6709db6f4f5537b8222e144a78f5253cd637737fdeafaede11825f76eaee18.json
capacity-80,test-Test-4-000--revision-v4--capacity-80,53720.242923999984,12160.408486884107,8b334c87bf7753286bb41396a56842e745aac8601b9066c3920a6a8c075f40fc,22527.743214,603.3922217124539,PPO-capacity-80-large-r2-B252000,solutions/test-Test-4-000--revision-v4--capacity-80/8b334c87bf7753286bb41396a56842e745aac8601b9066c3920a6a8c075f40fc.json
capacity-80,test-Test-4-000--revision-v4--capacity-80,53720.242923999984,12160.408486884107,b63182afb258490be14ef121db9551b1a198b7f048af66e753dc62cc16f32ed7,22529.624213999996,601.807222013553,PPO-capacity-80-large-r2-B252000,solutions/test-Test-4-000--revision-v4--capacity-80/b63182afb258490be14ef121db9551b1a198b7f048af66e753dc62cc16f32ed7.json
capacity-80,test-Test-4-000--revision-v4--capacity-80,53720.242923999984,12160.408486884107,bd21bb4d4dacf5e0c8375506cb52fb346a8338f9ffc8c1969e069ba16e8405da,22555.628213999993,601.575955865022,PPO-capacity-80-large-r2-B252000,solutions/test-Test-4-000--revision-v4--capacity-80/bd21bb4d4dacf5e0c8375506cb52fb346a8338f9ffc8c1969e069ba16e8405da.json
capacity-80,test-Test-4-000--revision-v4--capacity-80,53720.242923999984,12160.408486884107,57d289fad8847599a3244fb140fe0f51f53078a2b696c306c52876717633d8f0,22707.308213999997,600.2019590268837,PPO-capacity-80-large-r2-B252000,solutions/test-Test-4-000--revision-v4--capacity-80/57d289fad8847599a3244fb140fe0f51f53078a2b696c306c52876717633d8f0.json
capacity-80,test-Test-4-000--revision-v4--capacity-80,53720.242923999984,12160.408486884107,31183272fc325e9ed95af17a61be9bfc18dba35bb90af8328d253f24641b68be,22750.068714999998,599.7798295732648,PPO-capacity-80-large-r1-B252000,solutions/test-Test-4-000--revision-v4--capacity-80/31183272fc325e9ed95af17a61be9bfc18dba35bb90af8328d253f24641b68be.json
capacity-80,test-Test-4-000--revision-v4--capacity-80,53720.242923999984,12160.408486884107,32561a8b3cd61585a1e985dc4ac7c5bdc251fa614506476699481c58a1859373,22788.825715,599.3240975618488,PPO-capacity-80-large-r1-B252000,solutions/test-Test-4-000--revision-v4--capacity-80/32561a8b3cd61585a1e985dc4ac7c5bdc251fa614506476699481c58a1859373.json
capacity-80,test-Test-4-000--revision-v4--capacity-80,53720.242923999984,12160.408486884107,a9473b0e5e52c1b8cd589aecf991ae1ba02bd07250272ffbd61d843660ea0888,22796.910714999998,597.2401567200737,PPO-capacity-80-large-r1-B252000,solutions/test-Test-4-000--revision-v4--capacity-80/a9473b0e5e52c1b8cd589aecf991ae1ba02bd07250272ffbd61d843660ea0888.json
capacity-80,test-Test-4-000--revision-v4--capacity-80,53720.242923999984,12160.408486884107,8606470235e44db5e65f017f1ed58e18fdeb7b7381c3245c703a852e0363ed49,22808.130715,596.7969767805022,PPO-capacity-80-large-r1-B252000,solutions/test-Test-4-000--revision-v4--capacity-80/8606470235e44db5e65f017f1ed58e18fdeb7b7381c3245c703a852e0363ed49.json
capacity-80,test-Test-4-000--revision-v4--capacity-80,53720.242923999984,12160.408486884107,ff6170299aafca4ac0d07b0a640cf5277372776d35239934f8043c740c5375af,22813.518715,596.1337723175445,PPO-capacity-80-large-r1-B252000,solutions/test-Test-4-000--revision-v4--capacity-80/ff6170299aafca4ac0d07b0a640cf5277372776d35239934f8043c740c5375af.json
capacity-80,test-Test-4-000--revision-v4--capacity-80,53720.242923999984,12160.408486884107,807ab086e59fc3787c60152fab11c063882fcd87659e45dc53c28526af625c90,22831.977714999997,595.9891381108529,PPO-capacity-80-large-r1-B252000,solutions/test-Test-4-000--revision-v4--capacity-80/807ab086e59fc3787c60152fab11c063882fcd87659e45dc53c28526af625c90.json
capacity-80,test-Test-4-000--revision-v4--capacity-80,53720.242923999984,12160.408486884107,3238e6a56bf933ea8843ea1637f3a28e0b10312f86d2b9b01312b2a2be3dbb38,22846.786814999996,595.2545288371354,PPO-capacity-80-large-r1-B252000,solutions/test-Test-4-000--revision-v4--capacity-80/3238e6a56bf933ea8843ea1637f3a28e0b10312f86d2b9b01312b2a2be3dbb38.json
capacity-80,test-Test-4-000--revision-v4--capacity-80,53720.242923999984,12160.408486884107,6f476996287e550270c84a41bb743a0e726bb092b9377250df9b11b61cb3b411,22859.991714999996,582.6222744090699,PPO-capacity-80-large-r1-B252000,solutions/test-Test-4-000--revision-v4--capacity-80/6f476996287e550270c84a41bb743a0e726bb092b9377250df9b11b61cb3b411.json
capacity-80,test-Test-4-000--revision-v4--capacity-80,53720.242923999984,12160.408486884107,764b5781cbe5a26589e52767bb6b8bceb6b18a5186c8b50d547babd819916226,22868.076714999996,580.5383335672948,PPO-capacity-80-large-r1-B252000,solutions/test-Test-4-000--revision-v4--capacity-80/764b5781cbe5a26589e52767bb6b8bceb6b18a5186c8b50d547babd819916226.json
capacity-80,test-Test-4-000--revision-v4--capacity-80,53720.242923999984,12160.408486884107,dfdf6b08a822d0d5a4d863770b96d0e6e5cc1138d1dd3ae42b2e6f5bf6fc8aa9,22879.296714999997,580.0951536277231,PPO-capacity-80-large-r1-B252000,solutions/test-Test-4-000--revision-v4--capacity-80/dfdf6b08a822d0d5a4d863770b96d0e6e5cc1138d1dd3ae42b2e6f5bf6fc8aa9.json
capacity-80,test-Test-4-000--revision-v4--capacity-80,53720.242923999984,12160.408486884107,79e17b4774cb955e0ea8ea0ee021d31d54c32e848274cefa73138964ae18005e,22884.684714999996,579.4319491647656,PPO-capacity-80-large-r1-B252000,solutions/test-Test-4-000--revision-v4--capacity-80/79e17b4774cb955e0ea8ea0ee021d31d54c32e848274cefa73138964ae18005e.json
capacity-80,test-Test-4-000--revision-v4--capacity-80,53720.242923999984,12160.408486884107,d46ffa470a97d605837b0f10b5d3876a72cf031f56b478be390cc4823ecc3abd,22951.410714999998,578.6627499073159,PPO-capacity-80-large-r1-B252000,solutions/test-Test-4-000--revision-v4--capacity-80/d46ffa470a97d605837b0f10b5d3876a72cf031f56b478be390cc4823ecc3abd.json
capacity-80,test-Test-4-000--revision-v4--capacity-80,53720.242923999984,12160.408486884107,e6383ff364302e86ad18cac6fc9288701710ed8ec15d64116a779231ae6ca881,22973.157714999998,577.5091706798847,PPO-capacity-80-large-r1-B252000,solutions/test-Test-4-000--revision-v4--capacity-80/e6383ff364302e86ad18cac6fc9288701710ed8ec15d64116a779231ae6ca881.json
capacity-80,test-Test-4-000--revision-v4--capacity-80,53720.242923999984,12160.408486884107,72e67764dc362065c123690066d188578bb792979f6b6647b31cee39b30920a3,23104.889640999994,576.9458035575885,PPO-capacity-80-large-r1-B252000,solutions/test-Test-4-000--revision-v4--capacity-80/72e67764dc362065c123690066d188578bb792979f6b6647b31cee39b30920a3.json
capacity-80,test-Test-4-000--revision-v4--capacity-80,53720.242923999984,12160.408486884107,01ff908d432a689773bccf77ce8490ec747d66f6d03e5244937b91f450446a51,23139.56471499999,574.6159002790981,PPO-capacity-80-large-r1-B252000,solutions/test-Test-4-000--revision-v4--capacity-80/01ff908d432a689773bccf77ce8490ec747d66f6d03e5244937b91f450446a51.json
capacity-80,test-Test-4-000--revision-v4--capacity-80,53720.242923999984,12160.408486884107,1d45b3a3ac7944b3677eb6355759fb863c7cfc0fe9bed6a5f876fa298eb9e6b3,23900.444759000005,540.325444263117,PPO-capacity-80-large-r2-B252000,solutions/test-Test-4-000--revision-v4--capacity-80/1d45b3a3ac7944b3677eb6355759fb863c7cfc0fe9bed6a5f876fa298eb9e6b3.json
capacity-80,test-Test-4-000--revision-v4--capacity-80,53720.242923999984,12160.408486884107,fd4314aa62498decda554ab747b18eedf3bd06a750f1f8b8bd6b5144e364c10d,23917.358759000006,539.57102620817,PPO-capacity-80-large-r2-B252000,solutions/test-Test-4-000--revision-v4--capacity-80/fd4314aa62498decda554ab747b18eedf3bd06a750f1f8b8bd6b5144e364c10d.json
capacity-80,test-Test-4-000--revision-v4--capacity-80,53720.242923999984,12160.408486884107,a1ea606e3c97f42d800091f5c9f7c8482bd42e17c7130c812edd485243f32c85,23940.119759000005,538.9083031539702,PPO-capacity-80-large-r2-B252000,solutions/test-Test-4-000--revision-v4--capacity-80/a1ea606e3c97f42d800091f5c9f7c8482bd42e17c7130c812edd485243f32c85.json
capacity-80,test-Test-4-000--revision-v4--capacity-80,53720.242923999984,12160.408486884107,b9cb7b8a5dcf27cbc2d7dccd52505b89b7dbf8eb4795d39f3f1bb5fe3b05ccb5,23953.672875000007,536.7281678391372,PPO-capacity-80-large-r2-B252000,solutions/test-Test-4-000--revision-v4--capacity-80/b9cb7b8a5dcf27cbc2d7dccd52505b89b7dbf8eb4795d39f3f1bb5fe3b05ccb5.json
capacity-80,test-Test-4-000--revision-v4--capacity-80,53720.242923999984,12160.408486884107,760414b846cf8da373cb8af7413a124faf266e7dbee826457ea76f8aa0da26df,23970.586875000008,535.9737497841901,PPO-capacity-80-large-r2-B252000,solutions/test-Test-4-000--revision-v4--capacity-80/760414b846cf8da373cb8af7413a124faf266e7dbee826457ea76f8aa0da26df.json
capacity-80,test-Test-4-000--revision-v4--capacity-80,53720.242923999984,12160.408486884107,c9b215359afde2ce12a7279165b3ae8d937139e68e7d74e174f0b2276cdef3cc,23991.356879000006,535.8306279861021,PPO-capacity-80-large-r2-B252000,solutions/test-Test-4-000--revision-v4--capacity-80/c9b215359afde2ce12a7279165b3ae8d937139e68e7d74e174f0b2276cdef3cc.json
capacity-80,test-Test-4-000--revision-v4--capacity-80,53720.242923999984,12160.408486884107,1e794a95d8542013e9b27a264195541f6eab4165761af344766a70af27abf2f5,23993.34787500001,535.3110267299903,PPO-capacity-80-large-r2-B252000,solutions/test-Test-4-000--revision-v4--capacity-80/1e794a95d8542013e9b27a264195541f6eab4165761af344766a70af27abf2f5.json
capacity-80,test-Test-4-000--revision-v4--capacity-80,53720.242923999984,12160.408486884107,eb5e1f0d4cefd79b53ca7dc17fbbb1ebd7fbdcb5ea1cbf06e1cf49f5cb7d8c69,23997.371879000006,534.6685126062915,PPO-capacity-80-large-r2-B252000,solutions/test-Test-4-000--revision-v4--capacity-80/eb5e1f0d4cefd79b53ca7dc17fbbb1ebd7fbdcb5ea1cbf06e1cf49f5cb7d8c69.json
capacity-80,test-Test-4-000--revision-v4--capacity-80,53720.242923999984,12160.408486884107,37ae089729d64ea51cac2c24df97bd555a72a8a005abca608e2d72a4183191a3,24000.272879000004,534.248757158773,PPO-capacity-80-large-r2-B252000,solutions/test-Test-4-000--revision-v4--capacity-80/37ae089729d64ea51cac2c24df97bd555a72a8a005abca608e2d72a4183191a3.json
capacity-80,test-Test-4-000--revision-v4--capacity-80,53720.242923999984,12160.408486884107,22065c477e6d363f80ebee440e5f808e7884f8e4292da252ffa2368aab573e32,24014.285879000006,533.9140945513444,PPO-capacity-80-large-r2-B252000,solutions/test-Test-4-000--revision-v4--capacity-80/22065c477e6d363f80ebee440e5f808e7884f8e4292da252ffa2368aab573e32.json
capacity-80,test-Test-4-000--revision-v4--capacity-80,53720.242923999984,12160.408486884107,8c5cc1483a23e88b9081e5e116c33136c6dd72c6d3ea9b73c389ea0c8a53d721,24017.186879000004,533.4943391038258,PPO-capacity-80-large-r2-B252000,solutions/test-Test-4-000--revision-v4--capacity-80/8c5cc1483a23e88b9081e5e116c33136c6dd72c6d3ea9b73c389ea0c8a53d721.json
capacity-80,test-Test-4-000--revision-v4--capacity-80,53720.242923999984,12160.408486884107,76c7038ca4662d173d1ea74269d677ce91dccb32f17b8c1a5a66dc9fe993a81e,24037.046879000005,533.2513714971448,PPO-capacity-80-large-r2-B252000,solutions/test-Test-4-000--revision-v4--capacity-80/76c7038ca4662d173d1ea74269d677ce91dccb32f17b8c1a5a66dc9fe993a81e.json
capacity-80,test-Test-4-000--revision-v4--capacity-80,53720.242923999984,12160.408486884107,9d3544d8757518e7490c4715ee23ebb3b10dfdc00160de8b0b027c8dabf47f26,24038.546879000005,533.0716442916868,PPO-capacity-80-large-r2-B252000,solutions/test-Test-4-000--revision-v4--capacity-80/9d3544d8757518e7490c4715ee23ebb3b10dfdc00160de8b0b027c8dabf47f26.json
capacity-80,test-Test-4-000--revision-v4--capacity-80,53720.242923999984,12160.408486884107,7607363326e680518a2f37fabb6ecf3951501915815b79a641f9549171c3bbb2,24039.947879000003,532.8316160496262,PPO-capacity-80-large-r2-B252000,solutions/test-Test-4-000--revision-v4--capacity-80/7607363326e680518a2f37fabb6ecf3951501915815b79a641f9549171c3bbb2.json
capacity-80,test-Test-4-000--revision-v4--capacity-80,53720.242923999984,12160.408486884107,6a6f79df525c532c6cbddab7f45fd002d372c6a67b6efde25ce356de8237b9db,24138.823879,530.4458660490311,PPO-capacity-80-large-r2-B252000,solutions/test-Test-4-000--revision-v4--capacity-80/6a6f79df525c532c6cbddab7f45fd002d372c6a67b6efde25ce356de8237b9db.json
capacity-80,test-Test-4-000--revision-v4--capacity-80,53720.242923999984,12160.408486884107,cec0840cf456f10325e35792ae8d63d85654bb6fb752d62c563f18b7ff8317a4,24155.822879000007,529.0172514624331,PPO-capacity-80-large-r2-B252000,solutions/test-Test-4-000--revision-v4--capacity-80/cec0840cf456f10325e35792ae8d63d85654bb6fb752d62c563f18b7ff8317a4.json
capacity-80,test-Test-4-000--revision-v4--capacity-80,53720.242923999984,12160.408486884107,ff805f8cf749705834583da73ef4fc9fac9e65d57e42fa6a05cebc41c462cfd3,24303.728981999993,528.7548052786374,PPO-capacity-80-large-r0-B252000,solutions/test-Test-4-000--revision-v4--capacity-80/ff805f8cf749705834583da73ef4fc9fac9e65d57e42fa6a05cebc41c462cfd3.json
capacity-80,test-Test-4-000--revision-v4--capacity-80,53720.242923999984,12160.408486884107,5f83ccefba34d0bb031faf85309d46f7a9e9e1c8e9a1a2ac9e6ee7b43abc47ce,24319.022665999993,524.5637039867947,PPO-capacity-80-large-r0-B252000,solutions/test-Test-4-000--revision-v4--capacity-80/5f83ccefba34d0bb031faf85309d46f7a9e9e1c8e9a1a2ac9e6ee7b43abc47ce.json
capacity-80,test-Test-4-000--revision-v4--capacity-80,53720.242923999984,12160.408486884107,c17fd3c78c52ff75cbc6c54566a4b0ed8f8b7e9fc2bb14d607b8c44877a89f8a,24322.526981999996,523.3778719999599,PPO-capacity-80-large-r0-B252000,solutions/test-Test-4-000--revision-v4--capacity-80/c17fd3c78c52ff75cbc6c54566a4b0ed8f8b7e9fc2bb14d607b8c44877a89f8a.json
capacity-80,test-Test-4-000--revision-v4--capacity-80,53720.242923999984,12160.408486884107,ce909964f6b6630fb26467ec7f6a4730566cd23de2588d793ce37a3e04fdf74d,24333.707981999993,523.205526551853,PPO-capacity-80-large-r0-B252000,solutions/test-Test-4-000--revision-v4--capacity-80/ce909964f6b6630fb26467ec7f6a4730566cd23de2588d793ce37a3e04fdf74d.json
capacity-80,test-Test-4-000--revision-v4--capacity-80,53720.242923999984,12160.408486884107,fa4a7f6019de213e394344591726096baedaf912182e6b82dcdc6552e6938b1f,24343.769981999994,522.8276952681182,PPO-capacity-80-large-r0-B252000,solutions/test-Test-4-000--revision-v4--capacity-80/fa4a7f6019de213e394344591726096baedaf912182e6b82dcdc6552e6938b1f.json
capacity-80,test-Test-4-000--revision-v4--capacity-80,53720.242923999984,12160.408486884107,90b272583bf5723515c0827f735873346720ef57ec6a33711f4d62feb82e571e,24344.438981999992,522.5320468596764,PPO-capacity-80-large-r0-B252000,solutions/test-Test-4-000--revision-v4--capacity-80/90b272583bf5723515c0827f735873346720ef57ec6a33711f4d62feb82e571e.json
capacity-80,test-Test-4-000--revision-v4--capacity-80,53720.242923999984,12160.408486884107,cc208d46a726bfeaf0d2832cc813971c543fe2f0587cf9a3ee181fa2c986695d,24346.240616999996,522.5120923522793,PPO-capacity-80-large-r0-B252000,solutions/test-Test-4-000--revision-v4--capacity-80/cc208d46a726bfeaf0d2832cc813971c543fe2f0587cf9a3ee181fa2c986695d.json
capacity-80,test-Test-4-000--revision-v4--capacity-80,53720.242923999984,12160.408486884107,e519f217f6a449062fae03f242deb44ed20978aacc9303ff0e9cb0ec15838e40,24355.460413999994,521.868274758316,PPO-capacity-80-large-r0-B252000,solutions/test-Test-4-000--revision-v4--capacity-80/e519f217f6a449062fae03f242deb44ed20978aacc9303ff0e9cb0ec15838e40.json
capacity-80,test-Test-4-000--revision-v4--capacity-80,53720.242923999984,12160.408486884107,35bbcaffad92b33338883d8fa6af6d4f3b06f74d6d7cc517f8284b0399a3c4be,24358.273616999995,521.5343177480096,PPO-capacity-80-large-r0-B252000,solutions/test-Test-4-000--revision-v4--capacity-80/35bbcaffad92b33338883d8fa6af6d4f3b06f74d6d7cc517f8284b0399a3c4be.json
capacity-80,test-Test-4-000--revision-v4--capacity-80,53720.242923999984,12160.408486884107,5aed6f3cbf3ee28a2dabb3b119588c80c6f4ca11726dce2b534406071d657c3e,24360.320981999997,521.243685135857,PPO-capacity-80-large-r0-B252000,solutions/test-Test-4-000--revision-v4--capacity-80/5aed6f3cbf3ee28a2dabb3b119588c80c6f4ca11726dce2b534406071d657c3e.json
capacity-80,test-Test-4-000--revision-v4--capacity-80,53720.242923999984,12160.408486884107,217f1559c08c2e0c8769d1c28afc7826c221cd62ae0cdbb07a1f8b5f0d9a12c3,24372.13198199999,520.7469045388913,PPO-capacity-80-large-r0-B252000,solutions/test-Test-4-000--revision-v4--capacity-80/217f1559c08c2e0c8769d1c28afc7826c221cd62ae0cdbb07a1f8b5f0d9a12c3.json
capacity-80,test-Test-4-000--revision-v4--capacity-80,53720.242923999984,12160.408486884107,77cea274aa66d339c687e503d91e7faad7403740f1581e66bb52a9ecfb05ac9b,24372.353981999993,520.2546138038141,PPO-capacity-80-large-r0-B252000,solutions/test-Test-4-000--revision-v4--capacity-80/77cea274aa66d339c687e503d91e7faad7403740f1581e66bb52a9ecfb05ac9b.json
capacity-80,test-Test-4-000--revision-v4--capacity-80,53720.242923999984,12160.408486884107,b7d1351a5a6101dd5e8ba0e5e59b12da0bd03b5b1c2ba4fd0a60ab15c3856c80,24393.986981999995,519.9631376234664,PPO-capacity-80-large-r0-B252000,solutions/test-Test-4-000--revision-v4--capacity-80/b7d1351a5a6101dd5e8ba0e5e59b12da0bd03b5b1c2ba4fd0a60ab15c3856c80.json
capacity-80,test-Test-4-000--revision-v4--capacity-80,53720.242923999984,12160.408486884107,aa61cac849a9168107ef415e8a82fc05ba227cc3cc6910116049764cba536ef7,24395.788616999995,519.9544798438426,PPO-capacity-80-large-r0-B252000,solutions/test-Test-4-000--revision-v4--capacity-80/aa61cac849a9168107ef415e8a82fc05ba227cc3cc6910116049764cba536ef7.json
capacity-80,test-Test-4-000--revision-v4--capacity-80,53720.242923999984,12160.408486884107,4ace3a39079d2584afd0d5547edd66e73b01bf49ff6a9d1637bcd8d631156a1c,24409.64698199999,519.1670666347243,PPO-capacity-80-large-r0-B252000,solutions/test-Test-4-000--revision-v4--capacity-80/4ace3a39079d2584afd0d5547edd66e73b01bf49ff6a9d1637bcd8d631156a1c.json
capacity-80,test-Test-4-000--revision-v4--capacity-80,53720.242923999984,12160.408486884107,582ee4fba627d2af684e89c8d1ed619e561beff9a11465db7f70d57899ea9268,24409.868981999993,518.674775899647,PPO-capacity-80-large-r0-B252000,solutions/test-Test-4-000--revision-v4--capacity-80/582ee4fba627d2af684e89c8d1ed619e561beff9a11465db7f70d57899ea9268.json
capacity-80,test-Test-4-000--revision-v4--capacity-80,53720.242923999984,12160.408486884107,df65be4cfd3b472d0376716821fc6c23a12a9aec57c5c138865c4345074f4f5f,24611.556305999995,517.3401052347918,PPO-capacity-80-large-r0-B252000,solutions/test-Test-4-000--revision-v4--capacity-80/df65be4cfd3b472d0376716821fc6c23a12a9aec57c5c138865c4345074f4f5f.json
capacity-80,test-Test-4-000--revision-v4--capacity-80,53720.242923999984,12160.408486884107,46a479defc1b59b8ffce930e9c0359f84e7234388123a2cf391b9714a37ef049,24761.151482999994,443.1798536801931,PPO-capacity-80-large-r1-B252000,solutions/test-Test-4-000--revision-v4--capacity-80/46a479defc1b59b8ffce930e9c0359f84e7234388123a2cf391b9714a37ef049.json
capacity-80,test-Test-4-000--revision-v4--capacity-80,53720.242923999984,12160.408486884107,d281edf426cd8fc3f5d107ea43eddcb27448b8c778bd58ae0c7f8c3b2d377a8b,24794.746129999992,441.503782598672,PPO-capacity-80-large-r1-B252000,solutions/test-Test-4-000--revision-v4--capacity-80/d281edf426cd8fc3f5d107ea43eddcb27448b8c778bd58ae0c7f8c3b2d377a8b.json
capacity-80,test-Test-4-000--revision-v4--capacity-80,53720.242923999984,12160.408486884107,e08c52db8e99126646406151ea6fb70413b02e360a06828eaa6554ad12d80254,24818.882151999995,441.16622407131973,PPO-capacity-80-large-r1-B252000,solutions/test-Test-4-000--revision-v4--capacity-80/e08c52db8e99126646406151ea6fb70413b02e360a06828eaa6554ad12d80254.json
capacity-80,test-Test-4-000--revision-v4--capacity-80,53720.242923999984,12160.408486884107,8ecfe8182252745d1c8098bd2d37de9ccbb1c9c659afdb8262e640ddd962c8c9,24836.444955999992,440.5444411405854,PPO-capacity-80-large-r1-B252000,solutions/test-Test-4-000--revision-v4--capacity-80/8ecfe8182252745d1c8098bd2d37de9ccbb1c9c659afdb8262e640ddd962c8c9.json
capacity-80,test-Test-4-000--revision-v4--capacity-80,53720.242923999984,12160.408486884107,018661c00f6581347da99fa2de8baa033f73bc5568a24ce956ca5ed124fe1d60,24840.695496999993,440.44610523502524,PPO-capacity-80-large-r1-B252000,solutions/test-Test-4-000--revision-v4--capacity-80/018661c00f6581347da99fa2de8baa033f73bc5568a24ce956ca5ed124fe1d60.json
capacity-80,test-Test-4-000--revision-v4--capacity-80,53720.242923999984,12160.408486884107,722216dafbb033dce69e831bfe5e9684c4c9f5f51a966ac6977c4a46c2d2464d,24841.96643799999,440.1751329511675,PPO-capacity-80-large-r1-B252000,solutions/test-Test-4-000--revision-v4--capacity-80/722216dafbb033dce69e831bfe5e9684c4c9f5f51a966ac6977c4a46c2d2464d.json
capacity-80,test-Test-4-000--revision-v4--capacity-80,53720.242923999984,12160.408486884107,54f7bde2e9e298329f10499d2f6825625d31f09caf9a1b2e3afc6817a53f596b,24853.090437999992,440.1309682824394,PPO-capacity-80-large-r1-B252000,solutions/test-Test-4-000--revision-v4--capacity-80/54f7bde2e9e298329f10499d2f6825625d31f09caf9a1b2e3afc6817a53f596b.json
capacity-80,test-Test-4-000--revision-v4--capacity-80,53720.242923999984,12160.408486884107,9ea4ab588bba41f1a79e1ad6f737d48a19157685ca7d41892af76420b942246c,24855.337437999988,440.06132136798226,PPO-capacity-80-large-r1-B252000,solutions/test-Test-4-000--revision-v4--capacity-80/9ea4ab588bba41f1a79e1ad6f737d48a19157685ca7d41892af76420b942246c.json
capacity-80,test-Test-4-000--revision-v4--capacity-80,53720.242923999984,12160.408486884107,effd70732e4f7f5b651c12e72613f273ba6db3c0405e69f02b6b1f96c0e578a3,24855.50243799999,439.7152420890652,PPO-capacity-80-large-r1-B252000,solutions/test-Test-4-000--revision-v4--capacity-80/effd70732e4f7f5b651c12e72613f273ba6db3c0405e69f02b6b1f96c0e578a3.json
capacity-80,test-Test-4-000--revision-v4--capacity-80,53720.242923999984,12160.408486884107,24f8f41dd1df02d97c274090772dc9a5f598bb33efd81b1c92ec88b2ff4e5c06,24922.78343799999,439.52938582326885,PPO-capacity-80-large-r1-B252000,solutions/test-Test-4-000--revision-v4--capacity-80/24f8f41dd1df02d97c274090772dc9a5f598bb33efd81b1c92ec88b2ff4e5c06.json
capacity-80,test-Test-4-000--revision-v4--capacity-80,53720.242923999984,12160.408486884107,616270d2aed9688103b4525b51618cb4be49ea3ce55d9fd0b3955f0eb0c5947e,24923.542437999997,439.4583750334736,PPO-capacity-80-large-r1-B252000,solutions/test-Test-4-000--revision-v4--capacity-80/616270d2aed9688103b4525b51618cb4be49ea3ce55d9fd0b3955f0eb0c5947e.json
capacity-80,test-Test-4-000--revision-v4--capacity-80,53720.242923999984,12160.408486884107,6faf121e2246a5960f26fbf77f7fa334d7569e1556134301aeef3bb525cb1d6c,24990.823437999992,439.17597413705334,PPO-capacity-80-large-r1-B252000,solutions/test-Test-4-000--revision-v4--capacity-80/6faf121e2246a5960f26fbf77f7fa334d7569e1556134301aeef3bb525cb1d6c.json
capacity-80,test-Test-4-000--revision-v4--capacity-80,53720.242923999984,12160.408486884107,0c1bca6a5e5c73c35052f7939923be413e456c5dd75d1b50e21fbc3c7bb1f9f0,25042.56743799999,438.01496274354565,PPO-capacity-80-large-r1-B252000,solutions/test-Test-4-000--revision-v4--capacity-80/0c1bca6a5e5c73c35052f7939923be413e456c5dd75d1b50e21fbc3c7bb1f9f0.json
capacity-80,test-Test-4-000--revision-v4--capacity-80,53720.242923999984,12160.408486884107,abd6b71ad83559af82c3906f9f09dfb12477f93f6ac72a4b9cfd37fe544834a0,25218.692537999992,437.90540741559863,PPO-capacity-80-large-r1-B252000,solutions/test-Test-4-000--revision-v4--capacity-80/abd6b71ad83559af82c3906f9f09dfb12477f93f6ac72a4b9cfd37fe544834a0.json
capacity-80,test-Test-4-000--revision-v4--capacity-80,53720.242923999984,12160.408486884107,25998562851c8a9afd92c49a137788bf4e321ec90cbf09ddb07a9daf7d6a4846,35708.084675999984,434.1802925706285,PPO-capacity-80-large-r0-B252000,solutions/test-Test-4-000--revision-v4--capacity-80/25998562851c8a9afd92c49a137788bf4e321ec90cbf09ddb07a9daf7d6a4846.json
capacity-120,test-Test-4-000--revision-v4--capacity-120,51700.426665000006,15393.350068342135,b6559cb0a83faa0aae43284e32e5809ee4a0e1f75aa0a2db361ffa92dae8fd57,12631.456434,2310.240043196356,PPO-capacity-120-large-r1-B252000,solutions/test-Test-4-000--revision-v4--capacity-120/b6559cb0a83faa0aae43284e32e5809ee4a0e1f75aa0a2db361ffa92dae8fd57.json
capacity-120,test-Test-4-000--revision-v4--capacity-120,51700.426665000006,15393.350068342135,86e00fe66a920fe31763457dd36f9559ddc05d29368baefe706f8ac39ee9ba46,12632.641434000001,2309.0637730551625,PPO-capacity-120-large-r1-B252000,solutions/test-Test-4-000--revision-v4--capacity-120/86e00fe66a920fe31763457dd36f9559ddc05d29368baefe706f8ac39ee9ba46.json
capacity-120,test-Test-4-000--revision-v4--capacity-120,51700.426665000006,15393.350068342135,1518a77f05d6fe28b1d9d3d51a972ff9840cb838183fe044c4132ac905e80c2d,12639.652434,2307.3793767295087,PPO-capacity-120-large-r1-B252000,solutions/test-Test-4-000--revision-v4--capacity-120/1518a77f05d6fe28b1d9d3d51a972ff9840cb838183fe044c4132ac905e80c2d.json
capacity-120,test-Test-4-000--revision-v4--capacity-120,51700.426665000006,15393.350068342135,be4e0eae7c05e3d7d599ee889219b16aecfa5eddbc70b6f86fd41a5b4b101de1,12661.126434,2290.0525794394985,PPO-capacity-120-large-r1-B252000,solutions/test-Test-4-000--revision-v4--capacity-120/be4e0eae7c05e3d7d599ee889219b16aecfa5eddbc70b6f86fd41a5b4b101de1.json
capacity-120,test-Test-4-000--revision-v4--capacity-120,51700.426665000006,15393.350068342135,11576bf54dd28d0708dab72cb5d124cde28d4e66ad2e2b6cac6c748f5c575d1a,12666.400434,2250.1491840971385,PPO-capacity-120-large-r1-B252000,solutions/test-Test-4-000--revision-v4--capacity-120/11576bf54dd28d0708dab72cb5d124cde28d4e66ad2e2b6cac6c748f5c575d1a.json
capacity-120,test-Test-4-000--revision-v4--capacity-120,51700.426665000006,15393.350068342135,2820bfcc059cdcd3b9cfd7a9c57aca6f423f601e283cd01d573c946da294e2c7,13193.257993000005,1526.0233951060147,PPO-capacity-120-large-r0-B252000,solutions/test-Test-4-000--revision-v4--capacity-120/2820bfcc059cdcd3b9cfd7a9c57aca6f423f601e283cd01d573c946da294e2c7.json
capacity-120,test-Test-4-000--revision-v4--capacity-120,51700.426665000006,15393.350068342135,aa7dfa29e730468c66868b2e59798e92b4647041b2188b1aa15a943190ad8e12,13196.461993000004,1496.7490847926333,PPO-capacity-120-large-r0-B252000,solutions/test-Test-4-000--revision-v4--capacity-120/aa7dfa29e730468c66868b2e59798e92b4647041b2188b1aa15a943190ad8e12.json
capacity-120,test-Test-4-000--revision-v4--capacity-120,51700.426665000006,15393.350068342135,cece83339a5d1729cfa314ae4c7ddba90c22a379ddba1ec2e0310bfd4cf501d4,13196.788993000006,1491.0933339118853,PPO-capacity-120-large-r0-B252000,solutions/test-Test-4-000--revision-v4--capacity-120/cece83339a5d1729cfa314ae4c7ddba90c22a379ddba1ec2e0310bfd4cf501d4.json
capacity-120,test-Test-4-000--revision-v4--capacity-120,51700.426665000006,15393.350068342135,deba1ede8e1d24f889df9f4fb404424029db109fe7a5759417a4173a20bcb45d,13196.824993000006,1486.9967800000845,PPO-capacity-120-large-r0-B252000,solutions/test-Test-4-000--revision-v4--capacity-120/deba1ede8e1d24f889df9f4fb404424029db109fe7a5759417a4173a20bcb45d.json
capacity-120,test-Test-4-000--revision-v4--capacity-120,51700.426665000006,15393.350068342135,9926b6da091a34076f5bde8013ff87bd96d22da199daf1bc40a337e31e3a551c,13202.680993000005,1486.7318613381963,PPO-capacity-120-large-r0-B252000,solutions/test-Test-4-000--revision-v4--capacity-120/9926b6da091a34076f5bde8013ff87bd96d22da199daf1bc40a337e31e3a551c.json
capacity-120,test-Test-4-000--revision-v4--capacity-120,51700.426665000006,15393.350068342135,5ec55f8cdc74cf5e4f4304205e52fc49294003f4bea0bca66384cc0a5d1507ac,13203.412993000005,1486.5645271928263,PPO-capacity-120-large-r0-B252000,solutions/test-Test-4-000--revision-v4--capacity-120/5ec55f8cdc74cf5e4f4304205e52fc49294003f4bea0bca66384cc0a5d1507ac.json
capacity-120,test-Test-4-000--revision-v4--capacity-120,51700.426665000006,15393.350068342135,a0fdebb47ae7d620c5cf6a9d1292b3a359ac2a60fe6279fbf04143596b0fe990,13260.748993000005,1479.0809893176454,PPO-capacity-120-large-r0-B252000,solutions/test-Test-4-000--revision-v4--capacity-120/a0fdebb47ae7d620c5cf6a9d1292b3a359ac2a60fe6279fbf04143596b0fe990.json
capacity-120,test-Test-4-000--revision-v4--capacity-120,51700.426665000006,15393.350068342135,f82980cb3df3176284ad4b19fbc1a83609c3ff0bc8b73edc0b4763ff347e7fc6,13272.817993000004,1430.9338415685822,PPO-capacity-120-large-r0-B252000,solutions/test-Test-4-000--revision-v4--capacity-120/f82980cb3df3176284ad4b19fbc1a83609c3ff0bc8b73edc0b4763ff347e7fc6.json
capacity-120,test-Test-4-000--revision-v4--capacity-120,51700.426665000006,15393.350068342135,06799ae2640fab17b52540c988e993cc111a9e6f8dd78f6896296d94e160c278,13273.354993000004,1421.2179892720947,PPO-capacity-120-large-r0-B252000,solutions/test-Test-4-000--revision-v4--capacity-120/06799ae2640fab17b52540c988e993cc111a9e6f8dd78f6896296d94e160c278.json
capacity-120,test-Test-4-000--revision-v4--capacity-120,51700.426665000006,15393.350068342135,100e5231b58276e2e471476039f6a8e5f06a19e6a40b5937a85f841eac573358,13276.348993000003,1411.628820799516,PPO-capacity-120-large-r0-B252000,solutions/test-Test-4-000--revision-v4--capacity-120/100e5231b58276e2e471476039f6a8e5f06a19e6a40b5937a85f841eac573358.json
capacity-120,test-Test-4-000--revision-v4--capacity-120,51700.426665000006,15393.350068342135,dea2f07280c38cfef8bd9ca601ad84d713f5893376a86426b36caa078e65fd4a,13276.384993000003,1407.5322668877152,PPO-capacity-120-large-r0-B252000,solutions/test-Test-4-000--revision-v4--capacity-120/dea2f07280c38cfef8bd9ca601ad84d713f5893376a86426b36caa078e65fd4a.json
capacity-120,test-Test-4-000--revision-v4--capacity-120,51700.426665000006,15393.350068342135,40ef5faf8e12cf24997d062068ff53c63a4e61a9eedf426b618c8b0e3bdfaa9c,13282.972993000003,1407.1000140804572,PPO-capacity-120-large-r0-B252000,solutions/test-Test-4-000--revision-v4--capacity-120/40ef5faf8e12cf24997d062068ff53c63a4e61a9eedf426b618c8b0e3bdfaa9c.json
capacity-120,test-Test-4-000--revision-v4--capacity-120,51700.426665000006,15393.350068342135,8be0966644535d6b1f6b577cea26a96e4711575c277bd85ee022593f67f29c68,13285.345993000004,1406.498678046475,PPO-capacity-120-large-r0-B252000,solutions/test-Test-4-000--revision-v4--capacity-120/8be0966644535d6b1f6b577cea26a96e4711575c277bd85ee022593f67f29c68.json
capacity-120,test-Test-4-000--revision-v4--capacity-120,51700.426665000006,15393.350068342135,6514ac4281d166bb63d0a81d9ccf23a3511626e8c71c601f2321d130ed4147c3,13298.587993000003,1382.8708266881463,PPO-capacity-120-large-r0-B252000,solutions/test-Test-4-000--revision-v4--capacity-120/6514ac4281d166bb63d0a81d9ccf23a3511626e8c71c601f2321d130ed4147c3.json
capacity-120,test-Test-4-000--revision-v4--capacity-120,51700.426665000006,15393.350068342135,eac6eb1aa617fd252e4ce9fdfc5f0d189b8b3a05bd245803528c3eeef15e3c3f,13315.228993000004,1381.526766633595,PPO-capacity-120-large-r0-B252000,solutions/test-Test-4-000--revision-v4--capacity-120/eac6eb1aa617fd252e4ce9fdfc5f0d189b8b3a05bd245803528c3eeef15e3c3f.json
capacity-120,test-Test-4-000--revision-v4--capacity-120,51700.426665000006,15393.350068342135,6ccb6ff3966aec33d44bb1156619d4824cc5cb44b552e3b4958ba7f0bfe400fb,13330.459993000004,1375.154451514836,PPO-capacity-120-large-r0-B252000,solutions/test-Test-4-000--revision-v4--capacity-120/6ccb6ff3966aec33d44bb1156619d4824cc5cb44b552e3b4958ba7f0bfe400fb.json
capacity-120,test-Test-4-000--revision-v4--capacity-120,51700.426665000006,15393.350068342135,ed7fe663b385acb3653b119c7fc9a3511efa024db2a12823028d1e95e9ce8d3c,13377.666314000002,1289.9018637279019,PPO-capacity-120-large-r2-B252000,solutions/test-Test-4-000--revision-v4--capacity-120/ed7fe663b385acb3653b119c7fc9a3511efa024db2a12823028d1e95e9ce8d3c.json
capacity-120,test-Test-4-000--revision-v4--capacity-120,51700.426665000006,15393.350068342135,c3b72252e5ac7d1274fdc0126aae9def570000ac24e7cbbd3a25e83a53ac52c5,13377.669314000002,1289.8554692246546,PPO-capacity-120-large-r2-B252000,solutions/test-Test-4-000--revision-v4--capacity-120/c3b72252e5ac7d1274fdc0126aae9def570000ac24e7cbbd3a25e83a53ac52c5.json
capacity-120,test-Test-4-000--revision-v4--capacity-120,51700.426665000006,15393.350068342135,1f5007f3e86218ed81662ddf51eded77d3f87ca3feed86d867c5b41e88edc6ed,13412.092564000002,1265.4224984279267,PPO-capacity-120-large-r2-B252000,solutions/test-Test-4-000--revision-v4--capacity-120/1f5007f3e86218ed81662ddf51eded77d3f87ca3feed86d867c5b41e88edc6ed.json
capacity-120,test-Test-4-000--revision-v4--capacity-120,51700.426665000006,15393.350068342135,b4102e0e6f1055e4b9ea49ef7e5194a3eb11fe31de49043a5d813f5aa473d8c0,13412.095564000003,1265.3761039246792,PPO-capacity-120-large-r2-B252000,solutions/test-Test-4-000--revision-v4--capacity-120/b4102e0e6f1055e4b9ea49ef7e5194a3eb11fe31de49043a5d813f5aa473d8c0.json
capacity-120,test-Test-4-000--revision-v4--capacity-120,51700.426665000006,15393.350068342135,05769101c92673cb23344ce510c80aa2761d373fca9be85e836bd5b7fdb303b2,13412.293564000003,1264.9390858542556,PPO-capacity-120-large-r2-B252000,solutions/test-Test-4-000--revision-v4--capacity-120/05769101c92673cb23344ce510c80aa2761d373fca9be85e836bd5b7fdb303b2.json
capacity-120,test-Test-4-000--revision-v4--capacity-120,51700.426665000006,15393.350068342135,94bfa9137631ff4fb7f40d3543ab3166e694540d2e1aaf9b5d05800173a34c05,13412.800564000003,1264.725685178317,PPO-capacity-120-large-r2-B252000,solutions/test-Test-4-000--revision-v4--capacity-120/94bfa9137631ff4fb7f40d3543ab3166e694540d2e1aaf9b5d05800173a34c05.json
capacity-120,test-Test-4-000--revision-v4--capacity-120,51700.426665000006,15393.350068342135,e024709bab5f998cbc58a87fb1f6cf99bf1b9933e4f9a1e789f00828d03a0026,13429.978564000003,1264.4864833060017,PPO-capacity-120-large-r2-B252000,solutions/test-Test-4-000--revision-v4--capacity-120/e024709bab5f998cbc58a87fb1f6cf99bf1b9933e4f9a1e789f00828d03a0026.json
capacity-120,test-Test-4-000--revision-v4--capacity-120,51700.426665000006,15393.350068342135,19fe55384a3d586c4d53012148f61993dbc8913b1cbe41572fda10103fb1b31c,13431.093314000003,1262.1965208438558,PPO-capacity-120-large-r2-B252000,solutions/test-Test-4-000--revision-v4--capacity-120/19fe55384a3d586c4d53012148f61993dbc8913b1cbe41572fda10103fb1b31c.json
capacity-120,test-Test-4-000--revision-v4--capacity-120,51700.426665000006,15393.350068342135,8e1771523691f2304b245210fed20843880f70d9140fad7ea4140601bf9976de,13431.096314000002,1262.1501263406085,PPO-capacity-120-large-r2-B252000,solutions/test-Test-4-000--revision-v4--capacity-120/8e1771523691f2304b245210fed20843880f70d9140fad7ea4140601bf9976de.json
capacity-120,test-Test-4-000--revision-v4--capacity-120,51700.426665000006,15393.350068342135,9e2fe113e98dd8c4028648971906e52c0557efc2acdbf8e08d95d1c0a3fc883e,13434.024314000002,1261.9753919533885,PPO-capacity-120-large-r2-B252000,solutions/test-Test-4-000--revision-v4--capacity-120/9e2fe113e98dd8c4028648971906e52c0557efc2acdbf8e08d95d1c0a3fc883e.json
capacity-120,test-Test-4-000--revision-v4--capacity-120,51700.426665000006,15393.350068342135,8b7fad205dc359f786ac1b9587516f32e063e31f39444b284b7284fbc7781726,13434.027314,1261.928997450141,PPO-capacity-120-large-r2-B252000,solutions/test-Test-4-000--revision-v4--capacity-120/8b7fad205dc359f786ac1b9587516f32e063e31f39444b284b7284fbc7781726.json
capacity-120,test-Test-4-000--revision-v4--capacity-120,51700.426665000006,15393.350068342135,e61ef6a4bbda27da8f2902ab2b6ced0069fe142a97e7e6d74478f8f312db6401,13436.943314000002,1259.9683665538687,PPO-capacity-120-large-r2-B252000,solutions/test-Test-4-000--revision-v4--capacity-120/e61ef6a4bbda27da8f2902ab2b6ced0069fe142a97e7e6d74478f8f312db6401.json
capacity-120,test-Test-4-000--revision-v4--capacity-120,51700.426665000006,15393.350068342135,5c3087978fbec0adcd7f06c1c3f4a176b2f7ce8c5307a135719524cd866596d9,13446.072314000001,1258.4241390437685,PPO-capacity-120-large-r2-B252000,solutions/test-Test-4-000--revision-v4--capacity-120/5c3087978fbec0adcd7f06c1c3f4a176b2f7ce8c5307a135719524cd866596d9.json
capacity-120,test-Test-4-000--revision-v4--capacity-120,51700.426665000006,15393.350068342135,4ea0b715cd4f199ca0550d3cf44508c0911f682cf20c21110ddad62781be92a5,13460.820314000002,1244.0781694378718,PPO-capacity-120-large-r2-B252000,solutions/test-Test-4-000--revision-v4--capacity-120/4ea0b715cd4f199ca0550d3cf44508c0911f682cf20c21110ddad62781be92a5.json
capacity-120,test-Test-4-000--revision-v4--capacity-120,51700.426665000006,15393.350068342135,95555e37246e7a4280780af366d96bb35fffcfe84deec08272c78482947f556f,13468.063564000002,1238.21920588423,PPO-capacity-120-large-r2-B252000,solutions/test-Test-4-000--revision-v4--capacity-120/95555e37246e7a4280780af366d96bb35fffcfe84deec08272c78482947f556f.json
capacity-120,test-Test-4-000--revision-v4--capacity-120,51700.426665000006,15393.350068342135,6d4c20f9f543b0a9d2536422dfa756bdf1189fc4dba377493883c3f374c766ad,13563.691153000003,1236.1465677729243,PPO-capacity-120-large-r2-B252000,solutions/test-Test-4-000--revision-v4--capacity-120/6d4c20f9f543b0a9d2536422dfa756bdf1189fc4dba377493883c3f374c766ad.json
capacity-120,test-Test-4-000--revision-v4--capacity-120,51700.426665000006,15393.350068342135,7f81397aed5aa87a925cf4ab8e1e91d3890c9bbf38708cca115de09d8ad428be,13809.146314000003,1226.998651791945,PPO-capacity-120-large-r2-B252000,solutions/test-Test-4-000--revision-v4--capacity-120/7f81397aed5aa87a925cf4ab8e1e91d3890c9bbf38708cca115de09d8ad428be.json
capacity-120,test-Test-4-000--revision-v4--capacity-120,51700.426665000006,15393.350068342135,ae9d91e64517f62987e8945c702a438d71129a69bc3fbc9fa18e5352af1acd47,14145.655413,986.7395920679672,PPO-capacity-120-large-r2-B252000,solutions/test-Test-4-000--revision-v4--capacity-120/ae9d91e64517f62987e8945c702a438d71129a69bc3fbc9fa18e5352af1acd47.json
capacity-120,test-Test-4-000--revision-v4--capacity-120,51700.426665000006,15393.350068342135,64bde76639f78cb22cdc9ebd7af31ffc3c0fb2654706161c16db3b8d769d3973,14216.878413000002,936.3378915206259,PPO-capacity-120-large-r2-B252000,solutions/test-Test-4-000--revision-v4--capacity-120/64bde76639f78cb22cdc9ebd7af31ffc3c0fb2654706161c16db3b8d769d3973.json
capacity-120,test-Test-4-000--revision-v4--capacity-120,51700.426665000006,15393.350068342135,ca80367926861b4369885399505f13e2537ee9184188148f1d4ec172acb86ecb,14218.233594000005,933.3024839994886,PPO-capacity-120-large-r2-B252000,solutions/test-Test-4-000--revision-v4--capacity-120/ca80367926861b4369885399505f13e2537ee9184188148f1d4ec172acb86ecb.json
capacity-120,test-Test-4-000--revision-v4--capacity-120,51700.426665000006,15393.350068342135,b731f6964d1041c94422872420437b803ec47f1050d91b1aab958c8b5baf87c4,14223.544413000001,914.8381164525847,PPO-capacity-120-large-r2-B252000,solutions/test-Test-4-000--revision-v4--capacity-120/b731f6964d1041c94422872420437b803ec47f1050d91b1aab958c8b5baf87c4.json
capacity-120,test-Test-4-000--revision-v4--capacity-120,51700.426665000006,15393.350068342135,f163f2c83dc778dc9467a622f767660759c4d53c104674c203d433a448bc8254,14228.419413000001,912.3302899862373,PPO-capacity-120-large-r2-B252000,solutions/test-Test-4-000--revision-v4--capacity-120/f163f2c83dc778dc9467a622f767660759c4d53c104674c203d433a448bc8254.json
capacity-120,test-Test-4-000--revision-v4--capacity-120,51700.426665000006,15393.350068342135,bef797a0a11355f5691f9ddd256c52848c24e14816e441650905ec15e879d1cb,14243.056621000003,912.17939291785,PPO-capacity-120-large-r2-B252000,solutions/test-Test-4-000--revision-v4--capacity-120/bef797a0a11355f5691f9ddd256c52848c24e14816e441650905ec15e879d1cb.json
capacity-120,test-Test-4-000--revision-v4--capacity-120,51700.426665000006,15393.350068342135,60c1b40a525544d2912a96723bb8bf9f7834141dde1938a809eada03371bb612,14380.920351000002,912.1760696624766,PPO-capacity-120-large-r2-B252000,solutions/test-Test-4-000--revision-v4--capacity-120/60c1b40a525544d2912a96723bb8bf9f7834141dde1938a809eada03371bb612.json
capacity-120,test-Test-4-000--revision-v4--capacity-120,51700.426665000006,15393.350068342135,d8c442dbd8abe965bd08764c24bd9cc50879bb89c2bf0e5e53020ec48cffb72a,14382.816413000004,906.4849794525347,PPO-capacity-120-large-r2-B252000,solutions/test-Test-4-000--revision-v4--capacity-120/d8c442dbd8abe965bd08764c24bd9cc50879bb89c2bf0e5e53020ec48cffb72a.json
capacity-120,test-Test-4-000--revision-v4--capacity-120,51700.426665000006,15393.350068342135,b883b911191c9857d5b90d1b1bf6985d4a88c1598fe3beb4423920bf494650e7,14503.474413000004,899.7980084455857,PPO-capacity-120-large-r2-B252000,solutions/test-Test-4-000--revision-v4--capacity-120/b883b911191c9857d5b90d1b1bf6985d4a88c1598fe3beb4423920bf494650e7.json
capacity-120,test-Test-4-000--revision-v4--capacity-120,51700.426665000006,15393.350068342135,3fe94848c7d0f60e17a5a76fc191ccf30978405a1ba0024ca9bace848d7e77ba,14967.168550000002,899.541362278137,PPO-capacity-120-large-r0-B252000,solutions/test-Test-4-000--revision-v4--capacity-120/3fe94848c7d0f60e17a5a76fc191ccf30978405a1ba0024ca9bace848d7e77ba.json
capacity-120,test-Test-4-000--revision-v4--capacity-120,51700.426665000006,15393.350068342135,c7199b1fb2528dd431ffb5e248343df137124b5153b20a01ce7c5e6ee956988a,14975.622550000004,898.6247061977211,PPO-capacity-120-large-r0-B252000,solutions/test-Test-4-000--revision-v4--capacity-120/c7199b1fb2528dd431ffb5e248343df137124b5153b20a01ce7c5e6ee956988a.json
capacity-120,test-Test-4-000--revision-v4--capacity-120,51700.426665000006,15393.350068342135,e95c7b2babd39ef5daaf3e7a6751e45facf985a773c5568ff5b93c4527ce6599,14983.962550000004,896.1890967312554,PPO-capacity-120-large-r0-B252000,solutions/test-Test-4-000--revision-v4--capacity-120/e95c7b2babd39ef5daaf3e7a6751e45facf985a773c5568ff5b93c4527ce6599.json
capacity-120,test-Test-4-000--revision-v4--capacity-120,51700.426665000006,15393.350068342135,35bb7a2f7ba748eb966ad3fd32a60d151181d7bf7ff43cc6dbd449d050e0d89a,14993.253550000005,892.1706594170786,PPO-capacity-120-large-r0-B252000,solutions/test-Test-4-000--revision-v4--capacity-120/35bb7a2f7ba748eb966ad3fd32a60d151181d7bf7ff43cc6dbd449d050e0d89a.json
capacity-120,test-Test-4-000--revision-v4--capacity-120,51700.426665000006,15393.350068342135,e22361fb8695e0cdfd76f10df96e8d1ea47f5d4d6443c6460c0837704b02b13b,15016.536550000004,882.8507110580765,PPO-capacity-120-large-r0-B252000,solutions/test-Test-4-000--revision-v4--capacity-120/e22361fb8695e0cdfd76f10df96e8d1ea47f5d4d6443c6460c0837704b02b13b.json
capacity-120,test-Test-4-000--revision-v4--capacity-120,51700.426665000006,15393.350068342135,ce8c926db7a213ead3a21fa8ee6fd3438e1656974300c04dbea52656b302b1c1,15049.674550000003,857.653374114094,PPO-capacity-120-large-r0-B252000,solutions/test-Test-4-000--revision-v4--capacity-120/ce8c926db7a213ead3a21fa8ee6fd3438e1656974300c04dbea52656b302b1c1.json
capacity-120,test-Test-4-000--revision-v4--capacity-120,51700.426665000006,15393.350068342135,484fe663aa2b41e0d8fb87dc0dc73f79ce0672a110a6e0d5bba4ecac69b7c255,15058.314550000003,857.3591223132732,PPO-capacity-120-large-r0-B252000,solutions/test-Test-4-000--revision-v4--capacity-120/484fe663aa2b41e0d8fb87dc0dc73f79ce0672a110a6e0d5bba4ecac69b7c255.json
capacity-120,test-Test-4-000--revision-v4--capacity-120,51700.426665000006,15393.350068342135,15a100530545849d45f70d5503ff0b5bbb30d66b1ed295cffe3d00e2f9203bb7,15058.332550000003,856.7257822304477,PPO-capacity-120-large-r0-B252000,solutions/test-Test-4-000--revision-v4--capacity-120/15a100530545849d45f70d5503ff0b5bbb30d66b1ed295cffe3d00e2f9203bb7.json
capacity-120,test-Test-4-000--revision-v4--capacity-120,51700.426665000006,15393.350068342135,e0fdd7845c99b0fb2538b7cc6df47c47a8cd0025a84133be496a0f952837fc33,15059.019550000005,855.0822136419804,PPO-capacity-120-large-r0-B252000,solutions/test-Test-4-000--revision-v4--capacity-120/e0fdd7845c99b0fb2538b7cc6df47c47a8cd0025a84133be496a0f952837fc33.json
capacity-120,test-Test-4-000--revision-v4--capacity-120,51700.426665000006,15393.350068342135,32627d18402574ea2bb851f16b1381b3219c3bac6962561381460bbefb0cacd7,15059.079550000006,854.3488488207136,PPO-capacity-120-large-r0-B252000,solutions/test-Test-4-000--revision-v4--capacity-120/32627d18402574ea2bb851f16b1381b3219c3bac6962561381460bbefb0cacd7.json
capacity-120,test-Test-4-000--revision-v4--capacity-120,51700.426665000006,15393.350068342135,ff6d736080737757934b39718d4d1c09b668c3477c1f5830d11f86b3ee30820f,15059.097550000002,853.7155087378881,PPO-capacity-120-large-r0-B252000,solutions/test-Test-4-000--revision-v4--capacity-120/ff6d736080737757934b39718d4d1c09b668c3477c1f5830d11f86b3ee30820f.json
capacity-120,test-Test-4-000--revision-v4--capacity-120,51700.426665000006,15393.350068342135,1df4fc3c2c9df8a193d6557ad685c1d08b39102a946a609f5c3a0514d533f9b1,15061.353550000003,853.4034021749096,PPO-capacity-120-large-r0-B252000,solutions/test-Test-4-000--revision-v4--capacity-120/1df4fc3c2c9df8a193d6557ad685c1d08b39102a946a609f5c3a0514d533f9b1.json
capacity-120,test-Test-4-000--revision-v4--capacity-120,51700.426665000006,15393.350068342135,ed3f31b5afa6d577ab80025685eeb8390439503136d6a34102e81350b58aed0e,15073.415050000003,853.1541918343974,PPO-capacity-120-large-r0-B252000,solutions/test-Test-4-000--revision-v4--capacity-120/ed3f31b5afa6d577ab80025685eeb8390439503136d6a34102e81350b58aed0e.json
capacity-120,test-Test-4-000--revision-v4--capacity-120,51700.426665000006,15393.350068342135,b212da6b81857b539859e51eb70b6b5e18f06e4ebbfcc554aa31df15c01f3560,15077.979550000004,852.0193024624621,PPO-capacity-120-large-r0-B252000,solutions/test-Test-4-000--revision-v4--capacity-120/b212da6b81857b539859e51eb70b6b5e18f06e4ebbfcc554aa31df15c01f3560.json
capacity-120,test-Test-4-000--revision-v4--capacity-120,51700.426665000006,15393.350068342135,8cc937e13fd19f02a1f7f12853550693415ccac66ca8cb04c4161123e9d234d0,15103.617550000003,849.8144699754461,PPO-capacity-120-large-r0-B252000,solutions/test-Test-4-000--revision-v4--capacity-120/8cc937e13fd19f02a1f7f12853550693415ccac66ca8cb04c4161123e9d234d0.json
capacity-120,test-Test-4-000--revision-v4--capacity-120,51700.426665000006,15393.350068342135,ea62e1fecb37edc6dbeb1d97b6e023566bf8dba4edc1e1e7812fd87420e4852d,15108.063550000003,848.3270191878721,PPO-capacity-120-large-r0-B252000,solutions/test-Test-4-000--revision-v4--capacity-120/ea62e1fecb37edc6dbeb1d97b6e023566bf8dba4edc1e1e7812fd87420e4852d.json
capacity-120,test-Test-4-000--revision-v4--capacity-120,51700.426665000006,15393.350068342135,c1163b9beb8e96c4a072921798862f6748017ea26b169664c3f8e628699f6359,15120.147550000002,847.8526013991909,PPO-capacity-120-large-r0-B252000,solutions/test-Test-4-000--revision-v4--capacity-120/c1163b9beb8e96c4a072921798862f6748017ea26b169664c3f8e628699f6359.json
capacity-120,test-Test-4-000--revision-v4--capacity-120,51700.426665000006,15393.350068342135,31f73391e03eb7d2f8940b8b7cf703702108e205aa6713aeec133114ef538164,15141.939550000005,845.7720704010579,PPO-capacity-120-large-r0-B252000,solutions/test-Test-4-000--revision-v4--capacity-120/31f73391e03eb7d2f8940b8b7cf703702108e205aa6713aeec133114ef538164.json
capacity-120,test-Test-4-000--revision-v4--capacity-120,51700.426665000006,15393.350068342135,470c9602e07bb8084413efb40d491ebf2a9674bb4fdb09aa81f3f222e2c8115f,15149.179720000004,845.7249850733547,PPO-capacity-120-large-r0-B252000,solutions/test-Test-4-000--revision-v4--capacity-120/470c9602e07bb8084413efb40d491ebf2a9674bb4fdb09aa81f3f222e2c8115f.json
capacity-120,test-Test-4-000--revision-v4--capacity-120,51700.426665000006,15393.350068342135,2aa2cbbb1b3dea1c4c6eaafca6f7f5df99bb605781c0150f6f17543f5dbcd30c,15150.597550000006,843.3786499136554,PPO-capacity-120-large-r0-B252000,solutions/test-Test-4-000--revision-v4--capacity-120/2aa2cbbb1b3dea1c4c6eaafca6f7f5df99bb605781c0150f6f17543f5dbcd30c.json
capacity-120,test-Test-4-000--revision-v4--capacity-120,51700.426665000006,15393.350068342135,585c41824770c5bb8f1ecd11c244373c3e1bd95d99d7e723d038204e7195f7fe,15151.362550000005,840.4021162341073,PPO-capacity-120-large-r0-B252000,solutions/test-Test-4-000--revision-v4--capacity-120/585c41824770c5bb8f1ecd11c244373c3e1bd95d99d7e723d038204e7195f7fe.json
capacity-120,test-Test-4-000--revision-v4--capacity-120,51700.426665000006,15393.350068342135,c91c823e34d00b68480108092fdc5085ac0ae8a3e15ae828d4c43c92c9c0c4c0,15186.229566999998,726.2369390643488,PPO-capacity-120-large-r0-B252000,solutions/test-Test-4-000--revision-v4--capacity-120/c91c823e34d00b68480108092fdc5085ac0ae8a3e15ae828d4c43c92c9c0c4c0.json
capacity-120,test-Test-4-000--revision-v4--capacity-120,51700.426665000006,15393.350068342135,e9fa56a398514ca84a3b71cc5ac4e61c9c4e032eb4c45c408ab205f743b4e443,15198.160566999999,713.4176977062895,PPO-capacity-120-large-r0-B252000,solutions/test-Test-4-000--revision-v4--capacity-120/e9fa56a398514ca84a3b71cc5ac4e61c9c4e032eb4c45c408ab205f743b4e443.json
capacity-120,test-Test-4-000--revision-v4--capacity-120,51700.426665000006,15393.350068342135,5a828730508e940630031afc634478e561a5fc5a716848dfc78f9b60853cc9df,15198.376567,713.1843199751478,PPO-capacity-120-large-r0-B252000,solutions/test-Test-4-000--revision-v4--capacity-120/5a828730508e940630031afc634478e561a5fc5a716848dfc78f9b60853cc9df.json
capacity-120,test-Test-4-000--revision-v4--capacity-120,51700.426665000006,15393.350068342135,337c5cd7f160d68cb0916b1c04c24f3ed7d295965cea78a14a207bfc301065e7,15198.519568,711.7515345731258,PPO-capacity-120-large-r0-B252000,solutions/test-Test-4-000--revision-v4--capacity-120/337c5cd7f160d68cb0916b1c04c24f3ed7d295965cea78a14a207bfc301065e7.json
capacity-120,test-Test-4-000--revision-v4--capacity-120,51700.426665000006,15393.350068342135,81c11c726677f918778157ed34d454b5048ff8570a981f50500081eae3bb644f,15198.796567000001,708.0639331356066,PPO-capacity-120-large-r0-B252000,solutions/test-Test-4-000--revision-v4--capacity-120/81c11c726677f918778157ed34d454b5048ff8570a981f50500081eae3bb644f.json
capacity-120,test-Test-4-000--revision-v4--capacity-120,51700.426665000006,15393.350068342135,15ad2669f017011c0ece8e5d384cf8c73d31082d3c62d1c3b85e5e17175e8250,15200.035566999999,706.5325558058527,PPO-capacity-120-large-r0-B252000,solutions/test-Test-4-000--revision-v4--capacity-120/15ad2669f017011c0ece8e5d384cf8c73d31082d3c62d1c3b85e5e17175e8250.json
capacity-120,test-Test-4-000--revision-v4--capacity-120,51700.426665000006,15393.350068342135,eee08f81ba9fc686de094a7d568bc2d1f7cf378c7aed3f8125d629a942ede219,15217.663567,706.5307009804854,PPO-capacity-120-large-r0-B252000,solutions/test-Test-4-000--revision-v4--capacity-120/eee08f81ba9fc686de094a7d568bc2d1f7cf378c7aed3f8125d629a942ede219.json
capacity-120,test-Test-4-000--revision-v4--capacity-120,51700.426665000006,15393.350068342135,968c2a1273272caf011378b68f3a8d38a924ed7bb1c05e8a4710a0d5f36ee88c,15239.878567,705.6864116997,PPO-capacity-120-large-r0-B252000,solutions/test-Test-4-000--revision-v4--capacity-120/968c2a1273272caf011378b68f3a8d38a924ed7bb1c05e8a4710a0d5f36ee88c.json
capacity-120,test-Test-4-000--revision-v4--capacity-120,51700.426665000006,15393.350068342135,19fcf95f1cdb14a4aa626cc202d335e8b57b46473573d9d1f5e4044fa0455e49,15270.732729000003,645.6876587242742,PPO-capacity-120-large-r1-B252000,solutions/test-Test-4-000--revision-v4--capacity-120/19fcf95f1cdb14a4aa626cc202d335e8b57b46473573d9d1f5e4044fa0455e49.json
capacity-120,test-Test-4-000--revision-v4--capacity-120,51700.426665000006,15393.350068342135,fc40f27b42e6c52cb2a474f4c8ef83cd9a2a0c4d5c303b66f6261ba5ef76ed66,15347.343201000003,644.2835830869599,PPO-capacity-120-large-r1-B252000,solutions/test-Test-4-000--revision-v4--capacity-120/fc40f27b42e6c52cb2a474f4c8ef83cd9a2a0c4d5c303b66f6261ba5ef76ed66.json
capacity-120,test-Test-4-000--revision-v4--capacity-120,51700.426665000006,15393.350068342135,037948a7b0d297100d5f5e1765a7b7dc50693b5a1a77d9f5e1d46a5cca7c5a1e,15354.108201000001,631.6734496649543,PPO-capacity-120-large-r1-B252000,solutions/test-Test-4-000--revision-v4--capacity-120/037948a7b0d297100d5f5e1765a7b7dc50693b5a1a77d9f5e1d46a5cca7c5a1e.json
capacity-120,test-Test-4-000--revision-v4--capacity-120,51700.426665000006,15393.350068342135,c6129dde26abe282c1871c4031987d03cfb41007a254c004b70bc2afe5ecc7e6,15357.693201000002,631.1725384486394,PPO-capacity-120-large-r1-B252000,solutions/test-Test-4-000--revision-v4--capacity-120/c6129dde26abe282c1871c4031987d03cfb41007a254c004b70bc2afe5ecc7e6.json
capacity-120,test-Test-4-000--revision-v4--capacity-120,51700.426665000006,15393.350068342135,c0dff67742db541833967ade7ed485a1acfb38b585d06b50ccc0b3565293cf1c,15358.935201000002,631.0180661314896,PPO-capacity-120-large-r1-B252000,solutions/test-Test-4-000--revision-v4--capacity-120/c0dff67742db541833967ade7ed485a1acfb38b585d06b50ccc0b3565293cf1c.json
capacity-120,test-Test-4-000--revision-v4--capacity-120,51700.426665000006,15393.350068342135,ea906ddfe444c782881101e588dae82a2af21c7a11b6e88e38b35a875bebec89,15394.242201000003,630.8667846828135,PPO-capacity-120-large-r1-B252000,solutions/test-Test-4-000--revision-v4--capacity-120/ea906ddfe444c782881101e588dae82a2af21c7a11b6e88e38b35a875bebec89.json
capacity-120,test-Test-4-000--revision-v4--capacity-120,51700.426665000006,15393.350068342135,f9572ea8499a746fe9d56c1a0fff5066936e2ed42284479e73353cb35d5dfe69,15493.234364999998,626.0102237284849,PPO-capacity-120-large-r1-B252000,solutions/test-Test-4-000--revision-v4--capacity-120/f9572ea8499a746fe9d56c1a0fff5066936e2ed42284479e73353cb35d5dfe69.json
capacity-120,test-Test-4-000--revision-v4--capacity-120,51700.426665000006,15393.350068342135,42fadc9b37d6d4ba0aa58bc21ee1e58f54ef5358aadd42c30b99ce571d688b9d,15596.966504999997,625.7167425971061,PPO-capacity-120-large-r1-B252000,solutions/test-Test-4-000--revision-v4--capacity-120/42fadc9b37d6d4ba0aa58bc21ee1e58f54ef5358aadd42c30b99ce571d688b9d.json
capacity-120,test-Test-4-000--revision-v4--capacity-120,51700.426665000006,15393.350068342135,18ddedf87a0c14926e237fdb7c8f99078fe4ef83e36b9b37081ae15b5de611ff,15602.960505,625.3376989639381,PPO-capacity-120-large-r1-B252000,solutions/test-Test-4-000--revision-v4--capacity-120/18ddedf87a0c14926e237fdb7c8f99078fe4ef83e36b9b37081ae15b5de611ff.json
capacity-120,test-Test-4-000--revision-v4--capacity-120,51700.426665000006,15393.350068342135,c468d8565f2ab059d3fe5442ec74b371c86137e3130545fe6879edfff74bf443,15615.854505,624.8807210961338,PPO-capacity-120-large-r1-B252000,solutions/test-Test-4-000--revision-v4--capacity-120/c468d8565f2ab059d3fe5442ec74b371c86137e3130545fe6879edfff74bf443.json
capacity-120,test-Test-4-000--revision-v4--capacity-120,51700.426665000006,15393.350068342135,8ffd7e1515e1125188f832cdc0f3eacc9ad85641088dce3b743051e167407ecc,15726.529000999995,621.527119301506,PPO-capacity-120-large-r1-B252000,solutions/test-Test-4-000--revision-v4--capacity-120/8ffd7e1515e1125188f832cdc0f3eacc9ad85641088dce3b743051e167407ecc.json
capacity-120,test-Test-4-000--revision-v4--capacity-120,51700.426665000006,15393.350068342135,13c8dfe2b1f473e35d4bfb0654e10317ba24910d74f4a4593e36b34534eae3a0,15757.177193,621.1282425421754,PPO-capacity-120-large-r1-B252000,solutions/test-Test-4-000--revision-v4--capacity-120/13c8dfe2b1f473e35d4bfb0654e10317ba24910d74f4a4593e36b34534eae3a0.json
capacity-120,test-Test-4-000--revision-v4--capacity-120,51700.426665000006,15393.350068342135,cd82291a7c8a303afb33ffcce2aafdd0736a00658bbd3b3672272502c9ba4cbc,15793.415505,619.5317872675658,PPO-capacity-120-large-r1-B252000,solutions/test-Test-4-000--revision-v4--capacity-120/cd82291a7c8a303afb33ffcce2aafdd0736a00658bbd3b3672272502c9ba4cbc.json
capacity-120,test-Test-4-000--revision-v4--capacity-120,51700.426665000006,15393.350068342135,ea4aa4b507465ba14266202454f325b007c3086a6da081018e97ccd6fef25c4c,16073.397078000002,618.5842831744313,PPO-capacity-120-large-r1-B252000,solutions/test-Test-4-000--revision-v4--capacity-120/ea4aa4b507465ba14266202454f325b007c3086a6da081018e97ccd6fef25c4c.json
capacity-120,test-Test-4-000--revision-v4--capacity-120,51700.426665000006,15393.350068342135,9a606fcdf72f9128b46619b6357891cb9e643f184fc6f88b58abc0dde3df1dc7,16171.049646000003,616.46672380254,PPO-capacity-120-large-r1-B252000,solutions/test-Test-4-000--revision-v4--capacity-120/9a606fcdf72f9128b46619b6357891cb9e643f184fc6f88b58abc0dde3df1dc7.json
capacity-120,test-Test-4-000--revision-v4--capacity-120,51700.426665000006,15393.350068342135,f6d9aba3a6a13aac29172a2fec6c8b5cb87d765aff10a01387d7ee2e654040ce,16525.803475,575.4875385468564,PPO-capacity-120-large-r0-B252000,solutions/test-Test-4-000--revision-v4--capacity-120/f6d9aba3a6a13aac29172a2fec6c8b5cb87d765aff10a01387d7ee2e654040ce.json
capacity-120,test-Test-4-000--revision-v4--capacity-120,51700.426665000006,15393.350068342135,5d1919e757a4336ade182fb113d7971cc8bd026ccf47be3102043679738ad157,16544.595475000002,568.1167100662552,PPO-capacity-120-large-r0-B252000,solutions/test-Test-4-000--revision-v4--capacity-120/5d1919e757a4336ade182fb113d7971cc8bd026ccf47be3102043679738ad157.json
capacity-120,test-Test-4-000--revision-v4--capacity-120,51700.426665000006,15393.350068342135,f6452107493069a5e613df82103f8ce1bda35d7fd4930204221f9a4e87fda824,16547.642329000002,567.9052090290409,PPO-capacity-120-large-r0-B252000,solutions/test-Test-4-000--revision-v4--capacity-120/f6452107493069a5e613df82103f8ce1bda35d7fd4930204221f9a4e87fda824.json
capacity-120,test-Test-4-000--revision-v4--capacity-120,51700.426665000006,15393.350068342135,14f23b42cc9e4b882d77a5d33dc6510351e2f0c30aafe0efb0ed8d63e0494170,16564.740475000002,567.7388902624265,PPO-capacity-120-large-r0-B252000,solutions/test-Test-4-000--revision-v4--capacity-120/14f23b42cc9e4b882d77a5d33dc6510351e2f0c30aafe0efb0ed8d63e0494170.json
capacity-120,test-Test-4-000--revision-v4--capacity-120,51700.426665000006,15393.350068342135,a33a88e06d54c331482c69fcbeb9cd4f1ba07c3dad40919c5bd8df9c97ec67c6,16567.992475000003,566.5838172899076,PPO-capacity-120-large-r0-B252000,solutions/test-Test-4-000--revision-v4--capacity-120/a33a88e06d54c331482c69fcbeb9cd4f1ba07c3dad40919c5bd8df9c97ec67c6.json
capacity-120,test-Test-4-000--revision-v4--capacity-120,51700.426665000006,15393.350068342135,f99717d4771c80ca09ed91189f51bb50449fe4421851baf530c75181579dd715,16571.274475000002,565.945396128873,PPO-capacity-120-large-r0-B252000,solutions/test-Test-4-000--revision-v4--capacity-120/f99717d4771c80ca09ed91189f51bb50449fe4421851baf530c75181579dd715.json
capacity-120,test-Test-4-000--revision-v4--capacity-120,51700.426665000006,15393.350068342135,a7fb6baa3183f019a9f44f1be9eb5073ee539b994c1e5a3196de8c8de4df7a8c,16572.924475000003,565.7019425620441,PPO-capacity-120-large-r0-B252000,solutions/test-Test-4-000--revision-v4--capacity-120/a7fb6baa3183f019a9f44f1be9eb5073ee539b994c1e5a3196de8c8de4df7a8c.json
capacity-120,test-Test-4-000--revision-v4--capacity-120,51700.426665000006,15393.350068342135,2c0ba76526c0a61d63fb399f1077c1278a02923ab28422a60357f9df74060bfe,16713.239329,563.4233428504743,PPO-capacity-120-large-r0-B252000,solutions/test-Test-4-000--revision-v4--capacity-120/2c0ba76526c0a61d63fb399f1077c1278a02923ab28422a60357f9df74060bfe.json
capacity-120,test-Test-4-000--revision-v4--capacity-120,51700.426665000006,15393.350068342135,49e00ac1826745ae0600f7401bd0b8c5c19f563b29c8fbf3e163076a6fcc70c8,16730.337475,563.25702408386,PPO-capacity-120-large-r0-B252000,solutions/test-Test-4-000--revision-v4--capacity-120/49e00ac1826745ae0600f7401bd0b8c5c19f563b29c8fbf3e163076a6fcc70c8.json
capacity-120,test-Test-4-000--revision-v4--capacity-120,51700.426665000006,15393.350068342135,ddcc12ecfbf9dcf851cef2542976df2f9da1e06a6810bea21dc3fc6b7630ddf9,16733.589475000004,562.1019511113411,PPO-capacity-120-large-r0-B252000,solutions/test-Test-4-000--revision-v4--capacity-120/ddcc12ecfbf9dcf851cef2542976df2f9da1e06a6810bea21dc3fc6b7630ddf9.json
capacity-120,test-Test-4-000--revision-v4--capacity-120,51700.426665000006,15393.350068342135,89776ddae5ee106937bcd25525d10913b76ea523ae1b29248f88ab545e749b3e,16736.871475,561.4635299503065,PPO-capacity-120-large-r0-B252000,solutions/test-Test-4-000--revision-v4--capacity-120/89776ddae5ee106937bcd25525d10913b76ea523ae1b29248f88ab545e749b3e.json
capacity-120,test-Test-4-000--revision-v4--capacity-120,51700.426665000006,15393.350068342135,df67b0afc262a78d74325bf055b7e70008dbc8851e3fcfc81134fc0f5cca1221,16738.521475,561.2200763834777,PPO-capacity-120-large-r0-B252000,solutions/test-Test-4-000--revision-v4--capacity-120/df67b0afc262a78d74325bf055b7e70008dbc8851e3fcfc81134fc0f5cca1221.json
capacity-120,test-Test-4-000--revision-v4--capacity-120,51700.426665000006,15393.350068342135,1df0544d77c8cb2e3e93005cc7d30aa634684a52560bca58b7f9ff66f1c651d1,16759.254475,561.1130430038633,PPO-capacity-120-large-r0-B252000,solutions/test-Test-4-000--revision-v4--capacity-120/1df0544d77c8cb2e3e93005cc7d30aa634684a52560bca58b7f9ff66f1c651d1.json
capacity-120,test-Test-4-000--revision-v4--capacity-120,51700.426665000006,15393.350068342135,6e12ef8732194fde91a4162bfaaf65080651945934d6f2475ff9ed6ea4a24d26,17026.880207000002,559.7167595421556,PPO-capacity-120-large-r0-B252000,solutions/test-Test-4-000--revision-v4--capacity-120/6e12ef8732194fde91a4162bfaaf65080651945934d6f2475ff9ed6ea4a24d26.json
capacity-120,test-Test-4-000--revision-v4--capacity-120,51700.426665000006,15393.350068342135,e55bc5fd4f6b0b0998086d0ae68e36bb4823db75b4e60763817d29cebe27a766,17066.717475,552.752733825921,PPO-capacity-120-large-r0-B252000,solutions/test-Test-4-000--revision-v4--capacity-120/e55bc5fd4f6b0b0998086d0ae68e36bb4823db75b4e60763817d29cebe27a766.json
capacity-120,test-Test-4-000--revision-v4--capacity-120,51700.426665000006,15393.350068342135,a9f760a378d26e4064836b61c06b1168e3b02f3cf032fce7262ff76ff10f791d,18212.568973999998,524.4369679942708,PPO-capacity-120-large-r2-B252000,solutions/test-Test-4-000--revision-v4--capacity-120/a9f760a378d26e4064836b61c06b1168e3b02f3cf032fce7262ff76ff10f791d.json
capacity-120,test-Test-4-000--revision-v4--capacity-120,51700.426665000006,15393.350068342135,ccec16e3d5e78a5901f159ced7f78420f66d71e03c20eb3bfaea6a57574f7e48,18319.424704,524.4328421576909,PPO-capacity-120-large-r2-B252000,solutions/test-Test-4-000--revision-v4--capacity-120/ccec16e3d5e78a5901f159ced7f78420f66d71e03c20eb3bfaea6a57574f7e48.json
capacity-120,test-Test-4-000--revision-v4--capacity-120,51700.426665000006,15393.350068342135,b6e9c2fa277ddb04ecd8f19ea1e84d9fe560ba13328ba13d931b7b7d3ae846e4,18323.732974,523.5191441574066,PPO-capacity-120-large-r2-B252000,solutions/test-Test-4-000--revision-v4--capacity-120/b6e9c2fa277ddb04ecd8f19ea1e84d9fe560ba13328ba13d931b7b7d3ae846e4.json
capacity-120,test-Test-4-000--revision-v4--capacity-120,51700.426665000006,15393.350068342135,7d4ccae6d14c61309258ec6a6cf996e59f78377a16846c89f0c19bf28a90b3ed,18348.995974,522.8551608371088,PPO-capacity-120-large-r2-B252000,solutions/test-Test-4-000--revision-v4--capacity-120/7d4ccae6d14c61309258ec6a6cf996e59f78377a16846c89f0c19bf28a90b3ed.json
capacity-120,test-Test-4-000--revision-v4--capacity-120,51700.426665000006,15393.350068342135,15fdb6425ba78ac2758ee00b75515e89e49f35af0a4be3e3e2bdae66c3579e64,18382.109974,522.6921949079342,PPO-capacity-120-large-r2-B252000,solutions/test-Test-4-000--revision-v4--capacity-120/15fdb6425ba78ac2758ee00b75515e89e49f35af0a4be3e3e2bdae66c3579e64.json
capacity-120,test-Test-4-000--revision-v4--capacity-120,51700.426665000006,15393.350068342135,77fb5ab7336c415c972e89f53a2a6650302ec0d170e79382049ad511cc9ffe83,18431.939507000003,522.4659926670483,PPO-capacity-120-large-r2-B252000,solutions/test-Test-4-000--revision-v4--capacity-120/77fb5ab7336c415c972e89f53a2a6650302ec0d170e79382049ad511cc9ffe83.json
capacity-120,test-Test-4-000--revision-v4--capacity-120,51700.426665000006,15393.350068342135,2bc74a207280245e6971cdf5b7b46ea7ef530bf144c66c00080b52b1444d43a6,18437.525345,522.055782463001,PPO-capacity-120-large-r2-B252000,solutions/test-Test-4-000--revision-v4--capacity-120/2bc74a207280245e6971cdf5b7b46ea7ef530bf144c66c00080b52b1444d43a6.json
capacity-120,test-Test-4-000--revision-v4--capacity-120,51700.426665000006,15393.350068342135,687053b140831ea22484e0a7a8780cf8bafa6844cdbb369bbdd8752527a6a84b,18438.09388,520.49743475449,PPO-capacity-120-large-r2-B252000,solutions/test-Test-4-000--revision-v4--capacity-120/687053b140831ea22484e0a7a8780cf8bafa6844cdbb369bbdd8752527a6a84b.json
capacity-120,test-Test-4-000--revision-v4--capacity-120,51700.426665000006,15393.350068342135,51bab415cc58455f010851be7bf736d07c66daa8342f3e66ddf705e044e6f16e,18468.341507,520.4912028886747,PPO-capacity-120-large-r2-B252000,solutions/test-Test-4-000--revision-v4--capacity-120/51bab415cc58455f010851be7bf736d07c66daa8342f3e66ddf705e044e6f16e.json
capacity-120,test-Test-4-000--revision-v4--capacity-120,51700.426665000006,15393.350068342135,fcc61b53039e753eb3d6fd1a829eb56161d6ec58a90aa8e310b3b8be2a32e52c,18491.519913,518.437704758969,PPO-capacity-120-large-r2-B252000,solutions/test-Test-4-000--revision-v4--capacity-120/fcc61b53039e753eb3d6fd1a829eb56161d6ec58a90aa8e310b3b8be2a32e52c.json
capacity-120,test-Test-4-000--revision-v4--capacity-120,51700.426665000006,15393.350068342135,ab9c76437ea3df9329dc4ee5ca0358bdb77895a4cb07a0d2ab2383cae37ef842,18576.713507,518.3930976215854,PPO-capacity-120-large-r2-B252000,solutions/test-Test-4-000--revision-v4--capacity-120/ab9c76437ea3df9329dc4ee5ca0358bdb77895a4cb07a0d2ab2383cae37ef842.json
capacity-120,test-Test-4-000--revision-v4--capacity-120,51700.426665000006,15393.350068342135,0bc8b33bef30de2a33f4c995d39f83aaf6aa0a41a51cf0a0a34011d258f73ded,18666.821507,512.6805154145653,PPO-capacity-120-large-r2-B252000,solutions/test-Test-4-000--revision-v4--capacity-120/0bc8b33bef30de2a33f4c995d39f83aaf6aa0a41a51cf0a0a34011d258f73ded.json
capacity-120,test-Test-4-000--revision-v4--capacity-120,51700.426665000006,15393.350068342135,6c4cd91fa1c569ae55c6d16ce3e71ffb4601b0e61919b8f593fc48b84d2010ce,19392.848763,455.40478213407613,PPO-capacity-120-large-r0-B252000,solutions/test-Test-4-000--revision-v4--capacity-120/6c4cd91fa1c569ae55c6d16ce3e71ffb4601b0e61919b8f593fc48b84d2010ce.json
capacity-120,test-Test-4-000--revision-v4--capacity-120,51700.426665000006,15393.350068342135,134f4030c486706db43f2fcb623a2b6251d5c18051d47498322cbbd1342f5283,19435.592683000003,451.7046327464818,PPO-capacity-120-large-r0-B252000,solutions/test-Test-4-000--revision-v4--capacity-120/134f4030c486706db43f2fcb623a2b6251d5c18051d47498322cbbd1342f5283.json
capacity-120,test-Test-4-000--revision-v4--capacity-120,51700.426665000006,15393.350068342135,c3816fe9cf7f930dd89e9ab2b5e223f6200ccb5427bb8b9ea63fd809c91efafd,19458.986683000003,450.46251696739154,PPO-capacity-120-large-r0-B252000,solutions/test-Test-4-000--revision-v4--capacity-120/c3816fe9cf7f930dd89e9ab2b5e223f6200ccb5427bb8b9ea63fd809c91efafd.json
capacity-120,test-Test-4-000--revision-v4--capacity-120,51700.426665000006,15393.350068342135,d5ab7b204bd44263f0885ddd0b5e24898666cec54361b2e68c7e62898786448a,19465.463565000002,450.4133450266408,PPO-capacity-120-large-r0-B252000,solutions/test-Test-4-000--revision-v4--capacity-120/d5ab7b204bd44263f0885ddd0b5e24898666cec54361b2e68c7e62898786448a.json
capacity-120,test-Test-4-000--revision-v4--capacity-120,51700.426665000006,15393.350068342135,0e2afb6bd9361f40e90198a01059ed3c2e3255cd609144d44ab898e6038cf1a9,19472.132683000003,450.1306323618643,PPO-capacity-120-large-r0-B252000,solutions/test-Test-4-000--revision-v4--capacity-120/0e2afb6bd9361f40e90198a01059ed3c2e3255cd609144d44ab898e6038cf1a9.json
capacity-120,test-Test-4-000--revision-v4--capacity-120,51700.426665000006,15393.350068342135,ebad98188b3dff00ea648144fcbc1dca7c2076368a54548d54876ff9e0fa34c5,19473.107683000002,449.6120261011793,PPO-capacity-120-large-r0-B252000,solutions/test-Test-4-000--revision-v4--capacity-120/ebad98188b3dff00ea648144fcbc1dca7c2076368a54548d54876ff9e0fa34c5.json
capacity-120,test-Test-4-000--revision-v4--capacity-120,51700.426665000006,15393.350068342135,1ffb0ce7f9fb30db93ca64cde7bbf157c6df7546e2c8f3548c0d79b9b6809a89,19613.021683,448.5913400041354,PPO-capacity-120-large-r0-B252000,solutions/test-Test-4-000--revision-v4--capacity-120/1ffb0ce7f9fb30db93ca64cde7bbf157c6df7546e2c8f3548c0d79b9b6809a89.json
capacity-120,test-Test-4-000--revision-v4--capacity-120,51700.426665000006,15393.350068342135,941a9c52d0c1cc5ccce48df3cc0dc494e637e9d3629f9c801c663a2ed7eea918,19841.354841,445.91166511668723,PPO-capacity-120-large-r0-B252000,solutions/test-Test-4-000--revision-v4--capacity-120/941a9c52d0c1cc5ccce48df3cc0dc494e637e9d3629f9c801c663a2ed7eea918.json
capacity-120,test-Test-4-000--revision-v4--capacity-120,51700.426665000006,15393.350068342135,5e456f8a8172d18ca793fe28abb6464c0ba58614dda16bbf2a54dd1dfd5054dc,21839.948275999996,350.80716327143887,PPO-capacity-120-large-r2-B252000,solutions/test-Test-4-000--revision-v4--capacity-120/5e456f8a8172d18ca793fe28abb6464c0ba58614dda16bbf2a54dd1dfd5054dc.json
capacity-120,test-Test-4-000--revision-v4--capacity-120,51700.426665000006,15393.350068342135,9aa4fd2280b95568494bbb47831ddf0436817bd7fcf19d671c0d8f87f98c0ed6,21924.212395999995,347.5768835440907,PPO-capacity-120-large-r2-B252000,solutions/test-Test-4-000--revision-v4--capacity-120/9aa4fd2280b95568494bbb47831ddf0436817bd7fcf19d671c0d8f87f98c0ed6.json
capacity-120,test-Test-4-000--revision-v4--capacity-120,51700.426665000006,15393.350068342135,bd738919e84e073b570adbe1cffb3003d42fe2ad1ec63385756732c337b017e4,21977.630275999996,345.6385812839788,PPO-capacity-120-large-r2-B252000,solutions/test-Test-4-000--revision-v4--capacity-120/bd738919e84e073b570adbe1cffb3003d42fe2ad1ec63385756732c337b017e4.json
capacity-120,test-Test-4-000--revision-v4--capacity-120,51700.426665000006,15393.350068342135,4adc373c3eff68d3513c7d474886e4bfdb291ea506ea1feff828b82d39413b31,22038.480794000003,345.44120224729045,PPO-capacity-120-large-r2-B252000,solutions/test-Test-4-000--revision-v4--capacity-120/4adc373c3eff68d3513c7d474886e4bfdb291ea506ea1feff828b82d39413b31.json
capacity-120,test-Test-4-000--revision-v4--capacity-120,51700.426665000006,15393.350068342135,2f803de421f2e931a1aa6fb799f8bcadaa0c2720ba154654d069c70aef8e526a,22039.232275999995,344.6736004385401,PPO-capacity-120-large-r2-B252000,solutions/test-Test-4-000--revision-v4--capacity-120/2f803de421f2e931a1aa6fb799f8bcadaa0c2720ba154654d069c70aef8e526a.json
capacity-120,test-Test-4-000--revision-v4--capacity-120,51700.426665000006,15393.350068342135,5759e568b4c190476df4400cb82e95b2786f191c5cd29981148ec235001061fc,22054.988275999996,344.56846786254937,PPO-capacity-120-large-r2-B252000,solutions/test-Test-4-000--revision-v4--capacity-120/5759e568b4c190476df4400cb82e95b2786f191c5cd29981148ec235001061fc.json
capacity-120,test-Test-4-000--revision-v4--capacity-120,51700.426665000006,15393.350068342135,75490a54c16428d31943fae5d9ac5912d935e5cc258a2cb4623a35958e1a01dc,22057.133275999997,344.3184095890746,PPO-capacity-120-large-r2-B252000,solutions/test-Test-4-000--revision-v4--capacity-120/75490a54c16428d31943fae5d9ac5912d935e5cc258a2cb4623a35958e1a01dc.json
capacity-120,test-Test-4-000--revision-v4--capacity-120,51700.426665000006,15393.350068342135,4b19b789ed4a5eb4cb01a914ef0c27698ee9f4847a5e8495dcdf3ad1d16311f7,22098.875276,343.74825366847637,PPO-capacity-120-large-r2-B252000,solutions/test-Test-4-000--revision-v4--capacity-120/4b19b789ed4a5eb4cb01a914ef0c27698ee9f4847a5e8495dcdf3ad1d16311f7.json
capacity-120,test-Test-4-000--revision-v4--capacity-120,51700.426665000006,15393.350068342135,4e9d1ca24dec41dc7902871c63e45f633a6fcb79188b9a3a1e3d0f9df0480cc8,22286.510275999997,343.20871038035386,PPO-capacity-120-large-r2-B252000,solutions/test-Test-4-000--revision-v4--capacity-120/4e9d1ca24dec41dc7902871c63e45f633a6fcb79188b9a3a1e3d0f9df0480cc8.json
capacity-120,test-Test-4-000--revision-v4--capacity-120,51700.426665000006,15393.350068342135,d0ea34d4645931ece42c70ca98de5405912605e13c9d7dd7b2299ab840a45666,32721.428066999986,326.6867827465115,PPO-capacity-120-large-r2-B252000,solutions/test-Test-4-000--revision-v4--capacity-120/d0ea34d4645931ece42c70ca98de5405912605e13c9d7dd7b2299ab840a45666.json
capacity-120,test-Test-4-000--revision-v4--capacity-120,51700.426665000006,15393.350068342135,e6e6fa7fd3fa2efa1cfbddd19b02b707778631aa2962151cd5e6d529bfe1e789,32963.796553999986,326.083376100569,PPO-capacity-120-large-r2-B252000,solutions/test-Test-4-000--revision-v4--capacity-120/e6e6fa7fd3fa2efa1cfbddd19b02b707778631aa2962151cd5e6d529bfe1e789.json
capacity-120,test-Test-4-000--revision-v4--capacity-120,51700.426665000006,15393.350068342135,967ed32abbb21b9e09879b4a0e7ab9f68e1cb98d0109b8c02a261d8efe5fc6b9,33017.38122399999,325.9113075963175,PPO-capacity-120-large-r2-B252000,solutions/test-Test-4-000--revision-v4--capacity-120/967ed32abbb21b9e09879b4a0e7ab9f68e1cb98d0109b8c02a261d8efe5fc6b9.json
capacity-120,test-Test-4-000--revision-v4--capacity-120,51700.426665000006,15393.350068342135,2c0fd399250b5632977d09a835fcacf026d5c12eaf07ba81751f79a22f273763,33092.92192799998,315.79714598501346,PPO-capacity-120-large-r2-B252000,solutions/test-Test-4-000--revision-v4--capacity-120/2c0fd399250b5632977d09a835fcacf026d5c12eaf07ba81751f79a22f273763.json
capacity-120,test-Test-4-000--revision-v4--capacity-120,51700.426665000006,15393.350068342135,7405a019d7e64f317e8778c6e32e95e1b140b8dd2bc3667544d85d07c8293a7c,33190.70092799999,315.40300956057547,PPO-capacity-120-large-r2-B252000,solutions/test-Test-4-000--revision-v4--capacity-120/7405a019d7e64f317e8778c6e32e95e1b140b8dd2bc3667544d85d07c8293a7c.json
capacity-120,test-Test-4-000--revision-v4--capacity-120,51700.426665000006,15393.350068342135,1f7b2be581fb72220a698fe35653192ca52b8a5a9cb7cd183d81e56b9627393f,33335.29041499999,315.19373933907093,PPO-capacity-120-large-r2-B252000,solutions/test-Test-4-000--revision-v4--capacity-120/1f7b2be581fb72220a698fe35653192ca52b8a5a9cb7cd183d81e56b9627393f.json
capacity-120,test-Test-4-000--revision-v4--capacity-120,51700.426665000006,15393.350068342135,6fcf5aef5f6f0ccc79a17aefc19e296d05643df19c2dca6059d6e5ae09200cc5,33430.13891499998,315.1052945958734,PPO-capacity-120-large-r2-B252000,solutions/test-Test-4-000--revision-v4--capacity-120/6fcf5aef5f6f0ccc79a17aefc19e296d05643df19c2dca6059d6e5ae09200cc5.json
capacity-120,test-Test-4-000--revision-v4--capacity-120,51700.426665000006,15393.350068342135,a8396dea35f43dbf5dbaa6b7984711f953ff356883dac3464e570e703f252a52,33433.06941499998,314.79960291463294,PPO-capacity-120-large-r2-B252000,solutions/test-Test-4-000--revision-v4--capacity-120/a8396dea35f43dbf5dbaa6b7984711f953ff356883dac3464e570e703f252a52.json
capacity-120,test-Test-4-000--revision-v4--capacity-120,51700.426665000006,15393.350068342135,87285b9fa41141c162599531a21e9bbd873c770026a55f6b8bec839358041d7b,33437.87866699998,314.6611270329985,PPO-capacity-120-large-r2-B252000,solutions/test-Test-4-000--revision-v4--capacity-120/87285b9fa41141c162599531a21e9bbd873c770026a55f6b8bec839358041d7b.json
capacity-120,test-Test-4-000--revision-v4--capacity-120,51700.426665000006,15393.350068342135,d758ab6fff55537119263de42ff8aa3084e0f4e522aa68abac20cd2ef17bc3ee,33577.18641499998,314.0239609527992,PPO-capacity-120-large-r2-B252000,solutions/test-Test-4-000--revision-v4--capacity-120/d758ab6fff55537119263de42ff8aa3084e0f4e522aa68abac20cd2ef17bc3ee.json
capacity-120,test-Test-4-000--revision-v4--capacity-120,51700.426665000006,15393.350068342135,63f1eed38cf6a7626b1bf421178d282491f8962bc1642475787fec51644d1910,33596.00853899997,313.14497753507385,PPO-capacity-120-large-r2-B252000,solutions/test-Test-4-000--revision-v4--capacity-120/63f1eed38cf6a7626b1bf421178d282491f8962bc1642475787fec51644d1910.json
capacity-120,test-Test-4-000--revision-v4--capacity-120,51700.426665000006,15393.350068342135,20c66f67f5b741071aa1240c0f749bab27f38c6fe99dfe39a88de15739c3a0ba,33671.380624999976,312.49629328691435,PPO-capacity-120-large-r2-B252000,solutions/test-Test-4-000--revision-v4--capacity-120/20c66f67f5b741071aa1240c0f749bab27f38c6fe99dfe39a88de15739c3a0ba.json
capacity-120,test-Test-4-000--revision-v4--capacity-120,51700.426665000006,15393.350068342135,4b885be1ff50c55f3a83e4f0ddc441f79b3ae2632b8756fd5869a98efd6b0d54,33699.132431999984,309.5074475656148,PPO-capacity-120-large-r2-B252000,solutions/test-Test-4-000--revision-v4--capacity-120/4b885be1ff50c55f3a83e4f0ddc441f79b3ae2632b8756fd5869a98efd6b0d54.json
capacity-120,test-Test-4-000--revision-v4--capacity-120,51700.426665000006,15393.350068342135,589cf9fbbd889122ef46b11737177affdc19e5c59c2bab20171d1e88323a1672,33853.114918999985,309.25243804012683,PPO-capacity-120-large-r2-B252000,solutions/test-Test-4-000--revision-v4--capacity-120/589cf9fbbd889122ef46b11737177affdc19e5c59c2bab20171d1e88323a1672.json
capacity-120,test-Test-4-000--revision-v4--capacity-120,51700.426665000006,15393.350068342135,61cda45e4baba99673a04fa4313717e41e2ccf11a0d8a30b8bbe16015d90fcf1,33921.41891899999,308.76895161878963,PPO-capacity-120-large-r2-B252000,solutions/test-Test-4-000--revision-v4--capacity-120/61cda45e4baba99673a04fa4313717e41e2ccf11a0d8a30b8bbe16015d90fcf1.json
capacity-120,test-Test-4-000--revision-v4--capacity-120,51700.426665000006,15393.350068342135,3db1cc2f071a6171a30ca0ee71f9aa13bec424535cf9dea0d6af2642a2b0286c,33922.91786999998,306.7164035721209,PPO-capacity-120-large-r2-B252000,solutions/test-Test-4-000--revision-v4--capacity-120/3db1cc2f071a6171a30ca0ee71f9aa13bec424535cf9dea0d6af2642a2b0286c.json
capacity-120,test-Test-4-000--revision-v4--capacity-120,51700.426665000006,15393.350068342135,103cf1a6417dd7f435384302f6051eabd966c518f859d623b0d9f6a9e4b9594b,33998.289955999986,306.06771932396134,PPO-capacity-120-large-r2-B252000,solutions/test-Test-4-000--revision-v4--capacity-120/103cf1a6417dd7f435384302f6051eabd966c518f859d623b0d9f6a9e4b9594b.json
capacity-120,test-Test-4-000--revision-v4--capacity-120,51700.426665000006,15393.350068342135,ec3269d8b024b5e2b1f5aaad6b42d2c8469a0426e799f4feac202850ae1866f2,34111.635955999984,305.55602640017514,PPO-capacity-120-large-r2-B252000,solutions/test-Test-4-000--revision-v4--capacity-120/ec3269d8b024b5e2b1f5aaad6b42d2c8469a0426e799f4feac202850ae1866f2.json
capacity-120,test-Test-4-000--revision-v4--capacity-120,51700.426665000006,15393.350068342135,5a79ee7d17ca58e58df3801632418072de62cbd7d0a89ff2cf7749565730cdb6,34458.179356999986,305.5399571780468,PPO-capacity-120-large-r2-B252000,solutions/test-Test-4-000--revision-v4--capacity-120/5a79ee7d17ca58e58df3801632418072de62cbd7d0a89ff2cf7749565730cdb6.json
capacity-130,test-Test-4-000--revision-v4--capacity-130,51700.426665000006,15393.350068342135,5d27075446af89649669f8591a9fcd76128b3da7313e23cd25a94f3fe64232d2,12672.492579999998,3091.617007290274,PPO-capacity-130-large-r0-B252000,solutions/test-Test-4-000--revision-v4--capacity-130/5d27075446af89649669f8591a9fcd76128b3da7313e23cd25a94f3fe64232d2.json
capacity-130,test-Test-4-000--revision-v4--capacity-130,51700.426665000006,15393.350068342135,d1b7811624b4c8a15975a15a063f75d31c552cd41dbeb418a27ec68595f2cdaa,12750.191443000002,3090.3332274133663,PPO-capacity-130-large-r0-B252000,solutions/test-Test-4-000--revision-v4--capacity-130/d1b7811624b4c8a15975a15a063f75d31c552cd41dbeb418a27ec68595f2cdaa.json
capacity-130,test-Test-4-000--revision-v4--capacity-130,51700.426665000006,15393.350068342135,7ded97cb8f19b41c241f2ad6a399eb3e9f33fde2297284bf76e85576c60ae730,12754.690486,3081.266012579691,PPO-capacity-130-large-r0-B252000,solutions/test-Test-4-000--revision-v4--capacity-130/7ded97cb8f19b41c241f2ad6a399eb3e9f33fde2297284bf76e85576c60ae730.json
capacity-130,test-Test-4-000--revision-v4--capacity-130,51700.426665000006,15393.350068342135,51cab526ead293f32c690340535c7875af732ac6ddb1e2bb9cc0adc33cbe79c5,12763.81039,3070.640286973929,PPO-capacity-130-large-r0-B252000,solutions/test-Test-4-000--revision-v4--capacity-130/51cab526ead293f32c690340535c7875af732ac6ddb1e2bb9cc0adc33cbe79c5.json
capacity-130,test-Test-4-000--revision-v4--capacity-130,51700.426665000006,15393.350068342135,108eb700d8af6ad2c7259114db461014954aca7a51bed847fbc65d0eb3f66972,12768.309433000002,3062.895783818,PPO-capacity-130-large-r0-B252000,solutions/test-Test-4-000--revision-v4--capacity-130/108eb700d8af6ad2c7259114db461014954aca7a51bed847fbc65d0eb3f66972.json
capacity-130,test-Test-4-000--revision-v4--capacity-130,51700.426665000006,15393.350068342135,4b463fd0091af8d42667e897e9ed2eb4ef1e1111a5b0fe063f1ed7e7bea21ba4,12784.430803000001,1587.6921221873795,PPO-capacity-130-large-r0-B252000,solutions/test-Test-4-000--revision-v4--capacity-130/4b463fd0091af8d42667e897e9ed2eb4ef1e1111a5b0fe063f1ed7e7bea21ba4.json
capacity-130,test-Test-4-000--revision-v4--capacity-130,51700.426665000006,15393.350068342135,a5ad04fcf68240fe64bc05bb21187d967ebd421b903cad667ace170973d07124,12788.213803,1585.7898429977795,PPO-capacity-130-large-r0-B252000,solutions/test-Test-4-000--revision-v4--capacity-130/a5ad04fcf68240fe64bc05bb21187d967ebd421b903cad667ace170973d07124.json
capacity-130,test-Test-4-000--revision-v4--capacity-130,51700.426665000006,15393.350068342135,812d9d1722a4c1abb44499d80d325c19d0bf1a0947c614af71069322bb1a8f9c,12789.521803000001,1580.190568579729,PPO-capacity-130-large-r0-B252000,solutions/test-Test-4-000--revision-v4--capacity-130/812d9d1722a4c1abb44499d80d325c19d0bf1a0947c614af71069322bb1a8f9c.json
capacity-130,test-Test-4-000--revision-v4--capacity-130,51700.426665000006,15393.350068342135,600b0dcfd790e2e643737d115f23cc9fb748d8c968156040c16c5a38ca4945c6,12861.377803,1574.6136203345964,PPO-capacity-130-large-r0-B252000,solutions/test-Test-4-000--revision-v4--capacity-130/600b0dcfd790e2e643737d115f23cc9fb748d8c968156040c16c5a38ca4945c6.json
capacity-130,test-Test-4-000--revision-v4--capacity-130,51700.426665000006,15393.350068342135,f73b2f0f8d9ab4d8478ddce379708794e761fc6ee6b60828a6c1701b0a11ccf7,12956.632200999997,1568.798138139255,PPO-capacity-130-large-r0-B252000,solutions/test-Test-4-000--revision-v4--capacity-130/f73b2f0f8d9ab4d8478ddce379708794e761fc6ee6b60828a6c1701b0a11ccf7.json
capacity-130,test-Test-4-000--revision-v4--capacity-130,51700.426665000006,15393.350068342135,0a2cb3b51d1392a044056b763474c3c3572a2766a3e30531af8331c92ac10c79,13000.503648000002,1458.2717871328587,PPO-capacity-130-large-r1-B252000,solutions/test-Test-4-000--revision-v4--capacity-130/0a2cb3b51d1392a044056b763474c3c3572a2766a3e30531af8331c92ac10c79.json
capacity-130,test-Test-4-000--revision-v4--capacity-130,51700.426665000006,15393.350068342135,0719dca59bfc33200614d9a5527cbee342fa1b40ce5f073f089b6aeff5034109,13006.476648000003,1446.6094380978013,PPO-capacity-130-large-r1-B252000,solutions/test-Test-4-000--revision-v4--capacity-130/0719dca59bfc33200614d9a5527cbee342fa1b40ce5f073f089b6aeff5034109.json
capacity-130,test-Test-4-000--revision-v4--capacity-130,51700.426665000006,15393.350068342135,6af0054c809b1d2b8eda8a9ae8a4bf0912db91bb4edc7f4bd30a1a0884557663,13018.365648000005,1399.489703558547,PPO-capacity-130-large-r1-B252000,solutions/test-Test-4-000--revision-v4--capacity-130/6af0054c809b1d2b8eda8a9ae8a4bf0912db91bb4edc7f4bd30a1a0884557663.json
capacity-130,test-Test-4-000--revision-v4--capacity-130,51700.426665000006,15393.350068342135,6fb93121b413720eb2c82ffbafde6e6fb2da02eb52e789c6ab642ab6b9732a92,13021.797648000003,1384.3253940632865,PPO-capacity-130-large-r1-B252000,solutions/test-Test-4-000--revision-v4--capacity-130/6fb93121b413720eb2c82ffbafde6e6fb2da02eb52e789c6ab642ab6b9732a92.json
capacity-130,test-Test-4-000--revision-v4--capacity-130,51700.426665000006,15393.350068342135,416b2df7ba700d775ad47a99ed6304d31f2c2cdb451148be1fcdd7f2a6dfbba4,13022.235648000003,1384.1965670544987,PPO-capacity-130-large-r1-B252000,solutions/test-Test-4-000--revision-v4--capacity-130/416b2df7ba700d775ad47a99ed6304d31f2c2cdb451148be1fcdd7f2a6dfbba4.json
capacity-130,test-Test-4-000--revision-v4--capacity-130,51700.426665000006,15393.350068342135,311ffa900e05567d69e48fd0718dd6cde36c87f4cf3c3b245c3b3d4f2070de1a,13035.897648000004,1383.895263108027,PPO-capacity-130-large-r1-B252000,solutions/test-Test-4-000--revision-v4--capacity-130/311ffa900e05567d69e48fd0718dd6cde36c87f4cf3c3b245c3b3d4f2070de1a.json
capacity-130,test-Test-4-000--revision-v4--capacity-130,51700.426665000006,15393.350068342135,83189dff9e89031d29aae6dd7bdcf485508066805741edf72bcee2e9d0a305b6,13120.746150000004,1381.35055731466,PPO-capacity-130-large-r1-B252000,solutions/test-Test-4-000--revision-v4--capacity-130/83189dff9e89031d29aae6dd7bdcf485508066805741edf72bcee2e9d0a305b6.json
capacity-130,test-Test-4-000--revision-v4--capacity-130,51700.426665000006,15393.350068342135,db7abccce66429c459e4391f60f9df50204f1c218e30a78091e73747c23e0a16,13166.280536,1234.0307624274722,PPO-capacity-130-large-r0-B252000,solutions/test-Test-4-000--revision-v4--capacity-130/db7abccce66429c459e4391f60f9df50204f1c218e30a78091e73747c23e0a16.json
capacity-130,test-Test-4-000--revision-v4--capacity-130,51700.426665000006,15393.350068342135,e1bd490c1be9a406e5bd31b4f36124220bf2fcf0f0cd6a8185064a585d03815b,13198.672062000001,1168.4018718865325,PPO-capacity-130-large-r0-B252000,solutions/test-Test-4-000--revision-v4--capacity-130/e1bd490c1be9a406e5bd31b4f36124220bf2fcf0f0cd6a8185064a585d03815b.json
capacity-130,test-Test-4-000--revision-v4--capacity-130,51700.426665000006,15393.350068342135,95200e209f700a01a4689676307dadf5e3c7d3b725443d25c7b6e9cabe39dcf1,13208.034674000004,1166.9358243115596,PPO-capacity-130-large-r0-B252000,solutions/test-Test-4-000--revision-v4--capacity-130/95200e209f700a01a4689676307dadf5e3c7d3b725443d25c7b6e9cabe39dcf1.json
capacity-130,test-Test-4-000--revision-v4--capacity-130,51700.426665000006,15393.350068342135,940e155e94f54b6157d0661670c46ac0873a62463a9a198f10d1b96ed0acfde3,13217.023970000002,1164.9899436822043,PPO-capacity-130-large-r0-B252000,solutions/test-Test-4-000--revision-v4--capacity-130/940e155e94f54b6157d0661670c46ac0873a62463a9a198f10d1b96ed0acfde3.json
capacity-130,test-Test-4-000--revision-v4--capacity-130,51700.426665000006,15393.350068342135,16ec7c3e5b9cae8e88304b7e0b70c114de5b9c904f1dd8a2ad84b6eceb0a3d78,13217.718674000002,1161.3774400745656,PPO-capacity-130-large-r0-B252000,solutions/test-Test-4-000--revision-v4--capacity-130/16ec7c3e5b9cae8e88304b7e0b70c114de5b9c904f1dd8a2ad84b6eceb0a3d78.json
capacity-130,test-Test-4-000--revision-v4--capacity-130,51700.426665000006,15393.350068342135,488749f39b08759e53617e602be2d67a20d56df64caa3c528ca2cd85c2995890,13220.530062000002,1128.0912456910983,PPO-capacity-130-large-r0-B252000,solutions/test-Test-4-000--revision-v4--capacity-130/488749f39b08759e53617e602be2d67a20d56df64caa3c528ca2cd85c2995890.json
capacity-130,test-Test-4-000--revision-v4--capacity-130,51700.426665000006,15393.350068342135,3f5872b662e0f19be36a65052a8a15b1dae80c299df45e04d6a3afabbe1467c6,13220.971062,1126.0960902474412,PPO-capacity-130-large-r0-B252000,solutions/test-Test-4-000--revision-v4--capacity-130/3f5872b662e0f19be36a65052a8a15b1dae80c299df45e04d6a3afabbe1467c6.json
capacity-130,test-Test-4-000--revision-v4--capacity-130,51700.426665000006,15393.350068342135,59f54443e63794c3d12f8f99b264df3adc569bac8000bf5e9b929c5845932b85,13229.206062000001,1123.5246924177968,PPO-capacity-130-large-r0-B252000,solutions/test-Test-4-000--revision-v4--capacity-130/59f54443e63794c3d12f8f99b264df3adc569bac8000bf5e9b929c5845932b85.json
capacity-130,test-Test-4-000--revision-v4--capacity-130,51700.426665000006,15393.350068342135,709c1131f42d8f519648390b6b53af4c8418bfd7c8d1cf5994b071fb29b6cfa9,13232.170062000001,1120.4602204075363,PPO-capacity-130-large-r0-B252000,solutions/test-Test-4-000--revision-v4--capacity-130/709c1131f42d8f519648390b6b53af4c8418bfd7c8d1cf5994b071fb29b6cfa9.json
capacity-130,test-Test-4-000--revision-v4--capacity-130,51700.426665000006,15393.350068342135,520152d984596a95bab7414ef091653490fab73c3a595d80a335a2186a434d6e,13307.932892,1117.0588436574797,PPO-capacity-130-large-r0-B252000,solutions/test-Test-4-000--revision-v4--capacity-130/520152d984596a95bab7414ef091653490fab73c3a595d80a335a2186a434d6e.json
capacity-130,test-Test-4-000--revision-v4--capacity-130,51700.426665000006,15393.350068342135,294ef3f3b6663ea1e8801c320bfe78dc79d12c431db625abb59bd2f6e2d4edcc,13311.672674000003,1107.9878579107217,PPO-capacity-130-large-r0-B252000,solutions/test-Test-4-000--revision-v4--capacity-130/294ef3f3b6663ea1e8801c320bfe78dc79d12c431db625abb59bd2f6e2d4edcc.json
capacity-130,test-Test-4-000--revision-v4--capacity-130,51700.426665000006,15393.350068342135,ab2c3e704c048496a32b1bae0709cbb0e3e9e2800d7d97a16e31f30285a05eaa,13315.585062000002,1102.3681813810601,PPO-capacity-130-large-r0-B252000,solutions/test-Test-4-000--revision-v4--capacity-130/ab2c3e704c048496a32b1bae0709cbb0e3e9e2800d7d97a16e31f30285a05eaa.json
capacity-130,test-Test-4-000--revision-v4--capacity-130,51700.426665000006,15393.350068342135,503eb5185e2a72104aa490cedacc6f8f63146c1f372f9d663db96e7d0b2061a5,13329.989263000007,1094.102283631344,PPO-capacity-130-large-r1-B252000,solutions/test-Test-4-000--revision-v4--capacity-130/503eb5185e2a72104aa490cedacc6f8f63146c1f372f9d663db96e7d0b2061a5.json
capacity-130,test-Test-4-000--revision-v4--capacity-130,51700.426665000006,15393.350068342135,dfc6f85573c2bc5d8f43effde21139987ff9991f595b5fa8af96b117680ff755,13335.986263000004,1092.2723905228747,PPO-capacity-130-large-r1-B252000,solutions/test-Test-4-000--revision-v4--capacity-130/dfc6f85573c2bc5d8f43effde21139987ff9991f595b5fa8af96b117680ff755.json
capacity-130,test-Test-4-000--revision-v4--capacity-130,51700.426665000006,15393.350068342135,4e292a64c8930f2726dfd3e594e18717f911befce50beea5953da3a541de7333,13336.532263000008,1090.0771721029398,PPO-capacity-130-large-r1-B252000,solutions/test-Test-4-000--revision-v4--capacity-130/4e292a64c8930f2726dfd3e594e18717f911befce50beea5953da3a541de7333.json
capacity-130,test-Test-4-000--revision-v4--capacity-130,51700.426665000006,15393.350068342135,5f871b129bf0c55fb323cd298dc137473fd6730827b0088250d4d2d485543f94,13338.173263000006,1088.7963002890715,PPO-capacity-130-large-r1-B252000,solutions/test-Test-4-000--revision-v4--capacity-130/5f871b129bf0c55fb323cd298dc137473fd6730827b0088250d4d2d485543f94.json
capacity-130,test-Test-4-000--revision-v4--capacity-130,51700.426665000006,15393.350068342135,945137b40beec1c1cf7f55554cba00fbc91d637c16223da24e5567e072de4219,13342.529263000008,1088.2472789944704,PPO-capacity-130-large-r1-B252000,solutions/test-Test-4-000--revision-v4--capacity-130/945137b40beec1c1cf7f55554cba00fbc91d637c16223da24e5567e072de4219.json
capacity-130,test-Test-4-000--revision-v4--capacity-130,51700.426665000006,15393.350068342135,84bfe3c48fb02c27154161a45e984a09ccb881944f20a45df6ffdc9a2da4a9e3,13344.170263000005,1086.9664071806023,PPO-capacity-130-large-r1-B252000,solutions/test-Test-4-000--revision-v4--capacity-130/84bfe3c48fb02c27154161a45e984a09ccb881944f20a45df6ffdc9a2da4a9e3.json
capacity-130,test-Test-4-000--revision-v4--capacity-130,51700.426665000006,15393.350068342135,2b2932d87a02de29d873ea288706471871369043d0bfc75d3873f8472e5a06eb,13351.046785000006,1086.5530367117337,PPO-capacity-130-large-r1-B252000,solutions/test-Test-4-000--revision-v4--capacity-130/2b2932d87a02de29d873ea288706471871369043d0bfc75d3873f8472e5a06eb.json
capacity-130,test-Test-4-000--revision-v4--capacity-130,51700.426665000006,15393.350068342135,de6ce1072a4e2729cd06a6f650d6e45b7e4d8c9f66af6a9565b2b1e4ed92bc2a,13373.181477000002,975.1256955091562,PPO-capacity-130-large-r1-B252000,solutions/test-Test-4-000--revision-v4--capacity-130/de6ce1072a4e2729cd06a6f650d6e45b7e4d8c9f66af6a9565b2b1e4ed92bc2a.json
capacity-130,test-Test-4-000--revision-v4--capacity-130,51700.426665000006,15393.350068342135,fd85212622b8beaa5876d0ff2f3acd3794dff0b689cb5ad703bffa75cd754ffd,13402.406169000002,957.4330108712949,PPO-capacity-130-large-r1-B252000,solutions/test-Test-4-000--revision-v4--capacity-130/fd85212622b8beaa5876d0ff2f3acd3794dff0b689cb5ad703bffa75cd754ffd.json
capacity-130,test-Test-4-000--revision-v4--capacity-130,51700.426665000006,15393.350068342135,e76f0cef8ee2354e4df15073fca4c9151c7b53827426685ebbac3afd1f3a8dad,13411.590477000002,948.2671314621774,PPO-capacity-130-large-r1-B252000,solutions/test-Test-4-000--revision-v4--capacity-130/e76f0cef8ee2354e4df15073fca4c9151c7b53827426685ebbac3afd1f3a8dad.json
capacity-130,test-Test-4-000--revision-v4--capacity-130,51700.426665000006,15393.350068342135,d11a8008652a69bf6edd6d1c340cb512b65b81889063bbba5c1668179e6e870a,13419.339477000001,947.7912614301407,PPO-capacity-130-large-r1-B252000,solutions/test-Test-4-000--revision-v4--capacity-130/d11a8008652a69bf6edd6d1c340cb512b65b81889063bbba5c1668179e6e870a.json
capacity-130,test-Test-4-000--revision-v4--capacity-130,51700.426665000006,15393.350068342135,d07cf7f663970ba7059f80e38e5a011ee0f3165a2f35e2bba8b03b9c7874a1c7,13654.710476999999,935.9127179977845,PPO-capacity-130-large-r1-B252000,solutions/test-Test-4-000--revision-v4--capacity-130/d07cf7f663970ba7059f80e38e5a011ee0f3165a2f35e2bba8b03b9c7874a1c7.json
capacity-130,test-Test-4-000--revision-v4--capacity-130,51700.426665000006,15393.350068342135,d0934dc48441bfec71dd326648b6019451f97f1f1664e86a0477ed86df80300e,13929.892817,865.8206795461642,PPO-capacity-130-large-r2-B252000,solutions/test-Test-4-000--revision-v4--capacity-130/d0934dc48441bfec71dd326648b6019451f97f1f1664e86a0477ed86df80300e.json
capacity-130,test-Test-4-000--revision-v4--capacity-130,51700.426665000006,15393.350068342135,70e28c3f53c89144f6cba24f721bcadf151253b6b066f78fcd17de4c44158d67,13933.753817,863.3571283147351,PPO-capacity-130-large-r2-B252000,solutions/test-Test-4-000--revision-v4--capacity-130/70e28c3f53c89144f6cba24f721bcadf151253b6b066f78fcd17de4c44158d67.json
capacity-130,test-Test-4-000--revision-v4--capacity-130,51700.426665000006,15393.350068342135,27f54770fd153109e5f0e0c28c6e79fb61d58e5e93508967fa206c5c320a1394,13933.831816999998,862.0056283370236,PPO-capacity-130-large-r2-B252000,solutions/test-Test-4-000--revision-v4--capacity-130/27f54770fd153109e5f0e0c28c6e79fb61d58e5e93508967fa206c5c320a1394.json
capacity-130,test-Test-4-000--revision-v4--capacity-130,51700.426665000006,15393.350068342135,ad9fe3dc95e67efb5063faed3a1f548a8b0fa39a1c349cb14188b289617d5a0b,13950.376817,860.1861990634636,PPO-capacity-130-large-r2-B252000,solutions/test-Test-4-000--revision-v4--capacity-130/ad9fe3dc95e67efb5063faed3a1f548a8b0fa39a1c349cb14188b289617d5a0b.json
capacity-130,test-Test-4-000--revision-v4--capacity-130,51700.426665000006,15393.350068342135,c13ace17e511f07f35e103bfc6f26e55da15708c25306032264f11d8d9421a7c,14023.518809000001,854.5345416054358,PPO-capacity-130-large-r2-B252000,solutions/test-Test-4-000--revision-v4--capacity-130/c13ace17e511f07f35e103bfc6f26e55da15708c25306032264f11d8d9421a7c.json
capacity-130,test-Test-4-000--revision-v4--capacity-130,51700.426665000006,15393.350068342135,efe23c4ab90359f64e4b08cca3b01af511b8a987bc4f2a4da00632edf1bc8fdb,14112.606137999997,851.2688560239334,PPO-capacity-130-large-r2-B252000,solutions/test-Test-4-000--revision-v4--capacity-130/efe23c4ab90359f64e4b08cca3b01af511b8a987bc4f2a4da00632edf1bc8fdb.json
capacity-130,test-Test-4-000--revision-v4--capacity-130,51700.426665000006,15393.350068342135,c87fe99ae4f3d0ec18b1952e0a38987ece6b247777a9e88e3117a38b7fefa2b1,14130.703827999998,850.2705308855523,PPO-capacity-130-large-r2-B252000,solutions/test-Test-4-000--revision-v4--capacity-130/c87fe99ae4f3d0ec18b1952e0a38987ece6b247777a9e88e3117a38b7fefa2b1.json
capacity-130,test-Test-4-000--revision-v4--capacity-130,51700.426665000006,15393.350068342135,0baf3d3caf318387ac8df18708389c662a35e5d9eea65fbfb4a7017cec7ed93c,14165.368817000002,846.3962233699687,PPO-capacity-130-large-r2-B252000,solutions/test-Test-4-000--revision-v4--capacity-130/0baf3d3caf318387ac8df18708389c662a35e5d9eea65fbfb4a7017cec7ed93c.json
capacity-130,test-Test-4-000--revision-v4--capacity-130,51700.426665000006,15393.350068342135,e12142f41e9ac94b53560980e2f94e42ba248f3a6c170f4166359a57a71e2285,14275.815482000002,840.5828570910345,PPO-capacity-130-large-r2-B252000,solutions/test-Test-4-000--revision-v4--capacity-130/e12142f41e9ac94b53560980e2f94e42ba248f3a6c170f4166359a57a71e2285.json
capacity-130,test-Test-4-000--revision-v4--capacity-130,51700.426665000006,15393.350068342135,1d93eca253185af295253604df5596bbf9c8bbc4516f5cbc3939cb5459df6f02,14681.588856000002,822.385952827277,PPO-capacity-130-large-r0-B252000,solutions/test-Test-4-000--revision-v4--capacity-130/1d93eca253185af295253604df5596bbf9c8bbc4516f5cbc3939cb5459df6f02.json
capacity-130,test-Test-4-000--revision-v4--capacity-130,51700.426665000006,15393.350068342135,e97b6207983958b4ed9e6e72cb5d0257bb8955bf43c1c3e7a085595927b2f603,14712.014856000003,807.7477640862761,PPO-capacity-130-large-r0-B252000,solutions/test-Test-4-000--revision-v4--capacity-130/e97b6207983958b4ed9e6e72cb5d0257bb8955bf43c1c3e7a085595927b2f603.json
capacity-130,test-Test-4-000--revision-v4--capacity-130,51700.426665000006,15393.350068342135,40c020bac8120045bbae2588da629fd87c6ee16b185f88029418281f64521990,14719.187856000002,804.4178972190037,PPO-capacity-130-large-r0-B252000,solutions/test-Test-4-000--revision-v4--capacity-130/40c020bac8120045bbae2588da629fd87c6ee16b185f88029418281f64521990.json
capacity-130,test-Test-4-000--revision-v4--capacity-130,51700.426665000006,15393.350068342135,af8d1ef18c2ebbd5ac580f6d1d00bc1e98981061e464f2b7b243ea1d7f827f57,14720.189856000003,803.7407307647998,PPO-capacity-130-large-r0-B252000,solutions/test-Test-4-000--revision-v4--capacity-130/af8d1ef18c2ebbd5ac580f6d1d00bc1e98981061e464f2b7b243ea1d7f827f57.json
capacity-130,test-Test-4-000--revision-v4--capacity-130,51700.426665000006,15393.350068342135,2fb2d590fb288800b035abdc83351067fc92a12f729033c792746f76c67c2099,14722.382856000004,801.2258232872414,PPO-capacity-130-large-r0-B252000,solutions/test-Test-4-000--revision-v4--capacity-130/2fb2d590fb288800b035abdc83351067fc92a12f729033c792746f76c67c2099.json
capacity-130,test-Test-4-000--revision-v4--capacity-130,51700.426665000006,15393.350068342135,cb92ea93e57dece18b3510ec01cd765ca8c79abb19b22564596762c77b9accd6,14722.415856000003,799.9792569128145,PPO-capacity-130-large-r0-B252000,solutions/test-Test-4-000--revision-v4--capacity-130/cb92ea93e57dece18b3510ec01cd765ca8c79abb19b22564596762c77b9accd6.json
capacity-130,test-Test-4-000--revision-v4--capacity-130,51700.426665000006,15393.350068342135,c7569409dc36699305c93cdfb64af2d7458de915ab97dbe6181167529712ba1c,14726.480856000004,799.9404372173798,PPO-capacity-130-large-r0-B252000,solutions/test-Test-4-000--revision-v4--capacity-130/c7569409dc36699305c93cdfb64af2d7458de915ab97dbe6181167529712ba1c.json
capacity-130,test-Test-4-000--revision-v4--capacity-130,51700.426665000006,15393.350068342135,bb0787e3fe6e6d1bf449a09cccdf8c87b7fd43c0d3c76b0e0fb650d18989e83d,14743.157856000002,797.122068758345,PPO-capacity-130-large-r0-B252000,solutions/test-Test-4-000--revision-v4--capacity-130/bb0787e3fe6e6d1bf449a09cccdf8c87b7fd43c0d3c76b0e0fb650d18989e83d.json
capacity-130,test-Test-4-000--revision-v4--capacity-130,51700.426665000006,15393.350068342135,5b74eafe1fc60d48571d9909952dc6ad0d58b74d3a173bca54e84cf6bca1660a,14744.132856000002,797.0407208170968,PPO-capacity-130-large-r0-B252000,solutions/test-Test-4-000--revision-v4--capacity-130/5b74eafe1fc60d48571d9909952dc6ad0d58b74d3a173bca54e84cf6bca1660a.json
capacity-130,test-Test-4-000--revision-v4--capacity-130,51700.426665000006,15393.350068342135,f808f34f2bc0c09fbef335be431dc72050d89707c12497132de9cb8d0219eb6f,14744.357229000005,792.5806275987746,PPO-capacity-130-large-r0-B252000,solutions/test-Test-4-000--revision-v4--capacity-130/f808f34f2bc0c09fbef335be431dc72050d89707c12497132de9cb8d0219eb6f.json
capacity-130,test-Test-4-000--revision-v4--capacity-130,51700.426665000006,15393.350068342135,bfe51ed2adab2fe835745149ee3afc416a6ef5b40f8095790bcd4f5cabca16e8,14760.509856000002,792.4997538784742,PPO-capacity-130-large-r0-B252000,solutions/test-Test-4-000--revision-v4--capacity-130/bfe51ed2adab2fe835745149ee3afc416a6ef5b40f8095790bcd4f5cabca16e8.json
capacity-130,test-Test-4-000--revision-v4--capacity-130,51700.426665000006,15393.350068342135,8453dfabd19cab80e54eef303b77c0810d21c8a17b506fe4fa687c8fd5221b1f,14898.145577000003,786.8374522673689,PPO-capacity-130-large-r0-B252000,solutions/test-Test-4-000--revision-v4--capacity-130/8453dfabd19cab80e54eef303b77c0810d21c8a17b506fe4fa687c8fd5221b1f.json
capacity-130,test-Test-4-000--revision-v4--capacity-130,51700.426665000006,15393.350068342135,b9a3bf23de7aef62b62d261ef628a107a3832e7d638d631f24e3539d5bf526c9,14899.109051000003,601.6052609613067,PPO-capacity-130-large-r2-B252000,solutions/test-Test-4-000--revision-v4--capacity-130/b9a3bf23de7aef62b62d261ef628a107a3832e7d638d631f24e3539d5bf526c9.json
capacity-130,test-Test-4-000--revision-v4--capacity-130,51700.426665000006,15393.350068342135,bf425408bb79656ba5a6e867664e6e5d69bad6daeee33ab4a6068406d80603f3,14924.570051000002,588.6834786475877,PPO-capacity-130-large-r2-B252000,solutions/test-Test-4-000--revision-v4--capacity-130/bf425408bb79656ba5a6e867664e6e5d69bad6daeee33ab4a6068406d80603f3.json
capacity-130,test-Test-4-000--revision-v4--capacity-130,51700.426665000006,15393.350068342135,d0c23b2bc915ecf5b228f6685ac14693bbe8062fd38e92c0e96614ca49681452,14944.761059,585.7803267725312,PPO-capacity-130-large-r2-B252000,solutions/test-Test-4-000--revision-v4--capacity-130/d0c23b2bc915ecf5b228f6685ac14693bbe8062fd38e92c0e96614ca49681452.json
capacity-130,test-Test-4-000--revision-v4--capacity-130,51700.426665000006,15393.350068342135,457923c09bd36bbe5abf0ab4ef4e79ccc7df844f74f681f35d2428d92dbbd80e,15002.161403,585.0205203515575,PPO-capacity-130-large-r2-B252000,solutions/test-Test-4-000--revision-v4--capacity-130/457923c09bd36bbe5abf0ab4ef4e79ccc7df844f74f681f35d2428d92dbbd80e.json
capacity-130,test-Test-4-000--revision-v4--capacity-130,51700.426665000006,15393.350068342135,64f2b3632cc56f4d38cef4ad11855ff6c3e53d9db345c3a91488d0c134d810e2,15066.026051,583.1802204244548,PPO-capacity-130-large-r2-B252000,solutions/test-Test-4-000--revision-v4--capacity-130/64f2b3632cc56f4d38cef4ad11855ff6c3e53d9db345c3a91488d0c134d810e2.json
capacity-130,test-Test-4-000--revision-v4--capacity-130,51700.426665000006,15393.350068342135,d3b356c02e158fa9a052640fd13d3984248cb9908393d7354dd55097c0813eae,15085.293059,581.3949941493215,PPO-capacity-130-large-r2-B252000,solutions/test-Test-4-000--revision-v4--capacity-130/d3b356c02e158fa9a052640fd13d3984248cb9908393d7354dd55097c0813eae.json
capacity-130,test-Test-4-000--revision-v4--capacity-130,51700.426665000006,15393.350068342135,adfd6013c015c33693de0d8dd7663b4f02fcc1d5c1f45bd6506e77de58c70d7f,15086.217058999999,580.2770685493985,PPO-capacity-130-large-r2-B252000,solutions/test-Test-4-000--revision-v4--capacity-130/adfd6013c015c33693de0d8dd7663b4f02fcc1d5c1f45bd6506e77de58c70d7f.json
capacity-130,test-Test-4-000--revision-v4--capacity-130,51700.426665000006,15393.350068342135,b73abe881fca79c00930d8a599de18c25b582bc9ef6ef664beae72c0b19ebbcb,16370.396438,530.9033545790238,PPO-capacity-130-large-r1-B252000,solutions/test-Test-4-000--revision-v4--capacity-130/b73abe881fca79c00930d8a599de18c25b582bc9ef6ef664beae72c0b19ebbcb.json
capacity-130,test-Test-4-000--revision-v4--capacity-130,51700.426665000006,15393.350068342135,d6cad91e44c728c2dfc975e25a6540ba103021ff89fe38e686ea5c61da2d92b4,16400.739185000002,517.1085375685226,PPO-capacity-130-large-r1-B252000,solutions/test-Test-4-000--revision-v4--capacity-130/d6cad91e44c728c2dfc975e25a6540ba103021ff89fe38e686ea5c61da2d92b4.json
capacity-130,test-Test-4-000--revision-v4--capacity-130,51700.426665000006,15393.350068342135,9a6ed0c83b8b0967341bc95e6bf8da2a5b667a54a37912660bbf9bb2fe3c574e,16409.616611,515.8603995501693,PPO-capacity-130-large-r1-B252000,solutions/test-Test-4-000--revision-v4--capacity-130/9a6ed0c83b8b0967341bc95e6bf8da2a5b667a54a37912660bbf9bb2fe3c574e.json
capacity-130,test-Test-4-000--revision-v4--capacity-130,51700.426665000006,15393.350068342135,d6f0c68d7cadb7a2d4c0e431a6d99801f07e0732552acd718e1975b29e710744,16413.901691000003,515.4026653729904,PPO-capacity-130-large-r1-B252000,solutions/test-Test-4-000--revision-v4--capacity-130/d6f0c68d7cadb7a2d4c0e431a6d99801f07e0732552acd718e1975b29e710744.json
capacity-130,test-Test-4-000--revision-v4--capacity-130,51700.426665000006,15393.350068342135,7d12435c551a28e92b7d472ba46a95729d845d800fa3f069818527c2304b3443,16418.004611,514.2529058040828,PPO-capacity-130-large-r1-B252000,solutions/test-Test-4-000--revision-v4--capacity-130/7d12435c551a28e92b7d472ba46a95729d845d800fa3f069818527c2304b3443.json
capacity-130,test-Test-4-000--revision-v4--capacity-130,51700.426665000006,15393.350068342135,225dd61a7451497d8cf8dcd921734c1efc0177216ec8a2e972444a8b13d440f5,16418.067611,514.1481131861793,PPO-capacity-130-large-r1-B252000,solutions/test-Test-4-000--revision-v4--capacity-130/225dd61a7451497d8cf8dcd921734c1efc0177216ec8a2e972444a8b13d440f5.json
capacity-130,test-Test-4-000--revision-v4--capacity-130,51700.426665000006,15393.350068342135,ca3a227dffd3e6fec9eefc23b7597ede84e2546900baf5eb8adc6b25ea1de3e4,16515.389438,513.1345062667416,PPO-capacity-130-large-r1-B252000,solutions/test-Test-4-000--revision-v4--capacity-130/ca3a227dffd3e6fec9eefc23b7597ede84e2546900baf5eb8adc6b25ea1de3e4.json
capacity-130,test-Test-4-000--revision-v4--capacity-130,51700.426665000006,15393.350068342135,905f37d382ff6b4e3d2f089d0132329b2939084f137509ae6aad70cc6a6beff4,16530.494438,512.8172041211286,PPO-capacity-130-large-r1-B252000,solutions/test-Test-4-000--revision-v4--capacity-130/905f37d382ff6b4e3d2f089d0132329b2939084f137509ae6aad70cc6a6beff4.json
capacity-130,test-Test-4-000--revision-v4--capacity-130,51700.426665000006,15393.350068342135,58bd5c981d15da3d7874a27df6b245779f741533b3a38f8cde579dffbd0e060c,16541.154611,512.5297522477758,PPO-capacity-130-large-r1-B252000,solutions/test-Test-4-000--revision-v4--capacity-130/58bd5c981d15da3d7874a27df6b245779f741533b3a38f8cde579dffbd0e060c.json
capacity-130,test-Test-4-000--revision-v4--capacity-130,51700.426665000006,15393.350068342135,86fe32d3d222bd77349b86b9b028f5ed5367177ba71b763c6bedc4f8bf75aaba,16547.630106999997,511.32315756923924,PPO-capacity-130-large-r1-B252000,solutions/test-Test-4-000--revision-v4--capacity-130/86fe32d3d222bd77349b86b9b028f5ed5367177ba71b763c6bedc4f8bf75aaba.json
capacity-130,test-Test-4-000--revision-v4--capacity-130,51700.426665000006,15393.350068342135,0e1ce0988067e6919d1860e3f9b553bb7ef74acca341a096c524c24af9fb233e,16607.903438,511.2855240719829,PPO-capacity-130-large-r1-B252000,solutions/test-Test-4-000--revision-v4--capacity-130/0e1ce0988067e6919d1860e3f9b553bb7ef74acca341a096c524c24af9fb233e.json
capacity-130,test-Test-4-000--revision-v4--capacity-130,51700.426665000006,15393.350068342135,b46b14f22216d1c37bfa2393443f2809e1e1d0971a01f74f579f29ee642c89ba,16630.691438,509.64354755891907,PPO-capacity-130-large-r1-B252000,solutions/test-Test-4-000--revision-v4--capacity-130/b46b14f22216d1c37bfa2393443f2809e1e1d0971a01f74f579f29ee642c89ba.json
capacity-130,test-Test-4-000--revision-v4--capacity-130,51700.426665000006,15393.350068342135,a27538bce1fff8415c921220778ab91b75aacc7772057c3cdb711203c5252508,16705.932994000003,507.67302112034815,PPO-capacity-130-large-r1-B252000,solutions/test-Test-4-000--revision-v4--capacity-130/a27538bce1fff8415c921220778ab91b75aacc7772057c3cdb711203c5252508.json
capacity-130,test-Test-4-000--revision-v4--capacity-130,51700.426665000006,15393.350068342135,9f8d49e7143f6ca45c37b22be7a08aa7e8a78d8f8712bfd8929b335a6bcd602d,16766.360438000003,503.7173698054993,PPO-capacity-130-large-r1-B252000,solutions/test-Test-4-000--revision-v4--capacity-130/9f8d49e7143f6ca45c37b22be7a08aa7e8a78d8f8712bfd8929b335a6bcd602d.json
capacity-130,test-Test-4-000--revision-v4--capacity-130,51700.426665000006,15393.350068342135,36e53668fb5e14ac07df2c2490746111fe81fb4d112ebec601c191eece3e589f,17734.737085000008,439.02814730556094,PPO-capacity-130-large-r0-B252000,solutions/test-Test-4-000--revision-v4--capacity-130/36e53668fb5e14ac07df2c2490746111fe81fb4d112ebec601c191eece3e589f.json
capacity-130,test-Test-4-000--revision-v4--capacity-130,51700.426665000006,15393.350068342135,2f02aa7e156d3230887769295646a42bf0a529b6b5f2139f7b141ad8a2e68972,17738.310085000005,437.5356701411392,PPO-capacity-130-large-r0-B252000,solutions/test-Test-4-000--revision-v4--capacity-130/2f02aa7e156d3230887769295646a42bf0a529b6b5f2139f7b141ad8a2e68972.json
capacity-130,test-Test-4-000--revision-v4--capacity-130,51700.426665000006,15393.350068342135,c0817f82ea56f63bbafc2e5b84cf14a53af6d18237809d39e049eaedcc1813fc,17800.666487000006,433.7600358192426,PPO-capacity-130-large-r0-B252000,solutions/test-Test-4-000--revision-v4--capacity-130/c0817f82ea56f63bbafc2e5b84cf14a53af6d18237809d39e049eaedcc1813fc.json
capacity-130,test-Test-4-000--revision-v4--capacity-130,51700.426665000006,15393.350068342135,1af3011ce2c47b69ddd6c9bfa4b4a7f54d6af37c2aad899384bfbcb5354d786e,17808.787487000005,432.4387827055807,PPO-capacity-130-large-r0-B252000,solutions/test-Test-4-000--revision-v4--capacity-130/1af3011ce2c47b69ddd6c9bfa4b4a7f54d6af37c2aad899384bfbcb5354d786e.json
capacity-130,test-Test-4-000--revision-v4--capacity-130,51700.426665000006,15393.350068342135,72850b31c4171615e826b53a5d534400b700b530f56b2578a5423aeb3631b8fe,17812.360487000005,430.946305541159,PPO-capacity-130-large-r0-B252000,solutions/test-Test-4-000--revision-v4--capacity-130/72850b31c4171615e826b53a5d534400b700b530f56b2578a5423aeb3631b8fe.json
capacity-130,test-Test-4-000--revision-v4--capacity-130,51700.426665000006,15393.350068342135,c2904deea0d59984a1ab1d5bbff76db38e813eef0816239d0b0167778d673d38,17817.460487000004,430.93621852973973,PPO-capacity-130-large-r0-B252000,solutions/test-Test-4-000--revision-v4--capacity-130/c2904deea0d59984a1ab1d5bbff76db38e813eef0816239d0b0167778d673d38.json
capacity-130,test-Test-4-000--revision-v4--capacity-130,51700.426665000006,15393.350068342135,e93769875fe554c2e77bbad80eac80e94bc8c5ead123859dc65010b3be83e7be,17821.645487000005,430.40438246845264,PPO-capacity-130-large-r0-B252000,solutions/test-Test-4-000--revision-v4--capacity-130/e93769875fe554c2e77bbad80eac80e94bc8c5ead123859dc65010b3be83e7be.json
capacity-130,test-Test-4-000--revision-v4--capacity-130,51700.426665000006,15393.350068342135,d0e48434040b0be197cd9962fba9777b6b280b0517885cb91869304f133598c4,17825.218487000006,428.9119053040309,PPO-capacity-130-large-r0-B252000,solutions/test-Test-4-000--revision-v4--capacity-130/d0e48434040b0be197cd9962fba9777b6b280b0517885cb91869304f133598c4.json
capacity-130,test-Test-4-000--revision-v4--capacity-130,51700.426665000006,15393.350068342135,ce62c0121e537fb7276abd20beb4da8b386bf9354d923904f5595f6215d2d09c,17832.573387000004,428.71783603005616,PPO-capacity-130-large-r0-B252000,solutions/test-Test-4-000--revision-v4--capacity-130/ce62c0121e537fb7276abd20beb4da8b386bf9354d923904f5595f6215d2d09c.json
capacity-130,test-Test-4-000--revision-v4--capacity-130,51700.426665000006,15393.350068342135,0e2df9fe75514c4f8c87b653866165bc91394a405e12b675d74ecfed7360a155,18029.658487000004,427.41602832268603,PPO-capacity-130-large-r0-B252000,solutions/test-Test-4-000--revision-v4--capacity-130/0e2df9fe75514c4f8c87b653866165bc91394a405e12b675d74ecfed7360a155.json
capacity-130,test-Test-4-000--revision-v4--capacity-130,51700.426665000006,15393.350068342135,7f310cc0b3cbc3d5f0adc9de8351ae04f0ac220ab01f3265cf3dcf38bc7fd54a,18049.188208000003,424.51678438882396,PPO-capacity-130-large-r0-B252000,solutions/test-Test-4-000--revision-v4--capacity-130/7f310cc0b3cbc3d5f0adc9de8351ae04f0ac220ab01f3265cf3dcf38bc7fd54a.json
capacity-130,test-Test-4-000--revision-v4--capacity-130,51700.426665000006,15393.350068342135,f4f9c347d6416b14da1d3a5a699d0d5abe5dc91149092e2a2ea12b26a483b6c8,22924.229408000003,373.6406769668023,PPO-capacity-130-large-r2-B252000,solutions/test-Test-4-000--revision-v4--capacity-130/f4f9c347d6416b14da1d3a5a699d0d5abe5dc91149092e2a2ea12b26a483b6c8.json
capacity-130,test-Test-4-000--revision-v4--capacity-130,51700.426665000006,15393.350068342135,02511224176c58764994e39477a8c54e4119f856caa9704558c6ea996dac88e4,22969.760237000006,355.95115191160346,PPO-capacity-130-large-r2-B252000,solutions/test-Test-4-000--revision-v4--capacity-130/02511224176c58764994e39477a8c54e4119f856caa9704558c6ea996dac88e4.json
capacity-130,test-Test-4-000--revision-v4--capacity-130,51700.426665000006,15393.350068342135,282e4036a6ce38bdbdaf175cb9fb8d5e75d459388ec01907565507cb52c47b7a,23055.097748000004,354.4745720291676,PPO-capacity-130-large-r2-B252000,solutions/test-Test-4-000--revision-v4--capacity-130/282e4036a6ce38bdbdaf175cb9fb8d5e75d459388ec01907565507cb52c47b7a.json
capacity-130,test-Test-4-000--revision-v4--capacity-130,51700.426665000006,15393.350068342135,b0c0786f5cb44f1df1d5f3aaadfa7d3d31133aad42d4610c6cda6a6676400910,23057.505767,351.43069255145065,PPO-capacity-130-large-r2-B252000,solutions/test-Test-4-000--revision-v4--capacity-130/b0c0786f5cb44f1df1d5f3aaadfa7d3d31133aad42d4610c6cda6a6676400910.json
capacity-130,test-Test-4-000--revision-v4--capacity-130,51700.426665000006,15393.350068342135,54a3e6e3cfa84c7d982de9c6a98cfd70011da790a277163f48ac8d9476632c39,23109.94431700001,350.77587700355133,PPO-capacity-130-large-r2-B252000,solutions/test-Test-4-000--revision-v4--capacity-130/54a3e6e3cfa84c7d982de9c6a98cfd70011da790a277163f48ac8d9476632c39.json
capacity-130,test-Test-4-000--revision-v4--capacity-130,51700.426665000006,15393.350068342135,b64d93d83e721e5729f8aa3228bef90efe77d3bd61a6d0e80a27063dbf359530,23121.491657000002,348.1222112418409,PPO-capacity-130-large-r2-B252000,solutions/test-Test-4-000--revision-v4--capacity-130/b64d93d83e721e5729f8aa3228bef90efe77d3bd61a6d0e80a27063dbf359530.json
capacity-130,test-Test-4-000--revision-v4--capacity-130,51700.426665000006,15393.350068342135,8f006499f07ddfb5bb3db67e2966e0de87eb2fa7d1545c363ea766f4ebe135a7,23122.553657000004,347.39603418294837,PPO-capacity-130-large-r2-B252000,solutions/test-Test-4-000--revision-v4--capacity-130/8f006499f07ddfb5bb3db67e2966e0de87eb2fa7d1545c363ea766f4ebe135a7.json
capacity-130,test-Test-4-000--revision-v4--capacity-130,51700.426665000006,15393.350068342135,726e30fc65f2b6814ed3909625f18c99d77674fea129c722103db101de09e032,23148.641737000005,346.329158708259,PPO-capacity-130-large-r2-B252000,solutions/test-Test-4-000--revision-v4--capacity-130/726e30fc65f2b6814ed3909625f18c99d77674fea129c722103db101de09e032.json
capacity-130,test-Test-4-000--revision-v4--capacity-130,51700.426665000006,15393.350068342135,bce92de0e819a84b6ca143c6d594e9558b3e2f18c93b5ad1b3ebb92c6c5efd6e,23189.91565700001,346.02910628186913,PPO-capacity-130-large-r2-B252000,solutions/test-Test-4-000--revision-v4--capacity-130/bce92de0e819a84b6ca143c6d594e9558b3e2f18c93b5ad1b3ebb92c6c5efd6e.json
capacity-130,test-Test-4-000--revision-v4--capacity-130,51700.426665000006,15393.350068342135,c3f302ef348bf90b9c346361c23d1dbcff5a8cacce2ff47616dcb8719c92a4f8,23204.965128999997,345.83597625171683,PPO-capacity-130-large-r2-B252000,solutions/test-Test-4-000--revision-v4--capacity-130/c3f302ef348bf90b9c346361c23d1dbcff5a8cacce2ff47616dcb8719c92a4f8.json
capacity-130,test-Test-4-000--revision-v4--capacity-130,51700.426665000006,15393.350068342135,859ab858d14fcbc4f93fe224d83e2e4538caa8a892f286ed0e42a7b7847cd177,23210.723657000006,345.16391000657575,PPO-capacity-130-large-r2-B252000,solutions/test-Test-4-000--revision-v4--capacity-130/859ab858d14fcbc4f93fe224d83e2e4538caa8a892f286ed0e42a7b7847cd177.json
capacity-130,test-Test-4-000--revision-v4--capacity-130,51700.426665000006,15393.350068342135,afb71d234b6f8ec8f5f37f768bd04710305a53ae412347f9c27319e09556f121,23234.618657000003,344.85597394248373,PPO-capacity-130-large-r2-B252000,solutions/test-Test-4-000--revision-v4--capacity-130/afb71d234b6f8ec8f5f37f768bd04710305a53ae412347f9c27319e09556f121.json
capacity-130,test-Test-4-000--revision-v4--capacity-130,51700.426665000006,15393.350068342135,dd2e7af9e33a5d54e61074c22300070b7cf4bc56d86b813a595847706f810974,23234.882657000002,344.6497610721992,PPO-capacity-130-large-r2-B252000,solutions/test-Test-4-000--revision-v4--capacity-130/dd2e7af9e33a5d54e61074c22300070b7cf4bc56d86b813a595847706f810974.json
capacity-130,test-Test-4-000--revision-v4--capacity-130,51700.426665000006,15393.350068342135,1e4c52ec95164634db5b3cd4909943a8c6ae3f35182b2c0532b909cbf3488095,23283.930767,344.5760200073387,PPO-capacity-130-large-r2-B252000,solutions/test-Test-4-000--revision-v4--capacity-130/1e4c52ec95164634db5b3cd4909943a8c6ae3f35182b2c0532b909cbf3488095.json
capacity-130,test-Test-4-000--revision-v4--capacity-130,51700.426665000006,15393.350068342135,6093448f37b4490543dfd584e5eceabdcee7942f44bc04f8220182244dff6793,23286.47973700001,343.97102202829353,PPO-capacity-130-large-r2-B252000,solutions/test-Test-4-000--revision-v4--capacity-130/6093448f37b4490543dfd584e5eceabdcee7942f44bc04f8220182244dff6793.json
capacity-130,test-Test-4-000--revision-v4--capacity-130,51700.426665000006,15393.350068342135,64a3ab104f18b1a6a833a566f61d8e92ce69f1e6d2b546fec3daf0a3c0955a0a,23297.054657000004,343.7633801792572,PPO-capacity-130-large-r2-B252000,solutions/test-Test-4-000--revision-v4--capacity-130/64a3ab104f18b1a6a833a566f61d8e92ce69f1e6d2b546fec3daf0a3c0955a0a.json
capacity-130,test-Test-4-000--revision-v4--capacity-130,51700.426665000006,15393.350068342135,50bbc9a33faca5c2dd62ed34b7f6d8dcb6446bd81d33912664247d1b26eb365e,23342.803128999996,343.4778395717513,PPO-capacity-130-large-r2-B252000,solutions/test-Test-4-000--revision-v4--capacity-130/50bbc9a33faca5c2dd62ed34b7f6d8dcb6446bd81d33912664247d1b26eb365e.json
capacity-130,test-Test-4-000--revision-v4--capacity-130,51700.426665000006,15393.350068342135,06af89dcc8f5218278aa4574ce50035ed9580468aa2eea239deadba0347653c8,23361.93265700001,343.4498499519098,PPO-capacity-130-large-r2-B252000,solutions/test-Test-4-000--revision-v4--capacity-130/06af89dcc8f5218278aa4574ce50035ed9580468aa2eea239deadba0347653c8.json
capacity-130,test-Test-4-000--revision-v4--capacity-130,51700.426665000006,15393.350068342135,34b944e7adc5ada5a6b34fd7cf26b4508b58190dc185ae265b085b705125dbb8,23369.498657000004,343.32066293134613,PPO-capacity-130-large-r2-B252000,solutions/test-Test-4-000--revision-v4--capacity-130/34b944e7adc5ada5a6b34fd7cf26b4508b58190dc185ae265b085b705125dbb8.json
capacity-130,test-Test-4-000--revision-v4--capacity-130,51700.426665000006,15393.350068342135,b486a8c9e3b82c188c547e3c91494e5ea84bc6df82e7d3dc021ff2fdfb293cad,23372.720657,342.29162439223376,PPO-capacity-130-large-r2-B252000,solutions/test-Test-4-000--revision-v4--capacity-130/b486a8c9e3b82c188c547e3c91494e5ea84bc6df82e7d3dc021ff2fdfb293cad.json
capacity-130,test-Test-4-000--revision-v4--capacity-130,51700.426665000006,15393.350068342135,1cc7a189413aa3d8c5a4d48e5a5ad010a1851115817f66fdeef14aba80ae5c0c,23435.864657000002,342.24822310402857,PPO-capacity-130-large-r2-B252000,solutions/test-Test-4-000--revision-v4--capacity-130/1cc7a189413aa3d8c5a4d48e5a5ad010a1851115817f66fdeef14aba80ae5c0c.json
capacity-130,test-Test-4-000--revision-v4--capacity-130,51700.426665000006,15393.350068342135,5fe1e072c07650e341749a3422dde953439e2bed762d8d17b6bd81018c72f4de,23532.293657000002,341.1411805294839,PPO-capacity-130-large-r2-B252000,solutions/test-Test-4-000--revision-v4--capacity-130/5fe1e072c07650e341749a3422dde953439e2bed762d8d17b6bd81018c72f4de.json
capacity-130,test-Test-4-000--revision-v4--capacity-130,51700.426665000006,15393.350068342135,0eb86970be43e6eb6ab7e1d0473d8b292eb95b7e4f66feb6e61350f344f42e54,33646.833896999975,334.1205219381,PPO-capacity-130-large-r0-B252000,solutions/test-Test-4-000--revision-v4--capacity-130/0eb86970be43e6eb6ab7e1d0473d8b292eb95b7e4f66feb6e61350f344f42e54.json
capacity-130,test-Test-4-000--revision-v4--capacity-130,51700.426665000006,15393.350068342135,0ddfbdac51bfc62982d3da5b31bee01cf65ff8f28cd3474c8de232412d512625,33861.47481699998,333.5221131415622,PPO-capacity-130-large-r0-B252000,solutions/test-Test-4-000--revision-v4--capacity-130/0ddfbdac51bfc62982d3da5b31bee01cf65ff8f28cd3474c8de232412d512625.json
capacity-130,test-Test-4-000--revision-v4--capacity-130,51700.426665000006,15393.350068342135,6c4339f06876830aeda3849c59ababfccc2a16b0a103512555de5cb2eccc5e63,33893.51208899998,330.7441118731408,PPO-capacity-130-large-r0-B252000,solutions/test-Test-4-000--revision-v4--capacity-130/6c4339f06876830aeda3849c59ababfccc2a16b0a103512555de5cb2eccc5e63.json
capacity-130,test-Test-4-000--revision-v4--capacity-130,51700.426665000006,15393.350068342135,2a03785392ff7ac4e1050d2049aab6e422caa28b32cd966bf47d6488fbd85ac2,33992.93834699998,329.1747222688007,PPO-capacity-130-large-r0-B252000,solutions/test-Test-4-000--revision-v4--capacity-130/2a03785392ff7ac4e1050d2049aab6e422caa28b32cd966bf47d6488fbd85ac2.json
capacity-130,test-Test-4-000--revision-v4--capacity-130,51700.426665000006,15393.350068342135,b8c986fb06748e684915bb8968bb12b2a4ccc76db25022359dc92af9f62ec4c7,34005.56508899998,328.88049842275467,PPO-capacity-130-large-r0-B252000,solutions/test-Test-4-000--revision-v4--capacity-130/b8c986fb06748e684915bb8968bb12b2a4ccc76db25022359dc92af9f62ec4c7.json
capacity-130,test-Test-4-000--revision-v4--capacity-130,51700.426665000006,15393.350068342135,cae88eac48d6ea29725acdb298880acbe1c0ada0ce752d95daea18b6103ecec4,34093.024202999986,328.46384813594244,PPO-capacity-130-large-r0-B252000,solutions/test-Test-4-000--revision-v4--capacity-130/cae88eac48d6ea29725acdb298880acbe1c0ada0ce752d95daea18b6103ecec4.json
capacity-130,test-Test-4-000--revision-v4--capacity-130,51700.426665000006,15393.350068342135,7793ccca75c894308b1b64902709668777f4fb136e25528ac929b14fe369be30,34108.83088499998,328.2958201522268,PPO-capacity-130-large-r0-B252000,solutions/test-Test-4-000--revision-v4--capacity-130/7793ccca75c894308b1b64902709668777f4fb136e25528ac929b14fe369be30.json
capacity-130,test-Test-4-000--revision-v4--capacity-130,51700.426665000006,15393.350068342135,676a36a9e00b715dcff953b41fb83b6f7c6bd5f1992649a9cc01cd3eeff4da48,34178.026346999985,327.9614938247907,PPO-capacity-130-large-r0-B252000,solutions/test-Test-4-000--revision-v4--capacity-130/676a36a9e00b715dcff953b41fb83b6f7c6bd5f1992649a9cc01cd3eeff4da48.json
capacity-130,test-Test-4-000--revision-v4--capacity-130,51700.426665000006,15393.350068342135,672d43179cfddce91e82624cb057e543371f31ec67696170660b2878f67c4c3d,34181.89320299999,327.46484777977497,PPO-capacity-130-large-r0-B252000,solutions/test-Test-4-000--revision-v4--capacity-130/672d43179cfddce91e82624cb057e543371f31ec67696170660b2878f67c4c3d.json
capacity-130,test-Test-4-000--revision-v4--capacity-130,51700.426665000006,15393.350068342135,797a24aef4eb84754dc32261ef5ab6c7a59d637bf18fd69e80dddbc178ccb85f,34233.007346999984,327.35711467255675,PPO-capacity-130-large-r0-B252000,solutions/test-Test-4-000--revision-v4--capacity-130/797a24aef4eb84754dc32261ef5ab6c7a59d637bf18fd69e80dddbc178ccb85f.json
capacity-130,test-Test-4-000--revision-v4--capacity-130,51700.426665000006,15393.350068342135,1245f1f6449351909b4e105bcb4ff980d0c9a5bfa5b6cc08fad718f7c8900320,34246.07841899999,327.20505942516604,PPO-capacity-130-large-r0-B252000,solutions/test-Test-4-000--revision-v4--capacity-130/1245f1f6449351909b4e105bcb4ff980d0c9a5bfa5b6cc08fad718f7c8900320.json
capacity-130,test-Test-4-000--revision-v4--capacity-130,51700.426665000006,15393.350068342135,0160924924987dbff175d9b1629e588078ab6ed6d4b80126655810004e309653,34289.00670399998,326.731029746912,PPO-capacity-130-large-r0-B252000,solutions/test-Test-4-000--revision-v4--capacity-130/0160924924987dbff175d9b1629e588078ab6ed6d4b80126655810004e309653.json
capacity-130,test-Test-4-000--revision-v4--capacity-130,51700.426665000006,15393.350068342135,b16252e06b72ec78972ec09aef4e2c99cdd08ff203a3ed450c3f9b01e7279109,34410.81474699998,323.21089310287067,PPO-capacity-130-large-r0-B252000,solutions/test-Test-4-000--revision-v4--capacity-130/b16252e06b72ec78972ec09aef4e2c99cdd08ff203a3ed450c3f9b01e7279109.json
capacity-130,test-Test-4-000--revision-v4--capacity-130,51700.426665000006,15393.350068342135,fd1c5f829b149ee7eba516fdc1c9896a473ec7a26a988cb4e06d97f9cb50d49c,34497.41057999999,314.9187501410736,PPO-capacity-130-large-r0-B252000,solutions/test-Test-4-000--revision-v4--capacity-130/fd1c5f829b149ee7eba516fdc1c9896a473ec7a26a988cb4e06d97f9cb50d49c.json
capacity-130,test-Test-4-000--revision-v4--capacity-130,51700.426665000006,15393.350068342135,a893620a64cc564149a887491f188935d5a8a4582d1030ee37cb4481c2e1de3f,34595.45357999998,311.0294471299926,PPO-capacity-130-large-r0-B252000,solutions/test-Test-4-000--revision-v4--capacity-130/a893620a64cc564149a887491f188935d5a8a4582d1030ee37cb4481c2e1de3f.json
capacity-130,test-Test-4-000--revision-v4--capacity-130,51700.426665000006,15393.350068342135,a5289875dcce9a13278b917bcf5ac2278bb69dedd0d81e4e2387b17c78e984da,34855.41091899999,305.17698086473376,PPO-capacity-130-large-r0-B252000,solutions/test-Test-4-000--revision-v4--capacity-130/a5289875dcce9a13278b917bcf5ac2278bb69dedd0d81e4e2387b17c78e984da.json
capacity-130,test-Test-4-000--revision-v4--capacity-130,51700.426665000006,15393.350068342135,c567493c80d3c27410687c305b4616a930839336f126cf535befe636ebaa1ad8,35037.42991899997,303.86153460437333,PPO-capacity-130-large-r0-B252000,solutions/test-Test-4-000--revision-v4--capacity-130/c567493c80d3c27410687c305b4616a930839336f126cf535befe636ebaa1ad8.json
capacity-130,test-Test-4-000--revision-v4--capacity-130,51700.426665000006,15393.350068342135,bc449364318bb2a94ef3ee19a0ccf1d83e68787543ec85d18ae3983269c9d897,35321.83591899998,300.39360781694086,PPO-capacity-130-large-r0-B252000,solutions/test-Test-4-000--revision-v4--capacity-130/bc449364318bb2a94ef3ee19a0ccf1d83e68787543ec85d18ae3983269c9d897.json
capacity-130,test-Test-4-000--revision-v4--capacity-130,51700.426665000006,15393.350068342135,23077d900d93c71ea0112d9893f76bf76b7f1016b895459348eacf3a94cdf6c0,35407.10858699998,286.31397283191995,PPO-capacity-130-large-r0-B252000,solutions/test-Test-4-000--revision-v4--capacity-130/23077d900d93c71ea0112d9893f76bf76b7f1016b895459348eacf3a94cdf6c0.json
capacity-130,test-Test-4-000--revision-v4--capacity-130,51700.426665000006,15393.350068342135,fce19e27f4bc3d5eff1ef5cb0127090eaae798afc7018596825353549c105d2e,35492.68113299998,286.01816835004513,PPO-capacity-130-large-r0-B252000,solutions/test-Test-4-000--revision-v4--capacity-130/fce19e27f4bc3d5eff1ef5cb0127090eaae798afc7018596825353549c105d2e.json
capacity-130,test-Test-4-000--revision-v4--capacity-130,51700.426665000006,15393.350068342135,1d4651638b0f60c1e99b5b050e0dff5c5bc39f4b298d21021593cd8825b444e4,35539.20437099998,285.24088096948486,PPO-capacity-130-large-r0-B252000,solutions/test-Test-4-000--revision-v4--capacity-130/1d4651638b0f60c1e99b5b050e0dff5c5bc39f4b298d21021593cd8825b444e4.json
capacity-130,test-Test-4-000--revision-v4--capacity-130,51700.426665000006,15393.350068342135,055ea8f59828129a545eb513704cbdcec73f14922bf359a33a81e3529e484ded,35652.80837099998,285.17259845100546,PPO-capacity-130-large-r0-B252000,solutions/test-Test-4-000--revision-v4--capacity-130/055ea8f59828129a545eb513704cbdcec73f14922bf359a33a81e3529e484ded.json
capacity-130,test-Test-4-000--revision-v4--capacity-130,51700.426665000006,15393.350068342135,ce8bb39dfb4de7b44e3faed9e8e7fade8cf4acc26abed24e4e5b217f1d46111d,35743.90337099998,285.1504166434005,PPO-capacity-130-large-r0-B252000,solutions/test-Test-4-000--revision-v4--capacity-130/ce8bb39dfb4de7b44e3faed9e8e7fade8cf4acc26abed24e4e5b217f1d46111d.json
coload-70,test-Test-4-000--revision-v4--coload-70,51700.426665000006,11290.543029865012,4f6fcc31c25fe9b387080c0c5a18ec42ae4b940df40a44d3489bfd1e36734bd8,14640.908697000003,2600.260607738077,PPO-coload-70-large-r0-B252000,solutions/test-Test-4-000--revision-v4--coload-70/4f6fcc31c25fe9b387080c0c5a18ec42ae4b940df40a44d3489bfd1e36734bd8.json
coload-70,test-Test-4-000--revision-v4--coload-70,51700.426665000006,11290.543029865012,edc7dd739180194734a26399b238d0e3b35838a4e55998844950e4466cde36c6,14647.100389000003,2593.5261420520847,PPO-coload-70-large-r0-B252000,solutions/test-Test-4-000--revision-v4--coload-70/edc7dd739180194734a26399b238d0e3b35838a4e55998844950e4466cde36c6.json
coload-70,test-Test-4-000--revision-v4--coload-70,51700.426665000006,11290.543029865012,2bb739f557304c5d0eca67b5d2d34fe5c7ddc22dbe9cb76fd4022909d7780524,14648.735697000002,2592.8548862313482,PPO-coload-70-large-r0-B252000,solutions/test-Test-4-000--revision-v4--coload-70/2bb739f557304c5d0eca67b5d2d34fe5c7ddc22dbe9cb76fd4022909d7780524.json
coload-70,test-Test-4-000--revision-v4--coload-70,51700.426665000006,11290.543029865012,e4405ad49a28e9b7b6ee9c800a43373bff0ebc195bcc8086961fbb9e81cf9db2,14653.188993000003,2568.5195351059074,PPO-coload-70-large-r0-B252000,solutions/test-Test-4-000--revision-v4--coload-70/e4405ad49a28e9b7b6ee9c800a43373bff0ebc195bcc8086961fbb9e81cf9db2.json
coload-70,test-Test-4-000--revision-v4--coload-70,51700.426665000006,11290.543029865012,d670713ca71516f734a898ded9ff20c985edfdafc7b21b9af843c2b6721f9df3,14661.015993,2561.113813599179,PPO-coload-70-large-r0-B252000,solutions/test-Test-4-000--revision-v4--coload-70/d670713ca71516f734a898ded9ff20c985edfdafc7b21b9af843c2b6721f9df3.json
coload-70,test-Test-4-000--revision-v4--coload-70,51700.426665000006,11290.543029865012,a0228e381e17c1c62efb95cbf5707315cc53a31394bc5809038a3ad3d44d1a03,14698.454221,2556.007123641969,PPO-coload-70-large-r0-B252000,solutions/test-Test-4-000--revision-v4--coload-70/a0228e381e17c1c62efb95cbf5707315cc53a31394bc5809038a3ad3d44d1a03.json
coload-70,test-Test-4-000--revision-v4--coload-70,51700.426665000006,11290.543029865012,7fc2d028b2e677706f3ec56c1ad08f25ae957de5d7b6dff1a23566c1544f9625,14726.229993,2546.889162060293,PPO-coload-70-large-r0-B252000,solutions/test-Test-4-000--revision-v4--coload-70/7fc2d028b2e677706f3ec56c1ad08f25ae957de5d7b6dff1a23566c1544f9625.json
coload-70,test-Test-4-000--revision-v4--coload-70,51700.426665000006,11290.543029865012,3d4231dbeb3a31d7aeca3a0d95e66500f988a276ddd178016d7e703f38be2eb6,14731.378731999997,2516.0958785341895,PPO-coload-70-large-r0-B252000,solutions/test-Test-4-000--revision-v4--coload-70/3d4231dbeb3a31d7aeca3a0d95e66500f988a276ddd178016d7e703f38be2eb6.json
coload-70,test-Test-4-000--revision-v4--coload-70,51700.426665000006,11290.543029865012,60e55d7f1badf9434f68f8bcc23102bda5c318c6014191a12cf83006e913b1f8,14789.119495000006,1700.8416415746633,PPO-coload-70-large-r2-B252000,solutions/test-Test-4-000--revision-v4--coload-70/60e55d7f1badf9434f68f8bcc23102bda5c318c6014191a12cf83006e913b1f8.json
coload-70,test-Test-4-000--revision-v4--coload-70,51700.426665000006,11290.543029865012,7b39da69a2f83fe7b33680c06f241fa2b36b807531cd9238ab2e8ac59b32d75d,14789.302495000007,1700.8043862919035,PPO-coload-70-large-r2-B252000,solutions/test-Test-4-000--revision-v4--coload-70/7b39da69a2f83fe7b33680c06f241fa2b36b807531cd9238ab2e8ac59b32d75d.json
coload-70,test-Test-4-000--revision-v4--coload-70,51700.426665000006,11290.543029865012,53d2dbbee6ff644cb545198b367482a663ee7ed14816585069dca78d03c227c1,14790.193495000003,1700.0085796693813,PPO-coload-70-large-r2-B252000,solutions/test-Test-4-000--revision-v4--coload-70/53d2dbbee6ff644cb545198b367482a663ee7ed14816585069dca78d03c227c1.json
coload-70,test-Test-4-000--revision-v4--coload-70,51700.426665000006,11290.543029865012,827ec0ad3a2ba6ff8f7a306b775235edadfe42137efb33b2c5f4e1d7d0031593,14792.215495000008,1695.7676557814227,PPO-coload-70-large-r2-B252000,solutions/test-Test-4-000--revision-v4--coload-70/827ec0ad3a2ba6ff8f7a306b775235edadfe42137efb33b2c5f4e1d7d0031593.json
coload-70,test-Test-4-000--revision-v4--coload-70,51700.426665000006,11290.543029865012,37f82755120668de4815c289c38c7df8b9967f311804f5f093000714bc588b8c,14820.523965000006,1661.4097565699296,PPO-coload-70-large-r2-B252000,solutions/test-Test-4-000--revision-v4--coload-70/37f82755120668de4815c289c38c7df8b9967f311804f5f093000714bc588b8c.json
coload-70,test-Test-4-000--revision-v4--coload-70,51700.426665000006,11290.543029865012,061a2a5e78b56002002ef3538269afe1e597f1dd3e863af41b74fe2eaa58d839,14836.347423000003,1655.2424818070022,PPO-coload-70-large-r2-B252000,solutions/test-Test-4-000--revision-v4--coload-70/061a2a5e78b56002002ef3538269afe1e597f1dd3e863af41b74fe2eaa58d839.json
coload-70,test-Test-4-000--revision-v4--coload-70,51700.426665000006,11290.543029865012,d3ab3f3943336544c14c87a8223d5d803d2870092e3d560d39c4f6086540b7aa,14853.311371000007,1416.8864270212373,PPO-coload-70-large-r0-B252000,solutions/test-Test-4-000--revision-v4--coload-70/d3ab3f3943336544c14c87a8223d5d803d2870092e3d560d39c4f6086540b7aa.json
coload-70,test-Test-4-000--revision-v4--coload-70,51700.426665000006,11290.543029865012,ac4fc130046edb80998157e13dd041f0a8fa0c3d21aebb10a7609058589145e2,14858.428363000006,1304.4641296803136,PPO-coload-70-large-r0-B252000,solutions/test-Test-4-000--revision-v4--coload-70/ac4fc130046edb80998157e13dd041f0a8fa0c3d21aebb10a7609058589145e2.json
coload-70,test-Test-4-000--revision-v4--coload-70,51700.426665000006,11290.543029865012,8bc19f4c2f4205ed592c612a65b9fa876571350d66685645cc1e4b5a4a1210b8,14859.772063000008,1301.6201443870577,PPO-coload-70-large-r0-B252000,solutions/test-Test-4-000--revision-v4--coload-70/8bc19f4c2f4205ed592c612a65b9fa876571350d66685645cc1e4b5a4a1210b8.json
coload-70,test-Test-4-000--revision-v4--coload-70,51700.426665000006,11290.543029865012,5e849793af4b779ae0583cfde5f2d0ea9a509f92bb882b83ba5fb1f044dc3287,14860.310533000007,1300.8393134174605,PPO-coload-70-large-r0-B252000,solutions/test-Test-4-000--revision-v4--coload-70/5e849793af4b779ae0583cfde5f2d0ea9a509f92bb882b83ba5fb1f044dc3287.json
coload-70,test-Test-4-000--revision-v4--coload-70,51700.426665000006,11290.543029865012,54dc5294943845680f5fcd90b846d8736383acc2b8d073b5ba3b00dc27efcdc9,14860.627363000007,1297.3815433578766,PPO-coload-70-large-r0-B252000,solutions/test-Test-4-000--revision-v4--coload-70/54dc5294943845680f5fcd90b846d8736383acc2b8d073b5ba3b00dc27efcdc9.json
coload-70,test-Test-4-000--revision-v4--coload-70,51700.426665000006,11290.543029865012,d3375ff96af13993de4fe64fd3115f094220a7193816c4ff10fe2a4fe2e5a9b7,14860.975363000009,1292.8238787106293,PPO-coload-70-large-r0-B252000,solutions/test-Test-4-000--revision-v4--coload-70/d3375ff96af13993de4fe64fd3115f094220a7193816c4ff10fe2a4fe2e5a9b7.json
coload-70,test-Test-4-000--revision-v4--coload-70,51700.426665000006,11290.543029865012,88154463efab2d9b6b6717c12371310cf1f7681bd221c9b06209cf2885bff26e,14901.281371000005,1286.8456296450595,PPO-coload-70-large-r0-B252000,solutions/test-Test-4-000--revision-v4--coload-70/88154463efab2d9b6b6717c12371310cf1f7681bd221c9b06209cf2885bff26e.json
coload-70,test-Test-4-000--revision-v4--coload-70,51700.426665000006,11290.543029865012,72767490f4b18e276ef9df4b5ccdec74988330de071a649a0038ada84cca5d33,14902.625071000006,1284.0740463518036,PPO-coload-70-large-r0-B252000,solutions/test-Test-4-000--revision-v4--coload-70/72767490f4b18e276ef9df4b5ccdec74988330de071a649a0038ada84cca5d33.json
coload-70,test-Test-4-000--revision-v4--coload-70,51700.426665000006,11290.543029865012,57f7d5f8ed393f03aec08b11f4c054e5a0157861a5f7e7250ec92b2d090decbf,14903.163541000005,1283.2208133822062,PPO-coload-70-large-r0-B252000,solutions/test-Test-4-000--revision-v4--coload-70/57f7d5f8ed393f03aec08b11f4c054e5a0157861a5f7e7250ec92b2d090decbf.json
coload-70,test-Test-4-000--revision-v4--coload-70,51700.426665000006,11290.543029865012,53a0ff442f03c5c34b8c681eb1e3b4d15b0b39ec25a4d2f33cc80649405deb20,14903.804307000006,1282.74677920677,PPO-coload-70-large-r0-B252000,solutions/test-Test-4-000--revision-v4--coload-70/53a0ff442f03c5c34b8c681eb1e3b4d15b0b39ec25a4d2f33cc80649405deb20.json
coload-70,test-Test-4-000--revision-v4--coload-70,51700.426665000006,11290.543029865012,2dbe47564dc921be041360b163c34008f4c420d03d579b59956d2aee583b6bdf,14903.828371000007,1275.2053786753752,PPO-coload-70-large-r0-B252000,solutions/test-Test-4-000--revision-v4--coload-70/2dbe47564dc921be041360b163c34008f4c420d03d579b59956d2aee583b6bdf.json
coload-70,test-Test-4-000--revision-v4--coload-70,51700.426665000006,11290.543029865012,5d4105ae687b9595e287cb29308d89b79598e029bca7a6042462d44ebd1455d5,14905.253371000006,1274.956615464624,PPO-coload-70-large-r0-B252000,solutions/test-Test-4-000--revision-v4--coload-70/5d4105ae687b9595e287cb29308d89b79598e029bca7a6042462d44ebd1455d5.json
coload-70,test-Test-4-000--revision-v4--coload-70,51700.426665000006,11290.543029865012,c2ff9e7cdd540d36148171b765240a331f36e7b66bffaa16312109f4d8934c73,14907.932371000006,1274.780517900766,PPO-coload-70-large-r0-B252000,solutions/test-Test-4-000--revision-v4--coload-70/c2ff9e7cdd540d36148171b765240a331f36e7b66bffaa16312109f4d8934c73.json
coload-70,test-Test-4-000--revision-v4--coload-70,51700.426665000006,11290.543029865012,415fafe2bd8f916ef8b0a35a82d9c0046e3e8fcd77e60288c7a01c224e6ec54d,14915.654371000008,1274.6304495721151,PPO-coload-70-large-r0-B252000,solutions/test-Test-4-000--revision-v4--coload-70/415fafe2bd8f916ef8b0a35a82d9c0046e3e8fcd77e60288c7a01c224e6ec54d.json
coload-70,test-Test-4-000--revision-v4--coload-70,51700.426665000006,11290.543029865012,3d63c75262a56a3499d668be7ddb7417720fef89e746b39efccfa7fff08802b1,14921.414371000006,1274.5671544784075,PPO-coload-70-large-r0-B252000,solutions/test-Test-4-000--revision-v4--coload-70/3d63c75262a56a3499d668be7ddb7417720fef89e746b39efccfa7fff08802b1.json
coload-70,test-Test-4-000--revision-v4--coload-70,51700.426665000006,11290.543029865012,1de53792abd7912a7eb831094f74ccb27e46fc000ff16bae4d79b2f34537f9b6,14924.507371000007,1264.4556826915236,PPO-coload-70-large-r0-B252000,solutions/test-Test-4-000--revision-v4--coload-70/1de53792abd7912a7eb831094f74ccb27e46fc000ff16bae4d79b2f34537f9b6.json
coload-70,test-Test-4-000--revision-v4--coload-70,51700.426665000006,11290.543029865012,9f6a154da0e7d47eace2fe8270481298ffc9b9d5e0574b57c255747e62f8d53c,14953.969371000007,1264.2822671182212,PPO-coload-70-large-r0-B252000,solutions/test-Test-4-000--revision-v4--coload-70/9f6a154da0e7d47eace2fe8270481298ffc9b9d5e0574b57c255747e62f8d53c.json
coload-70,test-Test-4-000--revision-v4--coload-70,51700.426665000006,11290.543029865012,0bdd06af2bb2ed96e34725099d80d602fef5c21714d95b0f0243541d32c72688,14988.026371000004,1260.538947554246,PPO-coload-70-large-r0-B252000,solutions/test-Test-4-000--revision-v4--coload-70/0bdd06af2bb2ed96e34725099d80d602fef5c21714d95b0f0243541d32c72688.json
coload-70,test-Test-4-000--revision-v4--coload-70,51700.426665000006,11290.543029865012,749161e39a3f0dd62268fe99501d5697aa14fba13fea917c9bdbe31fc2725980,15019.691610000005,1245.2463342065719,PPO-coload-70-large-r0-B252000,solutions/test-Test-4-000--revision-v4--coload-70/749161e39a3f0dd62268fe99501d5697aa14fba13fea917c9bdbe31fc2725980.json
coload-70,test-Test-4-000--revision-v4--coload-70,51700.426665000006,11290.543029865012,a4d97c428564cad7b0d6d9e8868bd183063b7623c09ed388121058a082217d5f,15117.841828000004,1197.5615185570678,PPO-coload-70-large-r1-B252000,solutions/test-Test-4-000--revision-v4--coload-70/a4d97c428564cad7b0d6d9e8868bd183063b7623c09ed388121058a082217d5f.json
coload-70,test-Test-4-000--revision-v4--coload-70,51700.426665000006,11290.543029865012,f79d63210487584f5a8f4c7ec7d228741a75f225b439acabab4241c3bec4bd85,15154.384216000004,1194.424862979355,PPO-coload-70-large-r1-B252000,solutions/test-Test-4-000--revision-v4--coload-70/f79d63210487584f5a8f4c7ec7d228741a75f225b439acabab4241c3bec4bd85.json
coload-70,test-Test-4-000--revision-v4--coload-70,51700.426665000006,11290.543029865012,31f5e704682898f96acd7282e3480c82c8a5694387410b9854c3d84f515ceb4c,15174.019304000005,1191.2394767473702,PPO-coload-70-large-r1-B252000,solutions/test-Test-4-000--revision-v4--coload-70/31f5e704682898f96acd7282e3480c82c8a5694387410b9854c3d84f515ceb4c.json
coload-70,test-Test-4-000--revision-v4--coload-70,51700.426665000006,11290.543029865012,09c096bc2e07cb83202c9c35a035f331d7255a916bb36703ec6d4e6d90ff8748,15198.754828000005,1173.6751055624854,PPO-coload-70-large-r1-B252000,solutions/test-Test-4-000--revision-v4--coload-70/09c096bc2e07cb83202c9c35a035f331d7255a916bb36703ec6d4e6d90ff8748.json
coload-70,test-Test-4-000--revision-v4--coload-70,51700.426665000006,11290.543029865012,b963bec89be93ca30a59decbb68d02b26b27828428c816447b0af487fd1e2a66,15414.724216,1170.2479860067594,PPO-coload-70-large-r1-B252000,solutions/test-Test-4-000--revision-v4--coload-70/b963bec89be93ca30a59decbb68d02b26b27828428c816447b0af487fd1e2a66.json
coload-70,test-Test-4-000--revision-v4--coload-70,51700.426665000006,11290.543029865012,77936c7ec5911756d9be91e9cbd0f5a1ca78214a643b9c08e1cedb06f1e34e7f,15433.963304,1168.2914654844415,PPO-coload-70-large-r1-B252000,solutions/test-Test-4-000--revision-v4--coload-70/77936c7ec5911756d9be91e9cbd0f5a1ca78214a643b9c08e1cedb06f1e34e7f.json
coload-70,test-Test-4-000--revision-v4--coload-70,51700.426665000006,11290.543029865012,c9c12ff1f364612a19b3259c088bdd1b60fcae2bf4797a7bf7db6f629c8d93dc,15494.137216000005,1167.278363776233,PPO-coload-70-large-r1-B252000,solutions/test-Test-4-000--revision-v4--coload-70/c9c12ff1f364612a19b3259c088bdd1b60fcae2bf4797a7bf7db6f629c8d93dc.json
coload-70,test-Test-4-000--revision-v4--coload-70,51700.426665000006,11290.543029865012,238a78319f1b4d56d5f1611cef7585f35bf16ca531d4cb0ede2de32b48542014,15559.009705999995,1019.7888624506132,PPO-coload-70-large-r2-B252000,solutions/test-Test-4-000--revision-v4--coload-70/238a78319f1b4d56d5f1611cef7585f35bf16ca531d4cb0ede2de32b48542014.json
coload-70,test-Test-4-000--revision-v4--coload-70,51700.426665000006,11290.543029865012,f638757b51f91d34582e3338bf5dbafb1c9a4becb4c2c2033e249449ec98364b,15563.017705999999,1016.0400232422719,PPO-coload-70-large-r2-B252000,solutions/test-Test-4-000--revision-v4--coload-70/f638757b51f91d34582e3338bf5dbafb1c9a4becb4c2c2033e249449ec98364b.json
coload-70,test-Test-4-000--revision-v4--coload-70,51700.426665000006,11290.543029865012,5af90440490ce140cc387ba80c49c9c652b5b4e2a35c31d8a992a71912370574,15574.480705999998,1014.3706907996987,PPO-coload-70-large-r2-B252000,solutions/test-Test-4-000--revision-v4--coload-70/5af90440490ce140cc387ba80c49c9c652b5b4e2a35c31d8a992a71912370574.json
coload-70,test-Test-4-000--revision-v4--coload-70,51700.426665000006,11290.543029865012,f98a5d9264632294398ea7fc423a31faee340ea5acf8a1397a95d79b7383bffb,15593.473705999997,1013.5047385819753,PPO-coload-70-large-r2-B252000,solutions/test-Test-4-000--revision-v4--coload-70/f98a5d9264632294398ea7fc423a31faee340ea5acf8a1397a95d79b7383bffb.json
coload-70,test-Test-4-000--revision-v4--coload-70,51700.426665000006,11290.543029865012,37805e2c820cf8afad6f06ee063bfddb111764926f0703dca0024e9c89dc78db,15606.598705999997,1007.5448331993865,PPO-coload-70-large-r2-B252000,solutions/test-Test-4-000--revision-v4--coload-70/37805e2c820cf8afad6f06ee063bfddb111764926f0703dca0024e9c89dc78db.json
coload-70,test-Test-4-000--revision-v4--coload-70,51700.426665000006,11290.543029865012,5e1fa1df77efeb3ca60927f6557af61b6d4568031963eb408e15ce837ac10326,15630.379705999996,998.8619577628149,PPO-coload-70-large-r2-B252000,solutions/test-Test-4-000--revision-v4--coload-70/5e1fa1df77efeb3ca60927f6557af61b6d4568031963eb408e15ce837ac10326.json
coload-70,test-Test-4-000--revision-v4--coload-70,51700.426665000006,11290.543029865012,50fc6fc58e4cd9ffab5439007345d5fda7fc8b76ec28cd2ace741add598d261c,15659.94078,948.4408293590586,PPO-coload-70-large-r1-B252000,solutions/test-Test-4-000--revision-v4--coload-70/50fc6fc58e4cd9ffab5439007345d5fda7fc8b76ec28cd2ace741add598d261c.json
coload-70,test-Test-4-000--revision-v4--coload-70,51700.426665000006,11290.543029865012,d9855b42e0feaca41bbee513ef62ce6aa8a1605bb1901fb5d9f1b241893c1ca1,15662.468709,944.2254866265224,PPO-coload-70-large-r1-B252000,solutions/test-Test-4-000--revision-v4--coload-70/d9855b42e0feaca41bbee513ef62ce6aa8a1605bb1901fb5d9f1b241893c1ca1.json
coload-70,test-Test-4-000--revision-v4--coload-70,51700.426665000006,11290.543029865012,82f1f53b1886eb1e31f8a214bc91917fee67d3e3423996b0d15f1da69e1e079f,15662.852709000003,943.6824185116583,PPO-coload-70-large-r1-B252000,solutions/test-Test-4-000--revision-v4--coload-70/82f1f53b1886eb1e31f8a214bc91917fee67d3e3423996b0d15f1da69e1e079f.json
coload-70,test-Test-4-000--revision-v4--coload-70,51700.426665000006,11290.543029865012,d198efaff5065f6ec3630edc9722dc2b5723524e81d32607ddd132bcaff681a9,15663.557709,943.1729397643497,PPO-coload-70-large-r1-B252000,solutions/test-Test-4-000--revision-v4--coload-70/d198efaff5065f6ec3630edc9722dc2b5723524e81d32607ddd132bcaff681a9.json
coload-70,test-Test-4-000--revision-v4--coload-70,51700.426665000006,11290.543029865012,cff4d34e7ec6659a4723c82ca71f164e38d46f8a3d82bf73a8a2cbb871ffcb72,15864.69253500001,782.1691602922306,PPO-coload-70-large-r2-B252000,solutions/test-Test-4-000--revision-v4--coload-70/cff4d34e7ec6659a4723c82ca71f164e38d46f8a3d82bf73a8a2cbb871ffcb72.json
coload-70,test-Test-4-000--revision-v4--coload-70,51700.426665000006,11290.543029865012,ce43628eea26a3fd59cf4a071693406c55e3c80aa7bf1cc0ebb76d6aa5ead28c,15932.016255000008,776.693909092371,PPO-coload-70-large-r2-B252000,solutions/test-Test-4-000--revision-v4--coload-70/ce43628eea26a3fd59cf4a071693406c55e3c80aa7bf1cc0ebb76d6aa5ead28c.json
coload-70,test-Test-4-000--revision-v4--coload-70,51700.426665000006,11290.543029865012,306b0d89f1603b1917ca8aeeadd0765084f8ceb37543809bcdaca01e5b835a14,15941.048535000009,768.1695735146702,PPO-coload-70-large-r2-B252000,solutions/test-Test-4-000--revision-v4--coload-70/306b0d89f1603b1917ca8aeeadd0765084f8ceb37543809bcdaca01e5b835a14.json
coload-70,test-Test-4-000--revision-v4--coload-70,51700.426665000006,11290.543029865012,725ea1a3b3f2f4793d6cf5514cd3b412477eaa95b23d99d5e7892c51da5784db,15942.712575000009,767.4793834014049,PPO-coload-70-large-r2-B252000,solutions/test-Test-4-000--revision-v4--coload-70/725ea1a3b3f2f4793d6cf5514cd3b412477eaa95b23d99d5e7892c51da5784db.json
coload-70,test-Test-4-000--revision-v4--coload-70,51700.426665000006,11290.543029865012,1f92b203ec075641b44d40e9b8b6dc7ada358b00206dad27f744d00453782232,15947.324535000007,766.7375286293351,PPO-coload-70-large-r2-B252000,solutions/test-Test-4-000--revision-v4--coload-70/1f92b203ec075641b44d40e9b8b6dc7ada358b00206dad27f744d00453782232.json
coload-70,test-Test-4-000--revision-v4--coload-70,51700.426665000006,11290.543029865012,eae2387481133db24fd5de5a109db4c6a2c4655aa0ba9e5bed5de99a1312c995,15950.40853500001,765.3716416403694,PPO-coload-70-large-r2-B252000,solutions/test-Test-4-000--revision-v4--coload-70/eae2387481133db24fd5de5a109db4c6a2c4655aa0ba9e5bed5de99a1312c995.json
coload-70,test-Test-4-000--revision-v4--coload-70,51700.426665000006,11290.543029865012,f6b693c34a1e2c1bd2a82d2e8b72c0c17e76a892fc33210eb749adc1403fdd00,15951.923535000009,762.0383664500945,PPO-coload-70-large-r2-B252000,solutions/test-Test-4-000--revision-v4--coload-70/f6b693c34a1e2c1bd2a82d2e8b72c0c17e76a892fc33210eb749adc1403fdd00.json
coload-70,test-Test-4-000--revision-v4--coload-70,51700.426665000006,11290.543029865012,1233c23934f2f1e5cac2b1402f9e2a286d1347fface238888665db0dae3ddb5e,15966.595839000007,760.0042714468063,PPO-coload-70-large-r2-B252000,solutions/test-Test-4-000--revision-v4--coload-70/1233c23934f2f1e5cac2b1402f9e2a286d1347fface238888665db0dae3ddb5e.json
coload-70,test-Test-4-000--revision-v4--coload-70,51700.426665000006,11290.543029865012,77275210b2293a1f3b10ee835baa255e7682b389eddeb510654e233754c0245f,15968.01553500001,759.7774283463896,PPO-coload-70-large-r2-B252000,solutions/test-Test-4-000--revision-v4--coload-70/77275210b2293a1f3b10ee835baa255e7682b389eddeb510654e233754c0245f.json
coload-70,test-Test-4-000--revision-v4--coload-70,51700.426665000006,11290.543029865012,b613bd50f48d10ca4affeb82739e464e429292bb9b848343588d649031377f74,15982.687839000007,757.7433333431014,PPO-coload-70-large-r2-B252000,solutions/test-Test-4-000--revision-v4--coload-70/b613bd50f48d10ca4affeb82739e464e429292bb9b848343588d649031377f74.json
coload-70,test-Test-4-000--revision-v4--coload-70,51700.426665000006,11290.543029865012,be3dd3bccde6e66a49a784b663188f318294571e5ba0727360375a0967f67aef,16001.900751000012,756.9724849552599,PPO-coload-70-large-r2-B252000,solutions/test-Test-4-000--revision-v4--coload-70/be3dd3bccde6e66a49a784b663188f318294571e5ba0727360375a0967f67aef.json
coload-70,test-Test-4-000--revision-v4--coload-70,51700.426665000006,11290.543029865012,165cad22dbb8f9a86e7eb36ae62ea91e5c3806daae999c04b80cc41c5613a246,16007.612535000007,756.5594065554935,PPO-coload-70-large-r2-B252000,solutions/test-Test-4-000--revision-v4--coload-70/165cad22dbb8f9a86e7eb36ae62ea91e5c3806daae999c04b80cc41c5613a246.json
coload-70,test-Test-4-000--revision-v4--coload-70,51700.426665000006,11290.543029865012,0f9439063755c046ee664d6c17af69a0fb4e57eaf2ee046342a2ef23215c6a03,16145.257535000008,753.0579999420653,PPO-coload-70-large-r2-B252000,solutions/test-Test-4-000--revision-v4--coload-70/0f9439063755c046ee664d6c17af69a0fb4e57eaf2ee046342a2ef23215c6a03.json
coload-70,test-Test-4-000--revision-v4--coload-70,51700.426665000006,11290.543029865012,8181f48cd539161a12188ec06b2175feaf8cbd53ef6376d68eea5261b8e3dbbe,16203.316535000009,753.0253376152552,PPO-coload-70-large-r2-B252000,solutions/test-Test-4-000--revision-v4--coload-70/8181f48cd539161a12188ec06b2175feaf8cbd53ef6376d68eea5261b8e3dbbe.json
coload-70,test-Test-4-000--revision-v4--coload-70,51700.426665000006,11290.543029865012,c29b89c6a33ff2bdf72510aec8c1473ae171a08de6629409a3f824c869adf56a,16385.588535000006,747.1199626485811,PPO-coload-70-large-r2-B252000,solutions/test-Test-4-000--revision-v4--coload-70/c29b89c6a33ff2bdf72510aec8c1473ae171a08de6629409a3f824c869adf56a.json
coload-70,test-Test-4-000--revision-v4--coload-70,51700.426665000006,11290.543029865012,4b54868aba7ff3ab2c2325ffa6d6bed6c305576aa50515daae59ecd80554368f,16813.978815000006,706.6755139082454,PPO-coload-70-large-r0-B252000,solutions/test-Test-4-000--revision-v4--coload-70/4b54868aba7ff3ab2c2325ffa6d6bed6c305576aa50515daae59ecd80554368f.json
coload-70,test-Test-4-000--revision-v4--coload-70,51700.426665000006,11290.543029865012,cd9e9d1a7ad5392a14984d18c7dbc1141bddbb1b968324abdc259abedcadd134,16838.881815000008,699.1393493950313,PPO-coload-70-large-r0-B252000,solutions/test-Test-4-000--revision-v4--coload-70/cd9e9d1a7ad5392a14984d18c7dbc1141bddbb1b968324abdc259abedcadd134.json
coload-70,test-Test-4-000--revision-v4--coload-70,51700.426665000006,11290.543029865012,b4798c6bbbed2710068a81f66f5e186cfbf7db267218daad9e3a2e15b6f0e569,16845.667815000008,698.7842461425946,PPO-coload-70-large-r0-B252000,solutions/test-Test-4-000--revision-v4--coload-70/b4798c6bbbed2710068a81f66f5e186cfbf7db267218daad9e3a2e15b6f0e569.json
coload-70,test-Test-4-000--revision-v4--coload-70,51700.426665000006,11290.543029865012,4c52f2ea99034fd65ede485c9cc3134f186359dc043b72c4dc8f1e55c97bb9dd,16866.910945000007,698.4560698593098,PPO-coload-70-large-r0-B252000,solutions/test-Test-4-000--revision-v4--coload-70/4c52f2ea99034fd65ede485c9cc3134f186359dc043b72c4dc8f1e55c97bb9dd.json
coload-70,test-Test-4-000--revision-v4--coload-70,51700.426665000006,11290.543029865012,c4f2a4ba6ea6d96a1fdf89274ca41fa99263e2f0407e9bfc4a8951e59218d292,16924.162815000007,698.1451011164443,PPO-coload-70-large-r0-B252000,solutions/test-Test-4-000--revision-v4--coload-70/c4f2a4ba6ea6d96a1fdf89274ca41fa99263e2f0407e9bfc4a8951e59218d292.json
coload-70,test-Test-4-000--revision-v4--coload-70,51700.426665000006,11290.543029865012,17b17518e78c1153826e343a540d3bcd6da7592e894d41cb8908f5ad4738fec2,16925.028513000005,693.0102361737191,PPO-coload-70-large-r0-B252000,solutions/test-Test-4-000--revision-v4--coload-70/17b17518e78c1153826e343a540d3bcd6da7592e894d41cb8908f5ad4738fec2.json
coload-70,test-Test-4-000--revision-v4--coload-70,51700.426665000006,11290.543029865012,b7ee646c5baf1309babfbd70e2be9ea8612b9cee98e43c15e95b7314f3bd121c,16938.301879000006,692.9782324800016,PPO-coload-70-large-r0-B252000,solutions/test-Test-4-000--revision-v4--coload-70/b7ee646c5baf1309babfbd70e2be9ea8612b9cee98e43c15e95b7314f3bd121c.json
coload-70,test-Test-4-000--revision-v4--coload-70,51700.426665000006,11290.543029865012,7a6fefcd0b025a22a42865fdc6521b33a65e7b9bc9b8fbe79a44ecd02cbea9b2,17143.468815000007,692.3962525282183,PPO-coload-70-large-r0-B252000,solutions/test-Test-4-000--revision-v4--coload-70/7a6fefcd0b025a22a42865fdc6521b33a65e7b9bc9b8fbe79a44ecd02cbea9b2.json
coload-70,test-Test-4-000--revision-v4--coload-70,51700.426665000006,11290.543029865012,d7c21289557264bb12c34a13c2f321108ba74825b7dcc98965339ea1c3ae8386,17218.186804,576.2944502200189,PPO-coload-70-large-r1-B252000,solutions/test-Test-4-000--revision-v4--coload-70/d7c21289557264bb12c34a13c2f321108ba74825b7dcc98965339ea1c3ae8386.json
coload-70,test-Test-4-000--revision-v4--coload-70,51700.426665000006,11290.543029865012,bf6073387995726303f2349d214bdb3de38d791bb58f1de7caa615183cbcdd69,17237.730592000004,573.0679256199185,PPO-coload-70-large-r1-B252000,solutions/test-Test-4-000--revision-v4--coload-70/bf6073387995726303f2349d214bdb3de38d791bb58f1de7caa615183cbcdd69.json
coload-70,test-Test-4-000--revision-v4--coload-70,51700.426665000006,11290.543029865012,5829919cb65834ed1378cf53583206bad8658a8fea943dc0fcd2d88d88bc0036,17241.450592,572.7150997484672,PPO-coload-70-large-r1-B252000,solutions/test-Test-4-000--revision-v4--coload-70/5829919cb65834ed1378cf53583206bad8658a8fea943dc0fcd2d88d88bc0036.json
coload-70,test-Test-4-000--revision-v4--coload-70,51700.426665000006,11290.543029865012,0ebd6f2806ebfbc9b5d4c62994a70ad4bb4ee70bc236b33b72865d1a7e9bf722,17241.483592000004,571.6639824431422,PPO-coload-70-large-r1-B252000,solutions/test-Test-4-000--revision-v4--coload-70/0ebd6f2806ebfbc9b5d4c62994a70ad4bb4ee70bc236b33b72865d1a7e9bf722.json
coload-70,test-Test-4-000--revision-v4--coload-70,51700.426665000006,11290.543029865012,83944845ec761af6a4ac13bb08cc17635d304a81a6c5934c3fd88c28c348fe04,17248.79949,571.5572182733532,PPO-coload-70-large-r1-B252000,solutions/test-Test-4-000--revision-v4--coload-70/83944845ec761af6a4ac13bb08cc17635d304a81a6c5934c3fd88c28c348fe04.json
coload-70,test-Test-4-000--revision-v4--coload-70,51700.426665000006,11290.543029865012,8d4ae75435f165a5ec450ef1cf19485150453eea19b9e8550074df905da95680,17272.638391000004,570.1273200070427,PPO-coload-70-large-r1-B252000,solutions/test-Test-4-000--revision-v4--coload-70/8d4ae75435f165a5ec450ef1cf19485150453eea19b9e8550074df905da95680.json
coload-70,test-Test-4-000--revision-v4--coload-70,51700.426665000006,11290.543029865012,8ed0f5530c24ff2960bee7dfe63539a1241aa334ef49b33defd3fda184239278,17280.128179000003,568.5259896716636,PPO-coload-70-large-r1-B252000,solutions/test-Test-4-000--revision-v4--coload-70/8ed0f5530c24ff2960bee7dfe63539a1241aa334ef49b33defd3fda184239278.json
coload-70,test-Test-4-000--revision-v4--coload-70,51700.426665000006,11290.543029865012,41cc3f42b12e3736b16d4e7b3b57fbbeb71412a30ec2176aaebe9f8ac6a5e00e,17292.182179000003,566.9007954069425,PPO-coload-70-large-r1-B252000,solutions/test-Test-4-000--revision-v4--coload-70/41cc3f42b12e3736b16d4e7b3b57fbbeb71412a30ec2176aaebe9f8ac6a5e00e.json
coload-70,test-Test-4-000--revision-v4--coload-70,51700.426665000006,11290.543029865012,58fe71ad964f83f5dd7546ccd77a3af44278bf04d7ecdf401102f86cb96a8492,17295.902179000004,566.5479695354911,PPO-coload-70-large-r1-B252000,solutions/test-Test-4-000--revision-v4--coload-70/58fe71ad964f83f5dd7546ccd77a3af44278bf04d7ecdf401102f86cb96a8492.json
coload-70,test-Test-4-000--revision-v4--coload-70,51700.426665000006,11290.543029865012,fc03cbe5209c823a829f4e5c1d43a16b58a2b15f2f07216702c629842eaf1c88,17295.935179000004,565.4968522301663,PPO-coload-70-large-r1-B252000,solutions/test-Test-4-000--revision-v4--coload-70/fc03cbe5209c823a829f4e5c1d43a16b58a2b15f2f07216702c629842eaf1c88.json
coload-70,test-Test-4-000--revision-v4--coload-70,51700.426665000006,11290.543029865012,d163a03c2e4dd3fc24b7b0b65d285f08a7d6ef26afb274641d01d16978c1b92d,17351.885179,564.0454928756974,PPO-coload-70-large-r1-B252000,solutions/test-Test-4-000--revision-v4--coload-70/d163a03c2e4dd3fc24b7b0b65d285f08a7d6ef26afb274641d01d16978c1b92d.json
coload-70,test-Test-4-000--revision-v4--coload-70,51700.426665000006,11290.543029865012,ffeb0a94ad1303b8b186507c1ea94b6cecf3d0477a34b886831a05a0f4a61c5f,17473.177179000002,563.0745903860352,PPO-coload-70-large-r1-B252000,solutions/test-Test-4-000--revision-v4--coload-70/ffeb0a94ad1303b8b186507c1ea94b6cecf3d0477a34b886831a05a0f4a61c5f.json
coload-70,test-Test-4-000--revision-v4--coload-70,51700.426665000006,11290.543029865012,e88ef1a34c69a0856a88b061261634502ada251265fce1376f7e925c7f5c00ca,17780.230179000002,562.755559304316,PPO-coload-70-large-r1-B252000,solutions/test-Test-4-000--revision-v4--coload-70/e88ef1a34c69a0856a88b061261634502ada251265fce1376f7e925c7f5c00ca.json
coload-70,test-Test-4-000--revision-v4--coload-70,51700.426665000006,11290.543029865012,6d91b805cd5830a4c7cb3703dfe00df4ed8ed1eddfbc179f9f9d1879aec704ba,18052.602080999997,528.8624330838209,PPO-coload-70-large-r1-B252000,solutions/test-Test-4-000--revision-v4--coload-70/6d91b805cd5830a4c7cb3703dfe00df4ed8ed1eddfbc179f9f9d1879aec704ba.json
coload-70,test-Test-4-000--revision-v4--coload-70,51700.426665000006,11290.543029865012,214b4514b90667d01b787abed314f7aed21c896133983497cf07b20cbd0b6bb9,18054.603081,527.3911494431574,PPO-coload-70-large-r1-B252000,solutions/test-Test-4-000--revision-v4--coload-70/214b4514b90667d01b787abed314f7aed21c896133983497cf07b20cbd0b6bb9.json
coload-70,test-Test-4-000--revision-v4--coload-70,51700.426665000006,11290.543029865012,25c333dcde86e0dea3c2359d4c3856aedce3d8f40dad86ae5e9bac6994fac8fb,18058.236081000003,526.928660855868,PPO-coload-70-large-r1-B252000,solutions/test-Test-4-000--revision-v4--coload-70/25c333dcde86e0dea3c2359d4c3856aedce3d8f40dad86ae5e9bac6994fac8fb.json
coload-70,test-Test-4-000--revision-v4--coload-70,51700.426665000006,11290.543029865012,f6f48c6405f28292299489b2258a0c65de5702e48929428a9c2177f7f47bbf55,18061.689080999997,526.3043538854079,PPO-coload-70-large-r1-B252000,solutions/test-Test-4-000--revision-v4--coload-70/f6f48c6405f28292299489b2258a0c65de5702e48929428a9c2177f7f47bbf55.json
coload-70,test-Test-4-000--revision-v4--coload-70,51700.426665000006,11290.543029865012,fc449b902aec1fc1c2eb56bbcc4aed4647a104dc0e165ac78482393cde0fe8b6,18065.517080999998,525.7329915350663,PPO-coload-70-large-r1-B252000,solutions/test-Test-4-000--revision-v4--coload-70/fc449b902aec1fc1c2eb56bbcc4aed4647a104dc0e165ac78482393cde0fe8b6.json
coload-70,test-Test-4-000--revision-v4--coload-70,51700.426665000006,11290.543029865012,d44bab0de088ac9152b02624dcbfdf645d9df1aee2b06e6a75dfc1446c07663c,18071.769081,525.6346421487683,PPO-coload-70-large-r1-B252000,solutions/test-Test-4-000--revision-v4--coload-70/d44bab0de088ac9152b02624dcbfdf645d9df1aee2b06e6a75dfc1446c07663c.json
coload-70,test-Test-4-000--revision-v4--coload-70,51700.426665000006,11290.543029865012,601c8a4e54b17363e2a1c5300146643856ff89750cd8ced18bbe870789cae2d4,18071.967081000003,525.2064333165913,PPO-coload-70-large-r1-B252000,solutions/test-Test-4-000--revision-v4--coload-70/601c8a4e54b17363e2a1c5300146643856ff89750cd8ced18bbe870789cae2d4.json
coload-70,test-Test-4-000--revision-v4--coload-70,51700.426665000006,11290.543029865012,5f5191c5f0e7a8f8cd8941a055b64b1d5bf37f42ccfa157c83a4eaea116d0cc5,18079.050081,524.4389728279667,PPO-coload-70-large-r1-B252000,solutions/test-Test-4-000--revision-v4--coload-70/5f5191c5f0e7a8f8cd8941a055b64b1d5bf37f42ccfa157c83a4eaea116d0cc5.json
coload-70,test-Test-4-000--revision-v4--coload-70,51700.426665000006,11290.543029865012,e153eb17d8efbb3a15db9ddc73dea8fdcfa4dcea5ce6194d1d0981519e318e1e,18079.248080999998,524.0107639957898,PPO-coload-70-large-r1-B252000,solutions/test-Test-4-000--revision-v4--coload-70/e153eb17d8efbb3a15db9ddc73dea8fdcfa4dcea5ce6194d1d0981519e318e1e.json
coload-70,test-Test-4-000--revision-v4--coload-70,51700.426665000006,11290.543029865012,b51941d5653145115f16d0b317159101388f72f51958e66b525c27a3747227b8,18091.617081,523.3220990684664,PPO-coload-70-large-r1-B252000,solutions/test-Test-4-000--revision-v4--coload-70/b51941d5653145115f16d0b317159101388f72f51958e66b525c27a3747227b8.json
coload-70,test-Test-4-000--revision-v4--coload-70,51700.426665000006,11290.543029865012,a0b70b75b376d42cc326281d99ccbd4db33a8f2395627b6806d2ac6109833997,18200.392770000002,520.2607364913948,PPO-coload-70-large-r1-B252000,solutions/test-Test-4-000--revision-v4--coload-70/a0b70b75b376d42cc326281d99ccbd4db33a8f2395627b6806d2ac6109833997.json
coload-70,test-Test-4-000--revision-v4--coload-70,51700.426665000006,11290.543029865012,64c656c6d6d9cdbd343562132cf879eccfa56bc6add5ec4246ccf932d758fa06,18215.460081,519.3385026184201,PPO-coload-70-large-r1-B252000,solutions/test-Test-4-000--revision-v4--coload-70/64c656c6d6d9cdbd343562132cf879eccfa56bc6add5ec4246ccf932d758fa06.json
coload-70,test-Test-4-000--revision-v4--coload-70,51700.426665000006,11290.543029865012,3437b0d9fb8d9744492a24db7dd532a078838deab2738fe67653e64d73996104,18228.693080999998,519.1917462034203,PPO-coload-70-large-r1-B252000,solutions/test-Test-4-000--revision-v4--coload-70/3437b0d9fb8d9744492a24db7dd532a078838deab2738fe67653e64d73996104.json
coload-70,test-Test-4-000--revision-v4--coload-70,51700.426665000006,11290.543029865012,bf99b7e2f6389bd40d48ae8603c1606b5d1bff8875eefb01934b94a5b441994a,18338.368041,513.7229518740793,PPO-coload-70-large-r1-B252000,solutions/test-Test-4-000--revision-v4--coload-70/bf99b7e2f6389bd40d48ae8603c1606b5d1bff8875eefb01934b94a5b441994a.json
coload-70,test-Test-4-000--revision-v4--coload-70,51700.426665000006,11290.543029865012,b3e9fa3eccee0df94342118a9926f61660fdc02aa48c10859b0a9e7591678492,18783.099756000003,499.45034331069854,PPO-coload-70-large-r1-B252000,solutions/test-Test-4-000--revision-v4--coload-70/b3e9fa3eccee0df94342118a9926f61660fdc02aa48c10859b0a9e7591678492.json
coload-70,test-Test-4-000--revision-v4--coload-70,51700.426665000006,11290.543029865012,c7b5044f31ed172dc724007c86c0ed45c50b68866384bd2a8d13b7d2cda0ce17,18836.298488000004,476.4277301699049,PPO-coload-70-large-r1-B252000,solutions/test-Test-4-000--revision-v4--coload-70/c7b5044f31ed172dc724007c86c0ed45c50b68866384bd2a8d13b7d2cda0ce17.json
coload-70,test-Test-4-000--revision-v4--coload-70,51700.426665000006,11290.543029865012,db96ecd830f7b01705fbf3764dceab4f253a90595493232965cd02e133954d0f,18867.591756,475.66663642765565,PPO-coload-70-large-r1-B252000,solutions/test-Test-4-000--revision-v4--coload-70/db96ecd830f7b01705fbf3764dceab4f253a90595493232965cd02e133954d0f.json
coload-70,test-Test-4-000--revision-v4--coload-70,51700.426665000006,11290.543029865012,7f8e6c669faf4e7cb6249acf1b7fcdd58d8da75dfb65c465f0ac21d9a9cec18e,18881.156628000004,472.5626533453425,PPO-coload-70-large-r1-B252000,solutions/test-Test-4-000--revision-v4--coload-70/7f8e6c669faf4e7cb6249acf1b7fcdd58d8da75dfb65c465f0ac21d9a9cec18e.json
coload-70,test-Test-4-000--revision-v4--coload-70,51700.426665000006,11290.543029865012,3e1a3a145520752580f8e36a13100f7355d5f0778703a4cd708122852046ebd6,18895.571610000003,471.3770414971639,PPO-coload-70-large-r1-B252000,solutions/test-Test-4-000--revision-v4--coload-70/3e1a3a145520752580f8e36a13100f7355d5f0778703a4cd708122852046ebd6.json
coload-70,test-Test-4-000--revision-v4--coload-70,51700.426665000006,11290.543029865012,73ff9284faf1706761e482c18aa265171884469bba2ef135c8b3fd938606bb4b,18909.801756,470.46879065790375,PPO-coload-70-large-r1-B252000,solutions/test-Test-4-000--revision-v4--coload-70/73ff9284faf1706761e482c18aa265171884469bba2ef135c8b3fd938606bb4b.json
coload-70,test-Test-4-000--revision-v4--coload-70,51700.426665000006,11290.543029865012,854bab47af067f7daf55e21df0b7432311682505df3db5d2e3f4245264ac1e89,18960.617564,470.2631222737478,PPO-coload-70-large-r1-B252000,solutions/test-Test-4-000--revision-v4--coload-70/854bab47af067f7daf55e21df0b7432311682505df3db5d2e3f4245264ac1e89.json
coload-70,test-Test-4-000--revision-v4--coload-70,51700.426665000006,11290.543029865012,2bce29004ef10e42349f0ded68808e3818cbb3e31978bebc1f0f32d1efe83b0c,18988.742684,470.1601933407644,PPO-coload-70-large-r1-B252000,solutions/test-Test-4-000--revision-v4--coload-70/2bce29004ef10e42349f0ded68808e3818cbb3e31978bebc1f0f32d1efe83b0c.json
coload-70,test-Test-4-000--revision-v4--coload-70,51700.426665000006,11290.543029865012,388eabc5a6f33140bfe1691e55459f5d3a1dcb810875eae0e0c5f5e9f4ddc0e2,18989.603684,468.17925985885506,PPO-coload-70-large-r1-B252000,solutions/test-Test-4-000--revision-v4--coload-70/388eabc5a6f33140bfe1691e55459f5d3a1dcb810875eae0e0c5f5e9f4ddc0e2.json
coload-70,test-Test-4-000--revision-v4--coload-70,51700.426665000006,11290.543029865012,a513122eeedf3b684dd09eb788c02ff5f9ac9f4d75b043d1dcf867244fb6516f,19126.253522,467.56532457440716,PPO-coload-70-large-r1-B252000,solutions/test-Test-4-000--revision-v4--coload-70/a513122eeedf3b684dd09eb788c02ff5f9ac9f4d75b043d1dcf867244fb6516f.json
coload-70,test-Test-4-000--revision-v4--coload-70,51700.426665000006,11290.543029865012,6351d2300661b2aed6e8dd7a428f6cf9fe9e720dd8cafb7cd912af3f65fd153a,19140.483668,466.78184904767943,PPO-coload-70-large-r1-B252000,solutions/test-Test-4-000--revision-v4--coload-70/6351d2300661b2aed6e8dd7a428f6cf9fe9e720dd8cafb7cd912af3f65fd153a.json
coload-70,test-Test-4-000--revision-v4--coload-70,51700.426665000006,11290.543029865012,854f3603bdee62efddaf6e4fa42e2e1f0be38d54fb8c8974b9670df9e0ac41be,19330.08187599999,429.50117880072156,PPO-coload-70-large-r0-B252000,solutions/test-Test-4-000--revision-v4--coload-70/854f3603bdee62efddaf6e4fa42e2e1f0be38d54fb8c8974b9670df9e0ac41be.json
coload-70,test-Test-4-000--revision-v4--coload-70,51700.426665000006,11290.543029865012,a82f6c92d42fb6b77b583db370df290bd7e036bb08001cd32a0a1936b1ab23a4,19338.09355599999,421.6245125172236,PPO-coload-70-large-r0-B252000,solutions/test-Test-4-000--revision-v4--coload-70/a82f6c92d42fb6b77b583db370df290bd7e036bb08001cd32a0a1936b1ab23a4.json
coload-70,test-Test-4-000--revision-v4--coload-70,51700.426665000006,11290.543029865012,8909b2b872534736a7552145cd6fe2826a9225ff3c6d30aad4c61ae03b152325,19342.482555999988,420.3640213317536,PPO-coload-70-large-r0-B252000,solutions/test-Test-4-000--revision-v4--coload-70/8909b2b872534736a7552145cd6fe2826a9225ff3c6d30aad4c61ae03b152325.json
coload-70,test-Test-4-000--revision-v4--coload-70,51700.426665000006,11290.543029865012,48bbd39637c1a422f30b79af404606d2f103da9266067f8eebcc687f09c7c0d1,19370.35255599999,418.73758906322877,PPO-coload-70-large-r0-B252000,solutions/test-Test-4-000--revision-v4--coload-70/48bbd39637c1a422f30b79af404606d2f103da9266067f8eebcc687f09c7c0d1.json
coload-70,test-Test-4-000--revision-v4--coload-70,51700.426665000006,11290.543029865012,be86984a3c6ca363781e76c531d14fbc5e3c95667cf29445239514309f985c13,19390.41356199999,418.5148610344934,PPO-coload-70-large-r0-B252000,solutions/test-Test-4-000--revision-v4--coload-70/be86984a3c6ca363781e76c531d14fbc5e3c95667cf29445239514309f985c13.json
coload-70,test-Test-4-000--revision-v4--coload-70,51700.426665000006,11290.543029865012,434967f5b5ff5ff0805d1b1d401be02f410942f59d3cfe42f9142824197b8ea2,19402.425555999987,417.81206338154186,PPO-coload-70-large-r0-B252000,solutions/test-Test-4-000--revision-v4--coload-70/434967f5b5ff5ff0805d1b1d401be02f410942f59d3cfe42f9142824197b8ea2.json
coload-70,test-Test-4-000--revision-v4--coload-70,51700.426665000006,11290.543029865012,55f5e768d738859d0808427ebff567206c29ac18d31d25e7c7672d01acc78467,19404.93655599999,417.0856439084935,PPO-coload-70-large-r0-B252000,solutions/test-Test-4-000--revision-v4--coload-70/55f5e768d738859d0808427ebff567206c29ac18d31d25e7c7672d01acc78467.json
coload-70,test-Test-4-000--revision-v4--coload-70,51700.426665000006,11290.543029865012,6666fc1ec5a22a1ce3d8da55b2e1b7e258693e2c242b402e969f7faa77eb20b3,19415.86255599999,416.4199052605395,PPO-coload-70-large-r0-B252000,solutions/test-Test-4-000--revision-v4--coload-70/6666fc1ec5a22a1ce3d8da55b2e1b7e258693e2c242b402e969f7faa77eb20b3.json
coload-70,test-Test-4-000--revision-v4--coload-70,51700.426665000006,11290.543029865012,0b3ec6580febd9e7f90093a4d1180abb2d66f55fd32324e34805e05afe0c439a,19445.35855599999,416.1594277461842,PPO-coload-70-large-r0-B252000,solutions/test-Test-4-000--revision-v4--coload-70/0b3ec6580febd9e7f90093a4d1180abb2d66f55fd32324e34805e05afe0c439a.json
coload-70,test-Test-4-000--revision-v4--coload-70,51700.426665000006,11290.543029865012,09a58ad929ad3bd9474a893f2db437b1082caf7dcab27faa4bb08199eef7dbe8,19449.704195999988,415.8316869442765,PPO-coload-70-large-r0-B252000,solutions/test-Test-4-000--revision-v4--coload-70/09a58ad929ad3bd9474a893f2db437b1082caf7dcab27faa4bb08199eef7dbe8.json
coload-70,test-Test-4-000--revision-v4--coload-70,51700.426665000006,11290.543029865012,f6b20199b1abe8d929f3e510e4eca5ec84dbf5e9a4d8d2319ee2d6137c80494a,19513.57555599999,415.3744621102802,PPO-coload-70-large-r0-B252000,solutions/test-Test-4-000--revision-v4--coload-70/f6b20199b1abe8d929f3e510e4eca5ec84dbf5e9a4d8d2319ee2d6137c80494a.json
coload-70,test-Test-4-000--revision-v4--coload-70,51700.426665000006,11290.543029865012,eb64c82ddc300423b4bf31a493e6ecf7dd6a5c4e135d938a2f59420a138c00e2,19623.68958999999,413.8462610572201,PPO-coload-70-large-r0-B252000,solutions/test-Test-4-000--revision-v4--coload-70/eb64c82ddc300423b4bf31a493e6ecf7dd6a5c4e135d938a2f59420a138c00e2.json
coload-70,test-Test-4-000--revision-v4--coload-70,51700.426665000006,11290.543029865012,251d12dd42b124b8755749868e576a8fdf6ba0f3284b8f970b4501e66b7fcb4f,19868.16819599999,413.8164330793885,PPO-coload-70-large-r0-B252000,solutions/test-Test-4-000--revision-v4--coload-70/251d12dd42b124b8755749868e576a8fdf6ba0f3284b8f970b4501e66b7fcb4f.json
coload-70,test-Test-4-000--revision-v4--coload-70,51700.426665000006,11290.543029865012,67229ab0711d9df3769f6b023555686a5bed5b03283ac5dee06d21400c25066e,23628.110329000003,356.3578514140861,PPO-coload-70-large-r0-B252000,solutions/test-Test-4-000--revision-v4--coload-70/67229ab0711d9df3769f6b023555686a5bed5b03283ac5dee06d21400c25066e.json
coload-70,test-Test-4-000--revision-v4--coload-70,51700.426665000006,11290.543029865012,8ec7fceafc068fec2da6db719c2c15b29d339f3d5f35f2a06a84b53518ba3d94,23669.603189,354.5285018703042,PPO-coload-70-large-r0-B252000,solutions/test-Test-4-000--revision-v4--coload-70/8ec7fceafc068fec2da6db719c2c15b29d339f3d5f35f2a06a84b53518ba3d94.json
coload-70,test-Test-4-000--revision-v4--coload-70,51700.426665000006,11290.543029865012,23d7b318b98facb65faad831100c1f79c86cbe70cd1c0f07e40ba1e0bdca3002,23722.873628000005,353.0342504728244,PPO-coload-70-large-r0-B252000,solutions/test-Test-4-000--revision-v4--coload-70/23d7b318b98facb65faad831100c1f79c86cbe70cd1c0f07e40ba1e0bdca3002.json
coload-70,test-Test-4-000--revision-v4--coload-70,51700.426665000006,11290.543029865012,63de7db1ee81cc03fc1de1163d2a1d66e36707ee3055b473b588349d5cf09320,23750.030189000005,352.7851004197452,PPO-coload-70-large-r0-B252000,solutions/test-Test-4-000--revision-v4--coload-70/63de7db1ee81cc03fc1de1163d2a1d66e36707ee3055b473b588349d5cf09320.json
coload-70,test-Test-4-000--revision-v4--coload-70,51700.426665000006,11290.543029865012,176c4b30d87a9942f6a7fa58fcc0cbe50cc8d3ac0d13a6031f5f2dcd29d3c070,23781.995189000005,352.3340136062765,PPO-coload-70-large-r0-B252000,solutions/test-Test-4-000--revision-v4--coload-70/176c4b30d87a9942f6a7fa58fcc0cbe50cc8d3ac0d13a6031f5f2dcd29d3c070.json
coload-70,test-Test-4-000--revision-v4--coload-70,51700.426665000006,11290.543029865012,12d6489edf4a6866b6b31674bcc454ae224a213fb43a066a44257815cd0995c9,23802.050189,351.94836422413744,PPO-coload-70-large-r0-B252000,solutions/test-Test-4-000--revision-v4--coload-70/12d6489edf4a6866b6b31674bcc454ae224a213fb43a066a44257815cd0995c9.json
coload-70,test-Test-4-000--revision-v4--coload-70,51700.426665000006,11290.543029865012,7514c6182b3c0e2b0046bb6782c5ca557d14a51986782ababfd2272ef01d1e23,23822.934289000004,351.85367491533094,PPO-coload-70-large-r0-B252000,solutions/test-Test-4-000--revision-v4--coload-70/7514c6182b3c0e2b0046bb6782c5ca557d14a51986782ababfd2272ef01d1e23.json
coload-70,test-Test-4-000--revision-v4--coload-70,51700.426665000006,11290.543029865012,d08ba607d40be470bbb561a4e44aea36e26beeff3b6ca6c5b2ef485d583e4def,23826.986189000003,351.62302014245245,PPO-coload-70-large-r0-B252000,solutions/test-Test-4-000--revision-v4--coload-70/d08ba607d40be470bbb561a4e44aea36e26beeff3b6ca6c5b2ef485d583e4def.json
coload-70,test-Test-4-000--revision-v4--coload-70,51700.426665000006,11290.543029865012,4af985205508c4403a85a601f86436f5b72cbe58286225b010c65cd988d6e7d8,23827.127189000006,350.97343757573896,PPO-coload-70-large-r0-B252000,solutions/test-Test-4-000--revision-v4--coload-70/4af985205508c4403a85a601f86436f5b72cbe58286225b010c65cd988d6e7d8.json
coload-70,test-Test-4-000--revision-v4--coload-70,51700.426665000006,11290.543029865012,1771df93dd0d5b8517802465ea9a0e0d0e1e343fe41183b674e7041b11b7df78,24007.127189000006,350.3235266752604,PPO-coload-70-large-r0-B252000,solutions/test-Test-4-000--revision-v4--coload-70/1771df93dd0d5b8517802465ea9a0e0d0e1e343fe41183b674e7041b11b7df78.json
coload-70,test-Test-4-000--revision-v4--coload-70,51700.426665000006,11290.543029865012,93832ff3fe5062b6519e829cdeb4320898cd78ec7f501d9b944877a738508092,24009.134189000004,350.30785826330407,PPO-coload-70-large-r0-B252000,solutions/test-Test-4-000--revision-v4--coload-70/93832ff3fe5062b6519e829cdeb4320898cd78ec7f501d9b944877a738508092.json
coload-70,test-Test-4-000--revision-v4--coload-70,51700.426665000006,11290.543029865012,27ed1c4939b3e3fb4292f0b84dfb321a1f63d37440f3c1618d7af8092c1444fa,24064.707326000003,349.16734479681344,PPO-coload-70-large-r0-B252000,solutions/test-Test-4-000--revision-v4--coload-70/27ed1c4939b3e3fb4292f0b84dfb321a1f63d37440f3c1618d7af8092c1444fa.json
coload-70,test-Test-4-000--revision-v4--coload-70,51700.426665000006,11290.543029865012,db151e88c5c19ddeabf66c95ae78762658a8b35995473a8062c665a0b88b01ff,25274.250649999987,332.2957303905862,PPO-coload-70-large-r1-B252000,solutions/test-Test-4-000--revision-v4--coload-70/db151e88c5c19ddeabf66c95ae78762658a8b35995473a8062c665a0b88b01ff.json
coload-70,test-Test-4-000--revision-v4--coload-70,51700.426665000006,11290.543029865012,147abc79b84e3b94a4f0ba15ec0ef51b4ef4a4bcd021260821c78ce5aef3db05,25274.25964999999,331.9746428966961,PPO-coload-70-large-r1-B252000,solutions/test-Test-4-000--revision-v4--coload-70/147abc79b84e3b94a4f0ba15ec0ef51b4ef4a4bcd021260821c78ce5aef3db05.json
coload-70,test-Test-4-000--revision-v4--coload-70,51700.426665000006,11290.543029865012,1c8bc12ec233587d86a51e7102518b133024d6c427bdd265871637505fd132da,25299.74686999999,330.0006726122958,PPO-coload-70-large-r1-B252000,solutions/test-Test-4-000--revision-v4--coload-70/1c8bc12ec233587d86a51e7102518b133024d6c427bdd265871637505fd132da.json
coload-70,test-Test-4-000--revision-v4--coload-70,51700.426665000006,11290.543029865012,4627320577fb00ebeb7f6a72818ff3f3197da6777b206bdd6790722c6786a49e,25408.46464999999,329.1543444996847,PPO-coload-70-large-r1-B252000,solutions/test-Test-4-000--revision-v4--coload-70/4627320577fb00ebeb7f6a72818ff3f3197da6777b206bdd6790722c6786a49e.json
coload-70,test-Test-4-000--revision-v4--coload-70,51700.426665000006,11290.543029865012,138ad9d0a3587d436991ce0b2668c940c7246c0c0bacc88a545466f696ca2d83,25434.91455499999,328.8532106096465,PPO-coload-70-large-r1-B252000,solutions/test-Test-4-000--revision-v4--coload-70/138ad9d0a3587d436991ce0b2668c940c7246c0c0bacc88a545466f696ca2d83.json
coload-70,test-Test-4-000--revision-v4--coload-70,51700.426665000006,11290.543029865012,03b986d8b1014d5edbf258a2bffef147778bbe0a088654c8626071774bec73d0,25452.26731999999,328.5444446288517,PPO-coload-70-large-r1-B252000,solutions/test-Test-4-000--revision-v4--coload-70/03b986d8b1014d5edbf258a2bffef147778bbe0a088654c8626071774bec73d0.json
coload-70,test-Test-4-000--revision-v4--coload-70,51700.426665000006,11290.543029865012,79efdb8c3550240dc4e28bd5d87d9c0186c9b6229b826bbe52d4dff6c7033beb,25452.46264999999,328.32106819620714,PPO-coload-70-large-r1-B252000,solutions/test-Test-4-000--revision-v4--coload-70/79efdb8c3550240dc4e28bd5d87d9c0186c9b6229b826bbe52d4dff6c7033beb.json
coload-70,test-Test-4-000--revision-v4--coload-70,51700.426665000006,11290.543029865012,bbbcd6315fef77997b804fb938a2629c2b9ece89c9869caa355ed5da6dfdb353,25481.100474999992,328.0523393942677,PPO-coload-70-large-r1-B252000,solutions/test-Test-4-000--revision-v4--coload-70/bbbcd6315fef77997b804fb938a2629c2b9ece89c9869caa355ed5da6dfdb353.json
coload-70,test-Test-4-000--revision-v4--coload-70,51700.426665000006,11290.543029865012,acca4f6829daed6bc77c271fdf3312dbb20a280d2ad79972d39f08702859c59b,25487.14564999999,327.94538193811246,PPO-coload-70-large-r1-B252000,solutions/test-Test-4-000--revision-v4--coload-70/acca4f6829daed6bc77c271fdf3312dbb20a280d2ad79972d39f08702859c59b.json
coload-70,test-Test-4-000--revision-v4--coload-70,51700.426665000006,11290.543029865012,ec3f9c9336462032db205d1c00087949c359772a2d28d4b38c4dd4123b31f070,25490.061649999992,327.6147409565088,PPO-coload-70-large-r1-B252000,solutions/test-Test-4-000--revision-v4--coload-70/ec3f9c9336462032db205d1c00087949c359772a2d28d4b38c4dd4123b31f070.json
coload-70,test-Test-4-000--revision-v4--coload-70,51700.426665000006,11290.543029865012,6aa8526afb1678aff198a2863429d5fe3bf8cf353f06e22e392d38f8f6e55b75,25499.955649999993,327.56678527028816,PPO-coload-70-large-r1-B252000,solutions/test-Test-4-000--revision-v4--coload-70/6aa8526afb1678aff198a2863429d5fe3bf8cf353f06e22e392d38f8f6e55b75.json
coload-70,test-Test-4-000--revision-v4--coload-70,51700.426665000006,11290.543029865012,5d0f3cc9ca9dff86977021bd400b5a61332dfaacb196eee39c9d47e62cf9fd89,25547.19897499999,327.5483965681533,PPO-coload-70-large-r1-B252000,solutions/test-Test-4-000--revision-v4--coload-70/5d0f3cc9ca9dff86977021bd400b5a61332dfaacb196eee39c9d47e62cf9fd89.json
coload-70,test-Test-4-000--revision-v4--coload-70,51700.426665000006,11290.543029865012,5021c5c8eed0bdc106f39be452d7c60f3678b789616646b1cd383c3d91a72ffc,25564.05664999999,326.958907717274,PPO-coload-70-large-r1-B252000,solutions/test-Test-4-000--revision-v4--coload-70/5021c5c8eed0bdc106f39be452d7c60f3678b789616646b1cd383c3d91a72ffc.json
coload-70,test-Test-4-000--revision-v4--coload-70,51700.426665000006,11290.543029865012,0600d062d4dfbac48d38211ac90181416396e3f1370daed66f0dbfcc608f0a11,25641.09064999999,326.8565439131464,PPO-coload-70-large-r1-B252000,solutions/test-Test-4-000--revision-v4--coload-70/0600d062d4dfbac48d38211ac90181416396e3f1370daed66f0dbfcc608f0a11.json
coload-80,test-Test-4-000--revision-v4--coload-80,51700.426665000006,12658.145376024047,a790fde5ca8fad57ca1f01557ef3fdb8a36a6e07d8690fd61241853ca53b89d1,14236.337994000003,2975.719869553527,PPO-coload-80-large-r1-B252000,solutions/test-Test-4-000--revision-v4--coload-80/a790fde5ca8fad57ca1f01557ef3fdb8a36a6e07d8690fd61241853ca53b89d1.json
coload-80,test-Test-4-000--revision-v4--coload-80,51700.426665000006,12658.145376024047,edd36d9d00be7e3c816e467219a190bd6f986fbec76f2bb3890fccb6e27f924b,14244.305994000002,2972.517941298151,PPO-coload-80-large-r1-B252000,solutions/test-Test-4-000--revision-v4--coload-80/edd36d9d00be7e3c816e467219a190bd6f986fbec76f2bb3890fccb6e27f924b.json
coload-80,test-Test-4-000--revision-v4--coload-80,51700.426665000006,12658.145376024047,fb87f7a7f34dd741b8b351654b9ede38e2aa02ece7de488f448f94cdaa23ecaa,14244.800994000003,2922.566726158693,PPO-coload-80-large-r1-B252000,solutions/test-Test-4-000--revision-v4--coload-80/fb87f7a7f34dd741b8b351654b9ede38e2aa02ece7de488f448f94cdaa23ecaa.json
coload-80,test-Test-4-000--revision-v4--coload-80,51700.426665000006,12658.145376024047,12e6f3d4b0b8657cf1275dcdf5292ad43e788aae36d6ba767a4128fbf183bea1,14324.580335999995,2792.367417113039,PPO-coload-80-large-r2-B252000,solutions/test-Test-4-000--revision-v4--coload-80/12e6f3d4b0b8657cf1275dcdf5292ad43e788aae36d6ba767a4128fbf183bea1.json
coload-80,test-Test-4-000--revision-v4--coload-80,51700.426665000006,12658.145376024047,60f86517ec5d000a26b06598a217b0f1bdadc8f3a5e61fc5af5c0766b5c7e576,14329.255843999996,2780.9188166599706,PPO-coload-80-large-r2-B252000,solutions/test-Test-4-000--revision-v4--coload-80/60f86517ec5d000a26b06598a217b0f1bdadc8f3a5e61fc5af5c0766b5c7e576.json
coload-80,test-Test-4-000--revision-v4--coload-80,51700.426665000006,12658.145376024047,d76740ab5adf822983c4e326e391f988548dbd74a40dce6b55fb88879611ebc6,14418.978335999996,2779.6541106638297,PPO-coload-80-large-r2-B252000,solutions/test-Test-4-000--revision-v4--coload-80/d76740ab5adf822983c4e326e391f988548dbd74a40dce6b55fb88879611ebc6.json
coload-80,test-Test-4-000--revision-v4--coload-80,51700.426665000006,12658.145376024047,369ca8ad2fa3c2acfa159beadb360966bbfc409c6e3fd66d402094604b209434,14515.868335999996,2774.0308047028857,PPO-coload-80-large-r2-B252000,solutions/test-Test-4-000--revision-v4--coload-80/369ca8ad2fa3c2acfa159beadb360966bbfc409c6e3fd66d402094604b209434.json
coload-80,test-Test-4-000--revision-v4--coload-80,51700.426665000006,12658.145376024047,273f8d44c94351a5249719866d2b667d0775b6e54abcc5db33cb4d881f76d964,14548.415335999998,2745.673623101844,PPO-coload-80-large-r2-B252000,solutions/test-Test-4-000--revision-v4--coload-80/273f8d44c94351a5249719866d2b667d0775b6e54abcc5db33cb4d881f76d964.json
coload-80,test-Test-4-000--revision-v4--coload-80,51700.426665000006,12658.145376024047,316ffc4c6c2600d3bcbbd61bab2aaecb502693343540a8853bc9147773e22316,14679.812825,1587.1431637451053,PPO-coload-80-large-r1-B252000,solutions/test-Test-4-000--revision-v4--coload-80/316ffc4c6c2600d3bcbbd61bab2aaecb502693343540a8853bc9147773e22316.json
coload-80,test-Test-4-000--revision-v4--coload-80,51700.426665000006,12658.145376024047,c8c3a3a8fb61570c82df43fa75f00d8567b3cc2b06d592d4662f8afa9d82f886,14704.844825000002,1557.0961757695409,PPO-coload-80-large-r1-B252000,solutions/test-Test-4-000--revision-v4--coload-80/c8c3a3a8fb61570c82df43fa75f00d8567b3cc2b06d592d4662f8afa9d82f886.json
coload-80,test-Test-4-000--revision-v4--coload-80,51700.426665000006,12658.145376024047,dbdeb8f5790b00788aabc30af99ab1c21549456acc2b665ce4c72a0e3470c87f,14746.613825000002,1556.0126416936075,PPO-coload-80-large-r1-B252000,solutions/test-Test-4-000--revision-v4--coload-80/dbdeb8f5790b00788aabc30af99ab1c21549456acc2b665ce4c72a0e3470c87f.json
coload-80,test-Test-4-000--revision-v4--coload-80,51700.426665000006,12658.145376024047,73af33c0df629ca1aab50540896bced632ba0b678c0dc284d63a35e918956e60,14788.673825000002,1533.632318680134,PPO-coload-80-large-r1-B252000,solutions/test-Test-4-000--revision-v4--coload-80/73af33c0df629ca1aab50540896bced632ba0b678c0dc284d63a35e918956e60.json
coload-80,test-Test-4-000--revision-v4--coload-80,51700.426665000006,12658.145376024047,4ebff5c223c1e2d5af976bfe092c146e3b9187bf944d795bebc72db7ce7f3e52,14813.159825,1476.9790020100013,PPO-coload-80-large-r1-B252000,solutions/test-Test-4-000--revision-v4--coload-80/4ebff5c223c1e2d5af976bfe092c146e3b9187bf944d795bebc72db7ce7f3e52.json
coload-80,test-Test-4-000--revision-v4--coload-80,51700.426665000006,12658.145376024047,f0d94e706acaaef7704a64cdaded3ba9bb4e12bec966c2ec2ee8a182de5be632,14817.482825000001,1474.2786647103267,PPO-coload-80-large-r1-B252000,solutions/test-Test-4-000--revision-v4--coload-80/f0d94e706acaaef7704a64cdaded3ba9bb4e12bec966c2ec2ee8a182de5be632.json
coload-80,test-Test-4-000--revision-v4--coload-80,51700.426665000006,12658.145376024047,ad803650fb29577ca9c9d356159e530376713bf6fa0ed8146bad02e6bc1ef271,14858.939825,1472.3949011303384,PPO-coload-80-large-r1-B252000,solutions/test-Test-4-000--revision-v4--coload-80/ad803650fb29577ca9c9d356159e530376713bf6fa0ed8146bad02e6bc1ef271.json
coload-80,test-Test-4-000--revision-v4--coload-80,51700.426665000006,12658.145376024047,00c79f7c00750e8698741e1084154be019209bc51774e6b744c7883f5bba36e1,14863.838825,1472.3635623776056,PPO-coload-80-large-r1-B252000,solutions/test-Test-4-000--revision-v4--coload-80/00c79f7c00750e8698741e1084154be019209bc51774e6b744c7883f5bba36e1.json
coload-80,test-Test-4-000--revision-v4--coload-80,51700.426665000006,12658.145376024047,0d6b8d83da4ca1f3e4a95f21e10e1a9d2ddd4e4e8eb16f0a35b38da40e46e881,14866.505824999998,1462.9564907312133,PPO-coload-80-large-r1-B252000,solutions/test-Test-4-000--revision-v4--coload-80/0d6b8d83da4ca1f3e4a95f21e10e1a9d2ddd4e4e8eb16f0a35b38da40e46e881.json
coload-80,test-Test-4-000--revision-v4--coload-80,51700.426665000006,12658.145376024047,e49ee80fbd79ea392e215ce98082d2666c1e60b9fdbafd1096ed080dac47d1ec,14873.849825,1454.7555005120105,PPO-coload-80-large-r1-B252000,solutions/test-Test-4-000--revision-v4--coload-80/e49ee80fbd79ea392e215ce98082d2666c1e60b9fdbafd1096ed080dac47d1ec.json
coload-80,test-Test-4-000--revision-v4--coload-80,51700.426665000006,12658.145376024047,64e9bd46fe96784867918832317e80126e8f778c26007116c8a75ab92fdd56bd,14965.151825,1447.1228958144436,PPO-coload-80-large-r1-B252000,solutions/test-Test-4-000--revision-v4--coload-80/64e9bd46fe96784867918832317e80126e8f778c26007116c8a75ab92fdd56bd.json
coload-80,test-Test-4-000--revision-v4--coload-80,51700.426665000006,12658.145376024047,7a96127fa87fd4f4d9ea9da1a4fc0c1ca1af86d42c3973a9c54305a2cf770e36,15039.349095999998,1287.517021346511,PPO-coload-80-large-r0-B252000,solutions/test-Test-4-000--revision-v4--coload-80/7a96127fa87fd4f4d9ea9da1a4fc0c1ca1af86d42c3973a9c54305a2cf770e36.json
coload-80,test-Test-4-000--revision-v4--coload-80,51700.426665000006,12658.145376024047,4409ae7b416b6ca906facc98a4a977e94759ceb201f3a30c767f90f6721df9a1,15079.217846,1264.2529213375449,PPO-coload-80-large-r0-B252000,solutions/test-Test-4-000--revision-v4--coload-80/4409ae7b416b6ca906facc98a4a977e94759ceb201f3a30c767f90f6721df9a1.json
coload-80,test-Test-4-000--revision-v4--coload-80,51700.426665000006,12658.145376024047,1d9ec5b83c7257fb2c747f9cb2732a5a2ad1a2d5258e59f56893bb43d2372c73,15088.927096,1263.6290979300486,PPO-coload-80-large-r0-B252000,solutions/test-Test-4-000--revision-v4--coload-80/1d9ec5b83c7257fb2c747f9cb2732a5a2ad1a2d5258e59f56893bb43d2372c73.json
coload-80,test-Test-4-000--revision-v4--coload-80,51700.426665000006,12658.145376024047,6d96845ce0f18766fe7aa8270d55f22032e548bd0d2be9758d33d2638d9550c4,15091.761926,1260.9628717186345,PPO-coload-80-large-r0-B252000,solutions/test-Test-4-000--revision-v4--coload-80/6d96845ce0f18766fe7aa8270d55f22032e548bd0d2be9758d33d2638d9550c4.json
coload-80,test-Test-4-000--revision-v4--coload-80,51700.426665000006,12658.145376024047,d62244472446fe7b5b775c1e3f16a327b60b25d2670e27960ee1de699d5e6eff,15092.744845999998,1251.9354088394232,PPO-coload-80-large-r0-B252000,solutions/test-Test-4-000--revision-v4--coload-80/d62244472446fe7b5b775c1e3f16a327b60b25d2670e27960ee1de699d5e6eff.json
coload-80,test-Test-4-000--revision-v4--coload-80,51700.426665000006,12658.145376024047,3fa2a458fad07ae57651b872530accfa2a0183009b299f43e2bba76a46005c1b,15094.886845999998,1243.9742234478267,PPO-coload-80-large-r0-B252000,solutions/test-Test-4-000--revision-v4--coload-80/3fa2a458fad07ae57651b872530accfa2a0183009b299f43e2bba76a46005c1b.json
coload-80,test-Test-4-000--revision-v4--coload-80,51700.426665000006,12658.145376024047,3338c602a8aef3e34340c1c51ee03b63bb0d41c7412022098a08df0b4b503480,15099.440845999998,1241.5080168746495,PPO-coload-80-large-r0-B252000,solutions/test-Test-4-000--revision-v4--coload-80/3338c602a8aef3e34340c1c51ee03b63bb0d41c7412022098a08df0b4b503480.json
coload-80,test-Test-4-000--revision-v4--coload-80,51700.426665000006,12658.145376024047,66c322b10952d7b8569803c708739491aa5551727855005fb188e1b57b6be521,15111.717375999997,1232.8582641093633,PPO-coload-80-large-r2-B252000,solutions/test-Test-4-000--revision-v4--coload-80/66c322b10952d7b8569803c708739491aa5551727855005fb188e1b57b6be521.json
coload-80,test-Test-4-000--revision-v4--coload-80,51700.426665000006,12658.145376024047,3ff13b387d271e1633d419f139085ac73fe70a281d8ee28833dbb8f247fa399b,15113.307375999997,1228.2753024937122,PPO-coload-80-large-r2-B252000,solutions/test-Test-4-000--revision-v4--coload-80/3ff13b387d271e1633d419f139085ac73fe70a281d8ee28833dbb8f247fa399b.json
coload-80,test-Test-4-000--revision-v4--coload-80,51700.426665000006,12658.145376024047,3a02658393a5cbaffe1dca07732c0ebe6d41533ae4b397c11f2df2260af2b130,15113.316375999995,1228.126161524084,PPO-coload-80-large-r2-B252000,solutions/test-Test-4-000--revision-v4--coload-80/3a02658393a5cbaffe1dca07732c0ebe6d41533ae4b397c11f2df2260af2b130.json
coload-80,test-Test-4-000--revision-v4--coload-80,51700.426665000006,12658.145376024047,360304b4506ceee19539aa3c9b1e0ddc413f8aa0d649dbadbf2475e39c88543b,15113.361375999997,1226.492125364827,PPO-coload-80-large-r2-B252000,solutions/test-Test-4-000--revision-v4--coload-80/360304b4506ceee19539aa3c9b1e0ddc413f8aa0d649dbadbf2475e39c88543b.json
coload-80,test-Test-4-000--revision-v4--coload-80,51700.426665000006,12658.145376024047,92c53d249748691403bf532a79afed45510d2b3dc816d044b4327a83a32ea9bf,15115.461375999996,1225.8375580098532,PPO-coload-80-large-r2-B252000,solutions/test-Test-4-000--revision-v4--coload-80/92c53d249748691403bf532a79afed45510d2b3dc816d044b4327a83a32ea9bf.json
coload-80,test-Test-4-000--revision-v4--coload-80,51700.426665000006,12658.145376024047,76d855cd765e996ef87eae9859cdb0c758f61d173a3d91ac05beab3f57347400,15119.886375999995,1224.968218448715,PPO-coload-80-large-r2-B252000,solutions/test-Test-4-000--revision-v4--coload-80/76d855cd765e996ef87eae9859cdb0c758f61d173a3d91ac05beab3f57347400.json
coload-80,test-Test-4-000--revision-v4--coload-80,51700.426665000006,12658.145376024047,0e1fc74d93ebc74f7386f7300f07167dacecec53a257e8c44245bf14d63d3dd5,15134.781375999995,1224.9157606121296,PPO-coload-80-large-r2-B252000,solutions/test-Test-4-000--revision-v4--coload-80/0e1fc74d93ebc74f7386f7300f07167dacecec53a257e8c44245bf14d63d3dd5.json
coload-80,test-Test-4-000--revision-v4--coload-80,51700.426665000006,12658.145376024047,6515991fd0f4219cf5625b999f4bae8a0d0cacb87e5331faf4ddab5967e38ad2,15146.583375999995,1220.2326567424773,PPO-coload-80-large-r2-B252000,solutions/test-Test-4-000--revision-v4--coload-80/6515991fd0f4219cf5625b999f4bae8a0d0cacb87e5331faf4ddab5967e38ad2.json
coload-80,test-Test-4-000--revision-v4--coload-80,51700.426665000006,12658.145376024047,828717f3f85fa9704cb9a9745ae48236d40a198ac76d4cb3960e56fac523a772,15149.184375999997,1219.971992888777,PPO-coload-80-large-r2-B252000,solutions/test-Test-4-000--revision-v4--coload-80/828717f3f85fa9704cb9a9745ae48236d40a198ac76d4cb3960e56fac523a772.json
coload-80,test-Test-4-000--revision-v4--coload-80,51700.426665000006,12658.145376024047,04f7c00cc63055b189cd5e2d28d026a69d52fdbf776031649780fdb9caaf7d9f,15150.129375999997,1218.2481685144407,PPO-coload-80-large-r2-B252000,solutions/test-Test-4-000--revision-v4--coload-80/04f7c00cc63055b189cd5e2d28d026a69d52fdbf776031649780fdb9caaf7d9f.json
coload-80,test-Test-4-000--revision-v4--coload-80,51700.426665000006,12658.145376024047,134673ccbf85be9d5f2e4177e7a67e0d24eca041db59564a491f70215f92b11b,15150.138375999995,1218.0990275448123,PPO-coload-80-large-r2-B252000,solutions/test-Test-4-000--revision-v4--coload-80/134673ccbf85be9d5f2e4177e7a67e0d24eca041db59564a491f70215f92b11b.json
coload-80,test-Test-4-000--revision-v4--coload-80,51700.426665000006,12658.145376024047,b209828aec5f807df4e993e56ff0ceea24a45eb1c534c9c327a381e24dd14bcd,15150.183375999997,1216.4649913855555,PPO-coload-80-large-r2-B252000,solutions/test-Test-4-000--revision-v4--coload-80/b209828aec5f807df4e993e56ff0ceea24a45eb1c534c9c327a381e24dd14bcd.json
coload-80,test-Test-4-000--revision-v4--coload-80,51700.426665000006,12658.145376024047,18e4248fd97db94a444fbab5128ee36568b56de20c309dcfbb09dbb6e89cdf68,15153.183375999995,1215.4074880265275,PPO-coload-80-large-r2-B252000,solutions/test-Test-4-000--revision-v4--coload-80/18e4248fd97db94a444fbab5128ee36568b56de20c309dcfbb09dbb6e89cdf68.json
coload-80,test-Test-4-000--revision-v4--coload-80,51700.426665000006,12658.145376024047,197faa71c0d353de03dd6e439beb791076f6e0938ac4bcf47aeb4ad5159f8bef,15174.198375999997,1213.8874628099213,PPO-coload-80-large-r2-B252000,solutions/test-Test-4-000--revision-v4--coload-80/197faa71c0d353de03dd6e439beb791076f6e0938ac4bcf47aeb4ad5159f8bef.json
coload-80,test-Test-4-000--revision-v4--coload-80,51700.426665000006,12658.145376024047,f5261f5a45dc9b85f2321f79791ad50c7cba345fd2d81677f52e1a326d458399,15176.679375999996,1204.3130396792121,PPO-coload-80-large-r2-B252000,solutions/test-Test-4-000--revision-v4--coload-80/f5261f5a45dc9b85f2321f79791ad50c7cba345fd2d81677f52e1a326d458399.json
coload-80,test-Test-4-000--revision-v4--coload-80,51700.426665000006,12658.145376024047,b33747adbee534478ef43e1ffd2435e950749823cb47ad4db8e71c782639b89b,15206.616375999998,1185.6117766645739,PPO-coload-80-large-r2-B252000,solutions/test-Test-4-000--revision-v4--coload-80/b33747adbee534478ef43e1ffd2435e950749823cb47ad4db8e71c782639b89b.json
coload-80,test-Test-4-000--revision-v4--coload-80,51700.426665000006,12658.145376024047,ff64474d052b63a73647eefbefbef23920c1f09e323894761f1521402e1ef4fb,15227.799937,1062.9211197318293,PPO-coload-80-large-r0-B252000,solutions/test-Test-4-000--revision-v4--coload-80/ff64474d052b63a73647eefbefbef23920c1f09e323894761f1521402e1ef4fb.json
coload-80,test-Test-4-000--revision-v4--coload-80,51700.426665000006,12658.145376024047,000f2f99080c643a39e27143df70737a4a76bb1af301fae9a6103d76538c8ecf,15228.183937,1052.4552812724942,PPO-coload-80-large-r0-B252000,solutions/test-Test-4-000--revision-v4--coload-80/000f2f99080c643a39e27143df70737a4a76bb1af301fae9a6103d76538c8ecf.json
coload-80,test-Test-4-000--revision-v4--coload-80,51700.426665000006,12658.145376024047,91a13066fa03b287141baac0d93b2cb9e46a7aa1b7a07f79da7fbef342707c95,15228.336937,1051.747420860129,PPO-coload-80-large-r0-B252000,solutions/test-Test-4-000--revision-v4--coload-80/91a13066fa03b287141baac0d93b2cb9e46a7aa1b7a07f79da7fbef342707c95.json
coload-80,test-Test-4-000--revision-v4--coload-80,51700.426665000006,12658.145376024047,cacd221b3d759ec97ceebe0f5c1cf9a8c5a1c5d0690465332cc667fd0412fa14,15261.831937,1051.339108412185,PPO-coload-80-large-r0-B252000,solutions/test-Test-4-000--revision-v4--coload-80/cacd221b3d759ec97ceebe0f5c1cf9a8c5a1c5d0690465332cc667fd0412fa14.json
coload-80,test-Test-4-000--revision-v4--coload-80,51700.426665000006,12658.145376024047,e5f777fa39d750e14646698c3951b2975ef9025364629e79378d3eb9988e260f,15261.984937000001,1050.6312479998198,PPO-coload-80-large-r0-B252000,solutions/test-Test-4-000--revision-v4--coload-80/e5f777fa39d750e14646698c3951b2975ef9025364629e79378d3eb9988e260f.json
coload-80,test-Test-4-000--revision-v4--coload-80,51700.426665000006,12658.145376024047,627c8f184f8708ab1e3410c2dd1cb2a3364ffce9160614c75f24458d7529ec54,15277.110937000001,1049.8054138712491,PPO-coload-80-large-r0-B252000,solutions/test-Test-4-000--revision-v4--coload-80/627c8f184f8708ab1e3410c2dd1cb2a3364ffce9160614c75f24458d7529ec54.json
coload-80,test-Test-4-000--revision-v4--coload-80,51700.426665000006,12658.145376024047,a55b432ad10779695885ae2a0e9d7c6d877136c79a40ada84323d36217abe238,15279.888937000002,1044.097949408066,PPO-coload-80-large-r0-B252000,solutions/test-Test-4-000--revision-v4--coload-80/a55b432ad10779695885ae2a0e9d7c6d877136c79a40ada84323d36217abe238.json
coload-80,test-Test-4-000--revision-v4--coload-80,51700.426665000006,12658.145376024047,bd158c00fac8f66fa26750eda325096e49b3a905ec74ef77e63482d595f1db52,15300.975937000003,1043.7512539436811,PPO-coload-80-large-r0-B252000,solutions/test-Test-4-000--revision-v4--coload-80/bd158c00fac8f66fa26750eda325096e49b3a905ec74ef77e63482d595f1db52.json
coload-80,test-Test-4-000--revision-v4--coload-80,51700.426665000006,12658.145376024047,abba8d7421b5d92f04d4a41518c935a1b184ae495fa4d691ced91d6029551d24,15353.610937,1039.6661456483262,PPO-coload-80-large-r0-B252000,solutions/test-Test-4-000--revision-v4--coload-80/abba8d7421b5d92f04d4a41518c935a1b184ae495fa4d691ced91d6029551d24.json
coload-80,test-Test-4-000--revision-v4--coload-80,51700.426665000006,12658.145376024047,3c7c053b407ea4ef24883aa60e900ea3a3416a2494fa4cc8d5acf5f441eea84f,15435.765937000002,1038.0260284199214,PPO-coload-80-large-r0-B252000,solutions/test-Test-4-000--revision-v4--coload-80/3c7c053b407ea4ef24883aa60e900ea3a3416a2494fa4cc8d5acf5f441eea84f.json
coload-80,test-Test-4-000--revision-v4--coload-80,51700.426665000006,12658.145376024047,445a3b80da80103f9adcac60fc40dc0c69e1ce9e1a5eb681980a07bb5fda66e7,15462.258937,1031.3092668752158,PPO-coload-80-large-r0-B252000,solutions/test-Test-4-000--revision-v4--coload-80/445a3b80da80103f9adcac60fc40dc0c69e1ce9e1a5eb681980a07bb5fda66e7.json
coload-80,test-Test-4-000--revision-v4--coload-80,51700.426665000006,12658.145376024047,95dc16890734548f572afd7029f61816b3b9f6ce4b5ddb96c96c0a22a4b2355e,15897.735383000001,838.1049972676708,PPO-coload-80-large-r1-B252000,solutions/test-Test-4-000--revision-v4--coload-80/95dc16890734548f572afd7029f61816b3b9f6ce4b5ddb96c96c0a22a4b2355e.json
coload-80,test-Test-4-000--revision-v4--coload-80,51700.426665000006,12658.145376024047,3489f746ccd46040b5f871961070baa68c30e7f540e30c96dfc6124befd2301d,15900.683696,810.8706153903312,PPO-coload-80-large-r1-B252000,solutions/test-Test-4-000--revision-v4--coload-80/3489f746ccd46040b5f871961070baa68c30e7f540e30c96dfc6124befd2301d.json
coload-80,test-Test-4-000--revision-v4--coload-80,51700.426665000006,12658.145376024047,2229c7cfbbd73f1817bc56f488dfbd2c54359fb5a19e35a53e8edccde7ece822,15901.305284000002,808.2721631027578,PPO-coload-80-large-r1-B252000,solutions/test-Test-4-000--revision-v4--coload-80/2229c7cfbbd73f1817bc56f488dfbd2c54359fb5a19e35a53e8edccde7ece822.json
coload-80,test-Test-4-000--revision-v4--coload-80,51700.426665000006,12658.145376024047,a68a109fbddf0545fe4e7a57cbc4554a24a1e6a79f4ec2cd227e15e49ed97cca,15904.875284000002,805.8121050582372,PPO-coload-80-large-r1-B252000,solutions/test-Test-4-000--revision-v4--coload-80/a68a109fbddf0545fe4e7a57cbc4554a24a1e6a79f4ec2cd227e15e49ed97cca.json
coload-80,test-Test-4-000--revision-v4--coload-80,51700.426665000006,12658.145376024047,8626eb6a857b840cd6a3ecdd1fce404a334dad027f86e39f9ff722490711a50b,15905.580284,805.3473779702156,PPO-coload-80-large-r1-B252000,solutions/test-Test-4-000--revision-v4--coload-80/8626eb6a857b840cd6a3ecdd1fce404a334dad027f86e39f9ff722490711a50b.json
coload-80,test-Test-4-000--revision-v4--coload-80,51700.426665000006,12658.145376024047,d1e04c9b17aaf61b0d62070d91a26dd4a72f907de51ed12a1e3affd0fcc3dd81,15909.150284,804.4277262865918,PPO-coload-80-large-r1-B252000,solutions/test-Test-4-000--revision-v4--coload-80/d1e04c9b17aaf61b0d62070d91a26dd4a72f907de51ed12a1e3affd0fcc3dd81.json
coload-80,test-Test-4-000--revision-v4--coload-80,51700.426665000006,12658.145376024047,9d09b0ee087c21d9325582546b294bf04982830b6ab2b2473085c0b8f4c09133,15946.341575,802.9765395802054,PPO-coload-80-large-r1-B252000,solutions/test-Test-4-000--revision-v4--coload-80/9d09b0ee087c21d9325582546b294bf04982830b6ab2b2473085c0b8f4c09133.json
coload-80,test-Test-4-000--revision-v4--coload-80,51700.426665000006,12658.145376024047,d525d194b140f22bf482a3ba47ca258410f7095e844c43ccf1fa4218184c5fa7,15961.884575,800.8457465409118,PPO-coload-80-large-r1-B252000,solutions/test-Test-4-000--revision-v4--coload-80/d525d194b140f22bf482a3ba47ca258410f7095e844c43ccf1fa4218184c5fa7.json
coload-80,test-Test-4-000--revision-v4--coload-80,51700.426665000006,12658.145376024047,72f02463561ed6e0f28b73fde77e8592827b506f1080e4e79319460535fe7f04,15970.766986999999,797.4867489645723,PPO-coload-80-large-r1-B252000,solutions/test-Test-4-000--revision-v4--coload-80/72f02463561ed6e0f28b73fde77e8592827b506f1080e4e79319460535fe7f04.json
coload-80,test-Test-4-000--revision-v4--coload-80,51700.426665000006,12658.145376024047,3ec037aa621c7943d6b85558e8538b83078bee4a7ce0d941302feb84c4868dc2,15971.388575,793.5566174004164,PPO-coload-80-large-r1-B252000,solutions/test-Test-4-000--revision-v4--coload-80/3ec037aa621c7943d6b85558e8538b83078bee4a7ce0d941302feb84c4868dc2.json
coload-80,test-Test-4-000--revision-v4--coload-80,51700.426665000006,12658.145376024047,1ccbfe06316c257a8a86498e60c949e8d5191c69e8ef5c49971b3520c0237d65,15974.958575,791.0965593558958,PPO-coload-80-large-r1-B252000,solutions/test-Test-4-000--revision-v4--coload-80/1ccbfe06316c257a8a86498e60c949e8d5191c69e8ef5c49971b3520c0237d65.json
coload-80,test-Test-4-000--revision-v4--coload-80,51700.426665000006,12658.145376024047,df67753610a57683f974205ba0dec51f541c864130917d64598421a7a3ff3507,15975.663575,790.6318322678743,PPO-coload-80-large-r1-B252000,solutions/test-Test-4-000--revision-v4--coload-80/df67753610a57683f974205ba0dec51f541c864130917d64598421a7a3ff3507.json
coload-80,test-Test-4-000--revision-v4--coload-80,51700.426665000006,12658.145376024047,704bbf4bd5f146800e322904162745ff0edb36eef10c83723fc166281757c9c1,15982.851575,790.3015359084272,PPO-coload-80-large-r1-B252000,solutions/test-Test-4-000--revision-v4--coload-80/704bbf4bd5f146800e322904162745ff0edb36eef10c83723fc166281757c9c1.json
coload-80,test-Test-4-000--revision-v4--coload-80,51700.426665000006,12658.145376024047,490712d07a2e397bef09edeb7678fd0113c3a30e197401f2e0ed7cd37b8b971e,15993.081575000002,789.0792443710963,PPO-coload-80-large-r1-B252000,solutions/test-Test-4-000--revision-v4--coload-80/490712d07a2e397bef09edeb7678fd0113c3a30e197401f2e0ed7cd37b8b971e.json
coload-80,test-Test-4-000--revision-v4--coload-80,51700.426665000006,12658.145376024047,e9e30916e7ed3faa88eadbd6f5db3a12d75afd6da92dfa2a6f7a342dbace2b67,16003.851574999999,787.1582222218468,PPO-coload-80-large-r1-B252000,solutions/test-Test-4-000--revision-v4--coload-80/e9e30916e7ed3faa88eadbd6f5db3a12d75afd6da92dfa2a6f7a342dbace2b67.json
coload-80,test-Test-4-000--revision-v4--coload-80,51700.426665000006,12658.145376024047,8a4a309e74b9a184b4941fff4faba90717f9f6dded02c8d6b449d91b29437fb9,16085.483575,781.5019894000311,PPO-coload-80-large-r1-B252000,solutions/test-Test-4-000--revision-v4--coload-80/8a4a309e74b9a184b4941fff4faba90717f9f6dded02c8d6b449d91b29437fb9.json
coload-80,test-Test-4-000--revision-v4--coload-80,51700.426665000006,12658.145376024047,e1e483fc09729c20c177ff24f0086138c269f68a5b22a7f6a52cace482755819,16179.279227,780.8971110438357,PPO-coload-80-large-r1-B252000,solutions/test-Test-4-000--revision-v4--coload-80/e1e483fc09729c20c177ff24f0086138c269f68a5b22a7f6a52cace482755819.json
coload-80,test-Test-4-000--revision-v4--coload-80,51700.426665000006,12658.145376024047,d33d8956915c70563285668b4f765aaafa207652828bec585ec1c50280adefc4,16252.875779000002,780.2120516176541,PPO-coload-80-large-r1-B252000,solutions/test-Test-4-000--revision-v4--coload-80/d33d8956915c70563285668b4f765aaafa207652828bec585ec1c50280adefc4.json
coload-80,test-Test-4-000--revision-v4--coload-80,51700.426665000006,12658.145376024047,bb6e562428e79a4310496581bc4e1e69324e45bea5bf50811734bd32d43267b2,16356.533580000007,779.5820157273793,PPO-coload-80-large-r0-B252000,solutions/test-Test-4-000--revision-v4--coload-80/bb6e562428e79a4310496581bc4e1e69324e45bea5bf50811734bd32d43267b2.json
coload-80,test-Test-4-000--revision-v4--coload-80,51700.426665000006,12658.145376024047,cf345943e474c7bcd59ce07eba23884cd6ccf543411465609ba56f0c654e0444,16373.936580000005,775.5992087139027,PPO-coload-80-large-r0-B252000,solutions/test-Test-4-000--revision-v4--coload-80/cf345943e474c7bcd59ce07eba23884cd6ccf543411465609ba56f0c654e0444.json
coload-80,test-Test-4-000--revision-v4--coload-80,51700.426665000006,12658.145376024047,152336e6a609e7449d7677f2db88e38a04626250c0bb344b52d667aa2abb0417,16374.362580000005,773.1986584359678,PPO-coload-80-large-r0-B252000,solutions/test-Test-4-000--revision-v4--coload-80/152336e6a609e7449d7677f2db88e38a04626250c0bb344b52d667aa2abb0417.json
coload-80,test-Test-4-000--revision-v4--coload-80,51700.426665000006,12658.145376024047,07a34d1b1af4840faf2a398bccc2d24d8efdf0279dea94926e1360a3b4e84a27,16405.427580000007,771.9852251382611,PPO-coload-80-large-r0-B252000,solutions/test-Test-4-000--revision-v4--coload-80/07a34d1b1af4840faf2a398bccc2d24d8efdf0279dea94926e1360a3b4e84a27.json
coload-80,test-Test-4-000--revision-v4--coload-80,51700.426665000006,12658.145376024047,51c4ad83cd35c863cef682795ca91f240ea72c8a20bc824f7b3ade9b6d31df96,16412.132580000005,768.6961752986657,PPO-coload-80-large-r0-B252000,solutions/test-Test-4-000--revision-v4--coload-80/51c4ad83cd35c863cef682795ca91f240ea72c8a20bc824f7b3ade9b6d31df96.json
coload-80,test-Test-4-000--revision-v4--coload-80,51700.426665000006,12658.145376024047,7f822b0e7e0b62cb97e3b79d57267d4f294a32e1e6f7e7cfb699f90f808127bd,16423.427580000007,767.1186525066133,PPO-coload-80-large-r0-B252000,solutions/test-Test-4-000--revision-v4--coload-80/7f822b0e7e0b62cb97e3b79d57267d4f294a32e1e6f7e7cfb699f90f808127bd.json
coload-80,test-Test-4-000--revision-v4--coload-80,51700.426665000006,12658.145376024047,06c2697ce443414a30b5c45a5fc0cc1e1de5acf5d58f79dba08dc887119f5ca2,16423.853580000006,764.7181022286785,PPO-coload-80-large-r0-B252000,solutions/test-Test-4-000--revision-v4--coload-80/06c2697ce443414a30b5c45a5fc0cc1e1de5acf5d58f79dba08dc887119f5ca2.json
coload-80,test-Test-4-000--revision-v4--coload-80,51700.426665000006,12658.145376024047,743a1b226a91e145499dd43719d62d2666930d681ce381ab40317550be528b2b,16436.693580000006,763.9032642166203,PPO-coload-80-large-r0-B252000,solutions/test-Test-4-000--revision-v4--coload-80/743a1b226a91e145499dd43719d62d2666930d681ce381ab40317550be528b2b.json
coload-80,test-Test-4-000--revision-v4--coload-80,51700.426665000006,12658.145376024047,27a411dc8495da403b5dce643af12edd5d7fce28b7e0fb471a84b5dfda19c77e,16449.710580000003,762.4598406099597,PPO-coload-80-large-r0-B252000,solutions/test-Test-4-000--revision-v4--coload-80/27a411dc8495da403b5dce643af12edd5d7fce28b7e0fb471a84b5dfda19c77e.json
coload-80,test-Test-4-000--revision-v4--coload-80,51700.426665000006,12658.145376024047,9c529f34e7c6612988202e2902a66d33152887ef85874fc21da4c3d272e3cc00,16468.331580000005,760.9373830981591,PPO-coload-80-large-r0-B252000,solutions/test-Test-4-000--revision-v4--coload-80/9c529f34e7c6612988202e2902a66d33152887ef85874fc21da4c3d272e3cc00.json
coload-80,test-Test-4-000--revision-v4--coload-80,51700.426665000006,12658.145376024047,be26b5fbdf364d3419bc6a5cefce226c07ca8e9904448a97d6d37656a7428dff,16472.127976000003,760.0020019547394,PPO-coload-80-large-r0-B252000,solutions/test-Test-4-000--revision-v4--coload-80/be26b5fbdf364d3419bc6a5cefce226c07ca8e9904448a97d6d37656a7428dff.json
coload-80,test-Test-4-000--revision-v4--coload-80,51700.426665000006,12658.145376024047,16be1c444322758ec38ef12adef07bfae0000ed312ac554ab1858f782e4e44b0,16505.837580000003,758.8457987958981,PPO-coload-80-large-r0-B252000,solutions/test-Test-4-000--revision-v4--coload-80/16be1c444322758ec38ef12adef07bfae0000ed312ac554ab1858f782e4e44b0.json
coload-80,test-Test-4-000--revision-v4--coload-80,51700.426665000006,12658.145376024047,acdb20ad0e4a069b81dcfa22e95434126bdda0c6cd56161b8e0fd6bc1ae2a0a0,16702.039580000008,752.6490719188668,PPO-coload-80-large-r0-B252000,solutions/test-Test-4-000--revision-v4--coload-80/acdb20ad0e4a069b81dcfa22e95434126bdda0c6cd56161b8e0fd6bc1ae2a0a0.json
coload-80,test-Test-4-000--revision-v4--coload-80,51700.426665000006,12658.145376024047,fd20e9d0c59c0fa92d0699f047d541f72c39284c282308613d950c2b768cd999,17342.085659000004,743.8474190703685,PPO-coload-80-large-r2-B252000,solutions/test-Test-4-000--revision-v4--coload-80/fd20e9d0c59c0fa92d0699f047d541f72c39284c282308613d950c2b768cd999.json
coload-80,test-Test-4-000--revision-v4--coload-80,51700.426665000006,12658.145376024047,d0fb1a059f964cd8785ca531b2e62d829d3a19f3f24cd3b1274312748b8f34b6,17347.747531000008,719.1835429235176,PPO-coload-80-large-r2-B252000,solutions/test-Test-4-000--revision-v4--coload-80/d0fb1a059f964cd8785ca531b2e62d829d3a19f3f24cd3b1274312748b8f34b6.json
coload-80,test-Test-4-000--revision-v4--coload-80,51700.426665000006,12658.145376024047,ba6c953ceef12be8dd876aba85ca84e0a9d22c342bd49e11efbe023071e8404f,17360.830531000007,703.7840266758727,PPO-coload-80-large-r2-B252000,solutions/test-Test-4-000--revision-v4--coload-80/ba6c953ceef12be8dd876aba85ca84e0a9d22c342bd49e11efbe023071e8404f.json
coload-80,test-Test-4-000--revision-v4--coload-80,51700.426665000006,12658.145376024047,fb21bf9d945500d84efe465a42f81e4fa73f6b5165e9a99738588f30193fd9e3,17408.368531000007,699.6473470702487,PPO-coload-80-large-r2-B252000,solutions/test-Test-4-000--revision-v4--coload-80/fb21bf9d945500d84efe465a42f81e4fa73f6b5165e9a99738588f30193fd9e3.json
coload-80,test-Test-4-000--revision-v4--coload-80,51700.426665000006,12658.145376024047,5caf3feccaeaf14c8beccb57a9a5543ee513c359d9660b16b2abda95fc1aa26b,17411.839531000005,688.8447295250012,PPO-coload-80-large-r2-B252000,solutions/test-Test-4-000--revision-v4--coload-80/5caf3feccaeaf14c8beccb57a9a5543ee513c359d9660b16b2abda95fc1aa26b.json
coload-80,test-Test-4-000--revision-v4--coload-80,51700.426665000006,12658.145376024047,ec8435f135386c7699ff850c8410d817ed791dd9d38383b0ff55138193b04c03,17415.601531000004,688.5624925196721,PPO-coload-80-large-r2-B252000,solutions/test-Test-4-000--revision-v4--coload-80/ec8435f135386c7699ff850c8410d817ed791dd9d38383b0ff55138193b04c03.json
coload-80,test-Test-4-000--revision-v4--coload-80,51700.426665000006,12658.145376024047,9f9cd98457bd1010151c51651db504c8b98fe6d452d4e56b53eeb2a7c582a142,17415.790531000006,688.2006345221037,PPO-coload-80-large-r2-B252000,solutions/test-Test-4-000--revision-v4--coload-80/9f9cd98457bd1010151c51651db504c8b98fe6d452d4e56b53eeb2a7c582a142.json
coload-80,test-Test-4-000--revision-v4--coload-80,51700.426665000006,12658.145376024047,e71d31e45e7e40a20449ec093e10de61d45164b91f85256527085c5cb45ddd5b,17415.844531000002,688.1669595913376,PPO-coload-80-large-r2-B252000,solutions/test-Test-4-000--revision-v4--coload-80/e71d31e45e7e40a20449ec093e10de61d45164b91f85256527085c5cb45ddd5b.json
coload-80,test-Test-4-000--revision-v4--coload-80,51700.426665000006,12658.145376024047,3d38064302594e890df774752cebcce8455b44bf94e6b87f5f5f3597e38ed9dd,17449.827531000003,679.8890255029243,PPO-coload-80-large-r2-B252000,solutions/test-Test-4-000--revision-v4--coload-80/3d38064302594e890df774752cebcce8455b44bf94e6b87f5f5f3597e38ed9dd.json
coload-80,test-Test-4-000--revision-v4--coload-80,51700.426665000006,12658.145376024047,ad38061dd93528dbb151fb7c4d5b0be2f6c0a6833a2a0cdd6c98ad46fb9d979e,17453.589531,679.6067884975952,PPO-coload-80-large-r2-B252000,solutions/test-Test-4-000--revision-v4--coload-80/ad38061dd93528dbb151fb7c4d5b0be2f6c0a6833a2a0cdd6c98ad46fb9d979e.json
coload-80,test-Test-4-000--revision-v4--coload-80,51700.426665000006,12658.145376024047,2617b72bcfafaaeb5511f1a651403a05fc23b54a6917a4cea822e4b33d222c4f,17453.832531000004,679.2112555692607,PPO-coload-80-large-r2-B252000,solutions/test-Test-4-000--revision-v4--coload-80/2617b72bcfafaaeb5511f1a651403a05fc23b54a6917a4cea822e4b33d222c4f.json
coload-80,test-Test-4-000--revision-v4--coload-80,51700.426665000006,12658.145376024047,884eeec76f35802785a5234587a1ff03a5df96d2e7f5381e9584ca10189e7b50,17500.824531000006,675.217492066357,PPO-coload-80-large-r2-B252000,solutions/test-Test-4-000--revision-v4--coload-80/884eeec76f35802785a5234587a1ff03a5df96d2e7f5381e9584ca10189e7b50.json
coload-80,test-Test-4-000--revision-v4--coload-80,51700.426665000006,12658.145376024047,deb437f32681954684ac5550741e1f686730bc5db9f40151b3d8b3b78a128adc,17519.496531000004,673.542099923516,PPO-coload-80-large-r2-B252000,solutions/test-Test-4-000--revision-v4--coload-80/deb437f32681954684ac5550741e1f686730bc5db9f40151b3d8b3b78a128adc.json
coload-80,test-Test-4-000--revision-v4--coload-80,51700.426665000006,12658.145376024047,60d1000be6b90498a6818f4768f38900869daae9e13d1a0fd5d9c9ca44e7bc48,17651.750781000002,671.6691652366154,PPO-coload-80-large-r2-B252000,solutions/test-Test-4-000--revision-v4--coload-80/60d1000be6b90498a6818f4768f38900869daae9e13d1a0fd5d9c9ca44e7bc48.json
coload-80,test-Test-4-000--revision-v4--coload-80,51700.426665000006,12658.145376024047,24db2f1c2c48802cf0abd1c9b6fcbaba05a7a2dcc9ed8018923fcf3871107b70,17853.426899000006,667.7194999117072,PPO-coload-80-large-r2-B252000,solutions/test-Test-4-000--revision-v4--coload-80/24db2f1c2c48802cf0abd1c9b6fcbaba05a7a2dcc9ed8018923fcf3871107b70.json
coload-80,test-Test-4-000--revision-v4--coload-80,51700.426665000006,12658.145376024047,79a623e229d010f4e4e6155d420c3e4ad9f7331c7f55623c70a766298b0f8f78,18125.747080999994,643.4615035109981,PPO-coload-80-large-r0-B252000,solutions/test-Test-4-000--revision-v4--coload-80/79a623e229d010f4e4e6155d420c3e4ad9f7331c7f55623c70a766298b0f8f78.json
coload-80,test-Test-4-000--revision-v4--coload-80,51700.426665000006,12658.145376024047,655e67cad503b5092cf41e90841afee6b153a4d7c66c0b75534292ce2322d763,18131.142064999996,643.3711655459948,PPO-coload-80-large-r0-B252000,solutions/test-Test-4-000--revision-v4--coload-80/655e67cad503b5092cf41e90841afee6b153a4d7c66c0b75534292ce2322d763.json
coload-80,test-Test-4-000--revision-v4--coload-80,51700.426665000006,12658.145376024047,69be14f71880ee862c92a823963d7a6fe9ba3e2e1299e6efdd7a51bb7c4005dc,18139.984432999998,642.3417622594718,PPO-coload-80-large-r0-B252000,solutions/test-Test-4-000--revision-v4--coload-80/69be14f71880ee862c92a823963d7a6fe9ba3e2e1299e6efdd7a51bb7c4005dc.json
coload-80,test-Test-4-000--revision-v4--coload-80,51700.426665000006,12658.145376024047,ca55d9c2aa06ebda8f0cbea4af86c6157a9d5507aca96a593b0201548223025f,18161.739976999997,637.8423112571834,PPO-coload-80-large-r0-B252000,solutions/test-Test-4-000--revision-v4--coload-80/ca55d9c2aa06ebda8f0cbea4af86c6157a9d5507aca96a593b0201548223025f.json
coload-80,test-Test-4-000--revision-v4--coload-80,51700.426665000006,12658.145376024047,221d436bc55114fed55649908d40a5d747467e27e9bc84c76f6bafe0c4b8529a,18176.566794,535.1877885429379,PPO-coload-80-large-r1-B252000,solutions/test-Test-4-000--revision-v4--coload-80/221d436bc55114fed55649908d40a5d747467e27e9bc84c76f6bafe0c4b8529a.json
coload-80,test-Test-4-000--revision-v4--coload-80,51700.426665000006,12658.145376024047,435f981ab9ca9f5029999cdf4feb4f85c9bb3fcce26faa0ae7a422a9767290a7,18215.872794,531.9699636673528,PPO-coload-80-large-r1-B252000,solutions/test-Test-4-000--revision-v4--coload-80/435f981ab9ca9f5029999cdf4feb4f85c9bb3fcce26faa0ae7a422a9767290a7.json
coload-80,test-Test-4-000--revision-v4--coload-80,51700.426665000006,12658.145376024047,acae0cc72ed36bdbda8e8f3b73a92fb7f15199d903cd691eaad0250b6959ffaf,18246.928794,531.6440055352065,PPO-coload-80-large-r1-B252000,solutions/test-Test-4-000--revision-v4--coload-80/acae0cc72ed36bdbda8e8f3b73a92fb7f15199d903cd691eaad0250b6959ffaf.json
coload-80,test-Test-4-000--revision-v4--coload-80,51700.426665000006,12658.145376024047,e3ef98b62bfa46aeb429b3477ebd9e80982567a7c6462dc5d61e297e222d9ef5,18253.129794,529.3406527873143,PPO-coload-80-large-r1-B252000,solutions/test-Test-4-000--revision-v4--coload-80/e3ef98b62bfa46aeb429b3477ebd9e80982567a7c6462dc5d61e297e222d9ef5.json
coload-80,test-Test-4-000--revision-v4--coload-80,51700.426665000006,12658.145376024047,f8792140618dcff61abb12dcb81e4934ba12048bb51569606f28294700b4a6b3,18257.644794,529.1267431087887,PPO-coload-80-large-r1-B252000,solutions/test-Test-4-000--revision-v4--coload-80/f8792140618dcff61abb12dcb81e4934ba12048bb51569606f28294700b4a6b3.json
coload-80,test-Test-4-000--revision-v4--coload-80,51700.426665000006,12658.145376024047,f3ee43ec4e4948ff89de7e3f8a1f669c5600667c55dc986d9f6fec1112c357f6,18257.716794,528.9747770873621,PPO-coload-80-large-r1-B252000,solutions/test-Test-4-000--revision-v4--coload-80/f3ee43ec4e4948ff89de7e3f8a1f669c5600667c55dc986d9f6fec1112c357f6.json
coload-80,test-Test-4-000--revision-v4--coload-80,51700.426665000006,12658.145376024047,6cfa689b5a98ef390a68e6a6c4d6cc1d60bf6880f65cc64596b1d5a7081a69b6,18292.126793999996,528.8335334888054,PPO-coload-80-large-r1-B252000,solutions/test-Test-4-000--revision-v4--coload-80/6cfa689b5a98ef390a68e6a6c4d6cc1d60bf6880f65cc64596b1d5a7081a69b6.json
coload-80,test-Test-4-000--revision-v4--coload-80,51700.426665000006,12658.145376024047,cf7bcac8faa355f237c2707dba0fdb388abb611b980474a4fa0d48dda8a74e12,18327.457793999998,528.0619704588318,PPO-coload-80-large-r1-B252000,solutions/test-Test-4-000--revision-v4--coload-80/cf7bcac8faa355f237c2707dba0fdb388abb611b980474a4fa0d48dda8a74e12.json
coload-80,test-Test-4-000--revision-v4--coload-80,51700.426665000006,12658.145376024047,847b673dea40bff50028ec71b1a13b2da75671c60d00348c22c1d9d3d7f3ff54,18434.958794,525.8367369397099,PPO-coload-80-large-r1-B252000,solutions/test-Test-4-000--revision-v4--coload-80/847b673dea40bff50028ec71b1a13b2da75671c60d00348c22c1d9d3d7f3ff54.json
coload-80,test-Test-4-000--revision-v4--coload-80,51700.426665000006,12658.145376024047,dc7bc7102011ee2c856bd04decc521ad83447ecc6f0eafd21b03d33cb01a0fc3,18491.587794,525.3534868763362,PPO-coload-80-large-r1-B252000,solutions/test-Test-4-000--revision-v4--coload-80/dc7bc7102011ee2c856bd04decc521ad83447ecc6f0eafd21b03d33cb01a0fc3.json
coload-80,test-Test-4-000--revision-v4--coload-80,51700.426665000006,12658.145376024047,39fcbbd155d8f9e51483d9800b79d58550e78167d9aa5530635fab8f86797f1e,19088.125,518.9325256191938,PPO-coload-80-large-r2-B252000,solutions/test-Test-4-000--revision-v4--coload-80/39fcbbd155d8f9e51483d9800b79d58550e78167d9aa5530635fab8f86797f1e.json
coload-80,test-Test-4-000--revision-v4--coload-80,51700.426665000006,12658.145376024047,94535a23312969110f392a92e36bd6a5021da5a6a94f017f3b2726e2e6e08962,19159.936450999998,507.2613623102918,PPO-coload-80-large-r1-B252000,solutions/test-Test-4-000--revision-v4--coload-80/94535a23312969110f392a92e36bd6a5021da5a6a94f017f3b2726e2e6e08962.json
coload-80,test-Test-4-000--revision-v4--coload-80,51700.426665000006,12658.145376024047,a57d1933710b5f88be4752b10cdfe67bdac7d6b6baa6bbf1f9b59304e12ae53f,19165.218632,502.586655228363,PPO-coload-80-large-r1-B252000,solutions/test-Test-4-000--revision-v4--coload-80/a57d1933710b5f88be4752b10cdfe67bdac7d6b6baa6bbf1f9b59304e12ae53f.json
coload-80,test-Test-4-000--revision-v4--coload-80,51700.426665000006,12658.145376024047,48f2cd8302b1a1487b06dd4cde4689963c7f1684654ed3fbc92327751a899aff,19226.510143,502.1085050309999,PPO-coload-80-large-r1-B252000,solutions/test-Test-4-000--revision-v4--coload-80/48f2cd8302b1a1487b06dd4cde4689963c7f1684654ed3fbc92327751a899aff.json
coload-80,test-Test-4-000--revision-v4--coload-80,51700.426665000006,12658.145376024047,fa03444ad0a3da879d489ca77d7dd0fe281565d9402946c8cc9d6669671eddd2,19231.291323999998,498.36789580814514,PPO-coload-80-large-r1-B252000,solutions/test-Test-4-000--revision-v4--coload-80/fa03444ad0a3da879d489ca77d7dd0fe281565d9402946c8cc9d6669671eddd2.json
coload-80,test-Test-4-000--revision-v4--coload-80,51700.426665000006,12658.145376024047,75be131807e928cad98dac6bdcfc95bf24be85f1cde896b644abf54d0cf6b93d,19241.791323999998,497.46842614554765,PPO-coload-80-large-r1-B252000,solutions/test-Test-4-000--revision-v4--coload-80/75be131807e928cad98dac6bdcfc95bf24be85f1cde896b644abf54d0cf6b93d.json
coload-80,test-Test-4-000--revision-v4--coload-80,51700.426665000006,12658.145376024047,3b3b942251f2b96eb77818bf11e2091ecc9474a19b2448672d331f7a38cbccc9,19242.661324,496.9875974482573,PPO-coload-80-large-r1-B252000,solutions/test-Test-4-000--revision-v4--coload-80/3b3b942251f2b96eb77818bf11e2091ecc9474a19b2448672d331f7a38cbccc9.json
coload-80,test-Test-4-000--revision-v4--coload-80,51700.426665000006,12658.145376024047,3efa9ac39012999babad7df8a84c5d1ad60a4c5e3ea187acb2715d6b4ce2c834,19248.850324,496.8346170750064,PPO-coload-80-large-r1-B252000,solutions/test-Test-4-000--revision-v4--coload-80/3efa9ac39012999babad7df8a84c5d1ad60a4c5e3ea187acb2715d6b4ce2c834.json
coload-80,test-Test-4-000--revision-v4--coload-80,51700.426665000006,12658.145376024047,1f8cb01ce91485dda70a951388fbbd760f54d7df7dc0caa8f6c0ccf9445fa06d,19310.772323999998,494.53383279224437,PPO-coload-80-large-r1-B252000,solutions/test-Test-4-000--revision-v4--coload-80/1f8cb01ce91485dda70a951388fbbd760f54d7df7dc0caa8f6c0ccf9445fa06d.json
coload-80,test-Test-4-000--revision-v4--coload-80,51700.426665000006,12658.145376024047,ef3f1518db9ce0ace0fd25e3371f13f0509148f875aadd3e4035c6324d475165,20775.714477999998,453.4936246048771,PPO-coload-80-large-r1-B252000,solutions/test-Test-4-000--revision-v4--coload-80/ef3f1518db9ce0ace0fd25e3371f13f0509148f875aadd3e4035c6324d475165.json
coload-80,test-Test-4-000--revision-v4--coload-80,51700.426665000006,12658.145376024047,584b808081f54ebe4c1e1a63143d405f955ca70e7abf734ea1141a6142521cfc,20873.574477999995,453.27426467600765,PPO-coload-80-large-r1-B252000,solutions/test-Test-4-000--revision-v4--coload-80/584b808081f54ebe4c1e1a63143d405f955ca70e7abf734ea1141a6142521cfc.json
coload-80,test-Test-4-000--revision-v4--coload-80,51700.426665000006,12658.145376024047,df60108d67f4b4ccdbcda71f63d1090ecc4cdbf3f6d0a7fdc336cba501f203e5,20942.178478,448.68510524341,PPO-coload-80-large-r1-B252000,solutions/test-Test-4-000--revision-v4--coload-80/df60108d67f4b4ccdbcda71f63d1090ecc4cdbf3f6d0a7fdc336cba501f203e5.json
coload-80,test-Test-4-000--revision-v4--coload-80,51700.426665000006,12658.145376024047,d0aec465ba006d4d3ce6d77209235efda03dc30a23a09f60df0aac1d0ee18a27,20998.854477999997,448.14697785863916,PPO-coload-80-large-r1-B252000,solutions/test-Test-4-000--revision-v4--coload-80/d0aec465ba006d4d3ce6d77209235efda03dc30a23a09f60df0aac1d0ee18a27.json
coload-80,test-Test-4-000--revision-v4--coload-80,51700.426665000006,12658.145376024047,2d8b8cc3e50c2e815700bd529a775a44bdd628f8db74f978fa0c03a4c360f618,21013.050478,435.3231840513071,PPO-coload-80-large-r1-B252000,solutions/test-Test-4-000--revision-v4--coload-80/2d8b8cc3e50c2e815700bd529a775a44bdd628f8db74f978fa0c03a4c360f618.json
coload-80,test-Test-4-000--revision-v4--coload-80,51700.426665000006,12658.145376024047,569e736edd5495161181b7f009c46ff538c95fbfbd992207fa3f87d6853e6891,21023.133477999996,432.54790741102056,PPO-coload-80-large-r1-B252000,solutions/test-Test-4-000--revision-v4--coload-80/569e736edd5495161181b7f009c46ff538c95fbfbd992207fa3f87d6853e6891.json
coload-80,test-Test-4-000--revision-v4--coload-80,51700.426665000006,12658.145376024047,3d56a594a9cb22376d0cfa941c7df9a12a95a15305f1e07f2584b2ee9ca7985b,21050.988478,432.12577479879667,PPO-coload-80-large-r1-B252000,solutions/test-Test-4-000--revision-v4--coload-80/3d56a594a9cb22376d0cfa941c7df9a12a95a15305f1e07f2584b2ee9ca7985b.json
coload-80,test-Test-4-000--revision-v4--coload-80,51700.426665000006,12658.145376024047,96d97a943308d274d4c74b8c1be8fb2af1df5dbd347ca5e8a0bc1264a54989ab,21058.086477999997,431.5593328305483,PPO-coload-80-large-r1-B252000,solutions/test-Test-4-000--revision-v4--coload-80/96d97a943308d274d4c74b8c1be8fb2af1df5dbd347ca5e8a0bc1264a54989ab.json
coload-80,test-Test-4-000--revision-v4--coload-80,51700.426665000006,12658.145376024047,6c6e456c0aa51b8256f9a60cf1b91edd0aab23bc4db89b2ba695aba74e34c086,21072.810478,431.3087036870767,PPO-coload-80-large-r1-B252000,solutions/test-Test-4-000--revision-v4--coload-80/6c6e456c0aa51b8256f9a60cf1b91edd0aab23bc4db89b2ba695aba74e34c086.json
coload-80,test-Test-4-000--revision-v4--coload-80,51700.426665000006,12658.145376024047,3b867113dbaaf2951acbf4bdcf80d064f4eb393cc3d649a563250615dfa81a9d,21078.414478,431.15637080529507,PPO-coload-80-large-r1-B252000,solutions/test-Test-4-000--revision-v4--coload-80/3b867113dbaaf2951acbf4bdcf80d064f4eb393cc3d649a563250615dfa81a9d.json
coload-80,test-Test-4-000--revision-v4--coload-80,51700.426665000006,12658.145376024047,2795b3feadb53ae1a691044ca7e33c9ba79e80ce7c1f1c3ca5842d1d0a342890,21092.768182,431.1179506020701,PPO-coload-80-large-r1-B252000,solutions/test-Test-4-000--revision-v4--coload-80/2795b3feadb53ae1a691044ca7e33c9ba79e80ce7c1f1c3ca5842d1d0a342890.json
coload-80,test-Test-4-000--revision-v4--coload-80,51700.426665000006,12658.145376024047,37ac4f65c33573a4d86ed2e04fc7efe51e814ae6706023f987ae2430e3cd7103,21157.968478000003,431.02163692266936,PPO-coload-80-large-r1-B252000,solutions/test-Test-4-000--revision-v4--coload-80/37ac4f65c33573a4d86ed2e04fc7efe51e814ae6706023f987ae2430e3cd7103.json
coload-80,test-Test-4-000--revision-v4--coload-80,51700.426665000006,12658.145376024047,9d2175065ca7b074001015196b6d6d483038f7c497bb79f684c632cb5aec0355,21179.514478,430.5146646898401,PPO-coload-80-large-r1-B252000,solutions/test-Test-4-000--revision-v4--coload-80/9d2175065ca7b074001015196b6d6d483038f7c497bb79f684c632cb5aec0355.json
coload-80,test-Test-4-000--revision-v4--coload-80,51700.426665000006,12658.145376024047,33cdf5a16f137fd4697d6d05c7dc62f534a0fef0c98b8d328ddc5a899dc05df7,21193.338477999998,430.40359349516086,PPO-coload-80-large-r1-B252000,solutions/test-Test-4-000--revision-v4--coload-80/33cdf5a16f137fd4697d6d05c7dc62f534a0fef0c98b8d328ddc5a899dc05df7.json
coload-80,test-Test-4-000--revision-v4--coload-80,51700.426665000006,12658.145376024047,72e2493b1508bec6eb42415570cbe63f2b3d33c3dcede2c9bf77c639db73e441,21197.742478,429.2416326417028,PPO-coload-80-large-r1-B252000,solutions/test-Test-4-000--revision-v4--coload-80/72e2493b1508bec6eb42415570cbe63f2b3d33c3dcede2c9bf77c639db73e441.json
coload-80,test-Test-4-000--revision-v4--coload-80,51700.426665000006,12658.145376024047,0df26b87df6b777eb252e84c3f28d41325c1e39c6fd2d94d31f4f9a7e2d9658f,21200.448478,428.5600918519246,PPO-coload-80-large-r1-B252000,solutions/test-Test-4-000--revision-v4--coload-80/0df26b87df6b777eb252e84c3f28d41325c1e39c6fd2d94d31f4f9a7e2d9658f.json
coload-80,test-Test-4-000--revision-v4--coload-80,51700.426665000006,12658.145376024047,8a9d3dbedc4ea24fde8ee67e004e9d1892cbf10719ff19683c3e92715c2a0da7,21217.989478000003,428.28380301266947,PPO-coload-80-large-r1-B252000,solutions/test-Test-4-000--revision-v4--coload-80/8a9d3dbedc4ea24fde8ee67e004e9d1892cbf10719ff19683c3e92715c2a0da7.json
coload-80,test-Test-4-000--revision-v4--coload-80,51700.426665000006,12658.145376024047,b10b2b976413826fb2a821c239085e09056bd1ea902f100cd3e1fb072033571a,21221.025478000003,428.1904496957071,PPO-coload-80-large-r1-B252000,solutions/test-Test-4-000--revision-v4--coload-80/b10b2b976413826fb2a821c239085e09056bd1ea902f100cd3e1fb072033571a.json
coload-80,test-Test-4-000--revision-v4--coload-80,51700.426665000006,12658.145376024047,9e346385fe965d24615a8dc0d988e23acde0552fcf1f5367e02260250a33542a,21223.845478000003,428.111571415621,PPO-coload-80-large-r1-B252000,solutions/test-Test-4-000--revision-v4--coload-80/9e346385fe965d24615a8dc0d988e23acde0552fcf1f5367e02260250a33542a.json
coload-80,test-Test-4-000--revision-v4--coload-80,51700.426665000006,12658.145376024047,fef0bbc05eea5b57bcd89f27f2a20abe8a05df8d5b45417726a9057fed108c46,21224.118477999997,427.48884549994364,PPO-coload-80-large-r1-B252000,solutions/test-Test-4-000--revision-v4--coload-80/fef0bbc05eea5b57bcd89f27f2a20abe8a05df8d5b45417726a9057fed108c46.json
coload-80,test-Test-4-000--revision-v4--coload-80,51700.426665000006,12658.145376024047,4e819f3bdf0fd9bb52e9e6138570b921ce54f1a6533c300b312180a4cc5e818e,21224.550478,426.75081346908127,PPO-coload-80-large-r1-B252000,solutions/test-Test-4-000--revision-v4--coload-80/4e819f3bdf0fd9bb52e9e6138570b921ce54f1a6533c300b312180a4cc5e818e.json
coload-80,test-Test-4-000--revision-v4--coload-80,51700.426665000006,12658.145376024047,8f906b1585184b127e19f5430208672972a0f4abc330d7fb128f169f7cc4426d,21395.019478000002,425.78095886757734,PPO-coload-80-large-r1-B252000,solutions/test-Test-4-000--revision-v4--coload-80/8f906b1585184b127e19f5430208672972a0f4abc330d7fb128f169f7cc4426d.json
coload-80,test-Test-4-000--revision-v4--coload-80,51700.426665000006,12658.145376024047,bcfdb33d8b0f4a3a4de4b4b7f0cbfb8056609f0547cb28a424b9b7cb8f2e7c61,21436.443478,422.6042568391943,PPO-coload-80-large-r1-B252000,solutions/test-Test-4-000--revision-v4--coload-80/bcfdb33d8b0f4a3a4de4b4b7f0cbfb8056609f0547cb28a424b9b7cb8f2e7c61.json
coload-80,test-Test-4-000--revision-v4--coload-80,51700.426665000006,12658.145376024047,1de51e9377e633bedec42dbcb28193e9398414ca2de0e765b9e92c98d15474d8,21437.828158,421.57068235302484,PPO-coload-80-large-r2-B252000,solutions/test-Test-4-000--revision-v4--coload-80/1de51e9377e633bedec42dbcb28193e9398414ca2de0e765b9e92c98d15474d8.json
coload-80,test-Test-4-000--revision-v4--coload-80,51700.426665000006,12658.145376024047,84155925a464185b54c387e2079203a7e42d86be1d71f64eb7a114d9ee7d3e46,21481.547157999998,420.8177044420487,PPO-coload-80-large-r2-B252000,solutions/test-Test-4-000--revision-v4--coload-80/84155925a464185b54c387e2079203a7e42d86be1d71f64eb7a114d9ee7d3e46.json
coload-80,test-Test-4-000--revision-v4--coload-80,51700.426665000006,12658.145376024047,0e2702ee9659b06717249ddf408465216dadb500a2d655a382e1434b1e1eabd9,21497.984157999996,420.37759597889595,PPO-coload-80-large-r2-B252000,solutions/test-Test-4-000--revision-v4--coload-80/0e2702ee9659b06717249ddf408465216dadb500a2d655a382e1434b1e1eabd9.json
coload-80,test-Test-4-000--revision-v4--coload-80,51700.426665000006,12658.145376024047,740e0fd0fe6417e205c02bfbabb57398f199f6c5eeb0078418c2cd9f8cdf8977,21499.724157999997,420.31800411135004,PPO-coload-80-large-r2-B252000,solutions/test-Test-4-000--revision-v4--coload-80/740e0fd0fe6417e205c02bfbabb57398f199f6c5eeb0078418c2cd9f8cdf8977.json
coload-80,test-Test-4-000--revision-v4--coload-80,51700.426665000006,12658.145376024047,8659bd4dfbabde1e5d90c9581e931ea5cb0c342188a7e6da5d16860510b01d48,21500.699158,419.5875531305552,PPO-coload-80-large-r2-B252000,solutions/test-Test-4-000--revision-v4--coload-80/8659bd4dfbabde1e5d90c9581e931ea5cb0c342188a7e6da5d16860510b01d48.json
coload-80,test-Test-4-000--revision-v4--coload-80,51700.426665000006,12658.145376024047,a61bc74c86f48e1a46116b118fa8261aa1b066dd884ae9c8fce05b20515cc148,21515.771354,419.0103083924073,PPO-coload-80-large-r2-B252000,solutions/test-Test-4-000--revision-v4--coload-80/a61bc74c86f48e1a46116b118fa8261aa1b066dd884ae9c8fce05b20515cc148.json
coload-80,test-Test-4-000--revision-v4--coload-80,51700.426665000006,12658.145376024047,184c5d75837eb0e9183a0bd1a608f8df212bd33f66136b22e83fd6926b1c92cd,21603.233158,418.2738140469524,PPO-coload-80-large-r2-B252000,solutions/test-Test-4-000--revision-v4--coload-80/184c5d75837eb0e9183a0bd1a608f8df212bd33f66136b22e83fd6926b1c92cd.json
coload-80,test-Test-4-000--revision-v4--coload-80,51700.426665000006,12658.145376024047,28ed90bd7b470e6d81e82a277c166b804ba9fadf6d23df88317dc4f43c9cd549,21609.110158,418.1777692603227,PPO-coload-80-large-r2-B252000,solutions/test-Test-4-000--revision-v4--coload-80/28ed90bd7b470e6d81e82a277c166b804ba9fadf6d23df88317dc4f43c9cd549.json
coload-80,test-Test-4-000--revision-v4--coload-80,51700.426665000006,12658.145376024047,7ba1bfc0ab32bf11f362dc538034581db08db3f55ee9caa8ca9a53acc939ecfc,21611.438157999997,417.0115614734387,PPO-coload-80-large-r2-B252000,solutions/test-Test-4-000--revision-v4--coload-80/7ba1bfc0ab32bf11f362dc538034581db08db3f55ee9caa8ca9a53acc939ecfc.json
coload-80,test-Test-4-000--revision-v4--coload-80,51700.426665000006,12658.145376024047,59755b664565ddf790ea8bd080bd8cb693004a8f59ff5c1819d3d552ace5819e,24434.68092599997,384.84604799632166,PPO-coload-80-large-r1-B252000,solutions/test-Test-4-000--revision-v4--coload-80/59755b664565ddf790ea8bd080bd8cb693004a8f59ff5c1819d3d552ace5819e.json
coload-80,test-Test-4-000--revision-v4--coload-80,51700.426665000006,12658.145376024047,4c66047431f3719cf0477bb2ab4f9644c05d540f553a80b20797a09002ffc3b7,24455.807924999972,383.8576683052473,PPO-coload-80-large-r1-B252000,solutions/test-Test-4-000--revision-v4--coload-80/4c66047431f3719cf0477bb2ab4f9644c05d540f553a80b20797a09002ffc3b7.json
coload-80,test-Test-4-000--revision-v4--coload-80,51700.426665000006,12658.145376024047,8e2c3fe56263970772640cbd3f1c4d2c74b5b17985a6e42c0ea343ac6bc24409,24484.53792599997,383.802107758297,PPO-coload-80-large-r1-B252000,solutions/test-Test-4-000--revision-v4--coload-80/8e2c3fe56263970772640cbd3f1c4d2c74b5b17985a6e42c0ea343ac6bc24409.json
coload-80,test-Test-4-000--revision-v4--coload-80,51700.426665000006,12658.145376024047,6d71e701afca9253612fafd15c365c37d01a4e2201f414cd0869017f283eabce,24510.846280999973,383.7490346362996,PPO-coload-80-large-r1-B252000,solutions/test-Test-4-000--revision-v4--coload-80/6d71e701afca9253612fafd15c365c37d01a4e2201f414cd0869017f283eabce.json
coload-80,test-Test-4-000--revision-v4--coload-80,51700.426665000006,12658.145376024047,633f653ac3a97360ac62c2489c55de3ef952839454d7207de834b806634f0f7a,24542.31817499997,380.91831493293546,PPO-coload-80-large-r1-B252000,solutions/test-Test-4-000--revision-v4--coload-80/633f653ac3a97360ac62c2489c55de3ef952839454d7207de834b806634f0f7a.json
coload-80,test-Test-4-000--revision-v4--coload-80,51700.426665000006,12658.145376024047,f4f4eca1cb3769cf0087136cae7e2ec2097c64a27146fceac5a39e707916c274,24579.61117499997,379.7315148859151,PPO-coload-80-large-r1-B252000,solutions/test-Test-4-000--revision-v4--coload-80/f4f4eca1cb3769cf0087136cae7e2ec2097c64a27146fceac5a39e707916c274.json
coload-80,test-Test-4-000--revision-v4--coload-80,51700.426665000006,12658.145376024047,00fdf19c26a18f13faf2528490f5646b49921d5ee0bd80770f05a32668f45738,24593.80117499997,379.32586114498827,PPO-coload-80-large-r1-B252000,solutions/test-Test-4-000--revision-v4--coload-80/00fdf19c26a18f13faf2528490f5646b49921d5ee0bd80770f05a32668f45738.json
coload-80,test-Test-4-000--revision-v4--coload-80,51700.426665000006,12658.145376024047,f08b398b6e19af177f213a2b456ae84c54e3b72a0f09a15b35cb1c79a5aae2ed,24599.993174999974,379.18983779629815,PPO-coload-80-large-r1-B252000,solutions/test-Test-4-000--revision-v4--coload-80/f08b398b6e19af177f213a2b456ae84c54e3b72a0f09a15b35cb1c79a5aae2ed.json
coload-80,test-Test-4-000--revision-v4--coload-80,51700.426665000006,12658.145376024047,444e5f3d24e56a5085d45f5299e36b27968f862b709e470924c5c284ffb279d3,24606.57517499997,378.6912561397393,PPO-coload-80-large-r1-B252000,solutions/test-Test-4-000--revision-v4--coload-80/444e5f3d24e56a5085d45f5299e36b27968f862b709e470924c5c284ffb279d3.json
coload-80,test-Test-4-000--revision-v4--coload-80,51700.426665000006,12658.145376024047,18b5682a2d34971c5066bb5b9eb324602422f996afc0afaa3450521d93f33994,24758.065175999975,378.4881176423169,PPO-coload-80-large-r1-B252000,solutions/test-Test-4-000--revision-v4--coload-80/18b5682a2d34971c5066bb5b9eb324602422f996afc0afaa3450521d93f33994.json
coload-80,test-Test-4-000--revision-v4--coload-80,51700.426665000006,12658.145376024047,3267807355f3e569b1d8425010345143f90b06cd6587c19d320551e2262c3591,24799.013110999967,376.4782123566135,PPO-coload-80-large-r1-B252000,solutions/test-Test-4-000--revision-v4--coload-80/3267807355f3e569b1d8425010345143f90b06cd6587c19d320551e2262c3591.json
coload-80,test-Test-4-000--revision-v4--coload-80,51700.426665000006,12658.145376024047,4bd013276e3d0d2cf7d01ce3492f5abc10887628fdc2fe59c16d204e722475c5,37965.176435999994,354.29475882215934,PPO-coload-80-large-r0-B252000,solutions/test-Test-4-000--revision-v4--coload-80/4bd013276e3d0d2cf7d01ce3492f5abc10887628fdc2fe59c16d204e722475c5.json
coload-80,test-Test-4-000--revision-v4--coload-80,51700.426665000006,12658.145376024047,71fe9299255cd8e8c39cda45387ed8114d8bb6175ccbfc12cdae0cad2aa8ce6d,38006.460452,353.36252152939926,PPO-coload-80-large-r0-B252000,solutions/test-Test-4-000--revision-v4--coload-80/71fe9299255cd8e8c39cda45387ed8114d8bb6175ccbfc12cdae0cad2aa8ce6d.json
coload-80,test-Test-4-000--revision-v4--coload-80,51700.426665000006,12658.145376024047,e83375e2c82eb627dd5cad0366d458d2e9dca3d9cdba03274321b42dce45cd61,38134.776139999994,352.8406521900855,PPO-coload-80-large-r0-B252000,solutions/test-Test-4-000--revision-v4--coload-80/e83375e2c82eb627dd5cad0366d458d2e9dca3d9cdba03274321b42dce45cd61.json
coload-80,test-Test-4-000--revision-v4--coload-80,51700.426665000006,12658.145376024047,cb95573086e3d73e0ede2307dc93b1a8a5d5935731cd0c4d9b4988a88717df80,38193.82545199999,352.6414558249545,PPO-coload-80-large-r0-B252000,solutions/test-Test-4-000--revision-v4--coload-80/cb95573086e3d73e0ede2307dc93b1a8a5d5935731cd0c4d9b4988a88717df80.json
coload-80,test-Test-4-000--revision-v4--coload-80,51700.426665000006,12658.145376024047,546efc7a6061faaef1c8c9ecea38ed79a333fe33e788bfba22d046e09a2e6fc0,38208.81424999998,352.003047846207,PPO-coload-80-large-r2-B252000,solutions/test-Test-4-000--revision-v4--coload-80/546efc7a6061faaef1c8c9ecea38ed79a333fe33e788bfba22d046e09a2e6fc0.json
coload-80,test-Test-4-000--revision-v4--coload-80,51700.426665000006,12658.145376024047,fbf142adea7e4bfcae47d75dd0cbdfe84bb3b8e150b6c37bf7312a5a85cf9ef0,38350.29490899998,351.9247087047063,PPO-coload-80-large-r2-B252000,solutions/test-Test-4-000--revision-v4--coload-80/fbf142adea7e4bfcae47d75dd0cbdfe84bb3b8e150b6c37bf7312a5a85cf9ef0.json
coload-80,test-Test-4-000--revision-v4--coload-80,51700.426665000006,12658.145376024047,d414ed86912813f408ec237934bb3857eacc1401dfdc2a24c0ac2a9b8e9712d3,38371.41190899998,349.66187349885496,PPO-coload-80-large-r2-B252000,solutions/test-Test-4-000--revision-v4--coload-80/d414ed86912813f408ec237934bb3857eacc1401dfdc2a24c0ac2a9b8e9712d3.json
coload-80,test-Test-4-000--revision-v4--coload-80,51700.426665000006,12658.145376024047,ba05686c71f7fde5f6291fb6f1db20d5c23594948f3da839bd6048443a9694b3,38411.04490899998,349.3892290378364,PPO-coload-80-large-r2-B252000,solutions/test-Test-4-000--revision-v4--coload-80/ba05686c71f7fde5f6291fb6f1db20d5c23594948f3da839bd6048443a9694b3.json
coload-80,test-Test-4-000--revision-v4--coload-80,51700.426665000006,12658.145376024047,946ad7daa6b597a261db96cff4a4b5cbc77936c9df547de1e9ff0ef8cc5c3a68,38446.24214699998,338.1082966180007,PPO-coload-80-large-r0-B252000,solutions/test-Test-4-000--revision-v4--coload-80/946ad7daa6b597a261db96cff4a4b5cbc77936c9df547de1e9ff0ef8cc5c3a68.json
coload-80,test-Test-4-000--revision-v4--coload-80,51700.426665000006,12658.145376024047,351b99050437f03b732c1e29bcb5de97ee1fd5fa67ee1e1242045a2f383ec9dd,38480.652146999986,337.5177402984842,PPO-coload-80-large-r0-B252000,solutions/test-Test-4-000--revision-v4--coload-80/351b99050437f03b732c1e29bcb5de97ee1fd5fa67ee1e1242045a2f383ec9dd.json
coload-80,test-Test-4-000--revision-v4--coload-80,51700.426665000006,12658.145376024047,0a6baf7b3356cc7657f7518e9787ddba23cfbbb9ecc84853b96d1de5bd66a014,38488.128325999984,336.87895354958766,PPO-coload-80-large-r0-B252000,solutions/test-Test-4-000--revision-v4--coload-80/0a6baf7b3356cc7657f7518e9787ddba23cfbbb9ecc84853b96d1de5bd66a014.json
coload-80,test-Test-4-000--revision-v4--coload-80,51700.426665000006,12658.145376024047,f1ad9fe4813233ad498198f0aab19dfd1e8ec90aa2fd8029a0b0f4197fab2c4c,38545.50932599999,336.4930402113901,PPO-coload-80-large-r0-B252000,solutions/test-Test-4-000--revision-v4--coload-80/f1ad9fe4813233ad498198f0aab19dfd1e8ec90aa2fd8029a0b0f4197fab2c4c.json
coload-80,test-Test-4-000--revision-v4--coload-80,51700.426665000006,12658.145376024047,30613afe69ce8663c721ba9142128fdbffd5e53cf68fdd4034e3f59c15735559,38560.545326,336.491461486393,PPO-coload-80-large-r0-B252000,solutions/test-Test-4-000--revision-v4--coload-80/30613afe69ce8663c721ba9142128fdbffd5e53cf68fdd4034e3f59c15735559.json
coload-80,test-Test-4-000--revision-v4--coload-80,51700.426665000006,12658.145376024047,a3be13c19ca13a0382685b7b5869f33a4c210dd5c524e2a0a8eadc465cf6679d,38571.14397199999,336.31229339788405,PPO-coload-80-large-r0-B252000,solutions/test-Test-4-000--revision-v4--coload-80/a3be13c19ca13a0382685b7b5869f33a4c210dd5c524e2a0a8eadc465cf6679d.json
coload-80,test-Test-4-000--revision-v4--coload-80,51700.426665000006,12658.145376024047,0a48b511fc7e03ad5aadaa97312c49a192c7f6e5f7fac24ee6fca6afc54dff6d,38595.219326,336.1981363504868,PPO-coload-80-large-r0-B252000,solutions/test-Test-4-000--revision-v4--coload-80/0a48b511fc7e03ad5aadaa97312c49a192c7f6e5f7fac24ee6fca6afc54dff6d.json
coload-80,test-Test-4-000--revision-v4--coload-80,51700.426665000006,12658.145376024047,6734d2a0987a0a15e56daf66429922cf717dc28fd4e15df9f8cd814122b3a698,38646.438325999996,333.0315574535803,PPO-coload-80-large-r0-B252000,solutions/test-Test-4-000--revision-v4--coload-80/6734d2a0987a0a15e56daf66429922cf717dc28fd4e15df9f8cd814122b3a698.json
coload-80,test-Test-4-000--revision-v4--coload-80,51700.426665000006,12658.145376024047,66104b428e46d5d1cb6d1f466fb7080ad1a76fa1789fc4a101c82a9b8b4c0de0,38685.353602999996,324.47524901926187,PPO-coload-80-large-r0-B252000,solutions/test-Test-4-000--revision-v4--coload-80/66104b428e46d5d1cb6d1f466fb7080ad1a76fa1789fc4a101c82a9b8b4c0de0.json
coload-80,test-Test-4-000--revision-v4--coload-80,51700.426665000006,12658.145376024047,7f97dd765f4c20fbc9033bc93a527fa746899ce8cf8000aa63e9577aa56c0252,38728.220603,322.3057912534426,PPO-coload-80-large-r0-B252000,solutions/test-Test-4-000--revision-v4--coload-80/7f97dd765f4c20fbc9033bc93a527fa746899ce8cf8000aa63e9577aa56c0252.json
coload-80,test-Test-4-000--revision-v4--coload-80,51700.426665000006,12658.145376024047,bb1f11b63ff16ce95c1738bb29b5ced388b273fd7988a148058c70330cd8f6f6,38847.203602999994,322.301667662803,PPO-coload-80-large-r0-B252000,solutions/test-Test-4-000--revision-v4--coload-80/bb1f11b63ff16ce95c1738bb29b5ced388b273fd7988a148058c70330cd8f6f6.json
coload-80,test-Test-4-000--revision-v4--coload-80,51700.426665000006,12658.145376024047,95e8efbeba69d855cee9979e07d85cca5781a597f1ee6d4789beae6330220ea0,38874.335603,322.2169261770108,PPO-coload-80-large-r0-B252000,solutions/test-Test-4-000--revision-v4--coload-80/95e8efbeba69d855cee9979e07d85cca5781a597f1ee6d4789beae6330220ea0.json
coload-80,test-Test-4-000--revision-v4--coload-80,51700.426665000006,12658.145376024047,2d9793493f3b809cee54c07e6290d545a38170123e05784132ebb09406220e64,38898.23360299999,321.7044413765583,PPO-coload-80-large-r0-B252000,solutions/test-Test-4-000--revision-v4--coload-80/2d9793493f3b809cee54c07e6290d545a38170123e05784132ebb09406220e64.json
coload-80,test-Test-4-000--revision-v4--coload-80,51700.426665000006,12658.145376024047,82a2b3a6e6383d9ea0dd3dbb56e4f797eb1ca1f9682b08c3b26930de50f0036d,38968.55491099999,317.91725270930453,PPO-coload-80-large-r0-B252000,solutions/test-Test-4-000--revision-v4--coload-80/82a2b3a6e6383d9ea0dd3dbb56e4f797eb1ca1f9682b08c3b26930de50f0036d.json
coload-80,test-Test-4-000--revision-v4--coload-80,51700.426665000006,12658.145376024047,b275d486df929daf83fac411f0efb58d5df4af01176bd0cf16a852d4d3884d92,39043.33195399999,316.0404804367928,PPO-coload-80-large-r0-B252000,solutions/test-Test-4-000--revision-v4--coload-80/b275d486df929daf83fac411f0efb58d5df4af01176bd0cf16a852d4d3884d92.json
coload-80,test-Test-4-000--revision-v4--coload-80,51700.426665000006,12658.145376024047,1e9ddcc7258fdd23dca821118aec99817f335390182cd72cd035afc77b03159b,39194.74102799998,312.2576551697006,PPO-coload-80-large-r0-B252000,solutions/test-Test-4-000--revision-v4--coload-80/1e9ddcc7258fdd23dca821118aec99817f335390182cd72cd035afc77b03159b.json
coload-80,test-Test-4-000--revision-v4--coload-80,51700.426665000006,12658.145376024047,84804bbbd58f8ba4eef877b2a4f85d0c7a9056a68b7381765a90728681aa3ed3,39285.24202799999,311.8267098591208,PPO-coload-80-large-r0-B252000,solutions/test-Test-4-000--revision-v4--coload-80/84804bbbd58f8ba4eef877b2a4f85d0c7a9056a68b7381765a90728681aa3ed3.json
coload-80,test-Test-4-000--revision-v4--coload-80,51700.426665000006,12658.145376024047,b73a41bf135fcd4f218b77658712f57206559fd67705c96c95ab2a1efe38c1e1,39385.16857199998,311.5093110954031,PPO-coload-80-large-r0-B252000,solutions/test-Test-4-000--revision-v4--coload-80/b73a41bf135fcd4f218b77658712f57206559fd67705c96c95ab2a1efe38c1e1.json
coload-80,test-Test-4-000--revision-v4--coload-80,51700.426665000006,12658.145376024047,2c7d05599ee7a807e0cd28bca6252cd66faf02c87d84b08a87181204e72d60c3,39456.18334799998,310.94573559764393,PPO-coload-80-large-r0-B252000,solutions/test-Test-4-000--revision-v4--coload-80/2c7d05599ee7a807e0cd28bca6252cd66faf02c87d84b08a87181204e72d60c3.json
coload-80,test-Test-4-000--revision-v4--coload-80,51700.426665000006,12658.145376024047,f4cd5d4cc6fd6050ea6ee171f52639677cb03c54bb737d526904450c27c5d172,39638.472347999974,310.903361965084,PPO-coload-80-large-r0-B252000,solutions/test-Test-4-000--revision-v4--coload-80/f4cd5d4cc6fd6050ea6ee171f52639677cb03c54bb737d526904450c27c5d172.json
coload-120,test-Test-4-000--revision-v4--coload-120,51700.426665000006,18128.55476066022,22bd4af9a735fd215c0e96fd22bc8e8964663e767f1759891a38acdcf711b2f8,14287.162513999998,2832.1316850353833,PPO-coload-120-large-r2-B252000,solutions/test-Test-4-000--revision-v4--coload-120/22bd4af9a735fd215c0e96fd22bc8e8964663e767f1759891a38acdcf711b2f8.json
coload-120,test-Test-4-000--revision-v4--coload-120,51700.426665000006,18128.55476066022,d2a3f69a70459e9c16085e75d316239cf7587db5b4e0a2ed4b2b854793049ac6,14289.036433999998,2724.2574051746756,PPO-coload-120-large-r2-B252000,solutions/test-Test-4-000--revision-v4--coload-120/d2a3f69a70459e9c16085e75d316239cf7587db5b4e0a2ed4b2b854793049ac6.json
coload-120,test-Test-4-000--revision-v4--coload-120,51700.426665000006,18128.55476066022,efa25c30ab56fd4fb84738b19a61e095af7bfb26e2dad6d850d294dbff2f07d3,14289.835513999999,2719.2869616263506,PPO-coload-120-large-r2-B252000,solutions/test-Test-4-000--revision-v4--coload-120/efa25c30ab56fd4fb84738b19a61e095af7bfb26e2dad6d850d294dbff2f07d3.json
coload-120,test-Test-4-000--revision-v4--coload-120,51700.426665000006,18128.55476066022,c7055d36900c3f464775f2862e56c8e1789f811738bdcfbb8717c65269ca8294,14310.321943999998,2714.4775497873998,PPO-coload-120-large-r2-B252000,solutions/test-Test-4-000--revision-v4--coload-120/c7055d36900c3f464775f2862e56c8e1789f811738bdcfbb8717c65269ca8294.json
coload-120,test-Test-4-000--revision-v4--coload-120,51700.426665000006,18128.55476066022,26eeba57de5c646ae633c6d806733614eb4dcece1a697f3b6dc9c6f386204fea,14386.468183999998,2689.5838418089525,PPO-coload-120-large-r2-B252000,solutions/test-Test-4-000--revision-v4--coload-120/26eeba57de5c646ae633c6d806733614eb4dcece1a697f3b6dc9c6f386204fea.json
coload-120,test-Test-4-000--revision-v4--coload-120,51700.426665000006,18128.55476066022,b1a43be2269fc754a9d503114568daad89a80e58645d56eaf14116dcc8caf39e,14448.990434,2687.5666736367302,PPO-coload-120-large-r2-B252000,solutions/test-Test-4-000--revision-v4--coload-120/b1a43be2269fc754a9d503114568daad89a80e58645d56eaf14116dcc8caf39e.json
coload-120,test-Test-4-000--revision-v4--coload-120,51700.426665000006,18128.55476066022,ed36be522965d662700d8ebf2490d39035d03c0ac8570a83c32a9830b221bef8,14461.931548,2686.471548369945,PPO-coload-120-large-r2-B252000,solutions/test-Test-4-000--revision-v4--coload-120/ed36be522965d662700d8ebf2490d39035d03c0ac8570a83c32a9830b221bef8.json
coload-120,test-Test-4-000--revision-v4--coload-120,51700.426665000006,18128.55476066022,5e9a721fc7d8f83339bc2d3d5a782263ed7511e460bf1ad7a8c2c39bed68f0ce,14489.388513999998,2677.5269714424658,PPO-coload-120-large-r2-B252000,solutions/test-Test-4-000--revision-v4--coload-120/5e9a721fc7d8f83339bc2d3d5a782263ed7511e460bf1ad7a8c2c39bed68f0ce.json
coload-120,test-Test-4-000--revision-v4--coload-120,51700.426665000006,18128.55476066022,2f24ffddc02f1be1aaa1f45107211704162c5306436d7b3ca0ae03ece1079f14,14519.529513999996,2646.284569946856,PPO-coload-120-large-r2-B252000,solutions/test-Test-4-000--revision-v4--coload-120/2f24ffddc02f1be1aaa1f45107211704162c5306436d7b3ca0ae03ece1079f14.json
coload-120,test-Test-4-000--revision-v4--coload-120,51700.426665000006,18128.55476066022,5c034b87a10715a338abdea1234e5b0f93ae476401d694777fabcdf543c22a56,14569.800433999999,2641.881633472549,PPO-coload-120-large-r2-B252000,solutions/test-Test-4-000--revision-v4--coload-120/5c034b87a10715a338abdea1234e5b0f93ae476401d694777fabcdf543c22a56.json
coload-120,test-Test-4-000--revision-v4--coload-120,51700.426665000006,18128.55476066022,e31866a6fbd75691429255584ea7aa94cc39cfac4d6d57e07a4df61ab4f29a83,14572.386514,2638.2602828138797,PPO-coload-120-large-r2-B252000,solutions/test-Test-4-000--revision-v4--coload-120/e31866a6fbd75691429255584ea7aa94cc39cfac4d6d57e07a4df61ab4f29a83.json
coload-120,test-Test-4-000--revision-v4--coload-120,51700.426665000006,18128.55476066022,d4c1c10bed044d5d7913f374589872f3a97bbfc95944e74ac480a2d01adc49e5,14858.399105999997,1354.2071269235087,PPO-coload-120-large-r2-B252000,solutions/test-Test-4-000--revision-v4--coload-120/d4c1c10bed044d5d7913f374589872f3a97bbfc95944e74ac480a2d01adc49e5.json
coload-120,test-Test-4-000--revision-v4--coload-120,51700.426665000006,18128.55476066022,b4abb18a9870c8271d105de9c69195efb80b7a563a6cfcc17f50bc744280fb01,14866.178105999996,1347.178290316096,PPO-coload-120-large-r2-B252000,solutions/test-Test-4-000--revision-v4--coload-120/b4abb18a9870c8271d105de9c69195efb80b7a563a6cfcc17f50bc744280fb01.json
coload-120,test-Test-4-000--revision-v4--coload-120,51700.426665000006,18128.55476066022,35627ccd18e94d98580315fe7fdb35eef9bba253fb9b81c1d85f5483dab402f0,14878.322105999996,1343.136544341098,PPO-coload-120-large-r2-B252000,solutions/test-Test-4-000--revision-v4--coload-120/35627ccd18e94d98580315fe7fdb35eef9bba253fb9b81c1d85f5483dab402f0.json
coload-120,test-Test-4-000--revision-v4--coload-120,51700.426665000006,18128.55476066022,8b8c55bdc6cbb7c88352ba15c39a7503845cdddbce44cd9610bafeabde3e55ba,14883.848105999998,1343.0063090007366,PPO-coload-120-large-r2-B252000,solutions/test-Test-4-000--revision-v4--coload-120/8b8c55bdc6cbb7c88352ba15c39a7503845cdddbce44cd9610bafeabde3e55ba.json
coload-120,test-Test-4-000--revision-v4--coload-120,51700.426665000006,18128.55476066022,e45a2c5150e9622ac4bca2b65dca030783cdb80415f312fb1661a71c732b4303,14908.262105999998,1337.2554005287302,PPO-coload-120-large-r2-B252000,solutions/test-Test-4-000--revision-v4--coload-120/e45a2c5150e9622ac4bca2b65dca030783cdb80415f312fb1661a71c732b4303.json
coload-120,test-Test-4-000--revision-v4--coload-120,51700.426665000006,18128.55476066022,03188de9be627720ef93f1da3d2fced611d34ad0814e43b9ea734089cf80e1dc,14910.362105999997,1333.343600451164,PPO-coload-120-large-r2-B252000,solutions/test-Test-4-000--revision-v4--coload-120/03188de9be627720ef93f1da3d2fced611d34ad0814e43b9ea734089cf80e1dc.json
coload-120,test-Test-4-000--revision-v4--coload-120,51700.426665000006,18128.55476066022,e0e85a7bb76e50dcce28b17fb680d151c6e2216c9bace04973545fbc040a6a82,15003.032105999995,1289.6098297825927,PPO-coload-120-large-r2-B252000,solutions/test-Test-4-000--revision-v4--coload-120/e0e85a7bb76e50dcce28b17fb680d151c6e2216c9bace04973545fbc040a6a82.json
coload-120,test-Test-4-000--revision-v4--coload-120,51700.426665000006,18128.55476066022,706f736df350acbb200402c132a596c3ca87bfa5764d4a08bab51ef54bad40f9,15614.047994000002,1192.293182928717,PPO-coload-120-large-r0-B252000,solutions/test-Test-4-000--revision-v4--coload-120/706f736df350acbb200402c132a596c3ca87bfa5764d4a08bab51ef54bad40f9.json
coload-120,test-Test-4-000--revision-v4--coload-120,51700.426665000006,18128.55476066022,8d5f700020d3e5c8d59b0aa2cf79299f1d94330081bd70c8237a2345d053db28,15616.663994000004,1192.0840925505013,PPO-coload-120-large-r0-B252000,solutions/test-Test-4-000--revision-v4--coload-120/8d5f700020d3e5c8d59b0aa2cf79299f1d94330081bd70c8237a2345d053db28.json
coload-120,test-Test-4-000--revision-v4--coload-120,51700.426665000006,18128.55476066022,b5a13514b6184552ad7c7cc3c764b7efa95ada585d731c1e08a46c1e52b08b8a,15617.083994000002,1157.7917275493583,PPO-coload-120-large-r0-B252000,solutions/test-Test-4-000--revision-v4--coload-120/b5a13514b6184552ad7c7cc3c764b7efa95ada585d731c1e08a46c1e52b08b8a.json
coload-120,test-Test-4-000--revision-v4--coload-120,51700.426665000006,18128.55476066022,f933323302b03da82d3dea8ebbb7814db1eb50009c436aa5eff658aaebdec708,15618.143914,1157.1463226320116,PPO-coload-120-large-r0-B252000,solutions/test-Test-4-000--revision-v4--coload-120/f933323302b03da82d3dea8ebbb7814db1eb50009c436aa5eff658aaebdec708.json
coload-120,test-Test-4-000--revision-v4--coload-120,51700.426665000006,18128.55476066022,1991e741bfb301b7d0dbe1c72090b10a5816cc6bed4e9eb73d57144d01df578a,15621.157994000003,1155.1345519953952,PPO-coload-120-large-r0-B252000,solutions/test-Test-4-000--revision-v4--coload-120/1991e741bfb301b7d0dbe1c72090b10a5816cc6bed4e9eb73d57144d01df578a.json
coload-120,test-Test-4-000--revision-v4--coload-120,51700.426665000006,18128.55476066022,f860d69752fc2f1e6c82c5ac85f07fd820d74c38ec44f55ceb154465526f7c32,15623.773994000005,1154.9254616171795,PPO-coload-120-large-r0-B252000,solutions/test-Test-4-000--revision-v4--coload-120/f860d69752fc2f1e6c82c5ac85f07fd820d74c38ec44f55ceb154465526f7c32.json
coload-120,test-Test-4-000--revision-v4--coload-120,51700.426665000006,18128.55476066022,f68496ec55bc81f3738bd85250f464e00f4727438becfb9532fdd51d744435e4,15650.314994000006,1144.9086773027423,PPO-coload-120-large-r0-B252000,solutions/test-Test-4-000--revision-v4--coload-120/f68496ec55bc81f3738bd85250f464e00f4727438becfb9532fdd51d744435e4.json
coload-120,test-Test-4-000--revision-v4--coload-120,51700.426665000006,18128.55476066022,0af39e3364a6a11eb92a7170fb9bde1703f026d5b92d2d4cf48f0d65a7bab862,15762.562994000004,1118.0055909042471,PPO-coload-120-large-r0-B252000,solutions/test-Test-4-000--revision-v4--coload-120/0af39e3364a6a11eb92a7170fb9bde1703f026d5b92d2d4cf48f0d65a7bab862.json
coload-120,test-Test-4-000--revision-v4--coload-120,51700.426665000006,18128.55476066022,2570f0c776935bfb85627502b7f60a19268d11c9688958784df34129ed88bec0,16264.240969000002,1103.4099188529285,PPO-coload-120-large-r0-B252000,solutions/test-Test-4-000--revision-v4--coload-120/2570f0c776935bfb85627502b7f60a19268d11c9688958784df34129ed88bec0.json
coload-120,test-Test-4-000--revision-v4--coload-120,51700.426665000006,18128.55476066022,17287d6c98f5f140519d2cc85ca0913d639eff0116ce0b28e975c86b02bdc85e,16472.967740999997,983.347086525246,PPO-coload-120-large-r1-B252000,solutions/test-Test-4-000--revision-v4--coload-120/17287d6c98f5f140519d2cc85ca0913d639eff0116ce0b28e975c86b02bdc85e.json
coload-120,test-Test-4-000--revision-v4--coload-120,51700.426665000006,18128.55476066022,7c074aa458ac4f281613b9de075908554756465e95a8cabf84c0d84aa4a253a9,16502.628170999997,972.6446745943018,PPO-coload-120-large-r1-B252000,solutions/test-Test-4-000--revision-v4--coload-120/7c074aa458ac4f281613b9de075908554756465e95a8cabf84c0d84aa4a253a9.json
coload-120,test-Test-4-000--revision-v4--coload-120,51700.426665000006,18128.55476066022,1ab4d52009c9ca8e9befd5b2a29818437fd40c0783eb5c167a11d2d9d22724ce,16508.727171,966.9269871360682,PPO-coload-120-large-r1-B252000,solutions/test-Test-4-000--revision-v4--coload-120/1ab4d52009c9ca8e9befd5b2a29818437fd40c0783eb5c167a11d2d9d22724ce.json
coload-120,test-Test-4-000--revision-v4--coload-120,51700.426665000006,18128.55476066022,73948440bf3cbec172bf6d10288d0a50c63250df4f8226edcab54a8caf74fc4c,16515.735170999997,965.8287204432322,PPO-coload-120-large-r1-B252000,solutions/test-Test-4-000--revision-v4--coload-120/73948440bf3cbec172bf6d10288d0a50c63250df4f8226edcab54a8caf74fc4c.json
coload-120,test-Test-4-000--revision-v4--coload-120,51700.426665000006,18128.55476066022,ab6a2cc7095d0c43c5fc19848034ed701c16a2bd8a6e63951a42951476a445ed,16519.035170999996,965.0368772166763,PPO-coload-120-large-r1-B252000,solutions/test-Test-4-000--revision-v4--coload-120/ab6a2cc7095d0c43c5fc19848034ed701c16a2bd8a6e63951a42951476a445ed.json
coload-120,test-Test-4-000--revision-v4--coload-120,51700.426665000006,18128.55476066022,634e77ecfb22b1b46113152abca83538de39abcc4dd3d052d64c1a652c4eb887,16521.834170999995,960.1110329849986,PPO-coload-120-large-r1-B252000,solutions/test-Test-4-000--revision-v4--coload-120/634e77ecfb22b1b46113152abca83538de39abcc4dd3d052d64c1a652c4eb887.json
coload-120,test-Test-4-000--revision-v4--coload-120,51700.426665000006,18128.55476066022,2acb963db6de2eeb7606221479b1bcea6909420567ff9a8ead26f6d42aad8020,16568.037170999996,957.0619218703018,PPO-coload-120-large-r1-B252000,solutions/test-Test-4-000--revision-v4--coload-120/2acb963db6de2eeb7606221479b1bcea6909420567ff9a8ead26f6d42aad8020.json
coload-120,test-Test-4-000--revision-v4--coload-120,51700.426665000006,18128.55476066022,f958de73397a8729b48d755f52aebee45d8cefee01ab52b66ad28cfdc34aa6ab,16625.339093,906.3934640082741,PPO-coload-120-large-r1-B252000,solutions/test-Test-4-000--revision-v4--coload-120/f958de73397a8729b48d755f52aebee45d8cefee01ab52b66ad28cfdc34aa6ab.json
coload-120,test-Test-4-000--revision-v4--coload-120,51700.426665000006,18128.55476066022,c67fbcb025c9278eeccab9be81fff32f3297d29f0b9916a49bda8f89a9fa6d62,16633.843088999995,900.6886728609396,PPO-coload-120-large-r1-B252000,solutions/test-Test-4-000--revision-v4--coload-120/c67fbcb025c9278eeccab9be81fff32f3297d29f0b9916a49bda8f89a9fa6d62.json
coload-120,test-Test-4-000--revision-v4--coload-120,51700.426665000006,18128.55476066022,b2a97cecd9045874415592047c9743abf50c3f2a6da256d1389e644e804cfb7e,16646.781225,889.5953898678457,PPO-coload-120-large-r1-B252000,solutions/test-Test-4-000--revision-v4--coload-120/b2a97cecd9045874415592047c9743abf50c3f2a6da256d1389e644e804cfb7e.json
coload-120,test-Test-4-000--revision-v4--coload-120,51700.426665000006,18128.55476066022,32426c42bfcb6e30020b55ddfd1659e234ace195f5cb0b0d0dcc1146c4615b16,16647.711225,887.2640839904694,PPO-coload-120-large-r1-B252000,solutions/test-Test-4-000--revision-v4--coload-120/32426c42bfcb6e30020b55ddfd1659e234ace195f5cb0b0d0dcc1146c4615b16.json
coload-120,test-Test-4-000--revision-v4--coload-120,51700.426665000006,18128.55476066022,161651917f85b30516a38c73b756273273310bbb3eb5e0a5eb78efd0b16e1d02,16648.560225,884.1914145275852,PPO-coload-120-large-r1-B252000,solutions/test-Test-4-000--revision-v4--coload-120/161651917f85b30516a38c73b756273273310bbb3eb5e0a5eb78efd0b16e1d02.json
coload-120,test-Test-4-000--revision-v4--coload-120,51700.426665000006,18128.55476066022,02374ceec3c36c337db0d09277e8fbb66fa7d1a938ecbcc24f0e164464001299,16649.490225,881.8601086502086,PPO-coload-120-large-r1-B252000,solutions/test-Test-4-000--revision-v4--coload-120/02374ceec3c36c337db0d09277e8fbb66fa7d1a938ecbcc24f0e164464001299.json
coload-120,test-Test-4-000--revision-v4--coload-120,51700.426665000006,18128.55476066022,1eacc07ee63360b6b7d11db176ddddf9870ac7e8f34351e12783b6bee2c33b13,16682.799225000002,877.5745366663208,PPO-coload-120-large-r1-B252000,solutions/test-Test-4-000--revision-v4--coload-120/1eacc07ee63360b6b7d11db176ddddf9870ac7e8f34351e12783b6bee2c33b13.json
coload-120,test-Test-4-000--revision-v4--coload-120,51700.426665000006,18128.55476066022,a768ff98e362dd49e1b37a6eb8b700b8a648f432a256a2a5b604e038fd7157cd,16784.041089,875.7424797990151,PPO-coload-120-large-r1-B252000,solutions/test-Test-4-000--revision-v4--coload-120/a768ff98e362dd49e1b37a6eb8b700b8a648f432a256a2a5b604e038fd7157cd.json
coload-120,test-Test-4-000--revision-v4--coload-120,51700.426665000006,18128.55476066022,b3f44f3ff44183f52f6552bc7a6bd4e23e65efc7f586e4887f21581414dfa620,16807.096623,875.5037668991396,PPO-coload-120-large-r1-B252000,solutions/test-Test-4-000--revision-v4--coload-120/b3f44f3ff44183f52f6552bc7a6bd4e23e65efc7f586e4887f21581414dfa620.json
coload-120,test-Test-4-000--revision-v4--coload-120,51700.426665000006,18128.55476066022,cc7e6194b8c1704d1db0758f97d62a7d559d3a57f63d45ecc65254b34270197a,16810.078089000002,870.8425951365285,PPO-coload-120-large-r1-B252000,solutions/test-Test-4-000--revision-v4--coload-120/cc7e6194b8c1704d1db0758f97d62a7d559d3a57f63d45ecc65254b34270197a.json
coload-120,test-Test-4-000--revision-v4--coload-120,51700.426665000006,18128.55476066022,cf87bb7e692083c66090384c23048f28c1a4ff71cbc2c22b1f46b3ef7ca2eee4,17191.486088999998,869.8896385606835,PPO-coload-120-large-r1-B252000,solutions/test-Test-4-000--revision-v4--coload-120/cf87bb7e692083c66090384c23048f28c1a4ff71cbc2c22b1f46b3ef7ca2eee4.json
coload-120,test-Test-4-000--revision-v4--coload-120,51700.426665000006,18128.55476066022,b219b8df933ebcdc249783d3df616e0811da085f8214a85799b8ef163938eb06,17613.52615900001,782.9963752814981,PPO-coload-120-large-r0-B252000,solutions/test-Test-4-000--revision-v4--coload-120/b219b8df933ebcdc249783d3df616e0811da085f8214a85799b8ef163938eb06.json
coload-120,test-Test-4-000--revision-v4--coload-120,51700.426665000006,18128.55476066022,77c1e69d9465d81e697a94cfbc934f14ec2e036c6f4b18bbb91c8dc653de0721,17629.69615900001,777.6664219410293,PPO-coload-120-large-r0-B252000,solutions/test-Test-4-000--revision-v4--coload-120/77c1e69d9465d81e697a94cfbc934f14ec2e036c6f4b18bbb91c8dc653de0721.json
coload-120,test-Test-4-000--revision-v4--coload-120,51700.426665000006,18128.55476066022,cb0745f262c7b813830a470e5b7868f336f50dcbec632e0aadd41d7204df8cd3,17632.648159000008,754.5102771669432,PPO-coload-120-large-r0-B252000,solutions/test-Test-4-000--revision-v4--coload-120/cb0745f262c7b813830a470e5b7868f336f50dcbec632e0aadd41d7204df8cd3.json
coload-120,test-Test-4-000--revision-v4--coload-120,51700.426665000006,18128.55476066022,a7f78902b4252531fe9cf51b2b798fa1863cc4a4c026579fcc77b2e169c30ec0,17638.18615900001,745.6712820752773,PPO-coload-120-large-r0-B252000,solutions/test-Test-4-000--revision-v4--coload-120/a7f78902b4252531fe9cf51b2b798fa1863cc4a4c026579fcc77b2e169c30ec0.json
coload-120,test-Test-4-000--revision-v4--coload-120,51700.426665000006,18128.55476066022,04a4c85962e295b97d479de30cc8d4fad463440872780e59ffba575f6349a5ab,17652.50215900001,745.4515463870705,PPO-coload-120-large-r0-B252000,solutions/test-Test-4-000--revision-v4--coload-120/04a4c85962e295b97d479de30cc8d4fad463440872780e59ffba575f6349a5ab.json
coload-120,test-Test-4-000--revision-v4--coload-120,51700.426665000006,18128.55476066022,1879c532ddcebd027dd0f0d480d750c99ff1591b2b028dcb0065a0d1b19b6ae2,17652.92815900001,743.3109288675697,PPO-coload-120-large-r0-B252000,solutions/test-Test-4-000--revision-v4--coload-120/1879c532ddcebd027dd0f0d480d750c99ff1591b2b028dcb0065a0d1b19b6ae2.json
coload-120,test-Test-4-000--revision-v4--coload-120,51700.426665000006,18128.55476066022,e01b442254258edd36af57bbf358b77cf4945a8547e3ff4791a864a1de408247,17696.74015900001,737.8050409463228,PPO-coload-120-large-r0-B252000,solutions/test-Test-4-000--revision-v4--coload-120/e01b442254258edd36af57bbf358b77cf4945a8547e3ff4791a864a1de408247.json
coload-120,test-Test-4-000--revision-v4--coload-120,51700.426665000006,18128.55476066022,6eaa55adac55ff25e33229c09e132a95f5c69fc71e7824c8d8ca2591f95daf2d,17711.05615900001,737.585305258116,PPO-coload-120-large-r0-B252000,solutions/test-Test-4-000--revision-v4--coload-120/6eaa55adac55ff25e33229c09e132a95f5c69fc71e7824c8d8ca2591f95daf2d.json
coload-120,test-Test-4-000--revision-v4--coload-120,51700.426665000006,18128.55476066022,adac0bc03dd77609a4fcba2f5a0d5243584998362e47a27540e5123e738ee681,17711.48215900001,735.4446877386154,PPO-coload-120-large-r0-B252000,solutions/test-Test-4-000--revision-v4--coload-120/adac0bc03dd77609a4fcba2f5a0d5243584998362e47a27540e5123e738ee681.json
coload-120,test-Test-4-000--revision-v4--coload-120,51700.426665000006,18128.55476066022,7d8b2b4c4f8a99c940db3ed16268532b1afed16e06f46dc495aa065cacd3aac9,17751.37238500001,734.3531270785642,PPO-coload-120-large-r0-B252000,solutions/test-Test-4-000--revision-v4--coload-120/7d8b2b4c4f8a99c940db3ed16268532b1afed16e06f46dc495aa065cacd3aac9.json
coload-120,test-Test-4-000--revision-v4--coload-120,51700.426665000006,18128.55476066022,a35fcda4f7b5fb2bf8214a5388f9e7f333a7cce51c54a163d20e600e72073bff,17866.03215900001,731.9856425441832,PPO-coload-120-large-r0-B252000,solutions/test-Test-4-000--revision-v4--coload-120/a35fcda4f7b5fb2bf8214a5388f9e7f333a7cce51c54a163d20e600e72073bff.json
coload-120,test-Test-4-000--revision-v4--coload-120,51700.426665000006,18128.55476066022,e72478d23ebb4b8ba00f6ca2272caa4361939254e641296f029544f00f5c5f23,18025.04422500001,728.5540593888447,PPO-coload-120-large-r0-B252000,solutions/test-Test-4-000--revision-v4--coload-120/e72478d23ebb4b8ba00f6ca2272caa4361939254e641296f029544f00f5c5f23.json
coload-120,test-Test-4-000--revision-v4--coload-120,51700.426665000006,18128.55476066022,cd59b0bf47f83bf51044cdd9b4e732bae15ffd65b7c4fe3a822f5afa8c9d58ae,19081.041752999994,602.0076412398918,PPO-coload-120-large-r2-B252000,solutions/test-Test-4-000--revision-v4--coload-120/cd59b0bf47f83bf51044cdd9b4e732bae15ffd65b7c4fe3a822f5afa8c9d58ae.json
coload-120,test-Test-4-000--revision-v4--coload-120,51700.426665000006,18128.55476066022,351773a30aa1025f370a37152d610fe4e288f42cb4c2efc41c2ca6d141dc34ae,19082.763752999996,587.1153716529192,PPO-coload-120-large-r2-B252000,solutions/test-Test-4-000--revision-v4--coload-120/351773a30aa1025f370a37152d610fe4e288f42cb4c2efc41c2ca6d141dc34ae.json
coload-120,test-Test-4-000--revision-v4--coload-120,51700.426665000006,18128.55476066022,68431acbfcdb9b5a7ea7739b189cd483b95835062ed62e633ae73ceec6661378,19135.362752999998,584.1355920904718,PPO-coload-120-large-r2-B252000,solutions/test-Test-4-000--revision-v4--coload-120/68431acbfcdb9b5a7ea7739b189cd483b95835062ed62e633ae73ceec6661378.json
coload-120,test-Test-4-000--revision-v4--coload-120,51700.426665000006,18128.55476066022,791c67155e79741684a1bb40c144b704f1679f78a363b04fa6bf7cfded28b35c,19172.105239999997,577.6784285466659,PPO-coload-120-large-r2-B252000,solutions/test-Test-4-000--revision-v4--coload-120/791c67155e79741684a1bb40c144b704f1679f78a363b04fa6bf7cfded28b35c.json
coload-120,test-Test-4-000--revision-v4--coload-120,51700.426665000006,18128.55476066022,68ceebbe8c30108ea60aec42cbd0c2e1904c447501a93de927dd9ecf53ef0a93,19179.225752999995,577.4956168720851,PPO-coload-120-large-r2-B252000,solutions/test-Test-4-000--revision-v4--coload-120/68ceebbe8c30108ea60aec42cbd0c2e1904c447501a93de927dd9ecf53ef0a93.json
coload-120,test-Test-4-000--revision-v4--coload-120,51700.426665000006,18128.55476066022,273c9c3c86f8f7638cc49d83c392e29758b3bae21277df65d1d214e0d8718df3,19180.089752999993,576.7486255677986,PPO-coload-120-large-r2-B252000,solutions/test-Test-4-000--revision-v4--coload-120/273c9c3c86f8f7638cc49d83c392e29758b3bae21277df65d1d214e0d8718df3.json
coload-120,test-Test-4-000--revision-v4--coload-120,51700.426665000006,18128.55476066022,8ab7e00f89afa1713c71a7eef2d72364a56ce8cd34bee58ffb1b304b02640fbc,19181.540239999995,576.2830119021685,PPO-coload-120-large-r2-B252000,solutions/test-Test-4-000--revision-v4--coload-120/8ab7e00f89afa1713c71a7eef2d72364a56ce8cd34bee58ffb1b304b02640fbc.json
coload-120,test-Test-4-000--revision-v4--coload-120,51700.426665000006,18128.55476066022,fd9013494e69ad69c5f6ed23182a16a394385279d38c1978c1ab50ffb56cb4a4,19184.505752999994,575.8690125808365,PPO-coload-120-large-r2-B252000,solutions/test-Test-4-000--revision-v4--coload-120/fd9013494e69ad69c5f6ed23182a16a394385279d38c1978c1ab50ffb56cb4a4.json
coload-120,test-Test-4-000--revision-v4--coload-120,51700.426665000006,18128.55476066022,c1054bea925b791e143657b1e849421ba6f67df5aa1989bb9052d13ad6a3c9a8,19189.524752999998,575.3532089233012,PPO-coload-120-large-r2-B252000,solutions/test-Test-4-000--revision-v4--coload-120/c1054bea925b791e143657b1e849421ba6f67df5aa1989bb9052d13ad6a3c9a8.json
coload-120,test-Test-4-000--revision-v4--coload-120,51700.426665000006,18128.55476066022,d5545ec4a9dec780a455c6c99f41de4b7ec425bb8473729db090292462fb4216,19198.626752999997,574.6249033533444,PPO-coload-120-large-r2-B252000,solutions/test-Test-4-000--revision-v4--coload-120/d5545ec4a9dec780a455c6c99f41de4b7ec425bb8473729db090292462fb4216.json
coload-120,test-Test-4-000--revision-v4--coload-120,51700.426665000006,18128.55476066022,9f2ce5e88cb93ef1470f12d4a7f93cbe3b8057797482bcf8fc05cdc33bd04c9d,19229.360729999997,572.6027045480516,PPO-coload-120-large-r2-B252000,solutions/test-Test-4-000--revision-v4--coload-120/9f2ce5e88cb93ef1470f12d4a7f93cbe3b8057797482bcf8fc05cdc33bd04c9d.json
coload-120,test-Test-4-000--revision-v4--coload-120,51700.426665000006,18128.55476066022,649c485fa5baf2d3ed5193ee85654e4c3b77288ebb0122f7b36fa64f7564720c,19243.600229999996,570.7347237315222,PPO-coload-120-large-r2-B252000,solutions/test-Test-4-000--revision-v4--coload-120/649c485fa5baf2d3ed5193ee85654e4c3b77288ebb0122f7b36fa64f7564720c.json
coload-120,test-Test-4-000--revision-v4--coload-120,51700.426665000006,18128.55476066022,e619f420237fea4b6fe850420ba1d3217c2d21db05700387b5730c5e7ebb8692,19450.745552999997,569.5573240033043,PPO-coload-120-large-r2-B252000,solutions/test-Test-4-000--revision-v4--coload-120/e619f420237fea4b6fe850420ba1d3217c2d21db05700387b5730c5e7ebb8692.json
coload-120,test-Test-4-000--revision-v4--coload-120,51700.426665000006,18128.55476066022,c7a7b7f11f58f17cf09fa151db4f631ad5e2f191e4ceff6bb30f8825d12189b2,20870.660717000006,568.5040193625637,PPO-coload-120-large-r1-B252000,solutions/test-Test-4-000--revision-v4--coload-120/c7a7b7f11f58f17cf09fa151db4f631ad5e2f191e4ceff6bb30f8825d12189b2.json
coload-120,test-Test-4-000--revision-v4--coload-120,51700.426665000006,18128.55476066022,8a15ba5ea2f90a33bae0da7e6d78ba5880359dffc829b116e4dcb217498391c1,20902.046717000005,568.4011453102872,PPO-coload-120-large-r1-B252000,solutions/test-Test-4-000--revision-v4--coload-120/8a15ba5ea2f90a33bae0da7e6d78ba5880359dffc829b116e4dcb217498391c1.json
coload-120,test-Test-4-000--revision-v4--coload-120,51700.426665000006,18128.55476066022,f827a244f8495a068fc3829f58c2bab703914f1560eb75c5f36e6b2c1c64e55c,20908.701773000004,568.021640736034,PPO-coload-120-large-r1-B252000,solutions/test-Test-4-000--revision-v4--coload-120/f827a244f8495a068fc3829f58c2bab703914f1560eb75c5f36e6b2c1c64e55c.json
coload-120,test-Test-4-000--revision-v4--coload-120,51700.426665000006,18128.55476066022,33873f96238d593a63d79e09fd4b4a7d1390c314e22b8a56f84608e7cefd0582,20991.656717000005,567.353711244253,PPO-coload-120-large-r1-B252000,solutions/test-Test-4-000--revision-v4--coload-120/33873f96238d593a63d79e09fd4b4a7d1390c314e22b8a56f84608e7cefd0582.json
coload-120,test-Test-4-000--revision-v4--coload-120,51700.426665000006,18128.55476066022,0eff235d78b94c873dc1111205a3c86ec45b69b34d895194afb96ba85a811093,20994.18271700001,566.5624160494931,PPO-coload-120-large-r1-B252000,solutions/test-Test-4-000--revision-v4--coload-120/0eff235d78b94c873dc1111205a3c86ec45b69b34d895194afb96ba85a811093.json
coload-120,test-Test-4-000--revision-v4--coload-120,51700.426665000006,18128.55476066022,f4f5e86c6b7583d71a77753c29a31ecea913c88afcc42179c4608aa203e99492,21050.810717000008,566.1062621657311,PPO-coload-120-large-r1-B252000,solutions/test-Test-4-000--revision-v4--coload-120/f4f5e86c6b7583d71a77753c29a31ecea913c88afcc42179c4608aa203e99492.json
coload-120,test-Test-4-000--revision-v4--coload-120,51700.426665000006,18128.55476066022,9b9a82df12619facd32217fceb2d695162ee3309b4f4a94f333acf3585b32b75,21195.224717000005,564.4210426199149,PPO-coload-120-large-r1-B252000,solutions/test-Test-4-000--revision-v4--coload-120/9b9a82df12619facd32217fceb2d695162ee3309b4f4a94f333acf3585b32b75.json
coload-120,test-Test-4-000--revision-v4--coload-120,51700.426665000006,18128.55476066022,0a4397127a0ba7528030f5da87c0e8f816de75b8d2a6532aab7508192d6bd61f,22993.609478000002,523.753021670261,PPO-coload-120-large-r0-B252000,solutions/test-Test-4-000--revision-v4--coload-120/0a4397127a0ba7528030f5da87c0e8f816de75b8d2a6532aab7508192d6bd61f.json
coload-120,test-Test-4-000--revision-v4--coload-120,51700.426665000006,18128.55476066022,20a4c5a58802357f4486493de08ec740638d7346d8254f6eca64aff6f37ddf46,23004.339125,522.8047345959191,PPO-coload-120-large-r0-B252000,solutions/test-Test-4-000--revision-v4--coload-120/20a4c5a58802357f4486493de08ec740638d7346d8254f6eca64aff6f37ddf46.json
coload-120,test-Test-4-000--revision-v4--coload-120,51700.426665000006,18128.55476066022,f0c820858fd5e0d6f99626f54cd4c7b2b94ea770c40b27ebba7e077a75bda524,23022.077978,521.5534672783298,PPO-coload-120-large-r0-B252000,solutions/test-Test-4-000--revision-v4--coload-120/f0c820858fd5e0d6f99626f54cd4c7b2b94ea770c40b27ebba7e077a75bda524.json
coload-120,test-Test-4-000--revision-v4--coload-120,51700.426665000006,18128.55476066022,64b4f969dda4d7c2d83cd7203743775bea235b52a4b779570430505727fa486b,23035.826977999997,521.0142989269647,PPO-coload-120-large-r0-B252000,solutions/test-Test-4-000--revision-v4--coload-120/64b4f969dda4d7c2d83cd7203743775bea235b52a4b779570430505727fa486b.json
coload-120,test-Test-4-000--revision-v4--coload-120,51700.426665000006,18128.55476066022,868b739c49d44147f55900cafdcd92f40a94bc4538582bd7e68b51afa7bca0d0,23036.531978,520.7683547508271,PPO-coload-120-large-r0-B252000,solutions/test-Test-4-000--revision-v4--coload-120/868b739c49d44147f55900cafdcd92f40a94bc4538582bd7e68b51afa7bca0d0.json
coload-120,test-Test-4-000--revision-v4--coload-120,51700.426665000006,18128.55476066022,89788c3e86f8c03a9bbd646015c85264f258dbe6b5d84c5a044ddcfffd38c16f,23074.633238,520.5153255325679,PPO-coload-120-large-r0-B252000,solutions/test-Test-4-000--revision-v4--coload-120/89788c3e86f8c03a9bbd646015c85264f258dbe6b5d84c5a044ddcfffd38c16f.json
coload-120,test-Test-4-000--revision-v4--coload-120,51700.426665000006,18128.55476066022,1726235589ed4d170e2ef8d2acfe8567d0f65ca47eb7793fe1fa38721292efb7,23172.032977999996,520.4049726916819,PPO-coload-120-large-r0-B252000,solutions/test-Test-4-000--revision-v4--coload-120/1726235589ed4d170e2ef8d2acfe8567d0f65ca47eb7793fe1fa38721292efb7.json
coload-120,test-Test-4-000--revision-v4--coload-120,51700.426665000006,18128.55476066022,e01f85683ce6bb3189198e737053fab7eec6441b04a6f39067a983b61c4b73a3,23271.878378,519.5227407011012,PPO-coload-120-large-r0-B252000,solutions/test-Test-4-000--revision-v4--coload-120/e01f85683ce6bb3189198e737053fab7eec6441b04a6f39067a983b61c4b73a3.json
coload-120,test-Test-4-000--revision-v4--coload-120,51700.426665000006,18128.55476066022,e425ba736b395cb846b38008e50fa76b98e74c42b5483e59f7aa2793ae1b953e,23399.644478000002,519.3342777264002,PPO-coload-120-large-r0-B252000,solutions/test-Test-4-000--revision-v4--coload-120/e425ba736b395cb846b38008e50fa76b98e74c42b5483e59f7aa2793ae1b953e.json
coload-120,test-Test-4-000--revision-v4--coload-120,51700.426665000006,18128.55476066022,3368118f18a68de4176b088449b7b3104a7dd127b59df31a033f32da0cf1f7d4,23440.861978,518.5261695751661,PPO-coload-120-large-r0-B252000,solutions/test-Test-4-000--revision-v4--coload-120/3368118f18a68de4176b088449b7b3104a7dd127b59df31a033f32da0cf1f7d4.json
coload-120,test-Test-4-000--revision-v4--coload-120,51700.426665000006,18128.55476066022,e60a2b3db5df1bf34c04d44a27b63e17d81849dbecdf36ee74e39351fd8f5ea3,24584.785718000003,515.0443766725746,PPO-coload-120-large-r0-B252000,solutions/test-Test-4-000--revision-v4--coload-120/e60a2b3db5df1bf34c04d44a27b63e17d81849dbecdf36ee74e39351fd8f5ea3.json
coload-120,test-Test-4-000--revision-v4--coload-120,51700.426665000006,18128.55476066022,99f7e09b598f970448f726a5c4a2c1e7722da5fa171254d6209367d56b5ba542,24627.343718,514.6769899272833,PPO-coload-120-large-r0-B252000,solutions/test-Test-4-000--revision-v4--coload-120/99f7e09b598f970448f726a5c4a2c1e7722da5fa171254d6209367d56b5ba542.json
coload-120,test-Test-4-000--revision-v4--coload-120,51700.426665000006,18128.55476066022,d6bb462dad9c8170591f1e3303baeac45b512d315de340c4288e35d8e505aa48,24637.595048000003,514.3623103724849,PPO-coload-120-large-r0-B252000,solutions/test-Test-4-000--revision-v4--coload-120/d6bb462dad9c8170591f1e3303baeac45b512d315de340c4288e35d8e505aa48.json
coload-120,test-Test-4-000--revision-v4--coload-120,51700.426665000006,18128.55476066022,30be7dfbaf61e8f1207bbcdc11903772a15d7b3ba430cda4f26469df7fd88c5c,24669.535718000003,513.282881837316,PPO-coload-120-large-r0-B252000,solutions/test-Test-4-000--revision-v4--coload-120/30be7dfbaf61e8f1207bbcdc11903772a15d7b3ba430cda4f26469df7fd88c5c.json
coload-120,test-Test-4-000--revision-v4--coload-120,51700.426665000006,18128.55476066022,b0c32534ea700e8f4f41302df35b379dfdff4fbfda0c776a37fc9f433541e193,24723.757717999997,513.058857035325,PPO-coload-120-large-r0-B252000,solutions/test-Test-4-000--revision-v4--coload-120/b0c32534ea700e8f4f41302df35b379dfdff4fbfda0c776a37fc9f433541e193.json
coload-120,test-Test-4-000--revision-v4--coload-120,51700.426665000006,18128.55476066022,acdd2b7b23c846d454e4b418e0df8603a21776333e5ff33a825a76a4236e2d39,24748.916918000003,511.428870440135,PPO-coload-120-large-r0-B252000,solutions/test-Test-4-000--revision-v4--coload-120/acdd2b7b23c846d454e4b418e0df8603a21776333e5ff33a825a76a4236e2d39.json
coload-120,test-Test-4-000--revision-v4--coload-120,51700.426665000006,18128.55476066022,8130101e6e8afa80a9594685cbf2ef6b718c1f7eeca70048eee4053024abe781,25085.0826,510.5516162344415,PPO-coload-120-large-r0-B252000,solutions/test-Test-4-000--revision-v4--coload-120/8130101e6e8afa80a9594685cbf2ef6b718c1f7eeca70048eee4053024abe781.json
coload-120,test-Test-4-000--revision-v4--coload-120,51700.426665000006,18128.55476066022,14ad4fd3292bfbc91c9cce0215bc3013519b3db32875e87b72ddca5e4f5a58b0,34093.71685499999,508.97098489485705,PPO-coload-120-large-r0-B252000,solutions/test-Test-4-000--revision-v4--coload-120/14ad4fd3292bfbc91c9cce0215bc3013519b3db32875e87b72ddca5e4f5a58b0.json
coload-120,test-Test-4-000--revision-v4--coload-120,51700.426665000006,18128.55476066022,4a9d29515910b2ff774a3389b472ec0145e01e52050306d64a61c4bd3d93cc41,34242.28885499999,507.4273334074983,PPO-coload-120-large-r0-B252000,solutions/test-Test-4-000--revision-v4--coload-120/4a9d29515910b2ff774a3389b472ec0145e01e52050306d64a61c4bd3d93cc41.json
coload-120,test-Test-4-000--revision-v4--coload-120,51700.426665000006,18128.55476066022,2422ebf8a9ee69f8ac28048413569b61312d2fc9e8a4bd8496b74d6a3f77956d,34258.54912299999,506.3318080797243,PPO-coload-120-large-r0-B252000,solutions/test-Test-4-000--revision-v4--coload-120/2422ebf8a9ee69f8ac28048413569b61312d2fc9e8a4bd8496b74d6a3f77956d.json
coload-120,test-Test-4-000--revision-v4--coload-120,51700.426665000006,18128.55476066022,6eb18acaf420faa44e306aa445feb36ca03baa65545839a18922e1b968e625b5,34298.07347099999,474.8006196820459,PPO-coload-120-large-r0-B252000,solutions/test-Test-4-000--revision-v4--coload-120/6eb18acaf420faa44e306aa445feb36ca03baa65545839a18922e1b968e625b5.json
coload-120,test-Test-4-000--revision-v4--coload-120,51700.426665000006,18128.55476066022,97e87ca8222ed316842ec10aa6588d58b57f759b236663995756dfcf24391f62,34349.237017999985,463.6780378983483,PPO-coload-120-large-r0-B252000,solutions/test-Test-4-000--revision-v4--coload-120/97e87ca8222ed316842ec10aa6588d58b57f759b236663995756dfcf24391f62.json
coload-120,test-Test-4-000--revision-v4--coload-120,51700.426665000006,18128.55476066022,9ba0bb262fe9fbd538fdb12536488e4816d97a1ee4fc68d83719f05f9c9f2348,34557.771618,461.2427074686548,PPO-coload-120-large-r0-B252000,solutions/test-Test-4-000--revision-v4--coload-120/9ba0bb262fe9fbd538fdb12536488e4816d97a1ee4fc68d83719f05f9c9f2348.json
coload-120,test-Test-4-000--revision-v4--coload-120,51700.426665000006,18128.55476066022,9ef2ff7a608a4ae539b72fec07b0ecb5f954191206dac9258bb8d33bcbd0c5fa,34670.95701799999,461.10549341008476,PPO-coload-120-large-r0-B252000,solutions/test-Test-4-000--revision-v4--coload-120/9ef2ff7a608a4ae539b72fec07b0ecb5f954191206dac9258bb8d33bcbd0c5fa.json
coload-120,test-Test-4-000--revision-v4--coload-120,51700.426665000006,18128.55476066022,9fa99bc9aa41ee57f4a2a388cf7aa11dad4f3967ba01f9baeb470485f9c1ec5c,34683.611017999996,460.30450511307964,PPO-coload-120-large-r0-B252000,solutions/test-Test-4-000--revision-v4--coload-120/9fa99bc9aa41ee57f4a2a388cf7aa11dad4f3967ba01f9baeb470485f9c1ec5c.json
coload-120,test-Test-4-000--revision-v4--coload-120,51700.426665000006,18128.55476066022,2d9fe92c5e30366ecc82f3517b199472c2f4598cb08ecb350cd2f89f80d0c4a9,34878.45310399999,456.8620898747635,PPO-coload-120-large-r0-B252000,solutions/test-Test-4-000--revision-v4--coload-120/2d9fe92c5e30366ecc82f3517b199472c2f4598cb08ecb350cd2f89f80d0c4a9.json
coload-120,test-Test-4-000--revision-v4--coload-120,51700.426665000006,18128.55476066022,b218382b694347396df9052fd6db40f95b4b20e4c4e3fe78311cfb4998d22868,34920.24580399999,456.67934756207876,PPO-coload-120-large-r0-B252000,solutions/test-Test-4-000--revision-v4--coload-120/b218382b694347396df9052fd6db40f95b4b20e4c4e3fe78311cfb4998d22868.json
coload-120,test-Test-4-000--revision-v4--coload-120,51700.426665000006,18128.55476066022,ae5205f07948bb16434ad183791be8898efb576a1a688a7a9f1b80b6b4d7a412,34946.53210399999,455.06456476959255,PPO-coload-120-large-r0-B252000,solutions/test-Test-4-000--revision-v4--coload-120/ae5205f07948bb16434ad183791be8898efb576a1a688a7a9f1b80b6b4d7a412.json
coload-120,test-Test-4-000--revision-v4--coload-120,51700.426665000006,18128.55476066022,e24aaf1ff0dca9f4a129bb18952396376dd4a0139cc4a468e55f0f69e5e9c929,35069.90391499999,455.03565206940203,PPO-coload-120-large-r0-B252000,solutions/test-Test-4-000--revision-v4--coload-120/e24aaf1ff0dca9f4a129bb18952396376dd4a0139cc4a468e55f0f69e5e9c929.json
coload-120,test-Test-4-000--revision-v4--coload-120,51700.426665000006,18128.55476066022,81d970c3e185d6f7d59160f991d938ac1c6965302495e886494d399deecd1b5f,35101.44641599999,454.96365729645026,PPO-coload-120-large-r0-B252000,solutions/test-Test-4-000--revision-v4--coload-120/81d970c3e185d6f7d59160f991d938ac1c6965302495e886494d399deecd1b5f.json
coload-120,test-Test-4-000--revision-v4--coload-120,51700.426665000006,18128.55476066022,f93a4687d334ba488f76662a6a3d54432dc395f3905ad0b5e8e39b952e38dc22,35113.51818899999,454.7129592768353,PPO-coload-120-large-r0-B252000,solutions/test-Test-4-000--revision-v4--coload-120/f93a4687d334ba488f76662a6a3d54432dc395f3905ad0b5e8e39b952e38dc22.json
coload-120,test-Test-4-000--revision-v4--coload-120,51700.426665000006,18128.55476066022,36ef8686d6b548606591779c13f433c1976dfc1d22b3e3003cf1491e3175cbdb,35118.816371999994,454.53121875422363,PPO-coload-120-large-r0-B252000,solutions/test-Test-4-000--revision-v4--coload-120/36ef8686d6b548606591779c13f433c1976dfc1d22b3e3003cf1491e3175cbdb.json
coload-120,test-Test-4-000--revision-v4--coload-120,51700.426665000006,18128.55476066022,2270910cb76595bda1bdde7bc2f68ea75938b30916d97326b3f8504141322e8d,35130.420104,454.3388391971568,PPO-coload-120-large-r0-B252000,solutions/test-Test-4-000--revision-v4--coload-120/2270910cb76595bda1bdde7bc2f68ea75938b30916d97326b3f8504141322e8d.json
coload-120,test-Test-4-000--revision-v4--coload-120,51700.426665000006,18128.55476066022,0049658d6d382ca841e10350a48ff7c065825a601a94dfb858cd56143e34603e,35154.008804,453.6779125983759,PPO-coload-120-large-r0-B252000,solutions/test-Test-4-000--revision-v4--coload-120/0049658d6d382ca841e10350a48ff7c065825a601a94dfb858cd56143e34603e.json
coload-120,test-Test-4-000--revision-v4--coload-120,51700.426665000006,18128.55476066022,e96ca0b58e7b7c9cef0a6955759dd0924e27a03cbca7c30592eb713cded1d8f3,35156.988104,453.18460204550007,PPO-coload-120-large-r0-B252000,solutions/test-Test-4-000--revision-v4--coload-120/e96ca0b58e7b7c9cef0a6955759dd0924e27a03cbca7c30592eb713cded1d8f3.json
coload-120,test-Test-4-000--revision-v4--coload-120,51700.426665000006,18128.55476066022,6da9a5d6eafc1812a5bc721c866a76e10c6ac23d9369ba13703884c212d175df,35158.404103999994,452.6893416180422,PPO-coload-120-large-r0-B252000,solutions/test-Test-4-000--revision-v4--coload-120/6da9a5d6eafc1812a5bc721c866a76e10c6ac23d9369ba13703884c212d175df.json
coload-120,test-Test-4-000--revision-v4--coload-120,51700.426665000006,18128.55476066022,6235286a18c6422c70f9cc03b2e7a35692746b8efc2999beba7302103cbb1f8f,35254.03234399999,444.3933300835406,PPO-coload-120-large-r0-B252000,solutions/test-Test-4-000--revision-v4--coload-120/6235286a18c6422c70f9cc03b2e7a35692746b8efc2999beba7302103cbb1f8f.json
coload-120,test-Test-4-000--revision-v4--coload-120,51700.426665000006,18128.55476066022,dd7bd33c2a80fbf9af27121a437d9b7cdf179abcb18e98f7a4dda4d99cec6435,35257.56914200001,396.07160405437253,PPO-coload-120-large-r0-B252000,solutions/test-Test-4-000--revision-v4--coload-120/dd7bd33c2a80fbf9af27121a437d9b7cdf179abcb18e98f7a4dda4d99cec6435.json
coload-120,test-Test-4-000--revision-v4--coload-120,51700.426665000006,18128.55476066022,d137e07889b0c22a50cee2b21e6a9013eb71a05b9e0e83492111605e8a99d9ba,35398.869835000005,395.98315616460917,PPO-coload-120-large-r0-B252000,solutions/test-Test-4-000--revision-v4--coload-120/d137e07889b0c22a50cee2b21e6a9013eb71a05b9e0e83492111605e8a99d9ba.json
coload-120,test-Test-4-000--revision-v4--coload-120,51700.426665000006,18128.55476066022,5ec76468317b2cc98dfb141b18fb4cc21b4f71ca1adb5488c2732aff638bbcf6,35423.37504200001,395.77678620432494,PPO-coload-120-large-r0-B252000,solutions/test-Test-4-000--revision-v4--coload-120/5ec76468317b2cc98dfb141b18fb4cc21b4f71ca1adb5488c2732aff638bbcf6.json
coload-120,test-Test-4-000--revision-v4--coload-120,51700.426665000006,18128.55476066022,9278a4de39407f4aed755c8cb5784d95d5faf80793dab5bb563d08bc0f0f89d5,35452.370884,387.15674181576924,PPO-coload-120-large-r0-B252000,solutions/test-Test-4-000--revision-v4--coload-120/9278a4de39407f4aed755c8cb5784d95d5faf80793dab5bb563d08bc0f0f89d5.json
coload-120,test-Test-4-000--revision-v4--coload-120,51700.426665000006,18128.55476066022,c2779771c69b5e6f2aab9ed88e21ead14c4000b7267f8ced39cd7ad98029f218,35551.154884,387.03313010977314,PPO-coload-120-large-r0-B252000,solutions/test-Test-4-000--revision-v4--coload-120/c2779771c69b5e6f2aab9ed88e21ead14c4000b7267f8ced39cd7ad98029f218.json
coload-120,test-Test-4-000--revision-v4--coload-120,51700.426665000006,18128.55476066022,cecec7a74d0ec4be0cb743e70c8c6e5766719b7ac44c5421b5466c82cb852680,35636.525884,386.5470829521381,PPO-coload-120-large-r0-B252000,solutions/test-Test-4-000--revision-v4--coload-120/cecec7a74d0ec4be0cb743e70c8c6e5766719b7ac44c5421b5466c82cb852680.json
coload-120,test-Test-4-000--revision-v4--coload-120,51700.426665000006,18128.55476066022,1b6b5f449aff48762a907bb85be797d86b03deffcbb93e395507f71861c540bd,35638.652884,385.6044857524037,PPO-coload-120-large-r0-B252000,solutions/test-Test-4-000--revision-v4--coload-120/1b6b5f449aff48762a907bb85be797d86b03deffcbb93e395507f71861c540bd.json
coload-120,test-Test-4-000--revision-v4--coload-120,51700.426665000006,18128.55476066022,eba6a8b0a0285cc463fdc4430772e1729b87b092b4ee87c768b2bb4b25ad9ae1,35692.387534,385.55535589689447,PPO-coload-120-large-r0-B252000,solutions/test-Test-4-000--revision-v4--coload-120/eba6a8b0a0285cc463fdc4430772e1729b87b092b4ee87c768b2bb4b25ad9ae1.json
coload-120,test-Test-4-000--revision-v4--coload-120,51700.426665000006,18128.55476066022,33ab007a3cb0a01d78a07c4a786c344540a7649333e1120f193f51f6cea51872,35799.827884000006,385.0772737034104,PPO-coload-120-large-r0-B252000,solutions/test-Test-4-000--revision-v4--coload-120/33ab007a3cb0a01d78a07c4a786c344540a7649333e1120f193f51f6cea51872.json
coload-130,test-Test-4-000--revision-v4--coload-130,51700.426665000006,19496.157106819286,2f6f5573e6f1ec1444a1582c4003f5d7efbdf602e0ccdd27771f3eab98c972d2,14720.439686000002,5101.239013045942,PPO-coload-130-large-r2-B252000,solutions/test-Test-4-000--revision-v4--coload-130/2f6f5573e6f1ec1444a1582c4003f5d7efbdf602e0ccdd27771f3eab98c972d2.json
coload-130,test-Test-4-000--revision-v4--coload-130,51700.426665000006,19496.157106819286,f429b261e5b76d61967f387306bac9fd783912e52584d8f37270faa8ccd5dcd7,14724.889173000003,5081.367881905679,PPO-coload-130-large-r2-B252000,solutions/test-Test-4-000--revision-v4--coload-130/f429b261e5b76d61967f387306bac9fd783912e52584d8f37270faa8ccd5dcd7.json
coload-130,test-Test-4-000--revision-v4--coload-130,51700.426665000006,19496.157106819286,00c26acf57aa3069e70a4c9b6c90c1da1ff3675c5d16904c729d5f2727d810d8,14731.579173000002,4934.844476802928,PPO-coload-130-large-r2-B252000,solutions/test-Test-4-000--revision-v4--coload-130/00c26acf57aa3069e70a4c9b6c90c1da1ff3675c5d16904c729d5f2727d810d8.json
coload-130,test-Test-4-000--revision-v4--coload-130,51700.426665000006,19496.157106819286,720fd96a7f9c528f8e82c35d57eb7f94b6b61f07fe2b57d037238b0258ec7199,14735.615918000001,1779.998241571804,PPO-coload-130-large-r1-B252000,solutions/test-Test-4-000--revision-v4--coload-130/720fd96a7f9c528f8e82c35d57eb7f94b6b61f07fe2b57d037238b0258ec7199.json
coload-130,test-Test-4-000--revision-v4--coload-130,51700.426665000006,19496.157106819286,2b09367ca582c5b4da6b1f0e36683481615bf5c16946e7f5542564ea221ab640,14739.411806000004,1776.4310534890803,PPO-coload-130-large-r1-B252000,solutions/test-Test-4-000--revision-v4--coload-130/2b09367ca582c5b4da6b1f0e36683481615bf5c16946e7f5542564ea221ab640.json
coload-130,test-Test-4-000--revision-v4--coload-130,51700.426665000006,19496.157106819286,0c771bb6b8a1a80fa71618680f2f92ffc56ba8f970f7498ee7eeabcee06f0e8f,14741.481806000003,1770.682120607091,PPO-coload-130-large-r1-B252000,solutions/test-Test-4-000--revision-v4--coload-130/0c771bb6b8a1a80fa71618680f2f92ffc56ba8f970f7498ee7eeabcee06f0e8f.json
coload-130,test-Test-4-000--revision-v4--coload-130,51700.426665000006,19496.157106819286,f37535bd9398e0abf3eec1532cc2d9e7d221a65d5eee6f94f83dbc586a27d189,14748.000806000004,1766.8309728739305,PPO-coload-130-large-r1-B252000,solutions/test-Test-4-000--revision-v4--coload-130/f37535bd9398e0abf3eec1532cc2d9e7d221a65d5eee6f94f83dbc586a27d189.json
coload-130,test-Test-4-000--revision-v4--coload-130,51700.426665000006,19496.157106819286,006ac4c9ad00f54afea29e4c55aa42f722a19e5bb4540f80b0bd93db4a3ccb3e,14758.575806000004,1766.1205336755902,PPO-coload-130-large-r1-B252000,solutions/test-Test-4-000--revision-v4--coload-130/006ac4c9ad00f54afea29e4c55aa42f722a19e5bb4540f80b0bd93db4a3ccb3e.json
coload-130,test-Test-4-000--revision-v4--coload-130,51700.426665000006,19496.157106819286,046a11ba6ee04270694cee5d568d3d6d29396a7410a2f78e6ddc12ee0dce6cbb,14765.025558000003,1766.0759769945437,PPO-coload-130-large-r1-B252000,solutions/test-Test-4-000--revision-v4--coload-130/046a11ba6ee04270694cee5d568d3d6d29396a7410a2f78e6ddc12ee0dce6cbb.json
coload-130,test-Test-4-000--revision-v4--coload-130,51700.426665000006,19496.157106819286,03cf4f2b7b4e08786bc41f94965fb70a9c864fc3e979bc270495a6cbf4da32bc,14770.837900000002,1762.8957312083953,PPO-coload-130-large-r1-B252000,solutions/test-Test-4-000--revision-v4--coload-130/03cf4f2b7b4e08786bc41f94965fb70a9c864fc3e979bc270495a6cbf4da32bc.json
coload-130,test-Test-4-000--revision-v4--coload-130,51700.426665000006,19496.157106819286,ee1f7c15e70955a2c4908d64812c80768a2bdbb06fd42404b36681f36b05e332,14814.954806000002,1761.1588236163127,PPO-coload-130-large-r1-B252000,solutions/test-Test-4-000--revision-v4--coload-130/ee1f7c15e70955a2c4908d64812c80768a2bdbb06fd42404b36681f36b05e332.json
coload-130,test-Test-4-000--revision-v4--coload-130,51700.426665000006,19496.157106819286,6327e7787ffa242f2a111dbb0a4b91930d47c7bc68f5034df5e93d5033df78bb,14851.560806000001,1738.4722094410515,PPO-coload-130-large-r1-B252000,solutions/test-Test-4-000--revision-v4--coload-130/6327e7787ffa242f2a111dbb0a4b91930d47c7bc68f5034df5e93d5033df78bb.json
coload-130,test-Test-4-000--revision-v4--coload-130,51700.426665000006,19496.157106819286,9e2f0941eb0caab047eaad019ee40cc84949c0f2204f8f1e1159ad6aac3f977c,14955.201029000003,1707.9326436914323,PPO-coload-130-large-r1-B252000,solutions/test-Test-4-000--revision-v4--coload-130/9e2f0941eb0caab047eaad019ee40cc84949c0f2204f8f1e1159ad6aac3f977c.json
coload-130,test-Test-4-000--revision-v4--coload-130,51700.426665000006,19496.157106819286,68ecfd1b2e8e60701f28f9d43d5c24f7d29238cdcdae5ab125f8d0989789f212,15300.972636999999,1458.4605673934257,PPO-coload-130-large-r0-B252000,solutions/test-Test-4-000--revision-v4--coload-130/68ecfd1b2e8e60701f28f9d43d5c24f7d29238cdcdae5ab125f8d0989789f212.json
coload-130,test-Test-4-000--revision-v4--coload-130,51700.426665000006,19496.157106819286,6df245a030637774e46c306e9882e809fbef7b393685bf45e15e85289b6a9b63,15307.477625,1450.7148037101265,PPO-coload-130-large-r0-B252000,solutions/test-Test-4-000--revision-v4--coload-130/6df245a030637774e46c306e9882e809fbef7b393685bf45e15e85289b6a9b63.json
coload-130,test-Test-4-000--revision-v4--coload-130,51700.426665000006,19496.157106819286,8f687d2b7b4152818d31145e451e591eb02c693115ed09483c436fc66fde6de7,15326.707625,1446.4825521178325,PPO-coload-130-large-r0-B252000,solutions/test-Test-4-000--revision-v4--coload-130/8f687d2b7b4152818d31145e451e591eb02c693115ed09483c436fc66fde6de7.json
coload-130,test-Test-4-000--revision-v4--coload-130,51700.426665000006,19496.157106819286,cdb9e76ebfcfecb807bbf5dff667ba216343658a62389db13d99c42ed198207d,15361.765624999998,1444.9197797687937,PPO-coload-130-large-r0-B252000,solutions/test-Test-4-000--revision-v4--coload-130/cdb9e76ebfcfecb807bbf5dff667ba216343658a62389db13d99c42ed198207d.json
coload-130,test-Test-4-000--revision-v4--coload-130,51700.426665000006,19496.157106819286,f8a157d230f45eb53f961d7995d653bc1bfbebc7ae05040a959078fa69e5dd63,15380.763636999998,1444.6427020369176,PPO-coload-130-large-r0-B252000,solutions/test-Test-4-000--revision-v4--coload-130/f8a157d230f45eb53f961d7995d653bc1bfbebc7ae05040a959078fa69e5dd63.json
coload-130,test-Test-4-000--revision-v4--coload-130,51700.426665000006,19496.157106819286,e4ab8278d94cef7441f59731bd60dbb7ef7ed83906ad7166733df9a36bdbaed1,15387.268624999997,1436.8969383536182,PPO-coload-130-large-r0-B252000,solutions/test-Test-4-000--revision-v4--coload-130/e4ab8278d94cef7441f59731bd60dbb7ef7ed83906ad7166733df9a36bdbaed1.json
coload-130,test-Test-4-000--revision-v4--coload-130,51700.426665000006,19496.157106819286,4cad1c7e6379f5a9e05c1fc369c2c705f6f872a87c4a17626443da37b0dfb980,15394.591624999997,1435.8692065106372,PPO-coload-130-large-r0-B252000,solutions/test-Test-4-000--revision-v4--coload-130/4cad1c7e6379f5a9e05c1fc369c2c705f6f872a87c4a17626443da37b0dfb980.json
coload-130,test-Test-4-000--revision-v4--coload-130,51700.426665000006,19496.157106819286,892a70318c52f7bed0fee4cd95a0c560e38232c231bf04ac6207bb9ea9b78366,15395.119625,1433.009949974618,PPO-coload-130-large-r0-B252000,solutions/test-Test-4-000--revision-v4--coload-130/892a70318c52f7bed0fee4cd95a0c560e38232c231bf04ac6207bb9ea9b78366.json
coload-130,test-Test-4-000--revision-v4--coload-130,51700.426665000006,19496.157106819286,4823683570b4aa63fe189ff42bb344fbb8941a3b2cee0d9ea6853ce8cf8a7a02,15457.078624999998,1426.815727599178,PPO-coload-130-large-r0-B252000,solutions/test-Test-4-000--revision-v4--coload-130/4823683570b4aa63fe189ff42bb344fbb8941a3b2cee0d9ea6853ce8cf8a7a02.json
coload-130,test-Test-4-000--revision-v4--coload-130,51700.426665000006,19496.157106819286,33332967ea0475408adf03379b61375a80a654ca19cf3593805c3998b8f7cafa,15458.355431,1424.0114077174733,PPO-coload-130-large-r0-B252000,solutions/test-Test-4-000--revision-v4--coload-130/33332967ea0475408adf03379b61375a80a654ca19cf3593805c3998b8f7cafa.json
coload-130,test-Test-4-000--revision-v4--coload-130,51700.426665000006,19496.157106819286,632cb4c53bced30c71f9d4eea59160e96ea74e7bd3181e6ce351a6a211828576,15462.414636999998,1421.4174609203485,PPO-coload-130-large-r0-B252000,solutions/test-Test-4-000--revision-v4--coload-130/632cb4c53bced30c71f9d4eea59160e96ea74e7bd3181e6ce351a6a211828576.json
coload-130,test-Test-4-000--revision-v4--coload-130,51700.426665000006,19496.157106819286,57bed341993d38f1c71a03eeb28268a50ab26bb8a6f112536aabe6c166f62c27,15468.919624999999,1413.671697237049,PPO-coload-130-large-r0-B252000,solutions/test-Test-4-000--revision-v4--coload-130/57bed341993d38f1c71a03eeb28268a50ab26bb8a6f112536aabe6c166f62c27.json
coload-130,test-Test-4-000--revision-v4--coload-130,51700.426665000006,19496.157106819286,ed9dfcad13b43151a13fe22d7ce21286fb3a94c8f62e93c7b921b9c7d87cd852,15475.816624999996,1402.9663246443656,PPO-coload-130-large-r0-B252000,solutions/test-Test-4-000--revision-v4--coload-130/ed9dfcad13b43151a13fe22d7ce21286fb3a94c8f62e93c7b921b9c7d87cd852.json
coload-130,test-Test-4-000--revision-v4--coload-130,51700.426665000006,19496.157106819286,efe5fcb689cd62ee2b17af00dc10d9e0438b1fdd6d318fc118750b35b95ead1a,15547.717624999997,1401.246011828946,PPO-coload-130-large-r0-B252000,solutions/test-Test-4-000--revision-v4--coload-130/efe5fcb689cd62ee2b17af00dc10d9e0438b1fdd6d318fc118750b35b95ead1a.json
coload-130,test-Test-4-000--revision-v4--coload-130,51700.426665000006,19496.157106819286,9b26e3369ddd87cebcef81eb55339cfce50427eec9e115642419ca5948c8f1a2,15666.373253999995,1388.0255046653538,PPO-coload-130-large-r0-B252000,solutions/test-Test-4-000--revision-v4--coload-130/9b26e3369ddd87cebcef81eb55339cfce50427eec9e115642419ca5948c8f1a2.json
coload-130,test-Test-4-000--revision-v4--coload-130,51700.426665000006,19496.157106819286,a649c6821324a2055be407f93723b093c73a7c387dec190ab9e44d234d0d2714,15761.611253999998,1363.1837845524078,PPO-coload-130-large-r0-B252000,solutions/test-Test-4-000--revision-v4--coload-130/a649c6821324a2055be407f93723b093c73a7c387dec190ab9e44d234d0d2714.json
coload-130,test-Test-4-000--revision-v4--coload-130,51700.426665000006,19496.157106819286,8bf4b3f3bcd582112979ee4a0842f63854a218fd3446fcf652f5a74f10dc22a1,15788.851354000004,1238.6773319635936,PPO-coload-130-large-r1-B252000,solutions/test-Test-4-000--revision-v4--coload-130/8bf4b3f3bcd582112979ee4a0842f63854a218fd3446fcf652f5a74f10dc22a1.json
coload-130,test-Test-4-000--revision-v4--coload-130,51700.426665000006,19496.157106819286,dff6a93f9e129a55fdb9f2a3a06c98fd50bb1a17abc503076975dc03f7235628,15814.633354000001,1157.8002484690073,PPO-coload-130-large-r1-B252000,solutions/test-Test-4-000--revision-v4--coload-130/dff6a93f9e129a55fdb9f2a3a06c98fd50bb1a17abc503076975dc03f7235628.json
coload-130,test-Test-4-000--revision-v4--coload-130,51700.426665000006,19496.157106819286,5aca1a73dc4e82249bffc87121fccf11daf076d691b76b9bbd0eef0906b877aa,15821.179354000002,1144.8278975111068,PPO-coload-130-large-r1-B252000,solutions/test-Test-4-000--revision-v4--coload-130/5aca1a73dc4e82249bffc87121fccf11daf076d691b76b9bbd0eef0906b877aa.json
coload-130,test-Test-4-000--revision-v4--coload-130,51700.426665000006,19496.157106819286,a65559e5b160f94129d6726b76e1f5386fa5138aed2522af658f98bb02c14cb3,15825.901354000001,1144.0071462336268,PPO-coload-130-large-r1-B252000,solutions/test-Test-4-000--revision-v4--coload-130/a65559e5b160f94129d6726b76e1f5386fa5138aed2522af658f98bb02c14cb3.json
coload-130,test-Test-4-000--revision-v4--coload-130,51700.426665000006,19496.157106819286,88dbbaa9f7aafc9f782567a4081897b24209575515ce91ed03d2c8c22378ead4,15844.585354,1142.7141983819583,PPO-coload-130-large-r1-B252000,solutions/test-Test-4-000--revision-v4--coload-130/88dbbaa9f7aafc9f782567a4081897b24209575515ce91ed03d2c8c22378ead4.json
coload-130,test-Test-4-000--revision-v4--coload-130,51700.426665000006,19496.157106819286,a1c5ee4bbcf20460953b1846b1b7fa6c13301869c7724218cf671000e0152fcb,15845.386354000002,1142.2962800339528,PPO-coload-130-large-r1-B252000,solutions/test-Test-4-000--revision-v4--coload-130/a1c5ee4bbcf20460953b1846b1b7fa6c13301869c7724218cf671000e0152fcb.json
coload-130,test-Test-4-000--revision-v4--coload-130,51700.426665000006,19496.157106819286,d4ced0f713a927d0c67120891f6947f99d25927319ce861426b12abb8ba0b568,15846.031354000002,1136.2740291033522,PPO-coload-130-large-r1-B252000,solutions/test-Test-4-000--revision-v4--coload-130/d4ced0f713a927d0c67120891f6947f99d25927319ce861426b12abb8ba0b568.json
coload-130,test-Test-4-000--revision-v4--coload-130,51700.426665000006,19496.157106819286,0a216cb390cb788b66e7a946b118836ed1054126e21ccb276aaa85b39cbc7ed3,15879.466237000002,1136.1174917558585,PPO-coload-130-large-r1-B252000,solutions/test-Test-4-000--revision-v4--coload-130/0a216cb390cb788b66e7a946b118836ed1054126e21ccb276aaa85b39cbc7ed3.json
coload-130,test-Test-4-000--revision-v4--coload-130,51700.426665000006,19496.157106819286,10311c08db970aee5df2359183b905799355e136a8733f92adf14edc5ba70c7f,15891.718670000002,1134.5956505356398,PPO-coload-130-large-r1-B252000,solutions/test-Test-4-000--revision-v4--coload-130/10311c08db970aee5df2359183b905799355e136a8733f92adf14edc5ba70c7f.json
coload-130,test-Test-4-000--revision-v4--coload-130,51700.426665000006,19496.157106819286,43610ef3ad1456928d8c0a4c6c2acb832039c8919c56a688099bd851f1bebaf8,15893.450995000003,1134.415142286979,PPO-coload-130-large-r1-B252000,solutions/test-Test-4-000--revision-v4--coload-130/43610ef3ad1456928d8c0a4c6c2acb832039c8919c56a688099bd851f1bebaf8.json
coload-130,test-Test-4-000--revision-v4--coload-130,51700.426665000006,19496.157106819286,b2ed434648d628e060fb154e7c3ed97997b9df5c60c8bedfe25ce504f6c6674e,15900.061636000002,1128.9972332919383,PPO-coload-130-large-r1-B252000,solutions/test-Test-4-000--revision-v4--coload-130/b2ed434648d628e060fb154e7c3ed97997b9df5c60c8bedfe25ce504f6c6674e.json
coload-130,test-Test-4-000--revision-v4--coload-130,51700.426665000006,19496.157106819286,54446a43823bdd5e95d968868ca6f07240693ffd38ecb817b4d356294d854edf,15931.528354,1110.8323066975254,PPO-coload-130-large-r1-B252000,solutions/test-Test-4-000--revision-v4--coload-130/54446a43823bdd5e95d968868ca6f07240693ffd38ecb817b4d356294d854edf.json
coload-130,test-Test-4-000--revision-v4--coload-130,51700.426665000006,19496.157106819286,8eb864e902b664ee78b07499b0922636dd8ee4704c00d1aa3d9e9ef2bc3af32c,16209.367524000005,1108.5424230795861,PPO-coload-130-large-r1-B252000,solutions/test-Test-4-000--revision-v4--coload-130/8eb864e902b664ee78b07499b0922636dd8ee4704c00d1aa3d9e9ef2bc3af32c.json
coload-130,test-Test-4-000--revision-v4--coload-130,51700.426665000006,19496.157106819286,ba4117f114a1997912f57bd6d02c0a8a2086c5285f8222e69ca5ba3e00848fe9,16307.904354000002,1087.33465936435,PPO-coload-130-large-r1-B252000,solutions/test-Test-4-000--revision-v4--coload-130/ba4117f114a1997912f57bd6d02c0a8a2086c5285f8222e69ca5ba3e00848fe9.json
coload-130,test-Test-4-000--revision-v4--coload-130,51700.426665000006,19496.157106819286,5d55e11b6be8ffe795ba46e9d5b397860fbb53cd3f92add1d97270a9fbdb8a43,16362.798696000002,1080.7762211926815,PPO-coload-130-large-r0-B252000,solutions/test-Test-4-000--revision-v4--coload-130/5d55e11b6be8ffe795ba46e9d5b397860fbb53cd3f92add1d97270a9fbdb8a43.json
coload-130,test-Test-4-000--revision-v4--coload-130,51700.426665000006,19496.157106819286,f7ef688cd772e4c65cde9055b03711aaa9f17b74efd3a1d52498b4a5eadb3536,16365.063696000001,1079.541236280551,PPO-coload-130-large-r0-B252000,solutions/test-Test-4-000--revision-v4--coload-130/f7ef688cd772e4c65cde9055b03711aaa9f17b74efd3a1d52498b4a5eadb3536.json
coload-130,test-Test-4-000--revision-v4--coload-130,51700.426665000006,19496.157106819286,01bb4f70e94c952d663dd857014a9cc0e99a4ba33bd4fc6c6661d65a56fc5217,16367.280696000002,1059.3638383949383,PPO-coload-130-large-r0-B252000,solutions/test-Test-4-000--revision-v4--coload-130/01bb4f70e94c952d663dd857014a9cc0e99a4ba33bd4fc6c6661d65a56fc5217.json
coload-130,test-Test-4-000--revision-v4--coload-130,51700.426665000006,19496.157106819286,e6bfdc8989361ce013b5cf5fc2999d13d3f77a41da7a60e2c0449cb0cabf3164,16370.289696000002,1059.2463101964308,PPO-coload-130-large-r0-B252000,solutions/test-Test-4-000--revision-v4--coload-130/e6bfdc8989361ce013b5cf5fc2999d13d3f77a41da7a60e2c0449cb0cabf3164.json
coload-130,test-Test-4-000--revision-v4--coload-130,51700.426665000006,19496.157106819286,53569212b5e356fc88e55cb58638dceb12b0b33a275db53699fd492ef4477959,16371.849696000003,1048.0472774973223,PPO-coload-130-large-r0-B252000,solutions/test-Test-4-000--revision-v4--coload-130/53569212b5e356fc88e55cb58638dceb12b0b33a275db53699fd492ef4477959.json
coload-130,test-Test-4-000--revision-v4--coload-130,51700.426665000006,19496.157106819286,f0738f3d3be85391efd366891b80c7d4a3fd0b17ba0333e72efd992605eefc99,16374.447696000003,1046.780181307246,PPO-coload-130-large-r0-B252000,solutions/test-Test-4-000--revision-v4--coload-130/f0738f3d3be85391efd366891b80c7d4a3fd0b17ba0333e72efd992605eefc99.json
coload-130,test-Test-4-000--revision-v4--coload-130,51700.426665000006,19496.157106819286,9a3331192f2fb9fc396f502b5268afff90e9f5aa36c36e0e61edc93c8ae49b38,16375.095696000002,1044.6548674689245,PPO-coload-130-large-r0-B252000,solutions/test-Test-4-000--revision-v4--coload-130/9a3331192f2fb9fc396f502b5268afff90e9f5aa36c36e0e61edc93c8ae49b38.json
coload-130,test-Test-4-000--revision-v4--coload-130,51700.426665000006,19496.157106819286,ab00ed1910da390931a92f6ed9ddabd3269ef49cb6c7ccf3b7f3b38065a2f1a2,16375.284696000002,1043.8275619289607,PPO-coload-130-large-r0-B252000,solutions/test-Test-4-000--revision-v4--coload-130/ab00ed1910da390931a92f6ed9ddabd3269ef49cb6c7ccf3b7f3b38065a2f1a2.json
coload-130,test-Test-4-000--revision-v4--coload-130,51700.426665000006,19496.157106819286,55ced68955ce5780afedf9850bce6fb8780d0d40cdefd0109c58eded2cc78e42,16376.262696000003,1043.331700124709,PPO-coload-130-large-r0-B252000,solutions/test-Test-4-000--revision-v4--coload-130/55ced68955ce5780afedf9850bce6fb8780d0d40cdefd0109c58eded2cc78e42.json
coload-130,test-Test-4-000--revision-v4--coload-130,51700.426665000006,19496.157106819286,1c6faad9c3c2434541029dbb638367945cc85e46857304facbcfe1be719408e7,16380.000996000002,1042.9278158611846,PPO-coload-130-large-r0-B252000,solutions/test-Test-4-000--revision-v4--coload-130/1c6faad9c3c2434541029dbb638367945cc85e46857304facbcfe1be719408e7.json
coload-130,test-Test-4-000--revision-v4--coload-130,51700.426665000006,19496.157106819286,1b06096039a7a6ff551abeab8b3cb5db2b08a57c4eb4eb79d83b28851ca26fab,16415.901696000004,1042.6695971292495,PPO-coload-130-large-r0-B252000,solutions/test-Test-4-000--revision-v4--coload-130/1b06096039a7a6ff551abeab8b3cb5db2b08a57c4eb4eb79d83b28851ca26fab.json
coload-130,test-Test-4-000--revision-v4--coload-130,51700.426665000006,19496.157106819286,e653b38c5c6705fedc910b5cb41dd10a9c74188db58f2a865061f7f26e59f304,16449.627825000003,1016.5852463243122,PPO-coload-130-large-r0-B252000,solutions/test-Test-4-000--revision-v4--coload-130/e653b38c5c6705fedc910b5cb41dd10a9c74188db58f2a865061f7f26e59f304.json
coload-130,test-Test-4-000--revision-v4--coload-130,51700.426665000006,19496.157106819286,e0e542d7e0f07b23a6f3c0bf41c94851e765847972c9f5ccdc234cfad9b6bd83,16472.414007000003,1016.3604960613732,PPO-coload-130-large-r1-B252000,solutions/test-Test-4-000--revision-v4--coload-130/e0e542d7e0f07b23a6f3c0bf41c94851e765847972c9f5ccdc234cfad9b6bd83.json
coload-130,test-Test-4-000--revision-v4--coload-130,51700.426665000006,19496.157106819286,2f7c3ff7d7501c6d1dfa696bb6eb1a594cfe618e271ce6804d8cd977c7bdd069,16473.401007000004,1013.1504819705888,PPO-coload-130-large-r1-B252000,solutions/test-Test-4-000--revision-v4--coload-130/2f7c3ff7d7501c6d1dfa696bb6eb1a594cfe618e271ce6804d8cd977c7bdd069.json
coload-130,test-Test-4-000--revision-v4--coload-130,51700.426665000006,19496.157106819286,fc12d5fc18ee9a3a216a406835629640cbf0239236df7b197229fe861bde6833,16489.006255,1010.4165978819219,PPO-coload-130-large-r1-B252000,solutions/test-Test-4-000--revision-v4--coload-130/fc12d5fc18ee9a3a216a406835629640cbf0239236df7b197229fe861bde6833.json
coload-130,test-Test-4-000--revision-v4--coload-130,51700.426665000006,19496.157106819286,92d670f18ea52df55e19320db9a2cc85bce2068990de12a29f3a445e09d78cc1,16527.412255000003,1008.6988569151227,PPO-coload-130-large-r1-B252000,solutions/test-Test-4-000--revision-v4--coload-130/92d670f18ea52df55e19320db9a2cc85bce2068990de12a29f3a445e09d78cc1.json
coload-130,test-Test-4-000--revision-v4--coload-130,51700.426665000006,19496.157106819286,8af9c3f414445705bd18016e7816cdac35007a4d010d49f099bc687155615065,16557.208007000005,1008.4966662855137,PPO-coload-130-large-r1-B252000,solutions/test-Test-4-000--revision-v4--coload-130/8af9c3f414445705bd18016e7816cdac35007a4d010d49f099bc687155615065.json
coload-130,test-Test-4-000--revision-v4--coload-130,51700.426665000006,19496.157106819286,d2fb3729a702bcfffa257a4c3e07113fb3adf9923c8dc360b160b0a6e17d82fe,16779.042756000003,867.2607086047182,PPO-coload-130-large-r2-B252000,solutions/test-Test-4-000--revision-v4--coload-130/d2fb3729a702bcfffa257a4c3e07113fb3adf9923c8dc360b160b0a6e17d82fe.json
coload-130,test-Test-4-000--revision-v4--coload-130,51700.426665000006,19496.157106819286,d21c8d26d3cb8d9d21791dced90c928ac32ee5d4254c88cff6121a4cb2d06a23,16782.271425,858.243660779055,PPO-coload-130-large-r2-B252000,solutions/test-Test-4-000--revision-v4--coload-130/d21c8d26d3cb8d9d21791dced90c928ac32ee5d4254c88cff6121a4cb2d06a23.json
coload-130,test-Test-4-000--revision-v4--coload-130,51700.426665000006,19496.157106819286,e9ee788c9fccff3006abef8ef4a8e841a8311e61cba4a32bb683d6711e524a8c,16792.743828,830.2301903802057,PPO-coload-130-large-r2-B252000,solutions/test-Test-4-000--revision-v4--coload-130/e9ee788c9fccff3006abef8ef4a8e841a8311e61cba4a32bb683d6711e524a8c.json
coload-130,test-Test-4-000--revision-v4--coload-130,51700.426665000006,19496.157106819286,b410411578a248c6107d331bd1fb12b0a94f64cad1501c131814a0afee4c1ab6,16796.724756000003,825.12361429521,PPO-coload-130-large-r2-B252000,solutions/test-Test-4-000--revision-v4--coload-130/b410411578a248c6107d331bd1fb12b0a94f64cad1501c131814a0afee4c1ab6.json
coload-130,test-Test-4-000--revision-v4--coload-130,51700.426665000006,19496.157106819286,e81e4ce57cefa58ab635721a3e6663ac979d23bedc463419119a77df69513c35,16807.224828,823.7040028009752,PPO-coload-130-large-r2-B252000,solutions/test-Test-4-000--revision-v4--coload-130/e81e4ce57cefa58ab635721a3e6663ac979d23bedc463419119a77df69513c35.json
coload-130,test-Test-4-000--revision-v4--coload-130,51700.426665000006,19496.157106819286,868af8193b5be3353f4b2e1ea7beb35170ab7c81e9b6c1734716ecfedf924ffc,16811.205756000003,818.5974267159794,PPO-coload-130-large-r2-B252000,solutions/test-Test-4-000--revision-v4--coload-130/868af8193b5be3353f4b2e1ea7beb35170ab7c81e9b6c1734716ecfedf924ffc.json
coload-130,test-Test-4-000--revision-v4--coload-130,51700.426665000006,19496.157106819286,6db234f3954ada43004132cb65a2f4ebd32998920a0e26631eadbf39592ca5db,16818.951756000002,817.7893916710922,PPO-coload-130-large-r2-B252000,solutions/test-Test-4-000--revision-v4--coload-130/6db234f3954ada43004132cb65a2f4ebd32998920a0e26631eadbf39592ca5db.json
coload-130,test-Test-4-000--revision-v4--coload-130,51700.426665000006,19496.157106819286,4a9939035527633acd847c121781993bd5f794a379996b28d064390a1b8482ef,16819.194756,817.3841384173857,PPO-coload-130-large-r2-B252000,solutions/test-Test-4-000--revision-v4--coload-130/4a9939035527633acd847c121781993bd5f794a379996b28d064390a1b8482ef.json
coload-130,test-Test-4-000--revision-v4--coload-130,51700.426665000006,19496.157106819286,5c784092e3bc65fcf31da3a28095ef3c3c24a3bb751e2745adccc71e014ae22c,16822.812756,816.8469719882916,PPO-coload-130-large-r2-B252000,solutions/test-Test-4-000--revision-v4--coload-130/5c784092e3bc65fcf31da3a28095ef3c3c24a3bb751e2745adccc71e014ae22c.json
coload-130,test-Test-4-000--revision-v4--coload-130,51700.426665000006,19496.157106819286,d9daf461bf130718eeff6878e5708450262d0995f66b2921c8ecb23f07cef902,16826.340756,815.5124167453055,PPO-coload-130-large-r2-B252000,solutions/test-Test-4-000--revision-v4--coload-130/d9daf461bf130718eeff6878e5708450262d0995f66b2921c8ecb23f07cef902.json
coload-130,test-Test-4-000--revision-v4--coload-130,51700.426665000006,19496.157106819286,43dc27b78e8ab36616a731bf1285007aba8a5a3a5a2787e045dcc8f18e9ebb57,16832.337755999997,814.2324291409824,PPO-coload-130-large-r2-B252000,solutions/test-Test-4-000--revision-v4--coload-130/43dc27b78e8ab36616a731bf1285007aba8a5a3a5a2787e045dcc8f18e9ebb57.json
coload-130,test-Test-4-000--revision-v4--coload-130,51700.426665000006,19496.157106819286,a579d4d093da04b078392fa641f76df01126870a1f87cc0e78edea95fd388bd3,16833.432756000002,811.2632040918616,PPO-coload-130-large-r2-B252000,solutions/test-Test-4-000--revision-v4--coload-130/a579d4d093da04b078392fa641f76df01126870a1f87cc0e78edea95fd388bd3.json
coload-130,test-Test-4-000--revision-v4--coload-130,51700.426665000006,19496.157106819286,f3ce9cd723b04d802e3d219aeda328b1bfabafe1df9d02c1009576dcbd740807,16833.675756,810.8579508381549,PPO-coload-130-large-r2-B252000,solutions/test-Test-4-000--revision-v4--coload-130/f3ce9cd723b04d802e3d219aeda328b1bfabafe1df9d02c1009576dcbd740807.json
coload-130,test-Test-4-000--revision-v4--coload-130,51700.426665000006,19496.157106819286,2c9cd80fbcf0b6d04f8fab5afda7a1e69521b668fb753a80ebead0e79e2e2da2,16836.198756,810.6991108273095,PPO-coload-130-large-r2-B252000,solutions/test-Test-4-000--revision-v4--coload-130/2c9cd80fbcf0b6d04f8fab5afda7a1e69521b668fb753a80ebead0e79e2e2da2.json
coload-130,test-Test-4-000--revision-v4--coload-130,51700.426665000006,19496.157106819286,eb93d5e251ec7605f932457a18231e9e542bcda8ea6c0841db5404061aa06ad7,16842.561756,810.6894828351915,PPO-coload-130-large-r2-B252000,solutions/test-Test-4-000--revision-v4--coload-130/eb93d5e251ec7605f932457a18231e9e542bcda8ea6c0841db5404061aa06ad7.json
coload-130,test-Test-4-000--revision-v4--coload-130,51700.426665000006,19496.157106819286,c53cbb2f2f3a85fe478ad495e8e30f89934bbc873e2427831eb750bdd717988c,16861.374756,808.9342607463074,PPO-coload-130-large-r2-B252000,solutions/test-Test-4-000--revision-v4--coload-130/c53cbb2f2f3a85fe478ad495e8e30f89934bbc873e2427831eb750bdd717988c.json
coload-130,test-Test-4-000--revision-v4--coload-130,51700.426665000006,19496.157106819286,8eb6497ac85a02e5c2dfe820474e2c172043a2945e76548a891b0f00668199a5,16864.872756,806.1728148980465,PPO-coload-130-large-r2-B252000,solutions/test-Test-4-000--revision-v4--coload-130/8eb6497ac85a02e5c2dfe820474e2c172043a2945e76548a891b0f00668199a5.json
coload-130,test-Test-4-000--revision-v4--coload-130,51700.426665000006,19496.157106819286,937920bab673a1247a1b059c1a63a414137bdc2e2910c14acaf29ae23b0dbdfc,16918.467756,803.6043228951829,PPO-coload-130-large-r2-B252000,solutions/test-Test-4-000--revision-v4--coload-130/937920bab673a1247a1b059c1a63a414137bdc2e2910c14acaf29ae23b0dbdfc.json
coload-130,test-Test-4-000--revision-v4--coload-130,51700.426665000006,19496.157106819286,3db2511085073ebaa73aad2379233b69e4180454d9d2e3c464034f7c2120a0d2,16966.743756,796.2537465498498,PPO-coload-130-large-r2-B252000,solutions/test-Test-4-000--revision-v4--coload-130/3db2511085073ebaa73aad2379233b69e4180454d9d2e3c464034f7c2120a0d2.json
coload-130,test-Test-4-000--revision-v4--coload-130,51700.426665000006,19496.157106819286,7b5c2507430aa0c06996086cdd5adaf88636a3421ecce72198e6a0e9a6654c22,18141.645514,795.0570078385244,PPO-coload-130-large-r1-B252000,solutions/test-Test-4-000--revision-v4--coload-130/7b5c2507430aa0c06996086cdd5adaf88636a3421ecce72198e6a0e9a6654c22.json
coload-130,test-Test-4-000--revision-v4--coload-130,51700.426665000006,19496.157106819286,79de828b58b9e759f9a85806110208e284290c9769b626cbe4f6b9a82c62de86,18143.214514,794.27615451196,PPO-coload-130-large-r1-B252000,solutions/test-Test-4-000--revision-v4--coload-130/79de828b58b9e759f9a85806110208e284290c9769b626cbe4f6b9a82c62de86.json
coload-130,test-Test-4-000--revision-v4--coload-130,51700.426665000006,19496.157106819286,36ef4918ad5af35ba7eef33c5bb96b432fb567807ed89cf1f853f3ff8c548a17,18163.744768,787.1443078933429,PPO-coload-130-large-r1-B252000,solutions/test-Test-4-000--revision-v4--coload-130/36ef4918ad5af35ba7eef33c5bb96b432fb567807ed89cf1f853f3ff8c548a17.json
coload-130,test-Test-4-000--revision-v4--coload-130,51700.426665000006,19496.157106819286,ab875e1366c330b0f446105ff347417305c8115f98a59393ee349af91becbb5c,18168.121768,778.9396844293259,PPO-coload-130-large-r1-B252000,solutions/test-Test-4-000--revision-v4--coload-130/ab875e1366c330b0f446105ff347417305c8115f98a59393ee349af91becbb5c.json
coload-130,test-Test-4-000--revision-v4--coload-130,51700.426665000006,19496.157106819286,bf9695a02fbefd3dee3b23b25fb2b427b87165dc602421652ef033c2dc12dff8,18169.690768,778.1838351027612,PPO-coload-130-large-r1-B252000,solutions/test-Test-4-000--revision-v4--coload-130/bf9695a02fbefd3dee3b23b25fb2b427b87165dc602421652ef033c2dc12dff8.json
coload-130,test-Test-4-000--revision-v4--coload-130,51700.426665000006,19496.157106819286,8575d3e56adfb3dac48791dd229a6451ed3e14110b4b3a2a6a9b43b8400b116e,18244.670572000003,777.9827808537449,PPO-coload-130-large-r1-B252000,solutions/test-Test-4-000--revision-v4--coload-130/8575d3e56adfb3dac48791dd229a6451ed3e14110b4b3a2a6a9b43b8400b116e.json
coload-130,test-Test-4-000--revision-v4--coload-130,51700.426665000006,19496.157106819286,b78f004f7f0ff28b5ef01929bd74a6a3ecd0421f683021fa63d9014d1859c69d,18266.579467,772.1444269280795,PPO-coload-130-large-r1-B252000,solutions/test-Test-4-000--revision-v4--coload-130/b78f004f7f0ff28b5ef01929bd74a6a3ecd0421f683021fa63d9014d1859c69d.json
coload-130,test-Test-4-000--revision-v4--coload-130,51700.426665000006,19496.157106819286,84ca352cad729ff10d2635896885ab2abee391c8ea23f9e01258d88aa8a5631a,18288.304315,765.7103639302603,PPO-coload-130-large-r1-B252000,solutions/test-Test-4-000--revision-v4--coload-130/84ca352cad729ff10d2635896885ab2abee391c8ea23f9e01258d88aa8a5631a.json
coload-130,test-Test-4-000--revision-v4--coload-130,51700.426665000006,19496.157106819286,ff433d01207d92bcb979aadf92e2f005e203629edae0f1e28038485570b09d46,18484.491025000007,763.8149060432069,PPO-coload-130-large-r2-B252000,solutions/test-Test-4-000--revision-v4--coload-130/ff433d01207d92bcb979aadf92e2f005e203629edae0f1e28038485570b09d46.json
coload-130,test-Test-4-000--revision-v4--coload-130,51700.426665000006,19496.157106819286,2f86fbb157cce4821a5b2c35c2cc19fb235a09846c2a8b8540987d86d8192612,18522.322165000005,757.5295049076104,PPO-coload-130-large-r2-B252000,solutions/test-Test-4-000--revision-v4--coload-130/2f86fbb157cce4821a5b2c35c2cc19fb235a09846c2a8b8540987d86d8192612.json
coload-130,test-Test-4-000--revision-v4--coload-130,51700.426665000006,19496.157106819286,de41d4ba7da64bb99d48f8a440851c7dbc471d2b835675fb6e81d8daa46ce717,18523.168165000006,756.8365000439069,PPO-coload-130-large-r2-B252000,solutions/test-Test-4-000--revision-v4--coload-130/de41d4ba7da64bb99d48f8a440851c7dbc471d2b835675fb6e81d8daa46ce717.json
coload-130,test-Test-4-000--revision-v4--coload-130,51700.426665000006,19496.157106819286,43454d0059dd8189470f0cb83dd78a888adee759598bb09c2441c25aadf2842b,18579.202165000002,755.5768395020107,PPO-coload-130-large-r2-B252000,solutions/test-Test-4-000--revision-v4--coload-130/43454d0059dd8189470f0cb83dd78a888adee759598bb09c2441c25aadf2842b.json
coload-130,test-Test-4-000--revision-v4--coload-130,51700.426665000006,19496.157106819286,893353e4cdd4c42a7ea77eb382a1922099a9560241534e9b5170a64538f319f2,18610.167253000003,754.2249226902196,PPO-coload-130-large-r2-B252000,solutions/test-Test-4-000--revision-v4--coload-130/893353e4cdd4c42a7ea77eb382a1922099a9560241534e9b5170a64538f319f2.json
coload-130,test-Test-4-000--revision-v4--coload-130,51700.426665000006,19496.157106819286,321bc0c1136416ac14e3649a99c95a301663e00e1c16b71596c0207ecaa9ba8e,18611.013253000005,753.5319178265161,PPO-coload-130-large-r2-B252000,solutions/test-Test-4-000--revision-v4--coload-130/321bc0c1136416ac14e3649a99c95a301663e00e1c16b71596c0207ecaa9ba8e.json
coload-130,test-Test-4-000--revision-v4--coload-130,51700.426665000006,19496.157106819286,7feba8feeb8000aa20c3c1900b7fce0b6d4c92edd60d73491342e0ae9a4a006a,18632.175253000005,751.7468851139814,PPO-coload-130-large-r2-B252000,solutions/test-Test-4-000--revision-v4--coload-130/7feba8feeb8000aa20c3c1900b7fce0b6d4c92edd60d73491342e0ae9a4a006a.json
coload-130,test-Test-4-000--revision-v4--coload-130,51700.426665000006,19496.157106819286,3d9d152b193ffd01f9e698703bf5d10dab7b229c08a3f79186863b33f81fab19,18633.021253000006,751.0538802502779,PPO-coload-130-large-r2-B252000,solutions/test-Test-4-000--revision-v4--coload-130/3d9d152b193ffd01f9e698703bf5d10dab7b229c08a3f79186863b33f81fab19.json
coload-130,test-Test-4-000--revision-v4--coload-130,51700.426665000006,19496.157106819286,ee320a3466823bd295cb1ce7e16a0751c7574964930eb9ef24d60f7f8f68778e,18645.287235000003,618.0562415960131,PPO-coload-130-large-r0-B252000,solutions/test-Test-4-000--revision-v4--coload-130/ee320a3466823bd295cb1ce7e16a0751c7574964930eb9ef24d60f7f8f68778e.json
coload-130,test-Test-4-000--revision-v4--coload-130,51700.426665000006,19496.157106819286,63e5a1db85b89f5ef92cfff94684dd4aa4e4b747562950c3cdade9f18a71d64c,18684.195463000004,601.670483852102,PPO-coload-130-large-r0-B252000,solutions/test-Test-4-000--revision-v4--coload-130/63e5a1db85b89f5ef92cfff94684dd4aa4e4b747562950c3cdade9f18a71d64c.json
coload-130,test-Test-4-000--revision-v4--coload-130,51700.426665000006,19496.157106819286,2e568de0ad1600c9ccbb1079e16379e28ba899d30ec74e26702915236a71b965,18697.827447000003,600.7804643634208,PPO-coload-130-large-r0-B252000,solutions/test-Test-4-000--revision-v4--coload-130/2e568de0ad1600c9ccbb1079e16379e28ba899d30ec74e26702915236a71b965.json
coload-130,test-Test-4-000--revision-v4--coload-130,51700.426665000006,19496.157106819286,78cf875c5fcda09bd7efaa8587c214fff5631b34b09e67ef7c2c13602624e5fb,18721.745235000006,597.598238431197,PPO-coload-130-large-r0-B252000,solutions/test-Test-4-000--revision-v4--coload-130/78cf875c5fcda09bd7efaa8587c214fff5631b34b09e67ef7c2c13602624e5fb.json
coload-130,test-Test-4-000--revision-v4--coload-130,51700.426665000006,19496.157106819286,92a870921c76439c6156b4e40219a7b7fb481989e8a3f5ce6c78ac7bcf647658,18722.924235000006,596.3625886397114,PPO-coload-130-large-r0-B252000,solutions/test-Test-4-000--revision-v4--coload-130/92a870921c76439c6156b4e40219a7b7fb481989e8a3f5ce6c78ac7bcf647658.json
coload-130,test-Test-4-000--revision-v4--coload-130,51700.426665000006,19496.157106819286,0ac714cc424d285640568a64795bb57a7fcfd11189ed9f126db7fc1529867b53,18749.651235000005,595.589252746904,PPO-coload-130-large-r0-B252000,solutions/test-Test-4-000--revision-v4--coload-130/0ac714cc424d285640568a64795bb57a7fcfd11189ed9f126db7fc1529867b53.json
coload-130,test-Test-4-000--revision-v4--coload-130,51700.426665000006,19496.157106819286,5ce951541259e6999850615e3bf48e40206525b7a4812f83bfdd5183cd1bfefb,18849.15355100001,592.8401451485845,PPO-coload-130-large-r1-B252000,solutions/test-Test-4-000--revision-v4--coload-130/5ce951541259e6999850615e3bf48e40206525b7a4812f83bfdd5183cd1bfefb.json
coload-130,test-Test-4-000--revision-v4--coload-130,51700.426665000006,19496.157106819286,95703c5473867bea540fbef8684d66418cf3e09798174e0822be1cfca99e21b1,18864.115235000005,592.3228102020634,PPO-coload-130-large-r0-B252000,solutions/test-Test-4-000--revision-v4--coload-130/95703c5473867bea540fbef8684d66418cf3e09798174e0822be1cfca99e21b1.json
coload-130,test-Test-4-000--revision-v4--coload-130,51700.426665000006,19496.157106819286,92f7f262c072d61ccf3efc7c9a36768615c5f035c71ec90da36219c6e84f48e2,18885.55130100001,591.5664035183987,PPO-coload-130-large-r1-B252000,solutions/test-Test-4-000--revision-v4--coload-130/92f7f262c072d61ccf3efc7c9a36768615c5f035c71ec90da36219c6e84f48e2.json
coload-130,test-Test-4-000--revision-v4--coload-130,51700.426665000006,19496.157106819286,c14404d58fd4a9d8afe785777cac8ba5a7c5a1cb1295f5b0ffea9e618bc2cf36,18903.27230100001,580.5840282259586,PPO-coload-130-large-r1-B252000,solutions/test-Test-4-000--revision-v4--coload-130/c14404d58fd4a9d8afe785777cac8ba5a7c5a1cb1295f5b0ffea9e618bc2cf36.json
coload-130,test-Test-4-000--revision-v4--coload-130,51700.426665000006,19496.157106819286,7ed3e3c2a8f309ca1b7a860b984c922335ebadfa19899b632f058c496a4a4246,18917.73784500001,579.0962077536409,PPO-coload-130-large-r1-B252000,solutions/test-Test-4-000--revision-v4--coload-130/7ed3e3c2a8f309ca1b7a860b984c922335ebadfa19899b632f058c496a4a4246.json
coload-130,test-Test-4-000--revision-v4--coload-130,51700.426665000006,19496.157106819286,f1146bdb500b2c37a2e65a975eef913131849ad7fb87707266ed705120b91733,18920.82230100001,575.4927335204869,PPO-coload-130-large-r1-B252000,solutions/test-Test-4-000--revision-v4--coload-130/f1146bdb500b2c37a2e65a975eef913131849ad7fb87707266ed705120b91733.json
coload-130,test-Test-4-000--revision-v4--coload-130,51700.426665000006,19496.157106819286,b443cd9899b1bbd5867ec812e6993534db0ca04401f6b1da3f6d9efc352c133c,18930.00830100001,574.95827789671,PPO-coload-130-large-r1-B252000,solutions/test-Test-4-000--revision-v4--coload-130/b443cd9899b1bbd5867ec812e6993534db0ca04401f6b1da3f6d9efc352c133c.json
coload-130,test-Test-4-000--revision-v4--coload-130,51700.426665000006,19496.157106819286,0e3a68fe98f29e5b5c342477e7ef55ef27d456ae5ccacd533d1c7ea9a95893b8,18938.19230100001,573.691651641325,PPO-coload-130-large-r1-B252000,solutions/test-Test-4-000--revision-v4--coload-130/0e3a68fe98f29e5b5c342477e7ef55ef27d456ae5ccacd533d1c7ea9a95893b8.json
coload-130,test-Test-4-000--revision-v4--coload-130,51700.426665000006,19496.157106819286,b75bd38594f00aa420866865a4a630c59c7ff50c709a219c336dad3c0e9b9360,18939.06530100001,573.6611028432733,PPO-coload-130-large-r1-B252000,solutions/test-Test-4-000--revision-v4--coload-130/b75bd38594f00aa420866865a4a630c59c7ff50c709a219c336dad3c0e9b9360.json
coload-130,test-Test-4-000--revision-v4--coload-130,51700.426665000006,19496.157106819286,a8ba7859ad7b810599fd7e59baea7d014289b6c3bfe05b6f1b50e49122f299fe,18955.15430100001,573.3248474938063,PPO-coload-130-large-r1-B252000,solutions/test-Test-4-000--revision-v4--coload-130/a8ba7859ad7b810599fd7e59baea7d014289b6c3bfe05b6f1b50e49122f299fe.json
coload-130,test-Test-4-000--revision-v4--coload-130,51700.426665000006,19496.157106819286,ad8bc668e13210cf5575867cbea4b4d3ff70601146f20ba160a7cac295e8ffa1,18985.14830100001,573.0943241503634,PPO-coload-130-large-r1-B252000,solutions/test-Test-4-000--revision-v4--coload-130/ad8bc668e13210cf5575867cbea4b4d3ff70601146f20ba160a7cac295e8ffa1.json
coload-130,test-Test-4-000--revision-v4--coload-130,51700.426665000006,19496.157106819286,e4f5c5b98b260ef76f9a3538bc21d8baeaaf436c77af304dec4562c9cd3da1a2,19206.797861000014,571.8898120986959,PPO-coload-130-large-r1-B252000,solutions/test-Test-4-000--revision-v4--coload-130/e4f5c5b98b260ef76f9a3538bc21d8baeaaf436c77af304dec4562c9cd3da1a2.json
coload-130,test-Test-4-000--revision-v4--coload-130,51700.426665000006,19496.157106819286,9e22a650b418a44de41a7000fef44031d6584e7bc535974a922e4604a695675a,19292.150301000012,571.2532033180252,PPO-coload-130-large-r1-B252000,solutions/test-Test-4-000--revision-v4--coload-130/9e22a650b418a44de41a7000fef44031d6584e7bc535974a922e4604a695675a.json
coload-130,test-Test-4-000--revision-v4--coload-130,51700.426665000006,19496.157106819286,526ad5069bab4b168c4e0937ff1ddb0164d5893d0ba40923f6f9b14f62e2b6b2,19487.39249900001,565.9555842364501,PPO-coload-130-large-r1-B252000,solutions/test-Test-4-000--revision-v4--coload-130/526ad5069bab4b168c4e0937ff1ddb0164d5893d0ba40923f6f9b14f62e2b6b2.json
coload-130,test-Test-4-000--revision-v4--coload-130,51700.426665000006,19496.157106819286,1f934029b45c19c8060afa238cb7b0d5091a20580d61bf46ac495a679f336a51,20578.65741000001,513.4073875596835,PPO-coload-130-large-r0-B252000,solutions/test-Test-4-000--revision-v4--coload-130/1f934029b45c19c8060afa238cb7b0d5091a20580d61bf46ac495a679f336a51.json
coload-130,test-Test-4-000--revision-v4--coload-130,51700.426665000006,19496.157106819286,afcafbf257527bad53a29b62fe0ba710a07bdc75519de601162eddebe7696df7,20634.08281200001,510.0931003452525,PPO-coload-130-large-r0-B252000,solutions/test-Test-4-000--revision-v4--coload-130/afcafbf257527bad53a29b62fe0ba710a07bdc75519de601162eddebe7696df7.json
coload-130,test-Test-4-000--revision-v4--coload-130,51700.426665000006,19496.157106819286,d059bea2805acf11104c67cd68a45011182d5684abdf2bcb79c35a31df070c83,20672.90660400001,510.054348713187,PPO-coload-130-large-r0-B252000,solutions/test-Test-4-000--revision-v4--coload-130/d059bea2805acf11104c67cd68a45011182d5684abdf2bcb79c35a31df070c83.json
coload-130,test-Test-4-000--revision-v4--coload-130,51700.426665000006,19496.157106819286,63d084f343defab574e4dc381c0383af63a9813d44efff1bad7488827fc08a37,20713.229604000007,507.3684540107388,PPO-coload-130-large-r0-B252000,solutions/test-Test-4-000--revision-v4--coload-130/63d084f343defab574e4dc381c0383af63a9813d44efff1bad7488827fc08a37.json
coload-130,test-Test-4-000--revision-v4--coload-130,51700.426665000006,19496.157106819286,0461b67c6df3b6d581a705d269a730be02a0193460d42f42e99a27161668a8ef,20735.552604000008,505.03375490672477,PPO-coload-130-large-r0-B252000,solutions/test-Test-4-000--revision-v4--coload-130/0461b67c6df3b6d581a705d269a730be02a0193460d42f42e99a27161668a8ef.json
coload-130,test-Test-4-000--revision-v4--coload-130,51700.426665000006,19496.157106819286,4cf3569d02aae10aab58e1c39bf8f082bb1139b7f6aa77db8e1af22235decb98,20742.07460400001,503.7643268577244,PPO-coload-130-large-r0-B252000,solutions/test-Test-4-000--revision-v4--coload-130/4cf3569d02aae10aab58e1c39bf8f082bb1139b7f6aa77db8e1af22235decb98.json
coload-130,test-Test-4-000--revision-v4--coload-130,51700.426665000006,19496.157106819286,573a1a75a524ba83bff037ec27709cb1194735958f18bec3be4f1352b691af6b,20769.632604000006,502.86466325428773,PPO-coload-130-large-r0-B252000,solutions/test-Test-4-000--revision-v4--coload-130/573a1a75a524ba83bff037ec27709cb1194735958f18bec3be4f1352b691af6b.json
coload-130,test-Test-4-000--revision-v4--coload-130,51700.426665000006,19496.157106819286,cc2ad54546cc24be34297ad27a1d8ba5b2b591f55682368dc37b61160e86bc8f,20773.38260400001,502.3849892260205,PPO-coload-130-large-r0-B252000,solutions/test-Test-4-000--revision-v4--coload-130/cc2ad54546cc24be34297ad27a1d8ba5b2b591f55682368dc37b61160e86bc8f.json
coload-130,test-Test-4-000--revision-v4--coload-130,51700.426665000006,19496.157106819286,864c8525b918af613715c99db2573aed35d9b8b147418fefbc40db6c069bfa52,20806.97041500001,501.15766241872967,PPO-coload-130-large-r0-B252000,solutions/test-Test-4-000--revision-v4--coload-130/864c8525b918af613715c99db2573aed35d9b8b147418fefbc40db6c069bfa52.json
coload-130,test-Test-4-000--revision-v4--coload-130,51700.426665000006,19496.157106819286,eab747758fa6afa51f8ef3d14ae7af8fea0e1bb3ccd78caef20e2ec99321623d,20879.24760400001,501.14218376108187,PPO-coload-130-large-r0-B252000,solutions/test-Test-4-000--revision-v4--coload-130/eab747758fa6afa51f8ef3d14ae7af8fea0e1bb3ccd78caef20e2ec99321623d.json
coload-130,test-Test-4-000--revision-v4--coload-130,51700.426665000006,19496.157106819286,c6d5599f6463c027cc237babb44eb0f6da5b1b8583cf8875370375528a542123,20917.910697000007,500.6884330448214,PPO-coload-130-large-r0-B252000,solutions/test-Test-4-000--revision-v4--coload-130/c6d5599f6463c027cc237babb44eb0f6da5b1b8583cf8875370375528a542123.json
coload-130,test-Test-4-000--revision-v4--coload-130,51700.426665000006,19496.157106819286,c6141778c3a736992612725adf9b0f2e2ade8ea83a6a1d03b07819aab879585e,21088.19475600001,499.71253994585635,PPO-coload-130-large-r0-B252000,solutions/test-Test-4-000--revision-v4--coload-130/c6141778c3a736992612725adf9b0f2e2ade8ea83a6a1d03b07819aab879585e.json
coload-130,test-Test-4-000--revision-v4--coload-130,51700.426665000006,19496.157106819286,23c61d3e752b15a85c95d34b4e1c4214ca53d533f0a794a29625394da3df0187,21228.66715400001,499.23256486553925,PPO-coload-130-large-r0-B252000,solutions/test-Test-4-000--revision-v4--coload-130/23c61d3e752b15a85c95d34b4e1c4214ca53d533f0a794a29625394da3df0187.json
coload-130,test-Test-4-000--revision-v4--coload-130,51700.426665000006,19496.157106819286,bc9b633ee15bacf57ad81cfb6999fcc3ecaaa2f1bf864f67972ef4e2ebd6f0b4,22788.291674999997,426.775492103998,PPO-coload-130-large-r1-B252000,solutions/test-Test-4-000--revision-v4--coload-130/bc9b633ee15bacf57ad81cfb6999fcc3ecaaa2f1bf864f67972ef4e2ebd6f0b4.json
coload-130,test-Test-4-000--revision-v4--coload-130,51700.426665000006,19496.157106819286,bebedee22a812f5f7146b45e1cec4c93aaad78bca9f4ea2f1ef63e4bcc5ffafd,22793.370548,426.6438156609942,PPO-coload-130-large-r1-B252000,solutions/test-Test-4-000--revision-v4--coload-130/bebedee22a812f5f7146b45e1cec4c93aaad78bca9f4ea2f1ef63e4bcc5ffafd.json
coload-130,test-Test-4-000--revision-v4--coload-130,51700.426665000006,19496.157106819286,30b4706780133b692b16134dfb1fcd139db7939e5671747357b9124028a7a2e1,22816.983675,425.2985662032812,PPO-coload-130-large-r1-B252000,solutions/test-Test-4-000--revision-v4--coload-130/30b4706780133b692b16134dfb1fcd139db7939e5671747357b9124028a7a2e1.json
coload-130,test-Test-4-000--revision-v4--coload-130,51700.426665000006,19496.157106819286,08714325183253064accc2527be289aafffc362afedfc5ad9322a790a1bac19a,22876.958195000003,424.4467254569158,PPO-coload-130-large-r1-B252000,solutions/test-Test-4-000--revision-v4--coload-130/08714325183253064accc2527be289aafffc362afedfc5ad9322a790a1bac19a.json
coload-130,test-Test-4-000--revision-v4--coload-130,51700.426665000006,19496.157106819286,829031b807b84626c0cc519ec07ccdcbb59eab240051414bcc37344ec80ac50d,22892.627195,424.416153092041,PPO-coload-130-large-r1-B252000,solutions/test-Test-4-000--revision-v4--coload-130/829031b807b84626c0cc519ec07ccdcbb59eab240051414bcc37344ec80ac50d.json
coload-130,test-Test-4-000--revision-v4--coload-130,51700.426665000006,19496.157106819286,1a1c71b1d35c96c36230a43a6183244bec362d835b5869e5890d180e2e0d5c46,22905.650195000002,422.96979955619906,PPO-coload-130-large-r1-B252000,solutions/test-Test-4-000--revision-v4--coload-130/1a1c71b1d35c96c36230a43a6183244bec362d835b5869e5890d180e2e0d5c46.json
coload-130,test-Test-4-000--revision-v4--coload-130,51700.426665000006,19496.157106819286,dad32ad5e072dd8fa74d545d7682d95c8cb5cc4069755e0d4e69e7dd566cb1d2,22910.752763,422.9098421982231,PPO-coload-130-large-r1-B252000,solutions/test-Test-4-000--revision-v4--coload-130/dad32ad5e072dd8fa74d545d7682d95c8cb5cc4069755e0d4e69e7dd566cb1d2.json
coload-130,test-Test-4-000--revision-v4--coload-130,51700.426665000006,19496.157106819286,5748c5b4ab3a887ffa66e3c39f2e5e4d3efcc6aced0b52b6abfb1d452734886f,22954.961195000003,422.8567925129631,PPO-coload-130-large-r1-B252000,solutions/test-Test-4-000--revision-v4--coload-130/5748c5b4ab3a887ffa66e3c39f2e5e4d3efcc6aced0b52b6abfb1d452734886f.json
coload-130,test-Test-4-000--revision-v4--coload-130,51700.426665000006,19496.157106819286,607bf373d5c76b2d9365d63fad7e15d997f34b5f0a6850cc0067a8655c07933b,22958.309195,422.128786241961,PPO-coload-130-large-r1-B252000,solutions/test-Test-4-000--revision-v4--coload-130/607bf373d5c76b2d9365d63fad7e15d997f34b5f0a6850cc0067a8655c07933b.json
coload-130,test-Test-4-000--revision-v4--coload-130,51700.426665000006,19496.157106819286,9d8bb59adceb76b8785fbc0bd088565c9bb02295fecd51f88366c623a3cedb2e,22973.852195000003,421.48775844713225,PPO-coload-130-large-r1-B252000,solutions/test-Test-4-000--revision-v4--coload-130/9d8bb59adceb76b8785fbc0bd088565c9bb02295fecd51f88366c623a3cedb2e.json
coload-130,test-Test-4-000--revision-v4--coload-130,51700.426665000006,19496.157106819286,9b75fa1d3263c09682e97237ddf7a83a310b6801ec6d2272967ca32b5a4a209e,23025.266195000004,420.88507873129817,PPO-coload-130-large-r1-B252000,solutions/test-Test-4-000--revision-v4--coload-130/9b75fa1d3263c09682e97237ddf7a83a310b6801ec6d2272967ca32b5a4a209e.json
coload-130,test-Test-4-000--revision-v4--coload-130,51700.426665000006,19496.157106819286,55be9196f7b55d286bf03ba3df83f67ffe614650aaab77d3fe45eb42783de195,23583.931604999998,420.41883516611233,PPO-coload-130-large-r1-B252000,solutions/test-Test-4-000--revision-v4--coload-130/55be9196f7b55d286bf03ba3df83f67ffe614650aaab77d3fe45eb42783de195.json
coload-130,test-Test-4-000--revision-v4--coload-130,51700.426665000006,19496.157106819286,90962a372ce7935e43a554b2628dfaf55ac30ab5d37292daec419d19c5ae9a5d,34306.60479,411.86359245371466,PPO-coload-130-large-r0-B252000,solutions/test-Test-4-000--revision-v4--coload-130/90962a372ce7935e43a554b2628dfaf55ac30ab5d37292daec419d19c5ae9a5d.json
coload-130,test-Test-4-000--revision-v4--coload-130,51700.426665000006,19496.157106819286,2211522bfe62b0d1e1e7ce9eeb3758da723e568a38829d52af83b7e3691ed68a,34473.816243999994,407.0825795104307,PPO-coload-130-large-r0-B252000,solutions/test-Test-4-000--revision-v4--coload-130/2211522bfe62b0d1e1e7ce9eeb3758da723e568a38829d52af83b7e3691ed68a.json
coload-130,test-Test-4-000--revision-v4--coload-130,51700.426665000006,19496.157106819286,d7b6c469f001d00ec2859f4a4836d8948c50e927d02bbc5b1ba53626bb0ea679,34548.9163,402.74220358792724,PPO-coload-130-large-r0-B252000,solutions/test-Test-4-000--revision-v4--coload-130/d7b6c469f001d00ec2859f4a4836d8948c50e927d02bbc5b1ba53626bb0ea679.json
coload-130,test-Test-4-000--revision-v4--coload-130,51700.426665000006,19496.157106819286,dbe9adf91f340b8ba929bb6f0dc1da44b77ceb74c1d8cc93e55b82f34729ec15,34578.605668,398.06209541976773,PPO-coload-130-large-r0-B252000,solutions/test-Test-4-000--revision-v4--coload-130/dbe9adf91f340b8ba929bb6f0dc1da44b77ceb74c1d8cc93e55b82f34729ec15.json
coload-130,test-Test-4-000--revision-v4--coload-130,51700.426665000006,19496.157106819286,01f025c7cb8f56174be10b0e2459999085865d61dc20caf17227a613d3b321c8,34814.22315799999,396.8922666866131,PPO-coload-130-large-r0-B252000,solutions/test-Test-4-000--revision-v4--coload-130/01f025c7cb8f56174be10b0e2459999085865d61dc20caf17227a613d3b321c8.json
coload-130,test-Test-4-000--revision-v4--coload-130,51700.426665000006,19496.157106819286,59d3ce8ed65bae69011db48a6aea4dc8774d3fad1a54750f559b96a9a64eadcf,34955.44214299999,396.8853211211587,PPO-coload-130-large-r0-B252000,solutions/test-Test-4-000--revision-v4--coload-130/59d3ce8ed65bae69011db48a6aea4dc8774d3fad1a54750f559b96a9a64eadcf.json
coload-130,test-Test-4-000--revision-v4--coload-130,51700.426665000006,19496.157106819286,da59eccf0a83d8e14de6fed463923593cebc83eea7a60eef66e8af7e4fc2bf45,35045.07111799999,396.5468120536699,PPO-coload-130-large-r0-B252000,solutions/test-Test-4-000--revision-v4--coload-130/da59eccf0a83d8e14de6fed463923593cebc83eea7a60eef66e8af7e4fc2bf45.json
coload-130,test-Test-4-000--revision-v4--coload-130,51700.426665000006,19496.157106819286,c11a1b241854fb66cc3a3a5aaf823f92380b9f3d6b5315534b30e1a38de8ccbd,35093.940158,396.25980911424784,PPO-coload-130-large-r0-B252000,solutions/test-Test-4-000--revision-v4--coload-130/c11a1b241854fb66cc3a3a5aaf823f92380b9f3d6b5315534b30e1a38de8ccbd.json
coload-130,test-Test-4-000--revision-v4--coload-130,51700.426665000006,19496.157106819286,c89eb7fec5352e922718c07ab6b1973c1598e93936d86e1c3c0f9669227b5b90,35124.780157999994,396.25394760255875,PPO-coload-130-large-r0-B252000,solutions/test-Test-4-000--revision-v4--coload-130/c89eb7fec5352e922718c07ab6b1973c1598e93936d86e1c3c0f9669227b5b90.json
coload-130,test-Test-4-000--revision-v4--coload-130,51700.426665000006,19496.157106819286,45184cdeb6fd66a7e0c144e980412d7218350904012fe696e678bfe42d4f48e7,35136.95722899999,361.54812528664615,PPO-coload-130-large-r0-B252000,solutions/test-Test-4-000--revision-v4--coload-130/45184cdeb6fd66a7e0c144e980412d7218350904012fe696e678bfe42d4f48e7.json
coload-130,test-Test-4-000--revision-v4--coload-130,51700.426665000006,19496.157106819286,fda418bf817edede263db77e4512b90b524c59cf0dc5b59bd104859f3b53b228,35235.92422899999,359.6566024291042,PPO-coload-130-large-r0-B252000,solutions/test-Test-4-000--revision-v4--coload-130/fda418bf817edede263db77e4512b90b524c59cf0dc5b59bd104859f3b53b228.json
coload-130,test-Test-4-000--revision-v4--coload-130,51700.426665000006,19496.157106819286,9a83393448e231879d1bff6cb8d302e5bafa49a602f37959656b007912fc2f19,35283.38722899999,359.31543376258173,PPO-coload-130-large-r0-B252000,solutions/test-Test-4-000--revision-v4--coload-130/9a83393448e231879d1bff6cb8d302e5bafa49a602f37959656b007912fc2f19.json
coload-130,test-Test-4-000--revision-v4--coload-130,51700.426665000006,19496.157106819286,05cc5848209b7914fe7a285ef6a9a770947a93ee6058b574dbec400fb6959bd8,35291.808228999995,358.63650744515303,PPO-coload-130-large-r0-B252000,solutions/test-Test-4-000--revision-v4--coload-130/05cc5848209b7914fe7a285ef6a9a770947a93ee6058b574dbec400fb6959bd8.json
coload-130,test-Test-4-000--revision-v4--coload-130,51700.426665000006,19496.157106819286,1455db412b0dc047ea9610e6192f158f0202797adfd468ce19db0d266526c787,35317.33822899999,356.66882774109797,PPO-coload-130-large-r0-B252000,solutions/test-Test-4-000--revision-v4--coload-130/1455db412b0dc047ea9610e6192f158f0202797adfd468ce19db0d266526c787.json
coload-130,test-Test-4-000--revision-v4--coload-130,51700.426665000006,19496.157106819286,c9ae03506d293199f871223d9b7a56e1bb1dcbc9742e65975722eafb6f61c026,35320.491900999994,353.2834660720188,PPO-coload-130-large-r0-B252000,solutions/test-Test-4-000--revision-v4--coload-130/c9ae03506d293199f871223d9b7a56e1bb1dcbc9742e65975722eafb6f61c026.json
coload-130,test-Test-4-000--revision-v4--coload-130,51700.426665000006,19496.157106819286,59aa0558dd162b1f7744bcc96dcc2c6205603b9034ee7fd2f2d03eccaad56395,35394.067159,351.638821219122,PPO-coload-130-large-r0-B252000,solutions/test-Test-4-000--revision-v4--coload-130/59aa0558dd162b1f7744bcc96dcc2c6205603b9034ee7fd2f2d03eccaad56395.json
coload-130,test-Test-4-000--revision-v4--coload-130,51700.426665000006,19496.157106819286,890c817d192ada48ee7a98a1fb78eefc8dccf5c02fccb67cd4a5405d8d77b11c,35614.997251,351.60547188415126,PPO-coload-130-large-r0-B252000,solutions/test-Test-4-000--revision-v4--coload-130/890c817d192ada48ee7a98a1fb78eefc8dccf5c02fccb67cd4a5405d8d77b11c.json
coload-130,test-Test-4-000--revision-v4--coload-130,51700.426665000006,19496.157106819286,36975201b8bc655ffcbdf9c4c21ea1a6261c0999f0f8a78986534ca7272cfbae,35618.811900999994,351.12271207580295,PPO-coload-130-large-r0-B252000,solutions/test-Test-4-000--revision-v4--coload-130/36975201b8bc655ffcbdf9c4c21ea1a6261c0999f0f8a78986534ca7272cfbae.json
coload-130,test-Test-4-000--revision-v4--coload-130,51700.426665000006,19496.157106819286,8b0dd860486f7230c2d8c6b782a02cec54cc249af31f15caf78c6cbeafeeca74,35638.29090099999,350.4946388261337,PPO-coload-130-large-r0-B252000,solutions/test-Test-4-000--revision-v4--coload-130/8b0dd860486f7230c2d8c6b782a02cec54cc249af31f15caf78c6cbeafeeca74.json
