model_id,test_scale,instance_index,preference_id,ppo_j,ga_j,delta_j_percent
Train-L,Test-1,0,C000-R100,0.45735968939559646,0.8401780755628229,45.56395808243175
Train-L,Test-1,0,C025-R075,0.8748548477689564,0.8748548477689564,0.0
Train-L,Test-1,0,C050-R050,0.909215549479024,0.909215549479024,0.0
Train-L,Test-1,0,C075-R025,0.9435762511890915,0.9435762511890915,0.0
Train-L,Test-1,0,C100-R000,0.9779369528991592,0.9779369528991592,0.0
Train-L,Test-1,1,C000-R100,0.1818091224627089,0.5410798437158976,66.39883659052533
Train-L,Test-1,1,C025-R075,0.4307389377247701,0.6073536457563554,29.079385505563533
Train-L,Test-1,1,C050-R050,0.5582348189435673,0.634190089661355,11.976735675315638
Train-L,Test-1,1,C075-R025,0.6664835881007352,0.6718627187413428,0.8006294277921637
Train-L,Test-1,1,C100-R000,0.6621958048114773,0.696362640267008,4.9064716398958454
Train-L,Test-1,2,C000-R100,0.21740010305088853,0.757350027715832,71.29463324817358
Train-L,Test-1,2,C025-R075,0.5752788978346254,0.786257827727166,26.833301043554254
Train-L,Test-1,2,C050-R050,0.7919165104733534,0.8066597399570097,1.8276887705393579
Train-L,Test-1,2,C075-R025,0.8031800591973374,0.8031800591973374,0.0
Train-L,Test-1,2,C100-R000,0.7997003784376648,0.8024026247557199,0.3367693767050808
Train-L,Test-1,3,C000-R100,0.4182932428991881,0.8772303650136956,52.31660239067789
Train-L,Test-1,3,C025-R075,0.717176798251642,0.8987073053022603,20.199068815799208
Train-L,Test-1,3,C050-R050,0.854118083374257,0.8805801199287959,3.0050685855454775
Train-L,Test-1,3,C075-R025,0.8350960660577692,0.8276141761145187,-0.9040311487143028
Train-L,Test-1,3,C100-R000,0.8204272823581967,0.7746360171973529,-5.911326628797546
Train-L,Test-1,4,C000-R100,0.25181693778386993,0.793325228706006,68.25804491373495
Train-L,Test-1,4,C025-R075,0.638696031805744,0.8090138252251654,21.052519513126793
Train-L,Test-1,4,C050-R050,0.8306374884545448,0.8558225272325101,2.9427875495877216
Train-L,Test-1,4,C075-R025,0.840676409114199,0.8907222805278622,5.618571861029995
Train-L,Test-1,4,C100-R000,0.8790770750200808,0.8843156201407835,0.5923840992279062
Train-L,Test-1,5,C000-R100,0.13417660547661617,0.6213196295549612,78.40457647012953
Train-L,Test-1,5,C025-R075,0.5766190102539354,0.7046088897510826,18.164669983423323
Train-L,Test-1,5,C050-R050,0.7742125827575196,0.7742125827575196,0.0
Train-L,Test-1,5,C075-R025,0.8466611712952082,0.8386878067899609,-0.9506951741393516
Train-L,Test-1,5,C100-R000,0.8633501713932511,0.8633501713932511,0.0
Train-L,Test-1,6,C000-R100,0.14970718335509167,0.5694536810587912,73.7103844729321
Train-L,Test-1,6,C025-R075,0.503737718906235,0.6228088308454137,19.11840456365224
Train-L,Test-1,6,C050-R050,0.6520016088921694,0.662418058073138,1.572488710719679
Train-L,Test-1,6,C075-R025,0.697657008122866,0.699062652143553,0.20107554256787005
Train-L,Test-1,6,C100-R000,0.7349799890201418,0.7422429495771959,0.9785152639295951
Train-L,Test-1,7,C000-R100,0.29113119572045654,0.8821536149729529,66.99767582663222
Train-L,Test-1,7,C025-R075,0.6216756048159789,0.8963012745082669,30.63988387642921
Train-L,Test-1,7,C050-R050,0.8552164952082449,0.9246223544045754,7.506400733846136
Train-L,Test-1,7,C075-R025,0.8972941200186327,0.9188823427864671,2.349400109525348
Train-L,Test-1,7,C100-R000,0.8611469790412958,0.8588747291070767,-0.26456127502800886
Train-L,Test-1,8,C000-R100,0.3019712935129715,0.8028896532452743,62.389440156264854
Train-L,Test-1,8,C025-R075,0.7449488309086645,0.8500602507780702,12.365172912531321
Train-L,Test-1,8,C050-R050,0.8972308483108661,0.8972308483108661,0.0
Train-L,Test-1,8,C075-R025,0.9444014458436621,0.9444014458436621,0.0
Train-L,Test-1,8,C100-R000,0.8874407988132665,0.9776276420162214,9.225070909099607
Train-L,Test-1,9,C000-R100,0.32604813303802976,0.7399424146311229,55.936012507058166
Train-L,Test-1,9,C025-R075,0.5954347728390612,0.760867398116384,21.742635535031543
Train-L,Test-1,9,C050-R050,0.7368025598997777,0.75240132032642,2.0731968439229997
Train-L,Test-1,9,C075-R025,0.7069278979610635,0.7069278979610635,0.0
Train-L,Test-1,9,C100-R000,0.6666289783468392,0.6666289783468392,0.0
Train-L,Test-1,10,C000-R100,0.2941919499680514,0.6307760454219464,53.360316691916076
Train-L,Test-1,10,C025-R075,0.5624841196199628,0.7062235767698187,20.353250992738424
Train-L,Test-1,10,C050-R050,0.6422137938288615,0.750231470905776,14.397913346197235
Train-L,Test-1,10,C075-R025,0.6636915129675267,0.6983218929280346,4.959085532218408
Train-L,Test-1,10,C100-R000,0.661980289082523,0.6881430276153843,3.801933243954054
Train-L,Test-1,11,C000-R100,0.33685121464132034,0.6393703169696945,47.315162168016826
Train-L,Test-1,11,C025-R075,0.6556194708567502,0.6942512914423662,5.564529884468071
Train-L,Test-1,11,C050-R050,0.6513624665467647,0.7404271052060382,12.028819316992662
Train-L,Test-1,11,C075-R025,0.6650658211524699,0.794706937070607,16.313072136504946
Train-L,Test-1,11,C100-R000,0.7077021817574654,0.824011378378385,14.11499885472584
Train-L,Test-1,12,C000-R100,0.1824271241136267,0.4454882429214493,59.05006989246332
Train-L,Test-1,12,C025-R075,0.4070398162247419,0.497759790404656,18.225653403253588
Train-L,Test-1,12,C050-R050,0.5138560179409657,0.5779724568910393,11.093338131536768
Train-L,Test-1,12,C075-R025,0.5653547778254308,0.5940046681803745,4.823175959661636
Train-L,Test-1,12,C100-R000,0.6059890197313916,0.6449198511193105,6.036537923332839
Train-L,Test-1,13,C000-R100,0.31163257194604493,0.7619786290186318,59.10218999876636
Train-L,Test-1,13,C025-R075,0.6925675287282559,0.7813672972947888,11.364664079744712
Train-L,Test-1,13,C050-R050,0.7955825339883239,0.7955825339883239,0.0
Train-L,Test-1,13,C075-R025,0.809797770681859,0.809797770681859,0.0
Train-L,Test-1,13,C100-R000,0.8226122732055036,0.8226122732055036,0.0
Train-L,Test-1,14,C000-R100,0.2577107065658575,0.9996175710365994,74.21906996906702
Train-L,Test-1,14,C025-R075,0.7056765062544895,1.0,29.43234937455105
Train-L,Test-1,14,C050-R050,0.954031894347426,1.0,4.596810565257403
Train-L,Test-1,14,C075-R025,1.0,1.0,0.0
Train-L,Test-1,14,C100-R000,1.0,1.0,0.0
Train-L,Test-1,15,C000-R100,0.22400615528406306,0.7428687690753201,69.84579718395041
Train-L,Test-1,15,C025-R075,0.5119723813891974,0.7457204447365638,31.3452668486166
Train-L,Test-1,15,C050-R050,0.6429159462455377,0.762911197861245,15.72860012437928
Train-L,Test-1,15,C075-R025,0.6355218170235143,0.7643247922337458,16.851864092201396
Train-L,Test-1,15,C100-R000,0.6175670281802891,0.7094821928652819,12.955246179440882
Train-L,Test-1,16,C000-R100,0.19675612876135026,0.6131102779643656,67.90852545897364
Train-L,Test-1,16,C025-R075,0.48762724902553733,0.6330743763413917,22.974729787108075
Train-L,Test-1,16,C050-R050,0.6225799379136423,0.6564962247517561,5.166257711678187
Train-L,Test-1,16,C075-R025,0.6314973290676927,0.6799180731621202,7.121555670558259
Train-L,Test-1,16,C100-R000,0.6391924988971268,0.7021177002478683,8.96220125607531
Train-L,Test-1,17,C000-R100,0.16790782831208126,0.45009415926269974,62.69495507625973
Train-L,Test-1,17,C025-R075,0.5374430750733387,0.5843571501975376,8.028322252639507
Train-L,Test-1,17,C050-R050,0.6578114444148927,0.701077291749594,6.171337717518697
Train-L,Test-1,17,C075-R025,0.7228084024273184,0.7619886821452352,5.141845362796222
Train-L,Test-1,17,C100-R000,0.7878053604397444,0.8025028697187034,1.8314587814634118
Train-L,Test-1,18,C000-R100,0.10553650263611959,0.5675817687613454,81.40593858988181
Train-L,Test-1,18,C025-R075,0.5435838100678296,0.6421428838009943,15.34846468277751
Train-L,Test-1,18,C050-R050,0.7044183146655518,0.7102954936225587,0.8274273185984695
Train-L,Test-1,18,C075-R025,0.6730404834229717,0.7290471236768851,7.682170114251156
Train-L,Test-1,18,C100-R000,0.603852694400263,0.7365948424414559,18.021053147917357
Train-L,Test-1,19,C000-R100,0.4682141726249296,0.857300492444438,45.38505731054683
Train-L,Test-1,19,C025-R075,0.7719032918096463,0.8946023683860719,13.71548756323814
Train-L,Test-1,19,C050-R050,0.9254487956968239,0.9319042443277059,0.6927158739940149
Train-L,Test-1,19,C075-R025,0.9655387131211418,0.9655387131211417,-1.1498482759291101e-14
Train-L,Test-1,19,C100-R000,0.9982374176928616,0.9982374176928616,0.0
Train-L,Test-1,20,C000-R100,0.2631532444894458,0.5991103626890109,56.075998534172456
Train-L,Test-1,20,C025-R075,0.6661947583505335,0.6993327720167581,4.738518626927799
Train-L,Test-1,20,C050-R050,0.7995551813445054,0.7995551813445054,0.0
Train-L,Test-1,20,C075-R025,0.8997775906722527,0.8997775906722527,0.0
Train-L,Test-1,20,C100-R000,1.0,1.0,0.0
Train-L,Test-1,21,C000-R100,0.14694339317864402,0.6519972535577564,77.46257482269789
Train-L,Test-1,21,C025-R075,0.4437132934871974,0.688170342842815,35.5227527454571
Train-L,Test-1,21,C050-R050,0.6807650926127441,0.726019663909604,6.2332431952551834
Train-L,Test-1,21,C075-R025,0.7118190450166998,0.7118190450166996,-3.119396797255152e-14
Train-L,Test-1,21,C100-R000,0.6877361892970703,0.6877361892970703,0.0
Train-L,Test-1,22,C000-R100,0.16701752513906923,0.5335571270255423,68.69734904111331
Train-L,Test-1,22,C025-R075,0.542964247044261,0.6817324360078109,20.355227598699717
Train-L,Test-1,22,C050-R050,0.7790569505043687,0.8002675161096332,2.6504344082808813
Train-L,Test-1,22,C075-R025,0.8594087749504512,0.8594087749504512,0.0
Train-L,Test-1,22,C100-R000,0.9185500337912694,0.9185500337912694,0.0
Train-L,Test-1,23,C000-R100,0.18889190867410743,0.6269428321994427,69.87095170839798
Train-L,Test-1,23,C025-R075,0.44229017181418456,0.7052463559622021,37.28572036210716
Train-L,Test-1,23,C050-R050,0.5971900297442507,0.7497914421038055,20.352514551430126
Train-L,Test-1,23,C075-R025,0.6342221921358335,0.7919852434519895,19.919948334961575
Train-L,Test-1,23,C100-R000,0.6413493287298453,0.8270434582883466,22.452765655485
Train-L,Test-1,24,C000-R100,0.1712793773653398,0.7302104144207854,76.54383257445029
Train-L,Test-1,24,C025-R075,0.36572187408560525,0.7721454635520494,52.63562484674853
Train-L,Test-1,24,C050-R050,0.5443802201671124,0.7943904270384502,31.47195615176223
Train-L,Test-1,24,C075-R025,0.5477246273689934,0.791583936760411,30.806500494365967
Train-L,Test-1,24,C100-R000,0.5504732355619886,0.7887774464823719,30.21184390896617
Train-L,Test-1,25,C000-R100,0.27937545011317827,0.6381352963473985,56.22002861896432
Train-L,Test-1,25,C025-R075,0.6901283012274964,0.7332241846251185,5.877586187320887
Train-L,Test-1,25,C050-R050,0.8283130729028385,0.8283130729028385,0.0
Train-L,Test-1,25,C075-R025,0.9234019611805584,0.9234019611805584,0.0
Train-L,Test-1,25,C100-R000,0.9998242120952575,0.9998242120952575,0.0
Train-L,Test-1,26,C000-R100,0.2686898998076362,0.686583006611336,60.86563500402256
Train-L,Test-1,26,C025-R075,0.6820655910753085,0.76575071336439,10.928507258113275
Train-L,Test-1,26,C050-R050,0.8168760142920185,0.8168760142920185,0.0
Train-L,Test-1,26,C075-R025,0.8680013152196469,0.8742985231340891,0.7202583268548456
Train-L,Test-1,26,C100-R000,0.9038450173437959,0.9093812687899813,0.6087932131648066
Train-L,Test-1,27,C000-R100,0.3082329192791041,0.6947471443062971,55.63379830990544
Train-L,Test-1,27,C025-R075,0.7223252465668736,0.759665233348533,4.9153212681681175
Train-L,Test-1,27,C050-R050,0.8458212621044673,0.8458212621044673,0.0
Train-L,Test-1,27,C075-R025,0.9253548343947052,0.9275623198832706,0.23798783556054984
Train-L,Test-1,27,C100-R000,0.9494470958242828,0.956885071395825,0.777311277381759
Train-L,Test-1,28,C000-R100,0.21358081636605294,0.6085956486394601,64.90595737193958
Train-L,Test-1,28,C025-R075,0.5305829735709598,0.6698157387402569,20.786726425860998
Train-L,Test-1,28,C050-R050,0.65996418053319,0.6858778644038264,3.7781776050114866
Train-L,Test-1,28,C075-R025,0.6835715212487549,0.7202870121907036,5.097341798553476
Train-L,Test-1,28,C100-R000,0.6900870470089423,0.6900870470089423,0.0
Train-L,Test-1,29,C000-R100,0.3491121457222433,0.6304697425819763,44.62666133785948
Train-L,Test-1,29,C025-R075,0.5954684104962437,0.701902172614155,15.163617704944674
Train-L,Test-1,29,C050-R050,0.7207997468456314,0.7501148578926898,3.908082974041315
Train-L,Test-1,29,C075-R025,0.7418988387912293,0.7983275431712252,7.068364966570257
Train-L,Test-1,29,C100-R000,0.7402505997416018,0.8311365875537987,10.935144616806316
Train-L,Test-1,30,C000-R100,0.24115347456234473,0.6300720478020342,61.72604777444213
Train-L,Test-1,30,C025-R075,0.5908544666930999,0.7315715325572474,19.234901797266964
Train-L,Test-1,30,C050-R050,0.7621703658822909,0.7621703658822909,0.0
Train-L,Test-1,30,C075-R025,0.8224649772091119,0.8224649772091119,0.0
Train-L,Test-1,30,C100-R000,0.874856123829434,0.874856123829434,0.0
Train-L,Test-1,31,C000-R100,0.23817603278030797,0.7592623540004116,68.63060159305898
Train-L,Test-1,31,C025-R075,0.6188161587318577,0.8175253284644519,24.30617900314199
Train-L,Test-1,31,C050-R050,0.8218244889588483,0.8462385779281708,2.885012525556923
Train-L,Test-1,31,C075-R025,0.8387831513007254,0.8387831513007254,0.0
Train-L,Test-1,31,C100-R000,0.8327600041966736,0.8327600041966736,0.0
Train-L,Test-1,32,C000-R100,0.2516428438737122,0.6684996810947063,62.357073460134984
Train-L,Test-1,32,C025-R075,0.6681914366129771,0.7660315625726274,12.772336120337613
Train-L,Test-1,32,C050-R050,0.8001176617487396,0.8409039426922051,4.850290130985215
Train-L,Test-1,32,C075-R025,0.8548004980144044,0.86512119899588,1.1929774687586623
Train-L,Test-1,32,C100-R000,0.8985221676961811,0.8985221676961811,0.0
Train-L,Test-1,33,C000-R100,0.15175877855308212,0.7061549049881127,78.50913765788586
Train-L,Test-1,33,C025-R075,0.5315419190058508,0.7771650945625826,31.605018968971798
Train-L,Test-1,33,C050-R050,0.7785816874949852,0.828271034948485,5.999165171409164
Train-L,Test-1,33,C075-R025,0.7806909574262776,0.8476475452278708,7.899107144065807
Train-L,Test-1,33,C100-R000,0.7875007379826001,0.7875007379826001,0.0
Train-L,Test-1,34,C000-R100,0.22709463821726983,0.640052232447588,64.51935846722229
Train-L,Test-1,34,C025-R075,0.5769507691187541,0.6671860378868827,13.524753763421446
Train-L,Test-1,34,C050-R050,0.6845349244428774,0.6801807961525355,-0.6401427848259246
Train-L,Test-1,34,C075-R025,0.6915883830759703,0.6823723898601367,-1.350581200643613
Train-L,Test-1,34,C100-R000,0.6531731951677012,0.6845639835677382,4.5855156206784
Train-L,Test-1,35,C000-R100,0.1272188884718819,0.7543893209321081,83.1361758521856
Train-L,Test-1,35,C025-R075,0.5540815757910296,0.7942228710473168,30.23600855760052
Train-L,Test-1,35,C050-R050,0.802228905374239,0.820574217844769,2.235667666809453
Train-L,Test-1,35,C075-R025,0.8232589333902677,0.8309870196908218,0.9299888105868882
Train-L,Test-1,35,C100-R000,0.8413998215368745,0.8413998215368745,0.0
Train-L,Test-1,36,C000-R100,0.14597275905990426,0.8087291951672401,81.95035372381753
Train-L,Test-1,36,C025-R075,0.5213546631920921,0.8505269340295137,38.70215717660026
Train-L,Test-1,36,C050-R050,0.8784509997751323,0.8784509997751323,0.0
Train-L,Test-1,36,C075-R025,0.89363908683923,0.89363908683923,0.0
Train-L,Test-1,36,C100-R000,0.8868776354358926,0.8868776354358926,0.0
Train-L,Test-1,37,C000-R100,0.3068765991061697,0.6816323744053586,54.979163163445364
Train-L,Test-1,37,C025-R075,0.6929138464349807,0.7519532692292484,7.851474979925699
Train-L,Test-1,37,C050-R050,0.8076102718109195,0.8076102718109195,0.0
Train-L,Test-1,37,C075-R025,0.8629709498740444,0.8629709498740444,0.0
Train-L,Test-1,37,C100-R000,0.9183316279371695,0.9183316279371695,0.0
Train-L,Test-1,38,C000-R100,0.3931516486045092,0.9854003797976069,60.102344522613315
Train-L,Test-1,38,C025-R075,0.8085846834738261,1.0,19.141531652617395
Train-L,Test-1,38,C050-R050,0.9667924450529192,1.0,3.320755494708083
Train-L,Test-1,38,C075-R025,0.9796396263893362,1.0,2.0360373610663784
Train-L,Test-1,38,C100-R000,1.0,1.0,0.0
Train-L,Test-1,39,C000-R100,0.20155998745045364,0.7774120931207046,74.07295445568036
Train-L,Test-1,39,C025-R075,0.5887337640377132,0.832811015386845,29.30763964928546
Train-L,Test-1,39,C050-R050,0.8219013530730793,0.8669290783450627,5.193934128722473
Train-L,Test-1,39,C075-R025,0.9010471413032807,0.9010471413032807,0.0
Train-L,Test-1,39,C100-R000,0.9144928047934299,0.9351652042614983,2.2105612328030806
Train-L,Test-1,40,C000-R100,0.24516624242042662,0.42729442124805117,42.62357984821343
Train-L,Test-1,40,C025-R075,0.49365552390914497,0.5461599139954937,9.613373069115784
Train-L,Test-1,40,C050-R050,0.6129839211632234,0.6526764289948837,6.081498590777419
Train-L,Test-1,40,C075-R025,0.7660787608122422,0.7868057419015452,2.6343200088004117
Train-L,Test-1,40,C100-R000,0.8734083761978245,0.8734083761978247,2.54227702614497e-14
Train-L,Test-1,41,C000-R100,0.22934907086795545,0.6821037937628235,66.37622119021623
Train-L,Test-1,41,C025-R075,0.5544635742629145,0.7591146152184539,26.959175446338374
Train-L,Test-1,41,C050-R050,0.7166147464578329,0.7774675811211362,7.8270575057999725
Train-L,Test-1,41,C075-R025,0.7652777992301347,0.7652777992301347,0.0
Train-L,Test-1,41,C100-R000,0.7530880173391331,0.7530880173391331,0.0
Train-L,Test-1,42,C000-R100,0.14620881572471098,0.6395473799647888,77.13870460500351
Train-L,Test-1,42,C025-R075,0.4602179304621135,0.686671406467091,32.97843391646021
Train-L,Test-1,42,C050-R050,0.7114795521793695,0.757138149426309,6.030418264029544
Train-L,Test-1,42,C075-R025,0.7384281310581002,0.7796737794882448,5.2901161377027455
Train-L,Test-1,42,C100-R000,0.7965507700149376,0.7965507700149376,0.0
Train-L,Test-1,43,C000-R100,0.16859849179758077,0.7430029146477118,77.30850196226751
Train-L,Test-1,43,C025-R075,0.5558264589314809,0.8242130208630402,32.5627665588842
Train-L,Test-1,43,C050-R050,0.7543077488851422,0.8666787426523826,12.965703234319607
Train-L,Test-1,43,C075-R025,0.8865205877182706,0.8909744771219685,0.4998896733927704
Train-L,Test-1,43,C100-R000,0.9207585844806839,0.9207585844806837,-2.411539883174334e-14
Train-L,Test-1,44,C000-R100,0.12009580785622144,0.587693698740218,79.56489781774772
Train-L,Test-1,44,C025-R075,0.4342490404662849,0.6465465126412915,32.83560703277518
Train-L,Test-1,44,C050-R050,0.6375991090876902,0.7128976630390739,10.56232301707749
Train-L,Test-1,44,C075-R025,0.685852293020174,0.7469972281580137,8.185429989963176
Train-L,Test-1,44,C100-R000,0.7169750861636275,0.7771681107180669,7.745174271088387
Train-L,Test-1,45,C000-R100,0.1331315252030803,0.7221139060091498,81.56363918556175
Train-L,Test-1,45,C025-R075,0.5500763925923476,0.7727914942610686,28.819559133693335
Train-L,Test-1,45,C050-R050,0.6838984364927939,0.7950585098525798,13.981370173674037
Train-L,Test-1,45,C075-R025,0.6966810767612058,0.8379501475591294,16.858887275027904
Train-L,Test-1,45,C100-R000,0.6249076103764694,0.8495142778844157,26.439422309333587
Train-L,Test-1,46,C000-R100,0.2027632118093566,0.6423464406316359,68.43397908300476
Train-L,Test-1,46,C025-R075,0.5910473362934926,0.7045772700332779,16.11319844797479
Train-L,Test-1,46,C050-R050,0.7156739300040398,0.7233620316616699,1.0628290290505584
Train-L,Test-1,46,C075-R025,0.7250065694180723,0.7250065694180723,0.0
Train-L,Test-1,46,C100-R000,0.7266511071744747,0.7266511071744747,0.0
Train-L,Test-1,47,C000-R100,0.1434002530889544,0.7482046610886036,80.83408717605239
Train-L,Test-1,47,C025-R075,0.5687139769340571,0.8142423195629834,30.154210451835173
Train-L,Test-1,47,C050-R050,0.8165427078731371,0.8710411796690861,6.256704397908412
Train-L,Test-1,47,C075-R025,0.8252649176167712,0.9253137271342036,10.81242032659499
Train-L,Test-1,47,C100-R000,0.8419256430971163,0.977265914434072,13.848868495053399
Train-L,Test-1,48,C000-R100,0.4346163574296404,0.7956999195051523,45.37936390644235
Train-L,Test-1,48,C025-R075,0.7542445590487641,0.8459919575089175,10.844949251091
Train-L,Test-1,48,C050-R050,0.8754475687065403,0.8962839955126828,2.324757209819849
Train-L,Test-1,48,C075-R025,0.9357165389781192,0.9357165389781192,0.0
Train-L,Test-1,48,C100-R000,0.9708333519238308,0.9708333519238308,0.0
Train-L,Test-1,49,C000-R100,0.2965009612144853,0.7322916908319725,59.51053863828167
Train-L,Test-1,49,C025-R075,0.6442073519484807,0.7841349466537798,17.844835930655385
Train-L,Test-1,49,C050-R050,0.7933075020971966,0.8427419463484934,5.865905270942162
Train-L,Test-1,49,C075-R025,0.8705452575504532,0.8727355584263092,0.2509695926456254
Train-L,Test-1,49,C100-R000,0.866415061069478,0.866415061069478,0.0
Train-L,Test-2,0,C000-R100,0.2490900443315506,0.8187428790782487,69.57652387621626
Train-L,Test-2,0,C025-R075,0.6086900314142399,0.8397509477314746,27.515410008339824
Train-L,Test-2,0,C050-R050,0.6893359090346091,0.810426493536259,14.941587604481764
Train-L,Test-2,0,C075-R025,0.6644706198409026,0.7972249821374305,16.652057483271758
Train-L,Test-2,0,C100-R000,0.6139288521829837,0.7604475934095576,19.267434402631174
Train-L,Test-2,1,C000-R100,0.21651394765977558,0.672472044920156,67.8032790663465
Train-L,Test-2,1,C025-R075,0.6208988260891121,0.728716849287182,14.795599045573818
Train-L,Test-2,1,C050-R050,0.722593176147146,0.7635704507265095,5.366534881015252
Train-L,Test-2,1,C075-R025,0.7074080410832084,0.7357284985480689,3.8493082055064813
Train-L,Test-2,1,C100-R000,0.6969517703199432,0.7179028096759802,2.918367092823209
Train-L,Test-2,2,C000-R100,0.0869311244993883,0.8211696678024062,89.41374384516281
Train-L,Test-2,2,C025-R075,0.5231835219029247,0.8408352227269335,37.77811540694319
Train-L,Test-2,2,C050-R050,0.691861846662618,0.8432708753344468,17.954969524090227
Train-L,Test-2,2,C075-R025,0.7133113892640722,0.849517978103744,16.033396861559773
Train-L,Test-2,2,C100-R000,0.6624279242262406,0.8178001940432026,18.99880569223171
Train-L,Test-2,3,C000-R100,0.15140713512232554,0.7490951056306963,79.78799567848608
Train-L,Test-2,3,C025-R075,0.6408303131966829,0.811703098850343,21.051143687350212
Train-L,Test-2,3,C050-R050,0.7695731562481062,0.8037043401659846,4.24673380646787
Train-L,Test-2,3,C075-R025,0.761722546507179,0.7848224534215155,2.9433290056407078
Train-L,Test-2,3,C100-R000,0.7543694748355839,0.7683888814606282,1.8245197143398086
Train-L,Test-2,4,C000-R100,0.18013766114650473,0.7197683143647869,74.97282701233095
Train-L,Test-2,4,C025-R075,0.6109281734808404,0.7899675557478738,22.664143731514926
Train-L,Test-2,4,C050-R050,0.7489142414647402,0.8315353386149642,9.935969442722755
Train-L,Test-2,4,C075-R025,0.781504337282219,0.8432464591235771,7.321954474084524
Train-L,Test-2,4,C100-R000,0.7458104065748502,0.82956181960583,10.095861580367167
Train-L,Test-2,5,C000-R100,0.12550358298992392,0.6877315673409033,81.75108007980783
Train-L,Test-2,5,C025-R075,0.5640257971081167,0.7280961865412777,22.53416409342221
Train-L,Test-2,5,C050-R050,0.6703924171207497,0.7557911135788303,11.299245905882618
Train-L,Test-2,5,C075-R025,0.6076002742227412,0.7780384421925591,21.906137117018652
Train-L,Test-2,5,C100-R000,0.5842736995887536,0.7426291692222167,21.323626406880116
Train-L,Test-2,6,C000-R100,0.2203016003220668,0.5855750691798699,62.37858954094283
Train-L,Test-2,6,C025-R075,0.6005406601815725,0.6411375649110831,6.332011560598675
Train-L,Test-2,6,C050-R050,0.628537852006744,0.6829788079065079,7.971104706255586
Train-L,Test-2,6,C075-R025,0.6794728736815042,0.6612735562254515,-2.7521616862973355
Train-L,Test-2,6,C100-R000,0.6577994409639508,0.6580219220805955,0.033810593413245084
Train-L,Test-2,7,C000-R100,0.1945688637441955,0.8314713962298351,76.59945193226915
Train-L,Test-2,7,C025-R075,0.5561663212259033,0.7876408477730706,29.388334442230214
Train-L,Test-2,7,C050-R050,0.7288867570882065,0.7742400523866694,5.857782112751335
Train-L,Test-2,7,C075-R025,0.7084513561384012,0.7449866599037299,4.904155434145626
Train-L,Test-2,7,C100-R000,0.6634493150563983,0.6845388702227474,3.0808411448551705
Train-L,Test-2,8,C000-R100,0.19402956471455898,0.6201280359591629,68.71137031976791
Train-L,Test-2,8,C025-R075,0.6196020641284317,0.6644425115054692,6.748581946606591
Train-L,Test-2,8,C050-R050,0.6623509669183908,0.7229557079373427,8.382912030926848
Train-L,Test-2,8,C075-R025,0.694433998961587,0.7956129177959307,12.717103577784721
Train-L,Test-2,8,C100-R000,0.710791566102738,0.8137677221289427,12.654244353266197
Train-L,Test-2,9,C000-R100,0.1592613289076091,0.6087791690489286,73.83922824487954
Train-L,Test-2,9,C025-R075,0.5644227609599098,0.6773114236199215,16.66717240005684
Train-L,Test-2,9,C050-R050,0.7176811125056733,0.7390198372165013,2.8874359842896404
Train-L,Test-2,9,C075-R025,0.7254192839743011,0.7352517592910907,1.3372936810473932
Train-L,Test-2,9,C100-R000,0.7277095348661008,0.7390901568885329,1.5398151249020693
Train-L,Test-2,10,C000-R100,0.1209216350134183,0.859194706704021,85.92616620308465
Train-L,Test-2,10,C025-R075,0.5686673182305427,0.863142153468326,34.11660918824415
Train-L,Test-2,10,C050-R050,0.7936339201538236,0.849169704714459,6.540010112502749
Train-L,Test-2,10,C075-R025,0.7893880855050504,0.842021231080348,6.250809793449879
Train-L,Test-2,10,C100-R000,0.7659026710996546,0.8091206218864345,5.341348325299
Train-L,Test-2,11,C000-R100,0.28193426780904257,0.7264300382887399,61.18906805214187
Train-L,Test-2,11,C025-R075,0.6220115729149952,0.7286964662461296,14.640511965252179
Train-L,Test-2,11,C050-R050,0.6848991889375218,0.7585446006756428,9.708778056362718
Train-L,Test-2,11,C075-R025,0.7123735347301846,0.7460754295040039,4.517223519373168
Train-L,Test-2,11,C100-R000,0.7092711279510816,0.7139852090693738,0.6602491281908546
Train-L,Test-2,12,C000-R100,0.17270757560596342,0.6383353144746754,72.9440669050098
Train-L,Test-2,12,C025-R075,0.559850206615191,0.6845874667582986,18.220792258112944
Train-L,Test-2,12,C050-R050,0.6590108373790385,0.689188448936477,4.378716968342569
Train-L,Test-2,12,C075-R025,0.675218708858253,0.7206127379214259,6.299365342071233
Train-L,Test-2,12,C100-R000,0.6701442619369161,0.6981024441274868,4.004882438925392
Train-L,Test-2,13,C000-R100,0.133019180743554,0.4472657697217442,70.25947663593645
Train-L,Test-2,13,C025-R075,0.43494786561165033,0.4847555407328343,10.274802645037678
Train-L,Test-2,13,C050-R050,0.5149642440019448,0.5190540081283938,0.7879265090728775
Train-L,Test-2,13,C075-R025,0.5495477568977343,0.5788838066244018,5.067692236501209
Train-L,Test-2,13,C100-R000,0.5635935168148766,0.6092056488667841,7.487148574008312
Train-L,Test-2,14,C000-R100,0.19129873992438562,0.6585439557327547,70.95125720020775
Train-L,Test-2,14,C025-R075,0.5026761143895712,0.641635891324392,21.65710784164456
Train-L,Test-2,14,C050-R050,0.5651812323081417,0.6508732924095707,13.165705383945326
Train-L,Test-2,14,C075-R025,0.5706683519973145,0.5968426416487485,4.385459051506238
Train-L,Test-2,14,C100-R000,0.512814909827671,0.5951815602160759,13.838911668987594
Train-L,Test-2,15,C000-R100,0.21567970613200685,0.6900316306170627,68.74350441890111
Train-L,Test-2,15,C025-R075,0.6180546241913304,0.7180236673253738,13.92280612509981
Train-L,Test-2,15,C050-R050,0.6718114103461378,0.7403656978875327,9.259516984241598
Train-L,Test-2,15,C075-R025,0.6735060173040326,0.7133854452321158,5.590165624294106
Train-L,Test-2,15,C100-R000,0.6287008232244404,0.6884635810297947,8.680598284656089
Train-L,Test-2,16,C000-R100,0.16373836335106784,0.5508506336847158,70.27536080773851
Train-L,Test-2,16,C025-R075,0.5079990039419302,0.5840713911758548,13.0245015221128
Train-L,Test-2,16,C050-R050,0.5984829429433923,0.6357757902149395,5.865723081235821
Train-L,Test-2,16,C075-R025,0.6267689141531956,0.6504080196221392,3.634503996841401
Train-L,Test-2,16,C100-R000,0.6431889699705637,0.639455877873261,-0.5837919747830769
Train-L,Test-2,17,C000-R100,0.22138572610823073,0.6120643104959614,63.82966261685152
Train-L,Test-2,17,C025-R075,0.59483931698265,0.6910718791823386,13.925116199714111
Train-L,Test-2,17,C050-R050,0.7334158276745137,0.7417701151889587,1.1262636959048733
Train-L,Test-2,17,C075-R025,0.7724988646230638,0.7898164093115408,2.1926038107478925
Train-L,Test-2,17,C100-R000,0.8032628157177731,0.8220143283568692,2.281166153949964
Train-L,Test-2,18,C000-R100,0.1132252488295288,0.7206821695613775,84.28915635606191
Train-L,Test-2,18,C025-R075,0.536623381001241,0.7416014201148439,27.63991998314407
Train-L,Test-2,18,C050-R050,0.6928516020143576,0.7558793117662814,8.338329779742942
Train-L,Test-2,18,C075-R025,0.7047576037707679,0.7407362469045795,4.8571462898110775
Train-L,Test-2,18,C100-R000,0.6838192238673813,0.7078484757432295,3.3946886514967667
Train-L,Test-2,19,C000-R100,0.13582010229936076,0.7054256159684175,80.74636088839713
Train-L,Test-2,19,C025-R075,0.5977117490598342,0.7427395778085133,19.52606715486878
Train-L,Test-2,19,C050-R050,0.7417412927493032,0.765962237306434,3.1621590957676444
Train-L,Test-2,19,C075-R025,0.7333680745500821,0.7938283251792391,7.616287893922855
Train-L,Test-2,19,C100-R000,0.7486993308031153,0.7679951438031529,2.51249153796516
Train-L,Test-2,20,C000-R100,0.2246074430636045,0.6448107810560811,65.16692188431792
Train-L,Test-2,20,C025-R075,0.5370869654736737,0.6614655129515868,18.803481820679057
Train-L,Test-2,20,C050-R050,0.6107178335667431,0.6836914770071522,10.673475667687113
Train-L,Test-2,20,C075-R025,0.6181212626726467,0.7075552879068473,12.639863875340723
Train-L,Test-2,20,C100-R000,0.6366780807370893,0.700020783984794,9.048688938510228
Train-L,Test-2,21,C000-R100,0.1587692600960001,0.7929021429950014,79.97618476647237
Train-L,Test-2,21,C025-R075,0.584875073978993,0.7993491966153458,26.831092536840284
Train-L,Test-2,21,C050-R050,0.7321320865149126,0.7840394521505658,6.620504299021553
Train-L,Test-2,21,C075-R025,0.7082192119223286,0.7519189767119459,5.811765116064928
Train-L,Test-2,21,C100-R000,0.6937126856163288,0.7012069909675137,1.068772195331991
Train-L,Test-2,22,C000-R100,0.1450287089415627,0.6895257734128014,78.9668907916604
Train-L,Test-2,22,C025-R075,0.6167824706202726,0.7328473619336737,15.837525976371813
Train-L,Test-2,22,C050-R050,0.7204553068549924,0.762465469383168,5.509779028047219
Train-L,Test-2,22,C075-R025,0.7377459071512508,0.7533451459333357,2.0706629446398934
Train-L,Test-2,22,C100-R000,0.7473009996982073,0.7752976662981208,3.61108614367325
Train-L,Test-2,23,C000-R100,0.18505301918088413,0.726584300709819,74.53110134638182
Train-L,Test-2,23,C025-R075,0.4986610496979577,0.7374950002873799,32.384484029906055
Train-L,Test-2,23,C050-R050,0.653733163956051,0.7346072637761919,11.009161467368818
Train-L,Test-2,23,C075-R025,0.6555903873103918,0.673536004346691,2.6643886771436898
Train-L,Test-2,23,C100-R000,0.6184611174822976,0.6783650855195381,8.830638444689704
Train-L,Test-2,24,C000-R100,0.2353346628722289,0.7461033900635173,68.45817000614427
Train-L,Test-2,24,C025-R075,0.6088206205244011,0.7723894659248535,21.17699070437169
Train-L,Test-2,24,C050-R050,0.7481385597211293,0.7765396630714702,3.6573924940298776
Train-L,Test-2,24,C075-R025,0.7560444615979244,0.7906445163962652,4.376183490912816
Train-L,Test-2,24,C100-R000,0.7246578250836784,0.7473283684354465,3.0335451334772072
Train-L,Test-2,25,C000-R100,0.2367644697530782,0.775122834123315,69.45458715316195
Train-L,Test-2,25,C025-R075,0.6007404063468353,0.7661746810213738,21.592239834132986
Train-L,Test-2,25,C050-R050,0.7520908363599684,0.7616618368907101,1.2565944710861232
Train-L,Test-2,25,C075-R025,0.7202295187364532,0.823289889002153,12.518114414184222
Train-L,Test-2,25,C100-R000,0.669486414947699,0.7463880340272525,10.30316880411639
Train-L,Test-2,26,C000-R100,0.16556077978593797,0.6466967901515593,74.39901012232684
Train-L,Test-2,26,C025-R075,0.5267244735526425,0.6469723646992528,18.586248456301206
Train-L,Test-2,26,C050-R050,0.616876572130447,0.6418835463183631,3.8958739994735843
Train-L,Test-2,26,C075-R025,0.6228213692950023,0.6501066589905605,4.197048179436413
Train-L,Test-2,26,C100-R000,0.583523443473049,0.5989753746146814,2.5797272803698528
Train-L,Test-2,27,C000-R100,0.1509302048379708,0.7792565078805819,80.6315117921222
Train-L,Test-2,27,C025-R075,0.5577499114407704,0.8068739703465289,30.875213237919546
Train-L,Test-2,27,C050-R050,0.6781017908731934,0.7660490086921415,11.480625497981967
Train-L,Test-2,27,C075-R025,0.6566187001581795,0.7446358173286018,11.820156259228277
Train-L,Test-2,27,C100-R000,0.6208980284965315,0.6967708588605669,10.889208324256069
Train-L,Test-2,28,C000-R100,0.11053806974107226,0.6117151598531133,81.92981358061895
Train-L,Test-2,28,C025-R075,0.49657959595990153,0.615893767809519,19.372524627740418
Train-L,Test-2,28,C050-R050,0.5892610341591317,0.6179452594894513,4.641871571928342
Train-L,Test-2,28,C075-R025,0.58110809088984,0.6014773781751006,3.3865425408120347
Train-L,Test-2,28,C100-R000,0.5715163256182755,0.5882129208499047,2.838529151570567
Train-L,Test-2,29,C000-R100,0.1826308649575292,0.4933611357476631,62.982316253840786
Train-L,Test-2,29,C025-R075,0.509929462458475,0.5504323361622545,7.358374688917291
Train-L,Test-2,29,C050-R050,0.5467166458848787,0.581982625437812,6.05962755785081
Train-L,Test-2,29,C075-R025,0.5351179481502237,0.6049944304177965,11.549938107581845
Train-L,Test-2,29,C100-R000,0.5491679598814011,0.6395112405894315,14.126926154536687
Train-L,Test-2,30,C000-R100,0.12412402374390659,0.8031690810168267,84.5457168761074
Train-L,Test-2,30,C025-R075,0.5781645553639129,0.794040280766274,27.186999278428825
Train-L,Test-2,30,C050-R050,0.720407197212097,0.7895568624052003,8.758034852924336
Train-L,Test-2,30,C075-R025,0.701919383717787,0.7566186125608844,7.229432098948771
Train-L,Test-2,30,C100-R000,0.6554269334701444,0.6685654944183806,1.9651868153420324
Train-L,Test-2,31,C000-R100,0.19793821212931947,0.76725935729691,74.20191617777527
Train-L,Test-2,31,C025-R075,0.5471909684020123,0.7378696210059904,25.841781146107117
Train-L,Test-2,31,C050-R050,0.6694279857810379,0.6998463537504217,4.346435157713426
Train-L,Test-2,31,C075-R025,0.6154251656920225,0.6646503910324311,7.406183161036704
Train-L,Test-2,31,C100-R000,0.5407546065234773,0.54723231576025,1.183721986113606
Train-L,Test-2,32,C000-R100,0.31999553234008893,0.7581977928806912,57.7952434912399
Train-L,Test-2,32,C025-R075,0.7322751073579626,0.7809578663213627,6.2337241306904465
Train-L,Test-2,32,C050-R050,0.7907327706096673,0.7856830349159143,-0.6427191970987937
Train-L,Test-2,32,C075-R025,0.7881454676673433,0.7913851652368872,0.40937052043099037
Train-L,Test-2,32,C100-R000,0.7569477598873765,0.7741362474113083,2.2203439745147735
Train-L,Test-2,33,C000-R100,0.21009369964838373,0.7829041422974062,73.16482461928598
Train-L,Test-2,33,C025-R075,0.6158536035728323,0.794013620116584,22.437904341942243
Train-L,Test-2,33,C050-R050,0.6685854205889946,0.820504497751656,18.515325336905477
Train-L,Test-2,33,C075-R025,0.599368214745054,0.802004525678416,25.266230357235436
Train-L,Test-2,33,C100-R000,0.5202818660926674,0.7461840623935853,30.274326092717136
Train-L,Test-2,34,C000-R100,0.1398937519357173,0.6616245216990221,78.85602069637982
Train-L,Test-2,34,C025-R075,0.5461173264947113,0.7167829974994907,23.809949677956837
Train-L,Test-2,34,C050-R050,0.7216573440419287,0.7527342629489873,4.128537843529069
Train-L,Test-2,34,C075-R025,0.7467673645991898,0.77979033578957,4.234852584694205
Train-L,Test-2,34,C100-R000,0.7761906308519689,0.8078648921496425,3.9207374408103997
Train-L,Test-2,35,C000-R100,0.1660733776798141,0.7836253078717781,78.80704259911573
Train-L,Test-2,35,C025-R075,0.5695838969784525,0.7904948341693939,27.945905228218454
Train-L,Test-2,35,C050-R050,0.6925288001001583,0.7665677838967353,9.658504486088717
Train-L,Test-2,35,C075-R025,0.6920242308767012,0.7322756173331698,5.496753613490195
Train-L,Test-2,35,C100-R000,0.6752705401009765,0.7378452431349266,8.480735440955781
Train-L,Test-2,36,C000-R100,0.2010484593397598,0.6588878270073671,69.48669392589767
Train-L,Test-2,36,C025-R075,0.5981082885959426,0.7065906736660242,15.352931918452798
Train-L,Test-2,36,C050-R050,0.644762005739396,0.7237017370596684,10.907771430948484
Train-L,Test-2,36,C075-R025,0.6713461743907105,0.706125348738697,4.925354175446348
Train-L,Test-2,36,C100-R000,0.6683712979708,0.757894574519062,11.81210151887825
Train-L,Test-2,37,C000-R100,0.24016152223801046,0.8158629300267383,70.56349621986874
Train-L,Test-2,37,C025-R075,0.6583580453001106,0.8450302091521227,22.090590588390118
Train-L,Test-2,37,C050-R050,0.7444504296973907,0.7698864753480604,3.303869656778974
Train-L,Test-2,37,C075-R025,0.7300893741637976,0.7674612968637051,4.869551448735072
Train-L,Test-2,37,C100-R000,0.7308426465047134,0.7691829006366836,4.984543221155125
Train-L,Test-2,38,C000-R100,0.19453965200419363,0.8754439492459749,77.77817161546986
Train-L,Test-2,38,C025-R075,0.6795715301357554,0.926310003771281,26.636706138439674
Train-L,Test-2,38,C050-R050,0.8690032915561238,0.9245705854399785,6.010065078742661
Train-L,Test-2,38,C075-R025,0.8993011011177464,0.9216858433207751,2.428673757467932
Train-L,Test-2,38,C100-R000,0.8944871580856807,0.9474862740437625,5.5936552760693505
Train-L,Test-2,39,C000-R100,0.15688052202308642,0.6423335904580489,75.57647235742184
Train-L,Test-2,39,C025-R075,0.4924768921207983,0.6486377126876263,24.07519906910386
Train-L,Test-2,39,C050-R050,0.6025701148930732,0.6184717785755315,2.5711219546804687
Train-L,Test-2,39,C075-R025,0.583013348072587,0.6257039422719896,6.822810488357966
Train-L,Test-2,39,C100-R000,0.5576786830797387,0.6110431620830062,8.733340345606937
Train-L,Test-2,40,C000-R100,0.19789563131731883,0.7937890139350355,75.06949229036385
Train-L,Test-2,40,C025-R075,0.5720448550658516,0.7919971078588057,27.77185050430341
Train-L,Test-2,40,C050-R050,0.7101266248852323,0.7997636645822189,11.20794100389786
Train-L,Test-2,40,C075-R025,0.7262181132015414,0.7734970343867706,6.112359722582781
Train-L,Test-2,40,C100-R000,0.6907156788494596,0.760971665470786,9.232405069623912
Train-L,Test-2,41,C000-R100,0.1553312900441165,0.6213903458228466,75.0026225723822
Train-L,Test-2,41,C025-R075,0.5050213400944229,0.6921764779169063,27.03864459331581
Train-L,Test-2,41,C050-R050,0.5821369542427887,0.6920776726881191,15.885603998508799
Train-L,Test-2,41,C075-R025,0.5908871052045503,0.7031093522393798,15.960852558340367
Train-L,Test-2,41,C100-R000,0.606764072020565,0.7258159814582191,16.402492157649906
Train-L,Test-2,42,C000-R100,0.1836973428012245,0.5703155561477278,67.79022756418699
Train-L,Test-2,42,C025-R075,0.5149915594438838,0.6030673864249146,14.604641034090612
Train-L,Test-2,42,C050-R050,0.5763449913060582,0.6308871046440886,8.64530483132953
Train-L,Test-2,42,C075-R025,0.6074497132868627,0.6392038745181079,4.967767327002589
Train-L,Test-2,42,C100-R000,0.6117372728616429,0.6478801634559304,5.578638247155706
Train-L,Test-2,43,C000-R100,0.1856465319492849,0.6351562485682819,70.77151765919734
Train-L,Test-2,43,C025-R075,0.46282864933297746,0.6518647434510991,28.99928183219846
Train-L,Test-2,43,C050-R050,0.582961258382081,0.6486385768490094,10.12541048452269
Train-L,Test-2,43,C075-R025,0.5716807902936417,0.6216161169414476,8.033145423175936
Train-L,Test-2,43,C100-R000,0.5477289506588033,0.605702986717701,9.571363742658493
Train-L,Test-2,44,C000-R100,0.21063232218447736,0.6917064470901009,69.54888550329781
Train-L,Test-2,44,C025-R075,0.5869963596187238,0.7450856580962609,21.21760052145748
Train-L,Test-2,44,C050-R050,0.6561402574263536,0.7834043852784713,16.245010909261122
Train-L,Test-2,44,C075-R025,0.6678318745281473,0.7676128863188804,12.998871380239208
Train-L,Test-2,44,C100-R000,0.6572409840911061,0.728652386603088,9.800476032871504
Train-L,Test-2,45,C000-R100,0.2637194834019332,0.7860934931891336,66.45189335787029
Train-L,Test-2,45,C025-R075,0.7106763507578829,0.852750753728853,16.660718545215747
Train-L,Test-2,45,C050-R050,0.831719437657938,0.8873091924599565,6.264981279851585
Train-L,Test-2,45,C075-R025,0.8063825710325389,0.9100404848017436,11.390472786690044
Train-L,Test-2,45,C100-R000,0.7817200939852675,0.8354388023370344,6.429999205387103
Train-L,Test-2,46,C000-R100,0.1492019330090378,0.7414061512179656,79.87581668105503
Train-L,Test-2,46,C025-R075,0.5515333653236587,0.7387783407596048,25.34521724654551
Train-L,Test-2,46,C050-R050,0.666866186500069,0.7312442942196927,8.803912485679124
Train-L,Test-2,46,C075-R025,0.6000115932440561,0.718173685056453,16.453135818128537
Train-L,Test-2,46,C100-R000,0.5585212199443694,0.6850762778725623,18.473133870756303
Train-L,Test-2,47,C000-R100,0.19044094040199208,0.7281337544701666,73.84533552622234
Train-L,Test-2,47,C025-R075,0.5336481312979586,0.6881659022660728,22.453563953009013
Train-L,Test-2,47,C050-R050,0.6286469346930805,0.6613049713416596,4.938422976364778
Train-L,Test-2,47,C075-R025,0.6012607112244958,0.6193948851488605,2.9277241964964817
Train-L,Test-2,47,C100-R000,0.5283782751793283,0.5806596391913359,9.003788189035829
Train-L,Test-2,48,C000-R100,0.2042947555109262,0.6923369015259295,70.49200251197719
Train-L,Test-2,48,C025-R075,0.6039043454452042,0.7586403171351476,20.396486740155414
Train-L,Test-2,48,C050-R050,0.7179074232646978,0.7635416848033548,5.976656212346786
Train-L,Test-2,48,C075-R025,0.7053862140876449,0.780079102683911,9.575040318254976
Train-L,Test-2,48,C100-R000,0.7065303295284994,0.7872934269683455,10.258322332353643
Train-L,Test-2,49,C000-R100,0.18230113430454367,0.663331269587431,72.51733143562966
Train-L,Test-2,49,C025-R075,0.5129008415835435,0.7075430478776354,27.509592084601174
Train-L,Test-2,49,C050-R050,0.6183891629937052,0.6626244818483121,6.675774902131265
Train-L,Test-2,49,C075-R025,0.5881957712613233,0.6606545613035788,10.967727203651263
Train-L,Test-2,49,C100-R000,0.5680936662654326,0.6559176612636898,13.38948471505641
Train-L,Test-3,0,C000-R100,0.2048431637144408,0.5429210608211509,62.27017544601752
Train-L,Test-3,0,C025-R075,0.46192137510173986,0.6384211685189745,27.646294032931785
Train-L,Test-3,0,C050-R050,0.5553535972180776,0.6413980159139028,13.415136399077229
Train-L,Test-3,0,C075-R025,0.5790368921131254,0.6804872363774037,14.908485984888213
Train-L,Test-3,0,C100-R000,0.5896654054118694,0.6719041712235209,12.2396569829142
Train-L,Test-3,1,C000-R100,0.2048158376661605,0.5268808072281292,61.12672261802864
Train-L,Test-3,1,C025-R075,0.47490208489033137,0.6179867383993322,23.15335340036731
Train-L,Test-3,1,C050-R050,0.5463395955039573,0.6649989230956251,17.84353680443554
Train-L,Test-3,1,C075-R025,0.5702117423366254,0.7170347695867089,20.476416692416556
Train-L,Test-3,1,C100-R000,0.5717123409079966,0.7186579870040618,20.447229245812956
Train-L,Test-3,2,C000-R100,0.23568873969041962,0.5657112049341043,58.33762215866428
Train-L,Test-3,2,C025-R075,0.49070317555712145,0.5955061106386678,17.598968878614425
Train-L,Test-3,2,C050-R050,0.5537106095877959,0.7029301611839148,21.228218653300473
Train-L,Test-3,2,C075-R025,0.5768516533550044,0.718785143636366,19.746302707831962
Train-L,Test-3,2,C100-R000,0.561677786723838,0.685761812425813,18.09433296716252
Train-L,Test-3,3,C000-R100,0.21557434790135463,0.5118109447778667,57.88008245995657
Train-L,Test-3,3,C025-R075,0.49321197814928025,0.6219438962839005,20.698316826290966
Train-L,Test-3,3,C050-R050,0.5454205153718162,0.6632482711376334,17.76525637431571
Train-L,Test-3,3,C075-R025,0.5652138731099527,0.6685990427259867,15.462955076111962
Train-L,Test-3,3,C100-R000,0.550230801227133,0.6731461147816554,18.259826634280106
Train-L,Test-3,4,C000-R100,0.2634010707082333,0.632678816552248,58.36733207796897
Train-L,Test-3,4,C025-R075,0.5416047890884993,0.6837353636987863,20.787366305204216
Train-L,Test-3,4,C050-R050,0.6225781448898208,0.746808578792827,16.634842907645435
Train-L,Test-3,4,C075-R025,0.6609157783346905,0.7289776217352907,9.336616292634984
Train-L,Test-3,4,C100-R000,0.6690041530179734,0.7082742310326005,5.544473636627263
Train-L,Test-3,5,C000-R100,0.20714493329676364,0.5960806035865387,65.24883848754686
Train-L,Test-3,5,C025-R075,0.49922096133393473,0.639004801780938,21.875241008740275
Train-L,Test-3,5,C050-R050,0.5565222748158213,0.6751114174691873,17.565862402079517
Train-L,Test-3,5,C075-R025,0.5946718038841584,0.6905453622014327,13.883745162176309
Train-L,Test-3,5,C100-R000,0.5797777254639048,0.733540138533531,20.961690436875454
Train-L,Test-3,6,C000-R100,0.24253775836530678,0.5900634911301577,58.89632861359198
Train-L,Test-3,6,C025-R075,0.48745324335774853,0.6398986051235461,23.823362099119556
Train-L,Test-3,6,C050-R050,0.5680507460100728,0.6480150290130436,12.3398809322
Train-L,Test-3,6,C075-R025,0.568101285090756,0.7048902229133801,19.405707921052176
Train-L,Test-3,6,C100-R000,0.5639162187417003,0.6956919326064153,18.941676292122036
Train-L,Test-3,7,C000-R100,0.22462519007732654,0.5783077138945587,61.1581888533685
Train-L,Test-3,7,C025-R075,0.4990531799414292,0.6525918994691507,23.52752457586697
Train-L,Test-3,7,C050-R050,0.5779676775574837,0.6931418767492467,16.61625174515733
Train-L,Test-3,7,C075-R025,0.6135616077455524,0.6704295173222086,8.482309938231058
Train-L,Test-3,7,C100-R000,0.6064265485700627,0.7106373147078222,14.664409535067213
Train-L,Test-3,8,C000-R100,0.2235035729485401,0.5990632438284922,62.691155691647204
Train-L,Test-3,8,C025-R075,0.4847556660340162,0.6366158429776244,23.854288048082044
Train-L,Test-3,8,C050-R050,0.5766169041933235,0.7241681652262019,20.375275815499176
Train-L,Test-3,8,C075-R025,0.5885742110944716,0.6954529316254838,15.368217699680168
Train-L,Test-3,8,C100-R000,0.5926657014789106,0.7046628922141361,15.893726201945555
Train-L,Test-3,9,C000-R100,0.20956442419634458,0.5475687878485207,61.728201306039665
Train-L,Test-3,9,C025-R075,0.47575614609870026,0.6087020244373051,21.84087993817704
Train-L,Test-3,9,C050-R050,0.5609020945212129,0.6573613324049218,14.673701224685345
Train-L,Test-3,9,C075-R025,0.5749523326650947,0.6948248112724662,17.25218740934758
Train-L,Test-3,9,C100-R000,0.5744532706305727,0.7081888450071997,18.88416844171944
Train-L,Test-3,10,C000-R100,0.2680055241801162,0.6416824693135584,58.23393391644066
Train-L,Test-3,10,C025-R075,0.5288717321771118,0.7078556286396712,25.28536741404791
Train-L,Test-3,10,C050-R050,0.605394401586758,0.7031673194043894,13.904644758014204
Train-L,Test-3,10,C075-R025,0.6051183235282446,0.7429707773074735,18.55422285635598
Train-L,Test-3,10,C100-R000,0.6164091060920701,0.6824376778265769,9.67539950970969
Train-L,Test-3,11,C000-R100,0.23385633137506168,0.561715301696526,58.367462900021614
Train-L,Test-3,11,C025-R075,0.5048150512451142,0.7107942462557587,28.978736968634504
Train-L,Test-3,11,C050-R050,0.5389312026731234,0.7007997796440911,23.097692332776475
Train-L,Test-3,11,C075-R025,0.5415636610057096,0.7554864005393972,28.315895478853413
Train-L,Test-3,11,C100-R000,0.5717273018126204,0.7604198211173357,24.814255765644923
Train-L,Test-3,12,C000-R100,0.24303154918069048,0.6122786739840456,60.30703672899389
Train-L,Test-3,12,C025-R075,0.5223727305526237,0.6637392802416907,21.29850588887711
Train-L,Test-3,12,C050-R050,0.5822388610660537,0.6877797685177143,15.345160221726161
Train-L,Test-3,12,C075-R025,0.5939853695193132,0.7224270294447507,17.77918802735776
Train-L,Test-3,12,C100-R000,0.5744878930614438,0.7531281074552064,23.719764622433452
Train-L,Test-3,13,C000-R100,0.20954677935415858,0.5446426302285295,61.52582120385367
Train-L,Test-3,13,C025-R075,0.5145754333847312,0.6311247899246512,18.466927365320977
Train-L,Test-3,13,C050-R050,0.5936097680989586,0.6783730719122585,12.49508674841139
Train-L,Test-3,13,C075-R025,0.6430813487291718,0.7328487899191601,12.249108195960932
Train-L,Test-3,13,C100-R000,0.6616314746131372,0.7547376345421831,12.33622860022387
Train-L,Test-3,14,C000-R100,0.20862846243287506,0.4643318922189857,55.06910769452751
Train-L,Test-3,14,C025-R075,0.4298331205997002,0.5738646056436671,25.09851341718768
Train-L,Test-3,14,C050-R050,0.5005524747668626,0.6347809110427753,21.145632129266666
Train-L,Test-3,14,C075-R025,0.49655689686147847,0.6789635435661534,26.865455212309573
Train-L,Test-3,14,C100-R000,0.5274259222010289,0.7119186497818845,25.91486086751343
Train-L,Test-3,15,C000-R100,0.23993920192384677,0.619268106668452,61.25439057169029
Train-L,Test-3,15,C025-R075,0.5282960890692642,0.6673819365618128,20.840517232019284
Train-L,Test-3,15,C050-R050,0.6079407012888455,0.7302114585974532,16.744568421790877
Train-L,Test-3,15,C075-R025,0.6301567344239724,0.6910884576477058,8.816776282319912
Train-L,Test-3,15,C100-R000,0.5966200466202444,0.6711319175299156,11.102418014018816
Train-L,Test-3,16,C000-R100,0.21929998267120818,0.49879211015557007,56.03379079055403
Train-L,Test-3,16,C025-R075,0.4256678176229129,0.5965286116238131,28.642514486572455
Train-L,Test-3,16,C050-R050,0.5163070127880052,0.6271263608287644,17.670975893009576
Train-L,Test-3,16,C075-R025,0.5502552660106605,0.6518181795336627,15.581479116716936
Train-L,Test-3,16,C100-R000,0.567388349161482,0.7241355049371124,21.64610831908362
Train-L,Test-3,17,C000-R100,0.22618543987168585,0.6019703774007951,62.425818883594275
Train-L,Test-3,17,C025-R075,0.5088253314974084,0.6332257882683346,19.645513350162318
Train-L,Test-3,17,C050-R050,0.5533281459436149,0.6658248742246193,16.895843432105405
Train-L,Test-3,17,C075-R025,0.6133318626158126,0.6800913095696298,9.816247614759758
Train-L,Test-3,17,C100-R000,0.5776430905706512,0.6961217320185771,17.019816505996406
Train-L,Test-3,18,C000-R100,0.20980619595501696,0.4838702263379053,56.6399863982329
Train-L,Test-3,18,C025-R075,0.4260525352935649,0.5648313240464363,24.56995262916085
Train-L,Test-3,18,C050-R050,0.4879924731186957,0.622815738681696,21.647376132205416
Train-L,Test-3,18,C075-R025,0.5230242426263038,0.6347739021280902,17.60463987683548
Train-L,Test-3,18,C100-R000,0.5776841845046365,0.6565465732987593,12.011697570499193
Train-L,Test-3,19,C000-R100,0.27222936136305304,0.8267876010733554,67.07384568786006
Train-L,Test-3,19,C025-R075,0.5416263760916121,0.7934937898552797,31.74157340407215
Train-L,Test-3,19,C050-R050,0.6355873114855212,0.7733484621188421,17.813593403403043
Train-L,Test-3,19,C075-R025,0.6117847688814181,0.7053864793464175,13.269564019957821
Train-L,Test-3,19,C100-R000,0.5238329287194755,0.6592025862415629,20.53536505278236
Train-L,Test-3,20,C000-R100,0.25559807463423806,0.598176628276056,57.27046785982407
Train-L,Test-3,20,C025-R075,0.45679505008061266,0.6441176255123732,29.082044647163922
Train-L,Test-3,20,C050-R050,0.5539874293977792,0.6926187939559739,20.015536073802632
Train-L,Test-3,20,C075-R025,0.5620899225188183,0.6651824781468588,15.498387136601604
Train-L,Test-3,20,C100-R000,0.5477335069939978,0.6867356685231044,20.240999252018614
Train-L,Test-3,21,C000-R100,0.20944129367606823,0.4745157668599793,55.86210020754264
Train-L,Test-3,21,C025-R075,0.43295361540640714,0.5566674578840862,22.22401197079492
Train-L,Test-3,21,C050-R050,0.5203540305794311,0.6144500502520421,15.31385987095512
Train-L,Test-3,21,C075-R025,0.5532279535472165,0.6668354409784983,17.036810050854058
Train-L,Test-3,21,C100-R000,0.587920371243938,0.7042951501224345,16.52358089620039
Train-L,Test-3,22,C000-R100,0.23638493537527705,0.5672694800901067,58.329340168674506
Train-L,Test-3,22,C025-R075,0.4827828894581003,0.6239621335944268,22.626251904589537
Train-L,Test-3,22,C050-R050,0.5489215917856723,0.7261636859874557,24.408008500282566
Train-L,Test-3,22,C075-R025,0.5723018367043468,0.7128725551210936,19.718912925869127
Train-L,Test-3,22,C100-R000,0.5815136145466574,0.7285607393583672,20.183234817348524
Train-L,Test-3,23,C000-R100,0.2054084440356819,0.559801916128788,63.306941595315
Train-L,Test-3,23,C025-R075,0.44516314293249626,0.5797059668591391,23.20880439709791
Train-L,Test-3,23,C050-R050,0.5072433913138086,0.6272461517750106,19.131685403188623
Train-L,Test-3,23,C075-R025,0.530694114771391,0.6245215814113037,15.023894999413779
Train-L,Test-3,23,C100-R000,0.5448613802317855,0.6324821901884602,13.853482566926722
Train-L,Test-3,24,C000-R100,0.21403039524460873,0.5297974599304219,59.60146821528415
Train-L,Test-3,24,C025-R075,0.4217536051189878,0.5843220839210818,27.821724229757226
Train-L,Test-3,24,C050-R050,0.49086212057814654,0.6240995539123392,21.348746766274267
Train-L,Test-3,24,C075-R025,0.5418203046476275,0.6460877223288528,16.138275667178533
Train-L,Test-3,24,C100-R000,0.5658839126510918,0.6662221027470251,15.0607717279583
Train-L,Test-3,25,C000-R100,0.2133383021271953,0.6176295374080515,65.45853311639007
Train-L,Test-3,25,C025-R075,0.5132941727612744,0.6841689417065945,24.97552264197921
Train-L,Test-3,25,C050-R050,0.5540314810147807,0.701674550084212,21.041531155962797
Train-L,Test-3,25,C075-R025,0.6003274143942499,0.6804670374603722,11.777149906513928
Train-L,Test-3,25,C100-R000,0.5732386739872265,0.6970424687658806,17.76129867637043
Train-L,Test-3,26,C000-R100,0.262008363127463,0.6157047432252826,57.44577802747318
Train-L,Test-3,26,C025-R075,0.5620009287381426,0.7065274669556395,20.455898033270838
Train-L,Test-3,26,C050-R050,0.6207407103681931,0.7575545287300834,18.059930100508588
Train-L,Test-3,26,C075-R025,0.6240764117290911,0.7887941207068163,20.88221814205794
Train-L,Test-3,26,C100-R000,0.664861566089182,0.8151310063262759,18.435004811600173
Train-L,Test-3,27,C000-R100,0.24087917760251723,0.5675856783382144,57.56073720750552
Train-L,Test-3,27,C025-R075,0.4881483644580533,0.6340240775771493,23.007913780899834
Train-L,Test-3,27,C050-R050,0.5429069265996374,0.6230239295048007,12.859378125145671
Train-L,Test-3,27,C075-R025,0.5652535760005262,0.6664457184853331,15.183853639992122
Train-L,Test-3,27,C100-R000,0.57358942908056,0.6657650478198395,13.84506727127298
Train-L,Test-3,28,C000-R100,0.24646787206746346,0.5665699145767807,56.498242189303106
Train-L,Test-3,28,C025-R075,0.49744144948647656,0.6713214143862464,25.90114975830751
Train-L,Test-3,28,C050-R050,0.5559907351771051,0.6879897997908704,19.18619500665407
Train-L,Test-3,28,C075-R025,0.529198867975993,0.6984045876957383,24.227463951519773
Train-L,Test-3,28,C100-R000,0.5088747442284001,0.6904378114929539,26.29680244075201
Train-L,Test-3,29,C000-R100,0.24672234131295115,0.6438889779846005,61.6824717072806
Train-L,Test-3,29,C025-R075,0.5593162281563255,0.710609905415807,21.290679472157564
Train-L,Test-3,29,C050-R050,0.6331539413096056,0.738040175972858,14.211453262011808
Train-L,Test-3,29,C075-R025,0.6524733372635712,0.789067355035451,17.310818512539146
Train-L,Test-3,29,C100-R000,0.6416757636489506,0.7569498618856421,15.228762701605028
Train-L,Test-3,30,C000-R100,0.24559747928747863,0.5904186547838383,58.40282530073583
Train-L,Test-3,30,C025-R075,0.5132947738321366,0.6505314708246582,21.09608883618666
Train-L,Test-3,30,C050-R050,0.5860578096751697,0.7096004420710184,17.410168465408624
Train-L,Test-3,30,C075-R025,0.5941951821747211,0.7564063586479574,21.444977903567796
Train-L,Test-3,30,C100-R000,0.5648510319521066,0.7579001138727484,25.47157315153204
Train-L,Test-3,31,C000-R100,0.2575211142584944,0.6514127793365908,60.46729164251921
Train-L,Test-3,31,C025-R075,0.5192289755886311,0.6977075645645012,25.580715766966613
Train-L,Test-3,31,C050-R050,0.6041254192366418,0.7448558060114246,18.89364164701488
Train-L,Test-3,31,C075-R025,0.6238892391213072,0.7551349973893569,17.380436441403297
Train-L,Test-3,31,C100-R000,0.6024585717602692,0.7436241120486992,18.983453871542185
Train-L,Test-3,32,C000-R100,0.22295533221821914,0.6355074961534175,64.9169626530423
Train-L,Test-3,32,C025-R075,0.478988041791417,0.6450524361665809,25.744324812111675
Train-L,Test-3,32,C050-R050,0.5464520560715124,0.6587632317597083,17.048792384509216
Train-L,Test-3,32,C075-R025,0.5965761440548731,0.7376584255843558,19.125692412137848
Train-L,Test-3,32,C100-R000,0.598057010618558,0.7285535227229821,17.911726185427124
Train-L,Test-3,33,C000-R100,0.22085482362106168,0.5999283483414349,63.186466478598966
Train-L,Test-3,33,C025-R075,0.4911442501184524,0.6667093656547346,26.33308073659208
Train-L,Test-3,33,C050-R050,0.5586319114822699,0.7235043289558888,22.78803469103652
Train-L,Test-3,33,C075-R025,0.6244494639089889,0.6951034273621426,10.164525259396196
Train-L,Test-3,33,C100-R000,0.6049567320681423,0.7428503973072322,18.562777342375053
Train-L,Test-3,34,C000-R100,0.20389525447091436,0.6025907323878963,66.16355952522946
Train-L,Test-3,34,C025-R075,0.4649541449910195,0.6595510865257322,29.504453181902324
Train-L,Test-3,34,C050-R050,0.5597710311311551,0.7038499987025088,20.47012400894391
Train-L,Test-3,34,C075-R025,0.5511247628108072,0.6919006046500001,20.34625217742146
Train-L,Test-3,34,C100-R000,0.5391256610391775,0.6877364154500296,21.608679004383777
Train-L,Test-3,35,C000-R100,0.21296122060441158,0.6408345907976308,66.76814521835594
Train-L,Test-3,35,C025-R075,0.5341684945718925,0.6787941803389929,21.306264837873773
Train-L,Test-3,35,C050-R050,0.5886121240493332,0.7360559482756314,20.0316055554903
Train-L,Test-3,35,C075-R025,0.6395658952095408,0.753771510787547,15.151224733697246
Train-L,Test-3,35,C100-R000,0.6224027253729033,0.7307431355155128,14.826059237105154
Train-L,Test-3,36,C000-R100,0.24311371628677458,0.590351860797142,58.81884475497336
Train-L,Test-3,36,C025-R075,0.488611368833398,0.6468609445835427,24.464234094706054
Train-L,Test-3,36,C050-R050,0.5625932028525167,0.7163936532244902,21.468706440895616
Train-L,Test-3,36,C075-R025,0.591106641089241,0.7472988928463623,20.900907689319023
Train-L,Test-3,36,C100-R000,0.5899058956597455,0.6958442679374052,15.2244370125629
Train-L,Test-3,37,C000-R100,0.2503939528956501,0.6409309658782155,60.93277338339307
Train-L,Test-3,37,C025-R075,0.5268511344878215,0.7139389171891924,26.20501252935523
Train-L,Test-3,37,C050-R050,0.6063119873321815,0.7365079335339885,17.677466904814903
Train-L,Test-3,37,C075-R025,0.6314990411815256,0.7516503778169962,15.98500315857272
Train-L,Test-3,37,C100-R000,0.6495735996444695,0.7456665658387566,12.886854607219481
Train-L,Test-3,38,C000-R100,0.22823615404526745,0.5452688615526495,58.14245592617072
Train-L,Test-3,38,C025-R075,0.45861027922735165,0.5882222976341593,22.034529960545456
Train-L,Test-3,38,C050-R050,0.5157936322351989,0.6442762962806409,19.942168412397415
Train-L,Test-3,38,C075-R025,0.5342892769954939,0.718029645308412,25.589523986018282
Train-L,Test-3,38,C100-R000,0.5672900492647216,0.6563924276471927,13.574559155390375
Train-L,Test-3,39,C000-R100,0.2613564641589232,0.6302207124580907,58.52937566276779
Train-L,Test-3,39,C025-R075,0.5287145309180942,0.6907931359054581,23.46268319167925
Train-L,Test-3,39,C050-R050,0.6323569478983165,0.7607795197394617,16.880392874551227
Train-L,Test-3,39,C075-R025,0.6539294624999693,0.7773843251868282,15.880801643021178
Train-L,Test-3,39,C100-R000,0.6334886721386401,0.7168018134524684,11.622897675516668
Train-L,Test-3,40,C000-R100,0.24410706630223733,0.5931387108545846,58.84486009174281
Train-L,Test-3,40,C025-R075,0.48034396076326596,0.6503367334260136,26.1391928097334
Train-L,Test-3,40,C050-R050,0.5248209728332316,0.6955569011886773,24.546651476488154
Train-L,Test-3,40,C075-R025,0.5111226387880314,0.6950486329549176,26.462320109162203
Train-L,Test-3,40,C100-R000,0.5027606017432453,0.7180724178383499,29.984693847908645
Train-L,Test-3,41,C000-R100,0.22802842240933865,0.5786328127341912,60.591861126602076
Train-L,Test-3,41,C025-R075,0.4941775140312024,0.6415289424524789,22.968788883939016
Train-L,Test-3,41,C050-R050,0.5660589345746575,0.7198593704989212,21.365344708601555
Train-L,Test-3,41,C075-R025,0.5938005889843792,0.7311248130927129,18.782596575739507
Train-L,Test-3,41,C100-R000,0.6258706603483598,0.7078995994889713,11.587651582205686
Train-L,Test-3,42,C000-R100,0.22966609380363812,0.5863036075329889,60.828128830724324
Train-L,Test-3,42,C025-R075,0.5042466785057546,0.6586719389408984,23.444942968642263
Train-L,Test-3,42,C050-R050,0.5453996839980106,0.7075254662517191,22.91448011230006
Train-L,Test-3,42,C075-R025,0.5945140821517235,0.6944065664691927,14.385302377739098
Train-L,Test-3,42,C100-R000,0.5669032115678672,0.7165962729392054,20.88945575412417
Train-L,Test-3,43,C000-R100,0.21858794637494272,0.5332965107060915,59.01193013891476
Train-L,Test-3,43,C025-R075,0.4426725033616905,0.5988421589585621,26.078600723179544
Train-L,Test-3,43,C050-R050,0.5301456808964289,0.6243027369491475,15.081954712043522
Train-L,Test-3,43,C075-R025,0.5225052968431373,0.668883578423494,21.883969991513144
Train-L,Test-3,43,C100-R000,0.5146258799643867,0.6644748667181847,22.55149054679769
Train-L,Test-3,44,C000-R100,0.23611083461563664,0.5988973396435507,60.57574161939605
Train-L,Test-3,44,C025-R075,0.5590752085708478,0.6764356529222755,17.34983125806835
Train-L,Test-3,44,C050-R050,0.6387770691604474,0.7255033460615063,11.953945818701504
Train-L,Test-3,44,C075-R025,0.629352605044482,0.7211664976989346,12.731303096775601
Train-L,Test-3,44,C100-R000,0.6223538822914809,0.7683076682155296,18.996788911796337
Train-L,Test-3,45,C000-R100,0.18117637329777012,0.4881435399295599,62.88461108715805
Train-L,Test-3,45,C025-R075,0.46532898041326937,0.5791075503478386,19.647226126861682
Train-L,Test-3,45,C050-R050,0.5744575001921648,0.6805340410552935,15.587249786746515
Train-L,Test-3,45,C075-R025,0.6100627913443021,0.7355339145608454,17.05850957143921
Train-L,Test-3,45,C100-R000,0.6402390377831906,0.7471228009690817,14.306050229929243
Train-L,Test-3,46,C000-R100,0.2249104464624763,0.5458959744253105,58.799760943602905
Train-L,Test-3,46,C025-R075,0.46684114492864764,0.6044348192491259,22.76402184960281
Train-L,Test-3,46,C050-R050,0.5226124523213759,0.6679824889056573,21.762552012768822
Train-L,Test-3,46,C075-R025,0.5430333127365382,0.6600942820337776,17.73397717316529
Train-L,Test-3,46,C100-R000,0.5768384254874802,0.6700640196726059,13.91293838321237
Train-L,Test-3,47,C000-R100,0.2484228658162071,0.6312151079951619,60.64370724502507
Train-L,Test-3,47,C025-R075,0.4865422009450569,0.6938653953831558,29.87945440392139
Train-L,Test-3,47,C050-R050,0.5749835784737796,0.7387285440963222,22.165782943022712
Train-L,Test-3,47,C075-R025,0.5930262913036253,0.7582537612826199,21.790524282992678
Train-L,Test-3,47,C100-R000,0.5992704365661613,0.6220048400352424,3.6550203480398884
Train-L,Test-3,48,C000-R100,0.2066052263013981,0.5408895180005898,61.80269363231166
Train-L,Test-3,48,C025-R075,0.4593984920282366,0.594778300150066,22.76138993094945
Train-L,Test-3,48,C050-R050,0.5298885282965441,0.6418841018931849,17.44794321378563
Train-L,Test-3,48,C075-R025,0.5399464268696562,0.6792260847683695,20.5056403194837
Train-L,Test-3,48,C100-R000,0.5439374344830298,0.6971783059177893,21.980154880612357
Train-L,Test-3,49,C000-R100,0.2502800669209269,0.6203803984815548,59.65699955486774
Train-L,Test-3,49,C025-R075,0.5003979893630665,0.6854105806109265,26.99295815990365
Train-L,Test-3,49,C050-R050,0.5560022838394635,0.6731806938895505,17.406680125219484
Train-L,Test-3,49,C075-R025,0.5681153778572504,0.6428710331817409,11.628406237951756
Train-L,Test-3,49,C100-R000,0.5387566797700301,0.6699240863682063,19.579443293233602
Train-L,Test-4,0,C000-R100,0.3323570555088813,0.5954851381417464,44.187178785683045
Train-L,Test-4,0,C025-R075,0.49314504068344656,0.6763265103377161,27.084768503721655
Train-L,Test-4,0,C050-R050,0.5646564157766352,0.7114509172797779,20.633117188801915
Train-L,Test-4,0,C075-R025,0.6042102652888548,0.7578092689787299,20.268820925992966
Train-L,Test-4,0,C100-R000,0.6258193825261782,0.7763163628051825,19.38603737981131
Train-L,Test-4,1,C000-R100,0.32471546871589413,0.6084287001735423,46.630481332771545
Train-L,Test-4,1,C025-R075,0.4943419187050611,0.6951420621707713,28.886202460351317
Train-L,Test-4,1,C050-R050,0.5757168856627041,0.708336142823148,18.722644397598575
Train-L,Test-4,1,C075-R025,0.6028768948106007,0.7578614355752049,20.45024769560591
Train-L,Test-4,1,C100-R000,0.663042689336003,0.7789135764398459,14.875961930648343
Train-L,Test-4,2,C000-R100,0.3774498526800098,0.7161395877115694,47.293815457660386
Train-L,Test-4,2,C025-R075,0.5692265115167708,0.8075443478634835,29.51142398274833
Train-L,Test-4,2,C050-R050,0.6726355582821371,0.8326440408189631,19.216913193715605
Train-L,Test-4,2,C075-R025,0.6877899999281528,0.8483040270011896,18.921757054539086
Train-L,Test-4,2,C100-R000,0.6927199460755794,0.8529687817107711,18.787186479883346
Train-L,Test-4,3,C000-R100,0.39110309415807953,0.7043462394435037,44.47289241338382
Train-L,Test-4,3,C025-R075,0.5422560134459835,0.7396203039712411,26.68454198262948
Train-L,Test-4,3,C050-R050,0.6177762654433493,0.7791907354508698,20.715655700669988
Train-L,Test-4,3,C075-R025,0.6251803227332665,0.7792545986995898,19.77200727765232
Train-L,Test-4,3,C100-R000,0.6121036018025922,0.7865110864501346,22.174828511918246
Train-L,Test-4,4,C000-R100,0.3765550678566114,0.7316188761077979,48.53125306718724
Train-L,Test-4,4,C025-R075,0.551039723126943,0.7639438576017602,27.869081262487605
Train-L,Test-4,4,C050-R050,0.6524835482635817,0.8136343053561802,19.806288406442306
Train-L,Test-4,4,C075-R025,0.7023732416623193,0.8619466689390634,18.513143913318533
Train-L,Test-4,4,C100-R000,0.7252412194788004,0.8622728853838028,15.891914059666712
Train-L,Test-4,5,C000-R100,0.35879688047167185,0.6492132379577401,44.73358528542091
Train-L,Test-4,5,C025-R075,0.5509069302552284,0.7006115956140883,21.36771162453331
Train-L,Test-4,5,C050-R050,0.6124143143605266,0.7569985775331447,19.099674353917468
Train-L,Test-4,5,C075-R025,0.6647317803340571,0.813275889244251,18.264909961640537
Train-L,Test-4,5,C100-R000,0.655289315915363,0.8526158472979869,23.143662178924856
Train-L,Test-4,6,C000-R100,0.29166083240148977,0.5554089065112461,47.4871884512021
Train-L,Test-4,6,C025-R075,0.43838213049251723,0.6392914343923807,31.426872485913908
Train-L,Test-4,6,C050-R050,0.5004121215878201,0.6713049251186126,25.4568076497573
Train-L,Test-4,6,C075-R025,0.5103518256753473,0.7300714266535483,30.095630777571547
Train-L,Test-4,6,C100-R000,0.5479594085312098,0.7432025214129796,26.27051271443116
Train-L,Test-4,7,C000-R100,0.3567060259270975,0.6925369295816733,48.492851328150024
Train-L,Test-4,7,C025-R075,0.5445104962254456,0.7471152815254056,27.118276162990046
Train-L,Test-4,7,C050-R050,0.6178097343856839,0.7850352761749303,21.301659538670638
Train-L,Test-4,7,C075-R025,0.6721149459098674,0.7764785944803121,13.440634334587681
Train-L,Test-4,7,C100-R000,0.663535537081287,0.8245492682570301,19.527484575433718
Train-L,Test-4,8,C000-R100,0.383369758940212,0.6928664423457569,44.669024863972076
Train-L,Test-4,8,C025-R075,0.5387662379619282,0.7497144158306047,28.137137743972563
Train-L,Test-4,8,C050-R050,0.6038315703141612,0.7689721766979399,21.475498254424828
Train-L,Test-4,8,C075-R025,0.6345709906773458,0.8058867749904916,21.258046369499866
Train-L,Test-4,8,C100-R000,0.6448986411904105,0.8027728302872038,19.666110154763395
Train-L,Test-4,9,C000-R100,0.36803682323042874,0.6710394259221859,45.15421761923323
Train-L,Test-4,9,C025-R075,0.5485990221187732,0.7179571818222863,23.588894155728884
Train-L,Test-4,9,C050-R050,0.620814945731846,0.7675169478720045,19.11384530946193
Train-L,Test-4,9,C075-R025,0.6513841280957107,0.8091049820318409,19.49324963245912
Train-L,Test-4,9,C100-R000,0.6881453720635337,0.8167335965567107,15.74420656078012
Train-L,Test-4,10,C000-R100,0.38347835693722443,0.7468291677511375,48.65246652163307
Train-L,Test-4,10,C025-R075,0.5761774656666779,0.7877387928598272,26.8567866798957
Train-L,Test-4,10,C050-R050,0.6670678257413959,0.820878989926782,18.737373726559287
Train-L,Test-4,10,C075-R025,0.6835240055462778,0.8316028490772213,17.806437735904524
Train-L,Test-4,10,C100-R000,0.7182237362689962,0.856770724458316,16.170835934772946
Train-L,Test-4,11,C000-R100,0.3521155307592984,0.6562967615748239,46.348123078593915
Train-L,Test-4,11,C025-R075,0.5131953135786095,0.7113901179732683,27.860213318581177
Train-L,Test-4,11,C050-R050,0.5678297323487878,0.7392444284277581,23.187823876270397
Train-L,Test-4,11,C075-R025,0.6456820918896035,0.7521152432436627,14.151175941474456
Train-L,Test-4,11,C100-R000,0.6346885285420857,0.7528108501730478,15.690836762489473
Train-L,Test-4,12,C000-R100,0.3559330000240229,0.6700972911783696,46.883384739831904
Train-L,Test-4,12,C025-R075,0.5259384002631659,0.7428762980773097,29.20242554185886
Train-L,Test-4,12,C050-R050,0.5891090644972109,0.7676815477937287,23.261270745626817
Train-L,Test-4,12,C075-R025,0.6240436082622985,0.7960640149778482,21.608866055870692
Train-L,Test-4,12,C100-R000,0.6634778482834266,0.8156985145739867,18.661388193168413
Train-L,Test-4,13,C000-R100,0.3381645256715431,0.6378613201389017,46.98463208305156
Train-L,Test-4,13,C025-R075,0.4847481377105078,0.6904891538721977,29.796415339460985
Train-L,Test-4,13,C050-R050,0.551894937056053,0.7267760406242895,24.062585142187174
Train-L,Test-4,13,C075-R025,0.6057927892690728,0.7603940825473465,20.33173282468928
Train-L,Test-4,13,C100-R000,0.6213520017056744,0.7957121812825992,21.9124683118305
Train-L,Test-4,14,C000-R100,0.3594882338464059,0.6754159688710032,46.775283615619685
Train-L,Test-4,14,C025-R075,0.5415876259648579,0.6940353766512013,21.965414993961975
Train-L,Test-4,14,C050-R050,0.6203117686369932,0.769489605227332,19.386595423373766
Train-L,Test-4,14,C075-R025,0.6582771118701395,0.7755839387815356,15.124968561841095
Train-L,Test-4,14,C100-R000,0.6504620799899943,0.7881283281835612,17.467491431357782
Train-L,Test-4,15,C000-R100,0.3490766136416182,0.7093279377809032,50.78769705114296
Train-L,Test-4,15,C025-R075,0.5286644659261304,0.7651971232276162,30.91133645455782
Train-L,Test-4,15,C050-R050,0.6249838772417691,0.7974318170626781,21.62541500489873
Train-L,Test-4,15,C075-R025,0.6493138354806728,0.8202588288673125,20.840372254535318
Train-L,Test-4,15,C100-R000,0.6525228442632139,0.826679780360756,21.06703710855749
Train-L,Test-4,16,C000-R100,0.3599871113749023,0.656963320145142,45.20438198964125
Train-L,Test-4,16,C025-R075,0.5227476768175919,0.7289907293473074,28.291587838760655
Train-L,Test-4,16,C050-R050,0.5863932628888092,0.7587887589349442,22.71982735855416
Train-L,Test-4,16,C075-R025,0.6258894118873249,0.7834475148929302,20.110868949164757
Train-L,Test-4,16,C100-R000,0.6565594899724636,0.8088677463807574,18.829809581330238
Train-L,Test-4,17,C000-R100,0.3771338602839882,0.7118873027755986,47.02337591728779
Train-L,Test-4,17,C025-R075,0.5623375797634862,0.7676753185251349,26.747992778528495
Train-L,Test-4,17,C050-R050,0.6214710398949969,0.7861809844417663,20.950639586344483
Train-L,Test-4,17,C075-R025,0.6528073239952853,0.8280787519353087,21.16603372932771
Train-L,Test-4,17,C100-R000,0.653299711024783,0.8204046654623424,20.368601188218094
Train-L,Test-4,18,C000-R100,0.3468671351453856,0.6121129962203019,43.332826244952535
Train-L,Test-4,18,C025-R075,0.5166968164360655,0.6904219292593915,25.162166127845794
Train-L,Test-4,18,C050-R050,0.5880318758419413,0.7542211802910872,22.034558136514562
Train-L,Test-4,18,C075-R025,0.6312078596448829,0.7787422059035617,18.945209998923474
Train-L,Test-4,18,C100-R000,0.654185876294036,0.8158426351577875,19.814698557950013
Train-L,Test-4,19,C000-R100,0.36284472056348566,0.6748418093117922,46.232625845527124
Train-L,Test-4,19,C025-R075,0.5256645149971727,0.729678040414413,27.95938950024766
Train-L,Test-4,19,C050-R050,0.6175979353713582,0.7833468823973989,21.159074064196602
Train-L,Test-4,19,C075-R025,0.6586862138680206,0.7844876409411096,16.036126065946867
Train-L,Test-4,19,C100-R000,0.6632487797007197,0.8053568588213053,17.645355293623552
Train-L,Test-4,20,C000-R100,0.33278918676127917,0.6503267621217454,48.8273886076091
Train-L,Test-4,20,C025-R075,0.5149657650042408,0.7483793731979048,31.189209183607343
Train-L,Test-4,20,C050-R050,0.5895973325909437,0.7540446033034963,21.80869274736577
Train-L,Test-4,20,C075-R025,0.6330233975088454,0.7687934875899551,17.6601509082403
Train-L,Test-4,20,C100-R000,0.627199729503724,0.7693607835783595,18.477813934501942
Train-L,Test-4,21,C000-R100,0.3767307884945477,0.72041046313083,47.70609148882786
Train-L,Test-4,21,C025-R075,0.5430784612190115,0.7594415870084613,28.48976530791949
Train-L,Test-4,21,C050-R050,0.6221389545614059,0.7937396313077049,21.61926530789231
Train-L,Test-4,21,C075-R025,0.6676437074043512,0.8152751497247591,18.10817395455375
Train-L,Test-4,21,C100-R000,0.688352321856161,0.8192411889713686,15.976841603820036
Train-L,Test-4,22,C000-R100,0.3854540414436209,0.7228785885167488,46.6779003325411
Train-L,Test-4,22,C025-R075,0.5452375891140614,0.7417227803123351,26.49038109838489
Train-L,Test-4,22,C050-R050,0.6417899860057797,0.7717524984598393,16.839921181132734
Train-L,Test-4,22,C075-R025,0.6839274041662645,0.803176734228594,14.847209210667907
Train-L,Test-4,22,C100-R000,0.7047384132822785,0.8093102042733719,12.921101258692486
Train-L,Test-4,23,C000-R100,0.37373497715370224,0.6772917164385605,44.81920152236129
Train-L,Test-4,23,C025-R075,0.5280776482844591,0.7350404302856323,28.156652814423914
Train-L,Test-4,23,C050-R050,0.5948481516640357,0.7895941933767459,24.664067105137548
Train-L,Test-4,23,C075-R025,0.6366433098840186,0.8053319042654433,20.946468591144214
Train-L,Test-4,23,C100-R000,0.7054209156560246,0.848510888316877,16.863657806995093
Train-L,Test-4,24,C000-R100,0.35871630885190253,0.6546363111789687,45.203725683063375
Train-L,Test-4,24,C025-R075,0.5216710037212442,0.7416038635519978,29.656379994753486
Train-L,Test-4,24,C050-R050,0.6173406853588218,0.7708257250110915,19.9117692459033
Train-L,Test-4,24,C075-R025,0.6540708635284989,0.7819227691630521,16.35096337857028
Train-L,Test-4,24,C100-R000,0.6574547252623386,0.8029038835276961,18.115388560122746
Train-L,Test-4,25,C000-R100,0.30549048015839003,0.5549298804229646,44.9497151017446
Train-L,Test-4,25,C025-R075,0.45347500404872093,0.6485703465780414,30.080829868135968
Train-L,Test-4,25,C050-R050,0.5168682647810101,0.6958453480452634,25.72081336277198
Train-L,Test-4,25,C075-R025,0.5540700427056436,0.707355738415024,21.67024134883651
Train-L,Test-4,25,C100-R000,0.5897359098687595,0.7427077140692845,20.596501329223415
Train-L,Test-4,26,C000-R100,0.39311926497921207,0.7044910074640821,44.19811455162472
Train-L,Test-4,26,C025-R075,0.5737741969126282,0.7404667476392787,22.51182126112912
Train-L,Test-4,26,C050-R050,0.6297579045398304,0.7759029688843926,18.8354820390354
Train-L,Test-4,26,C075-R025,0.6531357978548437,0.8262853133843739,20.955172834953203
Train-L,Test-4,26,C100-R000,0.6870765551770853,0.8387143601881982,18.079791191018487
Train-L,Test-4,27,C000-R100,0.40092130874733484,0.729638092039619,45.05203153160417
Train-L,Test-4,27,C025-R075,0.57653729310617,0.7757848044614025,25.68334803793462
Train-L,Test-4,27,C050-R050,0.6385564527624511,0.8117069693652516,21.33165331057867
Train-L,Test-4,27,C075-R025,0.6818095692106497,0.7838952767029573,13.022875698610836
Train-L,Test-4,27,C100-R000,0.6813680611353262,0.8020763273933579,15.049473739029
Train-L,Test-4,28,C000-R100,0.3412486904891452,0.5936310308239623,42.51501812236961
Train-L,Test-4,28,C025-R075,0.5023028300187844,0.6799855949793029,26.130371918529644
Train-L,Test-4,28,C050-R050,0.5926490356061228,0.7133950427503329,16.9255461432282
Train-L,Test-4,28,C075-R025,0.5987523871011398,0.7805718743365245,23.29311280782809
Train-L,Test-4,28,C100-R000,0.652729972755393,0.7913545583089188,17.51738005398729
Train-L,Test-4,29,C000-R100,0.38018816031540975,0.7171950327943611,46.98957146508573
Train-L,Test-4,29,C025-R075,0.5457061161323127,0.7653590846594275,28.699335113381043
Train-L,Test-4,29,C050-R050,0.6309947538080651,0.7808528791163853,19.191595410123856
Train-L,Test-4,29,C075-R025,0.6673326803605096,0.8027401819451617,16.8681604123191
Train-L,Test-4,29,C100-R000,0.6547990942698595,0.8617600214924681,24.01607432010786
Train-L,Test-4,30,C000-R100,0.3752653202453351,0.6847528404906006,45.1969677151728
Train-L,Test-4,30,C025-R075,0.5365268151097397,0.7418803152431135,27.6801386846448
Train-L,Test-4,30,C050-R050,0.5871581688922661,0.7724152602720024,23.98413145210244
Train-L,Test-4,30,C075-R025,0.6453314418024769,0.7703690238276951,16.230868344621392
Train-L,Test-4,30,C100-R000,0.6827372798038173,0.7893485206488043,13.506231791928622
Train-L,Test-4,31,C000-R100,0.3745971471744079,0.7298343192213413,48.67367328326451
Train-L,Test-4,31,C025-R075,0.5419057084048418,0.7866113370771824,31.10883572840371
Train-L,Test-4,31,C050-R050,0.6228674947423803,0.7875168896065139,20.90741126154149
Train-L,Test-4,31,C075-R025,0.6361220808748337,0.8099899630321565,21.465436621764695
Train-L,Test-4,31,C100-R000,0.6558450008176369,0.8208847298819402,20.10510404890092
Train-L,Test-4,32,C000-R100,0.3551849946668629,0.7022071717223511,49.41877426348743
Train-L,Test-4,32,C025-R075,0.5118529377891821,0.7390959479037275,30.74607711746587
Train-L,Test-4,32,C050-R050,0.601299580038876,0.7732010328197564,22.232439622329498
Train-L,Test-4,32,C075-R025,0.623208007556137,0.7453628271810366,16.38863854894526
Train-L,Test-4,32,C100-R000,0.6134024260698226,0.7572204369983743,18.992885545805784
Train-L,Test-4,33,C000-R100,0.3521850817791599,0.6705553538862956,47.478596697793414
Train-L,Test-4,33,C025-R075,0.5097075158796367,0.7190466458641991,29.11342834135112
Train-L,Test-4,33,C050-R050,0.5872840041541244,0.7755913266888546,24.279193958840356
Train-L,Test-4,33,C075-R025,0.6163754775146701,0.7895970311899311,21.93796922136526
Train-L,Test-4,33,C100-R000,0.595899669688377,0.7831803815682038,23.912845148754187
Train-L,Test-4,34,C000-R100,0.38069687783463496,0.6670893658895812,42.93165244405213
Train-L,Test-4,34,C025-R075,0.5499411171851984,0.729728723785915,24.637594867851462
Train-L,Test-4,34,C050-R050,0.6062176033317732,0.7572661317809892,19.94655803422371
Train-L,Test-4,34,C075-R025,0.6580247946167092,0.8134342361571999,19.10534799649829
Train-L,Test-4,34,C100-R000,0.6448088795839986,0.7873255716715265,18.101367111061663
Train-L,Test-4,35,C000-R100,0.38852316885126886,0.7073144577049014,45.07065922108374
Train-L,Test-4,35,C025-R075,0.5476310749906489,0.7652489254110032,28.437524470024595
Train-L,Test-4,35,C050-R050,0.5907350726688901,0.7788421638533523,24.15214531450055
Train-L,Test-4,35,C075-R025,0.6185782466130916,0.7860326847231919,21.30375000488317
Train-L,Test-4,35,C100-R000,0.630188665348493,0.7645483067801444,17.57372820528503
Train-L,Test-4,36,C000-R100,0.41449240688423766,0.7180834986476748,42.27796521367957
Train-L,Test-4,36,C025-R075,0.5617850499790661,0.742732649821438,24.362413566425815
Train-L,Test-4,36,C050-R050,0.6212763388273576,0.7754698838138453,19.8838856549976
Train-L,Test-4,36,C075-R025,0.6472393848920909,0.7795033274282921,16.96772007023516
Train-L,Test-4,36,C100-R000,0.6487110413043587,0.7959789805360358,18.50148594784531
Train-L,Test-4,37,C000-R100,0.357624604655159,0.7067378913041226,49.397844794306295
Train-L,Test-4,37,C025-R075,0.5225724229744547,0.739583172417556,29.34230490043934
Train-L,Test-4,37,C050-R050,0.6202002421014056,0.7603839477864298,18.435910712359995
Train-L,Test-4,37,C075-R025,0.6692161323473682,0.8181579871765526,18.204534718677
Train-L,Test-4,37,C100-R000,0.6695999575143459,0.8326286035763921,19.57999585430873
Train-L,Test-4,38,C000-R100,0.38061064667568756,0.694896313636391,45.2277067518242
Train-L,Test-4,38,C025-R075,0.5540855250992212,0.73347205674796,24.457173248575536
Train-L,Test-4,38,C050-R050,0.6070532210537655,0.7582423233381448,19.93941746996827
Train-L,Test-4,38,C075-R025,0.6323401642610893,0.7891940599781627,19.87519973495665
Train-L,Test-4,38,C100-R000,0.61348267686478,0.7840930335021467,21.758943052374356
Train-L,Test-4,39,C000-R100,0.3906938355148588,0.7083105899652707,44.841452175095256
Train-L,Test-4,39,C025-R075,0.5653221535076275,0.7704537697120143,26.624779353219648
Train-L,Test-4,39,C050-R050,0.6422862561802956,0.8005178467357994,19.766154021513792
Train-L,Test-4,39,C075-R025,0.6794191003016173,0.8250389043184031,17.65005301623782
Train-L,Test-4,39,C100-R000,0.6950564381165001,0.8159771581651988,14.819130515932613
Train-L,Test-4,40,C000-R100,0.35897161430190166,0.6554521607680551,45.23298025575799
Train-L,Test-4,40,C025-R075,0.5090561827407617,0.6963818372924498,26.89984783061187
Train-L,Test-4,40,C050-R050,0.6003707233408246,0.7356953114672781,18.394107726004222
Train-L,Test-4,40,C075-R025,0.6118202650601738,0.788227701465433,22.380263479358995
Train-L,Test-4,40,C100-R000,0.6453889515513619,0.8122126897778185,20.539415392794634
Train-L,Test-4,41,C000-R100,0.38849393947817795,0.6678926968626575,41.83288104465287
Train-L,Test-4,41,C025-R075,0.5670467697201255,0.7524988261729036,24.644829998733627
Train-L,Test-4,41,C050-R050,0.6233438841139772,0.7752475037998631,19.594209454571953
Train-L,Test-4,41,C075-R025,0.6218944007838781,0.8088759421690335,23.116219884566817
Train-L,Test-4,41,C100-R000,0.642851946594622,0.7933140525691741,18.96627262397225
Train-L,Test-4,42,C000-R100,0.36740132528520286,0.6690322990981828,45.08466545181171
Train-L,Test-4,42,C025-R075,0.5266369018526752,0.7425264156633212,29.074994405119636
Train-L,Test-4,42,C050-R050,0.6094356554291493,0.7527035894664639,19.0337785075353
Train-L,Test-4,42,C075-R025,0.6376714354059587,0.7965384707890797,19.944678280980146
Train-L,Test-4,42,C100-R000,0.6321263722108785,0.8072969818844103,21.698410077620352
Train-L,Test-4,43,C000-R100,0.3418100601258316,0.6597584967080744,48.191639542146966
Train-L,Test-4,43,C025-R075,0.49851530645572645,0.684437951722484,27.164280531033846
Train-L,Test-4,43,C050-R050,0.5781790290134449,0.7283671479967571,20.619837041851437
Train-L,Test-4,43,C075-R025,0.5917348097840415,0.7408445297855878,20.126992102472705
Train-L,Test-4,43,C100-R000,0.6342348752974972,0.795320156846757,20.254142958971663
Train-L,Test-4,44,C000-R100,0.39293825470529026,0.7465378669241546,47.36526141342924
Train-L,Test-4,44,C025-R075,0.548685708063534,0.7708958485516414,28.824923743667274
Train-L,Test-4,44,C050-R050,0.6307239730979596,0.8002408144598879,21.18322863553786
Train-L,Test-4,44,C075-R025,0.6535853470406249,0.8300930149963129,21.263601158777618
Train-L,Test-4,44,C100-R000,0.6588100846346042,0.8158853292852596,19.25212269575408
Train-L,Test-4,45,C000-R100,0.3689920638551299,0.7189672969179391,48.677489861232786
Train-L,Test-4,45,C025-R075,0.5594824146523579,0.7645390007566308,26.8209451579759
Train-L,Test-4,45,C050-R050,0.6320496870996951,0.7985869510011986,20.853992629445496
Train-L,Test-4,45,C075-R025,0.6800810705137662,0.8465310911662992,19.66259980164559
Train-L,Test-4,45,C100-R000,0.6991392555642434,0.8250835795926789,15.264432251895101
Train-L,Test-4,46,C000-R100,0.3531791359552594,0.6708030190316959,47.349799280111554
Train-L,Test-4,46,C025-R075,0.5176102471357723,0.7356150818155528,29.63572119018119
Train-L,Test-4,46,C050-R050,0.5757238851003469,0.7595323805231405,24.20021846813068
Train-L,Test-4,46,C075-R025,0.625120751786297,0.7824930260626327,20.11165199365486
Train-L,Test-4,46,C100-R000,0.6373626459451781,0.7875483842370733,19.0700331938825
Train-L,Test-4,47,C000-R100,0.34562196610881885,0.6689265987731451,48.33185483389178
Train-L,Test-4,47,C025-R075,0.5226697833574473,0.728138575514913,28.218363793205942
Train-L,Test-4,47,C050-R050,0.6014396057725956,0.775365470381435,22.4314689333893
Train-L,Test-4,47,C075-R025,0.6440557619234938,0.7801250017152404,17.441979104960705
Train-L,Test-4,47,C100-R000,0.6441375656055084,0.8066368774065191,20.1452867272167
Train-L,Test-4,48,C000-R100,0.40015019953844994,0.7103913806494885,43.671867306074965
Train-L,Test-4,48,C025-R075,0.5726871166915615,0.7874157694759022,27.270047300076612
Train-L,Test-4,48,C050-R050,0.6344600390105503,0.845901282504908,24.995971500153267
Train-L,Test-4,48,C075-R025,0.6707792189953841,0.8170126216704392,17.898548785705508
Train-L,Test-4,48,C100-R000,0.6642299130493158,0.8210135733081173,19.096354232862648
Train-L,Test-4,49,C000-R100,0.3560725556458575,0.6844274136705977,47.97511780888007
Train-L,Test-4,49,C025-R075,0.5317164022135555,0.7398007801207006,28.127082790206774
Train-L,Test-4,49,C050-R050,0.6031118027669288,0.7470102469802463,19.263249037750178
Train-L,Test-4,49,C075-R025,0.6046353772876643,0.7974359146950314,24.177558830053584
Train-L,Test-4,49,C100-R000,0.638812815044263,0.7840509445274794,18.52406791892157
Train-S,Test-1,0,C000-R100,0.44786602062398817,0.8401780755628229,46.6939172003543
Train-S,Test-1,0,C025-R075,0.8748548477689564,0.8748548477689564,0.0
Train-S,Test-1,0,C050-R050,0.909215549479024,0.909215549479024,0.0
Train-S,Test-1,0,C075-R025,0.9435762511890915,0.9435762511890915,0.0
Train-S,Test-1,0,C100-R000,0.9779369528991592,0.9779369528991592,0.0
Train-S,Test-1,1,C000-R100,0.1520290935622962,0.5410798437158976,71.90265072189209
Train-S,Test-1,1,C025-R075,0.4039076307532743,0.6073536457563554,33.49712583839417
Train-S,Test-1,1,C050-R050,0.5582348189435673,0.634190089661355,11.976735675315638
Train-S,Test-1,1,C075-R025,0.6349905396862568,0.6718627187413428,5.488052548020787
Train-S,Test-1,1,C100-R000,0.6621958048114773,0.696362640267008,4.9064716398958454
Train-S,Test-1,2,C000-R100,0.22174902031731794,0.757350027715832,70.7204050700159
Train-S,Test-1,2,C025-R075,0.5784673244255787,0.786257827727166,26.42778182600063
Train-S,Test-1,2,C050-R050,0.7967960532711924,0.8066597399570097,1.22278157657192
Train-S,Test-1,2,C075-R025,0.8031800591973374,0.8031800591973374,0.0
Train-S,Test-1,2,C100-R000,0.7997003784376648,0.8024026247557199,0.3367693767050808
Train-S,Test-1,3,C000-R100,0.41490606215254106,0.8772303650136956,52.702724540769466
Train-S,Test-1,3,C025-R075,0.6879142289974393,0.8987073053022603,23.455142187135717
Train-S,Test-1,3,C050-R050,0.8348749344668338,0.8805801199287959,5.190349455726738
Train-S,Test-1,3,C075-R025,0.8221229769806846,0.8276141761145187,0.6634974716859229
Train-S,Test-1,3,C100-R000,0.8051635273045821,0.7746360171973529,-3.940884419198359
Train-S,Test-1,4,C000-R100,0.23406285374559496,0.793325228706006,70.49597752899209
Train-S,Test-1,4,C025-R075,0.6440854097473208,0.8090138252251654,20.38635315434092
Train-S,Test-1,4,C050-R050,0.7854933074932225,0.8558225272325101,8.217734109747319
Train-S,Test-1,4,C075-R025,0.840676409114199,0.8907222805278622,5.618571861029995
Train-S,Test-1,4,C100-R000,0.8790770750200808,0.8843156201407835,0.5923840992279062
Train-S,Test-1,5,C000-R100,0.12829693862485508,0.6213196295549612,79.35089565466463
Train-S,Test-1,5,C025-R075,0.531096184552362,0.7046088897510826,24.62539257204341
Train-S,Test-1,5,C050-R050,0.7742125827575196,0.7742125827575196,0.0
Train-S,Test-1,5,C075-R025,0.8386878067899609,0.8386878067899609,0.0
Train-S,Test-1,5,C100-R000,0.8633501713932511,0.8633501713932511,0.0
Train-S,Test-1,6,C000-R100,0.13602088336361523,0.5694536810587912,76.11379329207072
Train-S,Test-1,6,C025-R075,0.48977663543259387,0.6228088308454137,21.360036792066545
Train-S,Test-1,6,C050-R050,0.6520016088921694,0.662418058073138,1.572488710719679
Train-S,Test-1,6,C075-R025,0.697657008122866,0.699062652143553,0.20107554256787005
Train-S,Test-1,6,C100-R000,0.7349799890201418,0.7422429495771959,0.9785152639295951
Train-S,Test-1,7,C000-R100,0.28339149057276053,0.8821536149729529,67.8750406094012
Train-S,Test-1,7,C025-R075,0.621785631776382,0.8963012745082669,30.627608209359174
Train-S,Test-1,7,C050-R050,0.8529757726669205,0.9246223544045754,7.748739947326152
Train-S,Test-1,7,C075-R025,0.8943129701719954,0.9188823427864671,2.6738322710572735
Train-S,Test-1,7,C100-R000,0.8588747291070767,0.8588747291070767,0.0
Train-S,Test-1,8,C000-R100,0.23504007659248471,0.8028896532452743,70.72573103384077
Train-S,Test-1,8,C025-R075,0.580473003086509,0.8500602507780702,31.713898802444284
Train-S,Test-1,8,C050-R050,0.8526651339451162,0.8972308483108661,4.967028769647145
Train-S,Test-1,8,C075-R025,0.8526155818504196,0.9444014458436621,9.718945729826519
Train-S,Test-1,8,C100-R000,0.8423473772117892,0.9776276420162214,13.8376063636494
Train-S,Test-1,9,C000-R100,0.2995074523430137,0.7399424146311229,59.52287010167885
Train-S,Test-1,9,C025-R075,0.5914029510101956,0.760867398116384,22.272533627504277
Train-S,Test-1,9,C050-R050,0.7323088802404767,0.75240132032642,2.670441896251125
Train-S,Test-1,9,C075-R025,0.7069278979610635,0.7069278979610635,0.0
Train-S,Test-1,9,C100-R000,0.6666289783468392,0.6666289783468392,0.0
Train-S,Test-1,10,C000-R100,0.29713392218529605,0.6307760454219464,52.89391150126293
Train-S,Test-1,10,C025-R075,0.5624841196199628,0.7062235767698187,20.353250992738424
Train-S,Test-1,10,C050-R050,0.6422137938288615,0.750231470905776,14.397913346197235
Train-S,Test-1,10,C075-R025,0.6636915129675267,0.6983218929280346,4.959085532218408
Train-S,Test-1,10,C100-R000,0.661980289082523,0.6881430276153843,3.801933243954054
Train-S,Test-1,11,C000-R100,0.3227440436198544,0.6393703169696945,49.52157848842517
Train-S,Test-1,11,C025-R075,0.5722020142431483,0.6942512914423662,17.579985619565807
Train-S,Test-1,11,C050-R050,0.5947214212389484,0.7404271052060382,19.67859941142272
Train-S,Test-1,11,C075-R025,0.6516029806959739,0.794706937070607,18.007135674709584
Train-S,Test-1,11,C100-R000,0.7016362812932958,0.824011378378385,14.851141658494758
Train-S,Test-1,12,C000-R100,0.17784489154693192,0.4454882429214493,60.07865653633188
Train-S,Test-1,12,C025-R075,0.40472681518796777,0.497759790404656,18.690335581557658
Train-S,Test-1,12,C050-R050,0.5138560179409656,0.5779724568910393,11.093338131536788
Train-S,Test-1,12,C075-R025,0.5653547778254308,0.5940046681803745,4.823175959661636
Train-S,Test-1,12,C100-R000,0.6059890197313916,0.6449198511193105,6.036537923332839
Train-S,Test-1,13,C000-R100,0.32376704116597765,0.7619786290186318,57.50969530694528
Train-S,Test-1,13,C025-R075,0.6795520050351537,0.7813672972947888,13.030401017822863
Train-S,Test-1,13,C050-R050,0.7955825339883239,0.7955825339883239,0.0
Train-S,Test-1,13,C075-R025,0.8284558021867602,0.809797770681859,-2.30403591864558
Train-S,Test-1,13,C100-R000,0.8226122732055036,0.8226122732055036,0.0
Train-S,Test-1,14,C000-R100,0.2573769798879217,0.9996175710365994,74.25245540441804
Train-S,Test-1,14,C025-R075,0.7091969243853425,1.0,29.080307561465744
Train-S,Test-1,14,C050-R050,0.954031894347426,1.0,4.596810565257403
Train-S,Test-1,14,C075-R025,1.0,1.0,0.0
Train-S,Test-1,14,C100-R000,1.0,1.0,0.0
Train-S,Test-1,15,C000-R100,0.18179358982111415,0.7428687690753201,75.52816898637424
Train-S,Test-1,15,C025-R075,0.47188580222848114,0.7457204447365638,36.72081735734342
Train-S,Test-1,15,C050-R050,0.6149610406070596,0.762911197861245,19.392841220439642
Train-S,Test-1,15,C075-R025,0.6355218170235143,0.7643247922337458,16.851864092201396
Train-S,Test-1,15,C100-R000,0.6137233772074461,0.7094821928652819,13.497000576026966
Train-S,Test-1,16,C000-R100,0.17772303268942768,0.6131102779643656,71.01287662645298
Train-S,Test-1,16,C025-R075,0.49395331649572755,0.6330743763413917,21.975468451220614
Train-S,Test-1,16,C050-R050,0.6225799379136423,0.6564962247517561,5.166257711678187
Train-S,Test-1,16,C075-R025,0.6314973290676927,0.6799180731621202,7.121555670558259
Train-S,Test-1,16,C100-R000,0.6391924988971268,0.7021177002478683,8.96220125607531
Train-S,Test-1,17,C000-R100,0.16677684629590908,0.45009415926269974,62.94623183533271
Train-S,Test-1,17,C025-R075,0.546817760144234,0.5843571501975376,6.424049066673305
Train-S,Test-1,17,C050-R050,0.6578114444148926,0.701077291749594,6.171337717518713
Train-S,Test-1,17,C075-R025,0.7228084024273184,0.7619886821452352,5.141845362796222
Train-S,Test-1,17,C100-R000,0.7878053604397444,0.8025028697187034,1.8314587814634118
Train-S,Test-1,18,C000-R100,0.09175149693325994,0.5675817687613454,83.83466453943849
Train-S,Test-1,18,C025-R075,0.549860735866185,0.6421428838009943,14.370967936072047
Train-S,Test-1,18,C050-R050,0.6850986567470546,0.7102954936225587,3.547373888999128
Train-S,Test-1,18,C075-R025,0.5610272029151449,0.7290471236768851,23.0465103427535
Train-S,Test-1,18,C100-R000,0.569839365658194,0.7365948424414559,22.638697310253768
Train-S,Test-1,19,C000-R100,0.46775970301196884,0.857300492444438,45.43806901612336
Train-S,Test-1,19,C025-R075,0.802695518871604,0.8946023683860719,10.2734860494808
Train-S,Test-1,19,C050-R050,0.928676520012265,0.9319042443277059,0.34635793699700146
Train-S,Test-1,19,C075-R025,0.9655387131211418,0.9655387131211417,-1.1498482759291101e-14
Train-S,Test-1,19,C100-R000,0.9982374176928616,0.9982374176928616,0.0
Train-S,Test-1,20,C000-R100,0.25148204586946016,0.5991103626890109,58.024086790833785
Train-S,Test-1,20,C025-R075,0.6703565232525287,0.6993327720167581,4.143413539832662
Train-S,Test-1,20,C050-R050,0.7995551813445054,0.7995551813445054,0.0
Train-S,Test-1,20,C075-R025,0.8997775906722527,0.8997775906722527,0.0
Train-S,Test-1,20,C100-R000,1.0,1.0,0.0
Train-S,Test-1,21,C000-R100,0.13591220454006744,0.6519972535577564,79.15448204751866
Train-S,Test-1,21,C025-R075,0.4420512541968374,0.688170342842815,35.764268426515684
Train-S,Test-1,21,C050-R050,0.660792411385742,0.726019663909604,8.98422670435872
Train-S,Test-1,21,C075-R025,0.7118190450166996,0.7118190450166996,0.0
Train-S,Test-1,21,C100-R000,0.6877361892970703,0.6877361892970703,0.0
Train-S,Test-1,22,C000-R100,0.17349965236442724,0.5335571270255423,67.4824599698166
Train-S,Test-1,22,C025-R075,0.5488277590575664,0.6817324360078109,19.495137671390143
Train-S,Test-1,22,C050-R050,0.7689685632441718,0.8002675161096332,3.9110612683138744
Train-S,Test-1,22,C075-R025,0.8594087749504512,0.8594087749504512,0.0
Train-S,Test-1,22,C100-R000,0.9185500337912694,0.9185500337912694,0.0
Train-S,Test-1,23,C000-R100,0.16109934020896094,0.6269428321994427,74.30398244704517
Train-S,Test-1,23,C025-R075,0.39955223480132923,0.7052463559622021,43.34572147399463
Train-S,Test-1,23,C050-R050,0.5996015489167394,0.7497914421038055,20.030889225096402
Train-S,Test-1,23,C075-R025,0.6355700461876047,0.7919852434519895,19.749761571645593
Train-S,Test-1,23,C100-R000,0.6413493287298453,0.8270434582883466,22.452765655485
Train-S,Test-1,24,C000-R100,0.13951789863424233,0.7302104144207854,80.89346633806774
Train-S,Test-1,24,C025-R075,0.37071616925209766,0.7721454635520494,51.988817295290865
Train-S,Test-1,24,C050-R050,0.5443802201671125,0.7943904270384502,31.47195615176222
Train-S,Test-1,24,C075-R025,0.5477246273689934,0.791583936760411,30.806500494365967
Train-S,Test-1,24,C100-R000,0.5504732355619886,0.7887774464823719,30.21184390896617
Train-S,Test-1,25,C000-R100,0.3047731573207037,0.6381352963473985,52.2400407773736
Train-S,Test-1,25,C025-R075,0.6791133397770684,0.7332241846251185,7.379849980768946
Train-S,Test-1,25,C050-R050,0.8283130729028385,0.8283130729028385,0.0
Train-S,Test-1,25,C075-R025,0.9234019611805584,0.9234019611805584,0.0
Train-S,Test-1,25,C100-R000,0.9998242120952575,0.9998242120952575,0.0
Train-S,Test-1,26,C000-R100,0.24457037999959452,0.686583006611336,64.3786144363398
Train-S,Test-1,26,C025-R075,0.6141748007385518,0.76575071336439,19.794420035193536
Train-S,Test-1,26,C050-R050,0.8168760142920185,0.8168760142920185,0.0
Train-S,Test-1,26,C075-R025,0.8657142834362217,0.8742985231340891,0.9818430971489613
Train-S,Test-1,26,C100-R000,0.9010768916207029,0.9093812687899813,0.9131898197472343
Train-S,Test-1,27,C000-R100,0.29901897732877614,0.6947471443062971,56.96002786346885
Train-S,Test-1,27,C025-R075,0.7192754894481518,0.759665233348533,5.31678193595184
Train-S,Test-1,27,C050-R050,0.8458212621044673,0.8458212621044673,0.0
Train-S,Test-1,27,C075-R025,0.9253548343947052,0.9275623198832706,0.23798783556054984
Train-S,Test-1,27,C100-R000,0.9429445087611242,0.956885071395825,1.456869069382119
Train-S,Test-1,28,C000-R100,0.2112850368039182,0.6085956486394601,65.2831831321413
Train-S,Test-1,28,C025-R075,0.5223450590655709,0.6698157387402569,22.01660414131782
Train-S,Test-1,28,C050-R050,0.6643342377354755,0.6858778644038264,3.1410295894410947
Train-S,Test-1,28,C075-R025,0.6835715212487549,0.7202870121907036,5.097341798553476
Train-S,Test-1,28,C100-R000,0.6900870470089423,0.6900870470089423,0.0
Train-S,Test-1,29,C000-R100,0.32412172284627455,0.6304697425819763,48.590439642846
Train-S,Test-1,29,C025-R075,0.5766605990164124,0.701902172614155,17.84316653862098
Train-S,Test-1,29,C050-R050,0.6621695247515141,0.7501148578926898,11.724248922124005
Train-S,Test-1,29,C075-R025,0.7136844866012314,0.7983275431712252,10.602547449855377
Train-S,Test-1,29,C100-R000,0.7402505997416019,0.8311365875537987,10.935144616806301
Train-S,Test-1,30,C000-R100,0.22391675474781192,0.6300720478020342,64.46172219051279
Train-S,Test-1,30,C025-R075,0.6042651407425901,0.7315715325572474,17.40176949882823
Train-S,Test-1,30,C050-R050,0.7647402965998285,0.7621703658822909,-0.3371858619250523
Train-S,Test-1,30,C075-R025,0.8224649772091119,0.8224649772091119,0.0
Train-S,Test-1,30,C100-R000,0.874856123829434,0.874856123829434,0.0
Train-S,Test-1,31,C000-R100,0.23773377882521993,0.7592623540004116,68.68884943753038
Train-S,Test-1,31,C025-R075,0.5956631023075752,0.8175253284644519,27.1382694128386
Train-S,Test-1,31,C050-R050,0.830163430111233,0.8462385779281708,1.8995999752568986
Train-S,Test-1,31,C075-R025,0.8387831513007254,0.8387831513007254,0.0
Train-S,Test-1,31,C100-R000,0.8327600041966736,0.8327600041966736,0.0
Train-S,Test-1,32,C000-R100,0.2859131596600728,0.6684996810947063,57.23062138311364
Train-S,Test-1,32,C025-R075,0.6512174277808291,0.7660315625726274,14.988172864079964
Train-S,Test-1,32,C050-R050,0.8001176617487396,0.8409039426922051,4.850290130985215
Train-S,Test-1,32,C075-R025,0.8548004980144044,0.86512119899588,1.1929774687586623
Train-S,Test-1,32,C100-R000,0.8985221676961811,0.8985221676961811,0.0
Train-S,Test-1,33,C000-R100,0.15167313349927375,0.7061549049881127,78.52126602422638
Train-S,Test-1,33,C025-R075,0.534070911504095,0.7771650945625826,31.279606451613738
Train-S,Test-1,33,C050-R050,0.766091286993467,0.828271034948485,7.507174020504694
Train-S,Test-1,33,C075-R025,0.7806909574262776,0.8476475452278708,7.899107144065807
Train-S,Test-1,33,C100-R000,0.7875007379826001,0.7875007379826001,0.0
Train-S,Test-1,34,C000-R100,0.21845496551776278,0.640052232447588,65.86919716186578
Train-S,Test-1,34,C025-R075,0.5627445898514261,0.6671860378868827,15.654021832687699
Train-S,Test-1,34,C050-R050,0.6652934870148464,0.6801807961525355,2.188728235477926
Train-S,Test-1,34,C075-R025,0.6554168863906988,0.6823723898601367,3.9502629165524756
Train-S,Test-1,34,C100-R000,0.6374778009676826,0.6845639835677382,6.878273431017624
Train-S,Test-1,35,C000-R100,0.1257277842527232,0.7543893209321081,83.33383297401711
Train-S,Test-1,35,C025-R075,0.5188715233719342,0.7942228710473168,34.66927958298222
Train-S,Test-1,35,C050-R050,0.7861014916506067,0.820574217844769,4.2010491488149135
Train-S,Test-1,35,C075-R025,0.8232589333902677,0.8309870196908218,0.9299888105868882
Train-S,Test-1,35,C100-R000,0.8250747364339907,0.8413998215368745,1.9402292091130942
Train-S,Test-1,36,C000-R100,0.14950564920986084,0.8087291951672401,81.51350908273515
Train-S,Test-1,36,C025-R075,0.5336869632157881,0.8505269340295137,37.25219721292578
Train-S,Test-1,36,C050-R050,0.8599248116925424,0.8784509997751323,2.108960896775375
Train-S,Test-1,36,C075-R025,0.89363908683923,0.89363908683923,0.0
Train-S,Test-1,36,C100-R000,0.8868776354358926,0.8868776354358926,0.0
Train-S,Test-1,37,C000-R100,0.31709179212365685,0.6816323744053586,53.48052644942505
Train-S,Test-1,37,C025-R075,0.7214685454001463,0.7519532692292484,4.054071586170373
Train-S,Test-1,37,C050-R050,0.8076102718109195,0.8076102718109195,0.0
Train-S,Test-1,37,C075-R025,0.8629709498740444,0.8629709498740444,0.0
Train-S,Test-1,37,C100-R000,0.9183316279371695,0.9183316279371695,0.0
Train-S,Test-1,38,C000-R100,0.30584372216851285,0.9854003797976069,68.96249195364318
Train-S,Test-1,38,C025-R075,0.7994467752887146,1.0,20.055322471128544
Train-S,Test-1,38,C050-R050,0.9667924450529192,1.0,3.320755494708083
Train-S,Test-1,38,C075-R025,0.9694594395840044,1.0,3.054056041599562
Train-S,Test-1,38,C100-R000,0.9907088113716965,1.0,0.9291188628303471
Train-S,Test-1,39,C000-R100,0.20155998745045364,0.7774120931207046,74.07295445568036
Train-S,Test-1,39,C025-R075,0.5813038501367395,0.832811015386845,30.199788499829
Train-S,Test-1,39,C050-R050,0.8337550192624232,0.8669290783450627,3.8266174144219045
Train-S,Test-1,39,C075-R025,0.9010471413032807,0.9010471413032807,0.0
Train-S,Test-1,39,C100-R000,0.9128715288365283,0.9351652042614983,2.3839290986639434
Train-S,Test-1,40,C000-R100,0.23008625324891116,0.42729442124805117,46.1527598284878
Train-S,Test-1,40,C025-R075,0.4936555239091451,0.5461599139954937,9.613373069115763
Train-S,Test-1,40,C050-R050,0.6587646765622599,0.6526764289948837,-0.9328125387877266
Train-S,Test-1,40,C075-R025,0.7091645401376844,0.7868057419015452,9.86789974056598
Train-S,Test-1,40,C100-R000,0.8734083761978245,0.8734083761978247,2.54227702614497e-14
Train-S,Test-1,41,C000-R100,0.20485891902061285,0.6821037937628235,69.96660612448595
Train-S,Test-1,41,C025-R075,0.5568184726033183,0.7591146152184539,26.648959005606805
Train-S,Test-1,41,C050-R050,0.7166147464578329,0.7774675811211362,7.8270575057999725
Train-S,Test-1,41,C075-R025,0.7652777992301347,0.7652777992301347,0.0
Train-S,Test-1,41,C100-R000,0.7530880173391331,0.7530880173391331,0.0
Train-S,Test-1,42,C000-R100,0.1270497722056381,0.6395473799647888,80.13442378379645
Train-S,Test-1,42,C025-R075,0.43620445070211034,0.686671406467091,36.47551848032053
Train-S,Test-1,42,C050-R050,0.6362230843573935,0.757138149426309,15.970013551758555
Train-S,Test-1,42,C075-R025,0.7383397709189129,0.7796737794882448,5.301449100476655
Train-S,Test-1,42,C100-R000,0.7965507700149376,0.7965507700149376,0.0
Train-S,Test-1,43,C000-R100,0.1595234220066386,0.7430029146477118,78.52990629487971
Train-S,Test-1,43,C025-R075,0.571837609177212,0.8242130208630402,30.620168002388965
Train-S,Test-1,43,C050-R050,0.7568644988473401,0.8666787426523826,12.670697733853167
Train-S,Test-1,43,C075-R025,0.8909744771219686,0.8909744771219685,-1.246077248151267e-14
Train-S,Test-1,43,C100-R000,0.9207585844806839,0.9207585844806837,-2.411539883174334e-14
Train-S,Test-1,44,C000-R100,0.12826658411389483,0.587693698740218,78.17458577676646
Train-S,Test-1,44,C025-R075,0.4559656106453724,0.6465465126412915,29.476750437853603
Train-S,Test-1,44,C050-R050,0.6138314603386671,0.7128976630390739,13.896272611988767
Train-S,Test-1,44,C075-R025,0.685852293020174,0.7469972281580137,8.185429989963176
Train-S,Test-1,44,C100-R000,0.7169750861636275,0.7771681107180669,7.745174271088387
Train-S,Test-1,45,C000-R100,0.12440023317320521,0.7221139060091498,82.77276865353303
Train-S,Test-1,45,C025-R075,0.4556676649927116,0.7727914942610686,41.03614385295298
Train-S,Test-1,45,C050-R050,0.6971250534474832,0.7950585098525798,12.31776720725314
Train-S,Test-1,45,C075-R025,0.6536635931531315,0.8379501475591294,21.992543941045597
Train-S,Test-1,45,C100-R000,0.6249076103764694,0.8495142778844157,26.439422309333587
Train-S,Test-1,46,C000-R100,0.2161460540821237,0.6423464406316359,66.350548487576
Train-S,Test-1,46,C025-R075,0.5798235157996691,0.7045772700332779,17.70618490541379
Train-S,Test-1,46,C050-R050,0.7156739300040398,0.7233620316616699,1.0628290290505584
Train-S,Test-1,46,C075-R025,0.7250065694180723,0.7250065694180723,0.0
Train-S,Test-1,46,C100-R000,0.7266511071744747,0.7266511071744747,0.0
Train-S,Test-1,47,C000-R100,0.1406863521145417,0.7482046610886036,81.19680891724872
Train-S,Test-1,47,C025-R075,0.5636004425049851,0.8142423195629834,30.78222183201209
Train-S,Test-1,47,C050-R050,0.7951572619945814,0.8710411796690861,8.711863393569235
Train-S,Test-1,47,C075-R025,0.8252649176167712,0.9253137271342036,10.81242032659499
Train-S,Test-1,47,C100-R000,0.843393748552206,0.977265914434072,13.698642703546094
Train-S,Test-1,48,C000-R100,0.4346163574296404,0.7956999195051523,45.37936390644235
Train-S,Test-1,48,C025-R075,0.7592475275886051,0.8459919575089175,10.253576189511001
Train-S,Test-1,48,C050-R050,0.8754475687065403,0.8962839955126828,2.324757209819849
Train-S,Test-1,48,C075-R025,0.9357165389781192,0.9357165389781192,0.0
Train-S,Test-1,48,C100-R000,0.9708333519238308,0.9708333519238308,0.0
Train-S,Test-1,49,C000-R100,0.2462460063146432,0.7322916908319725,66.3732349557486
Train-S,Test-1,49,C025-R075,0.6506728663188803,0.7841349466537798,17.020294900059742
Train-S,Test-1,49,C050-R050,0.7561573770231792,0.8427419463484934,10.274149720501688
Train-S,Test-1,49,C075-R025,0.870496516812091,0.8727355584263092,0.25655441589381983
Train-S,Test-1,49,C100-R000,0.866415061069478,0.866415061069478,0.0
Train-S,Test-2,0,C000-R100,0.22663120085654942,0.8187428790782487,72.31961258561495
Train-S,Test-2,0,C025-R075,0.5720583692463567,0.8397509477314746,31.877615524968416
Train-S,Test-2,0,C050-R050,0.663694447008646,0.810426493536259,18.10553427089413
Train-S,Test-2,0,C075-R025,0.6133839846292487,0.7972249821374305,23.060114977241167
Train-S,Test-2,0,C100-R000,0.5717982975743827,0.7604475934095576,24.807665573552967
Train-S,Test-2,1,C000-R100,0.2069230232135262,0.672472044920156,69.22949812165135
Train-S,Test-2,1,C025-R075,0.6100489380371045,0.728716849287182,16.284502185746952
Train-S,Test-2,1,C050-R050,0.6776430910538255,0.7635704507265095,11.253363666826983
Train-S,Test-2,1,C075-R025,0.6906069976845058,0.7357284985480689,6.132901056926371
Train-S,Test-2,1,C100-R000,0.7007201646136304,0.7179028096759802,2.393450036796073
Train-S,Test-2,2,C000-R100,0.09917519802969266,0.8211696678024062,87.92269102010272
Train-S,Test-2,2,C025-R075,0.5205998857379612,0.8408352227269335,38.0853856181725
Train-S,Test-2,2,C050-R050,0.6740653319857973,0.8432708753344468,20.065384480584775
Train-S,Test-2,2,C075-R025,0.6807780356812513,0.849517978103744,19.863021945591598
Train-S,Test-2,2,C100-R000,0.6163008279472626,0.8178001940432026,24.63919274703611
Train-S,Test-2,3,C000-R100,0.15447907809117986,0.7490951056306963,79.37790850186944
Train-S,Test-2,3,C025-R075,0.6553803815848929,0.811703098850343,19.25860791795153
Train-S,Test-2,3,C050-R050,0.7834719444110293,0.8037043401659846,2.5173928699671815
Train-S,Test-2,3,C075-R025,0.7753097191120336,0.7848224534215155,1.212087430476803
Train-S,Test-2,3,C100-R000,0.7626328760090278,0.7683888814606282,0.7491005648934954
Train-S,Test-2,4,C000-R100,0.18196425298613858,0.7197683143647869,74.71905204013788
Train-S,Test-2,4,C025-R075,0.6088146415411179,0.7899675557478738,22.931690407874516
Train-S,Test-2,4,C050-R050,0.7591066744994092,0.8315353386149642,8.710232837030702
Train-S,Test-2,4,C075-R025,0.7673175931002243,0.8432464591235771,9.004350412840036
Train-S,Test-2,4,C100-R000,0.7542679727210073,0.82956181960583,9.076339472879654
Train-S,Test-2,5,C000-R100,0.1228837686454524,0.6877315673409033,82.13201567574114
Train-S,Test-2,5,C025-R075,0.5305024367011857,0.7280961865412777,27.138412958696346
Train-S,Test-2,5,C050-R050,0.63166689130827,0.7557911135788303,16.423085696629315
Train-S,Test-2,5,C075-R025,0.6091526204643257,0.7780384421925591,21.706616610395628
Train-S,Test-2,5,C100-R000,0.5763695343655065,0.7426291692222167,22.387975283928057
Train-S,Test-2,6,C000-R100,0.20491796958434758,0.5855750691798699,65.00568750794898
Train-S,Test-2,6,C025-R075,0.5893263691244301,0.6411375649110831,8.08113556625534
Train-S,Test-2,6,C050-R050,0.6419178363018065,0.6829788079065079,6.012041827558745
Train-S,Test-2,6,C075-R025,0.6772395135446375,0.6612735562254515,-2.4144254928806927
Train-S,Test-2,6,C100-R000,0.6787620818311778,0.6580219220805955,-3.151894952831376
Train-S,Test-2,7,C000-R100,0.19145467069692568,0.8314713962298351,76.97399194187025
Train-S,Test-2,7,C025-R075,0.553546027381422,0.7876408477730706,29.721010667935083
Train-S,Test-2,7,C050-R050,0.7001418676457253,0.7742400523866694,9.570440655004777
Train-S,Test-2,7,C075-R025,0.6784809108594535,0.7449866599037299,8.927106030713428
Train-S,Test-2,7,C100-R000,0.6233014406745251,0.6845388702227474,8.945792885113418
Train-S,Test-2,8,C000-R100,0.15763777225819597,0.6201280359591629,74.57980237671808
Train-S,Test-2,8,C025-R075,0.5996464056334105,0.6644425115054692,9.75195065789003
Train-S,Test-2,8,C050-R050,0.6538256492076521,0.7229557079373427,9.56214301522355
Train-S,Test-2,8,C075-R025,0.6854112272165359,0.7956129177959307,13.85116909422287
Train-S,Test-2,8,C100-R000,0.7080248065671797,0.8137677221289427,12.99423812056874
Train-S,Test-2,9,C000-R100,0.16147542531098888,0.6087791690489286,73.47553373692868
Train-S,Test-2,9,C025-R075,0.5674082398351986,0.6773114236199215,16.22638862302666
Train-S,Test-2,9,C050-R050,0.690532999845852,0.7390198372165013,6.560965609972485
Train-S,Test-2,9,C075-R025,0.7418707418412153,0.7352517592910907,-0.9002334868952163
Train-S,Test-2,9,C100-R000,0.7277095348661008,0.7390901568885329,1.5398151249020693
Train-S,Test-2,10,C000-R100,0.12800557560253892,0.859194706704021,85.10168014260884
Train-S,Test-2,10,C025-R075,0.5689000438771795,0.863142153468326,34.089646578933305
Train-S,Test-2,10,C050-R050,0.7870187217594699,0.849169704714459,7.3190297074820805
Train-S,Test-2,10,C075-R025,0.8004346508674857,0.842021231080348,4.93889924360993
Train-S,Test-2,10,C100-R000,0.7679004124905497,0.8091206218864345,5.094445535176375
Train-S,Test-2,11,C000-R100,0.2639006041291673,0.7264300382887399,63.67157328036143
Train-S,Test-2,11,C025-R075,0.5984386485132347,0.7286964662461296,17.875456210720543
Train-S,Test-2,11,C050-R050,0.6939220771969413,0.7585446006756428,8.519278025463706
Train-S,Test-2,11,C075-R025,0.7164278994251699,0.7460754295040039,3.9737979440689797
Train-S,Test-2,11,C100-R000,0.7168262506303235,0.7139852090693738,-0.3979132235320041
Train-S,Test-2,12,C000-R100,0.16643689888624835,0.6383353144746754,73.92641530051971
Train-S,Test-2,12,C025-R075,0.5604454838045109,0.6845874667582986,18.13383811153199
Train-S,Test-2,12,C050-R050,0.6575196284769013,0.689188448936477,4.595088688506834
Train-S,Test-2,12,C075-R025,0.684050884691341,0.7206127379214259,5.07371731112412
Train-S,Test-2,12,C100-R000,0.67852720370523,0.6981024441274868,2.8040641580509877
Train-S,Test-2,13,C000-R100,0.13607833820710413,0.4472657697217442,69.57550802696973
Train-S,Test-2,13,C025-R075,0.441789303159237,0.4847555407328343,8.863485605268718
Train-S,Test-2,13,C050-R050,0.4995426847893725,0.5190540081283938,3.759016024050214
Train-S,Test-2,13,C075-R025,0.5284324961792431,0.5788838066244018,8.715274096083503
Train-S,Test-2,13,C100-R000,0.563201044862653,0.6092056488667841,7.551572131628574
Train-S,Test-2,14,C000-R100,0.17983919885510102,0.6585439557327547,72.69139025731458
Train-S,Test-2,14,C025-R075,0.4784886163970554,0.641635891324392,25.426768847139535
Train-S,Test-2,14,C050-R050,0.5656349198608787,0.6508732924095707,13.096000948684598
Train-S,Test-2,14,C075-R025,0.5354892595346606,0.5968426416487485,10.279657958855303
Train-S,Test-2,14,C100-R000,0.5145977466203365,0.5951815602160759,13.539366637381054
Train-S,Test-2,15,C000-R100,0.2093669996881792,0.6900316306170627,69.65834747300612
Train-S,Test-2,15,C025-R075,0.6067367631452462,0.7180236673253738,15.499057934213994
Train-S,Test-2,15,C050-R050,0.6567053328903791,0.7403656978875327,11.299870487768361
Train-S,Test-2,15,C075-R025,0.6721266764715822,0.7133854452321158,5.783517036447123
Train-S,Test-2,15,C100-R000,0.6438591764900771,0.6884635810297947,6.478832834265382
Train-S,Test-2,16,C000-R100,0.15970700438626817,0.5508506336847158,71.00720329248493
Train-S,Test-2,16,C025-R075,0.5236844677244593,0.5840713911758548,10.338962730193705
Train-S,Test-2,16,C050-R050,0.5995292827246171,0.6357757902149395,5.7011462292498285
Train-S,Test-2,16,C075-R025,0.6468570388370697,0.6504080196221392,0.545962023520639
Train-S,Test-2,16,C100-R000,0.6363018347051556,0.639455877873261,0.49323859194090314
Train-S,Test-2,17,C000-R100,0.24067469707094538,0.6120643104959614,60.678201139366486
Train-S,Test-2,17,C025-R075,0.5889190133132347,0.6910718791823386,14.781800409816842
Train-S,Test-2,17,C050-R050,0.709886593865343,0.7417701151889587,4.298302219346447
Train-S,Test-2,17,C075-R025,0.7657375588051153,0.7898164093115408,3.0486642493809875
Train-S,Test-2,17,C100-R000,0.8221352228021681,0.8220143283568692,-0.014707097081945484
Train-S,Test-2,18,C000-R100,0.12188921835315474,0.7206821695613775,83.08696627983193
Train-S,Test-2,18,C025-R075,0.548152259500824,0.7416014201148439,26.08532769315119
Train-S,Test-2,18,C050-R050,0.7029729356475799,0.7558793117662814,6.999315273634613
Train-S,Test-2,18,C075-R025,0.7004753827553184,0.7407362469045795,5.435249634064074
Train-S,Test-2,18,C100-R000,0.6825187437460754,0.7078484757432295,3.578411604342066
Train-S,Test-2,19,C000-R100,0.1239580998697168,0.7054256159684175,82.42789926198732
Train-S,Test-2,19,C025-R075,0.5741673367853214,0.7427395778085133,22.69600894576965
Train-S,Test-2,19,C050-R050,0.7204614717794731,0.765962237306434,5.940340569134049
Train-S,Test-2,19,C075-R025,0.7492118520935732,0.7938283251792391,5.620418378947598
Train-S,Test-2,19,C100-R000,0.7363935793088835,0.7679951438031529,4.114813062199429
Train-S,Test-2,20,C000-R100,0.19768052011327755,0.6448107810560811,69.34286368638047
Train-S,Test-2,20,C025-R075,0.5232916696993807,0.6614655129515868,20.889047206051274
Train-S,Test-2,20,C050-R050,0.601413472764852,0.6836914770071522,12.034376178341539
Train-S,Test-2,20,C075-R025,0.6163750121915662,0.7075552879068473,12.886664444981912
Train-S,Test-2,20,C100-R000,0.6051809682856591,0.700020783984794,13.548142836455401
Train-S,Test-2,21,C000-R100,0.15689880527069952,0.7929021429950014,80.21208459873104
Train-S,Test-2,21,C025-R075,0.583188481389438,0.7993491966153458,27.042088256445236
Train-S,Test-2,21,C050-R050,0.7360606042311691,0.7840394521505658,6.119443069834561
Train-S,Test-2,21,C075-R025,0.7130337107666307,0.7519189767119459,5.17147021815514
Train-S,Test-2,21,C100-R000,0.6749745370361543,0.7012069909675137,3.7410428403122906
Train-S,Test-2,22,C000-R100,0.14003952537479605,0.6895257734128014,79.69045817074078
Train-S,Test-2,22,C025-R075,0.5960698805642783,0.7328473619336737,18.66384304208963
Train-S,Test-2,22,C050-R050,0.7173394227200841,0.762465469383168,5.918438076886376
Train-S,Test-2,22,C075-R025,0.736822572163074,0.7533451459333357,2.193227614122541
Train-S,Test-2,22,C100-R000,0.7339082699240024,0.7752976662981208,5.3385168269296965
Train-S,Test-2,23,C000-R100,0.18695681118881316,0.726584300709819,74.26908192123472
Train-S,Test-2,23,C025-R075,0.4920558910629329,0.7374950002873799,33.28010483173536
Train-S,Test-2,23,C050-R050,0.6339930622346207,0.7346072637761919,13.696325438489632
Train-S,Test-2,23,C075-R025,0.6330012352592552,0.673536004346691,6.018203752411614
Train-S,Test-2,23,C100-R000,0.6090064595347245,0.6783650855195381,10.224380273299888
Train-S,Test-2,24,C000-R100,0.23612317452479692,0.7461033900635173,68.35248604021284
Train-S,Test-2,24,C025-R075,0.6222928993600582,0.7723894659248535,19.432756813309304
Train-S,Test-2,24,C050-R050,0.7451858917168837,0.7765396630714702,4.0376265174366
Train-S,Test-2,24,C075-R025,0.7656090536407677,0.7906445163962652,3.1664625803778947
Train-S,Test-2,24,C100-R000,0.7430148822999162,0.7473283684354465,0.5771875279618642
Train-S,Test-2,25,C000-R100,0.23618264679251366,0.775122834123315,69.52964918655213
Train-S,Test-2,25,C025-R075,0.5750052606395392,0.7661746810213738,24.95115345328171
Train-S,Test-2,25,C050-R050,0.7002707019976651,0.7616618368907101,8.060156347554273
Train-S,Test-2,25,C075-R025,0.7227650978723412,0.823289889002153,12.210133085886707
Train-S,Test-2,25,C100-R000,0.6777324278732061,0.7463880340272525,9.198379800330459
Train-S,Test-2,26,C000-R100,0.16299613753160735,0.6466967901515593,74.79558581179788
Train-S,Test-2,26,C025-R075,0.5218647629413229,0.6469723646992528,19.33739500853125
Train-S,Test-2,26,C050-R050,0.6137071870208543,0.6418835463183631,4.38963725727499
Train-S,Test-2,26,C075-R025,0.6181810661851266,0.6501066589905605,4.9108238415840475
Train-S,Test-2,26,C100-R000,0.5827470104232507,0.5989753746146814,2.7093541536445205
Train-S,Test-2,27,C000-R100,0.15958833563064428,0.7792565078805819,79.52043595186751
Train-S,Test-2,27,C025-R075,0.5438647354488304,0.8068739703465289,32.596073806265395
Train-S,Test-2,27,C050-R050,0.6837801603081726,0.7660490086921415,10.739371430611829
Train-S,Test-2,27,C075-R025,0.660865556784641,0.7446358173286018,11.24982959381253
Train-S,Test-2,27,C100-R000,0.6283499019324985,0.6967708588605669,9.819721370086794
Train-S,Test-2,28,C000-R100,0.11121895927828503,0.6117151598531133,81.81850531463185
Train-S,Test-2,28,C025-R075,0.4897809811700548,0.615893767809519,20.47638622614993
Train-S,Test-2,28,C050-R050,0.5902272019899345,0.6179452594894513,4.485519886084666
Train-S,Test-2,28,C075-R025,0.5918830121269235,0.6014773781751006,1.5951333161168375
Train-S,Test-2,28,C100-R000,0.5700049815576671,0.5882129208499047,3.095467414406522
Train-S,Test-2,29,C000-R100,0.16951712231045793,0.4933611357476631,65.64035753372353
Train-S,Test-2,29,C025-R075,0.49718457422859874,0.5504323361622545,9.67380701230452
Train-S,Test-2,29,C050-R050,0.5031414450378664,0.581982625437812,13.546998991702752
Train-S,Test-2,29,C075-R025,0.5289853461316223,0.6049944304177965,12.563600665494384
Train-S,Test-2,29,C100-R000,0.5341055680370862,0.6395112405894315,16.482223589251365
Train-S,Test-2,30,C000-R100,0.1361452710353097,0.8031690810168267,83.04899002549409
Train-S,Test-2,30,C025-R075,0.5533892055141326,0.794040280766274,30.3071621278338
Train-S,Test-2,30,C050-R050,0.7128055801032717,0.7895568624052003,9.720804916839528
Train-S,Test-2,30,C075-R025,0.6935235853226177,0.7566186125608844,8.339079450439698
Train-S,Test-2,30,C100-R000,0.6474997676643651,0.6685654944183806,3.1508845326128707
Train-S,Test-2,31,C000-R100,0.18849943811830158,0.76725935729691,75.43210958255449
Train-S,Test-2,31,C025-R075,0.5575237049675261,0.7378696210059904,24.441433947719084
Train-S,Test-2,31,C050-R050,0.6526318029059729,0.6998463537504217,6.746416637227548
Train-S,Test-2,31,C075-R025,0.6171699331787824,0.6646503910324311,7.143674102093751
Train-S,Test-2,31,C100-R000,0.5420715478122518,0.54723231576025,0.9430671031970359
Train-S,Test-2,32,C000-R100,0.2993946933786701,0.7581977928806912,60.51232327633769
Train-S,Test-2,32,C025-R075,0.7098706191454052,0.7809578663213627,9.10257137312773
Train-S,Test-2,32,C050-R050,0.7771114264250768,0.7856830349159143,1.0909753819178296
Train-S,Test-2,32,C075-R025,0.786263626836921,0.7913851652368872,0.647161284408606
Train-S,Test-2,32,C100-R000,0.7636049895376452,0.7741362474113083,1.3603881627916665
Train-S,Test-2,33,C000-R100,0.19358545546050873,0.7829041422974062,75.2734153516625
Train-S,Test-2,33,C025-R075,0.580275723494971,0.794013620116584,26.918668799438244
Train-S,Test-2,33,C050-R050,0.653231044346986,0.820504497751656,20.3866589230202
Train-S,Test-2,33,C075-R025,0.5896466200927153,0.802004525678416,26.478392426285502
Train-S,Test-2,33,C100-R000,0.5106427110804411,0.7461840623935853,31.566119297373113
Train-S,Test-2,34,C000-R100,0.14933645946864668,0.6616245216990221,77.42882033979676
Train-S,Test-2,34,C025-R075,0.552310730868067,0.7167829974994907,22.945893974213657
Train-S,Test-2,34,C050-R050,0.7165287465277581,0.7527342629489873,4.809866934897688
Train-S,Test-2,34,C075-R025,0.753434413116327,0.77979033578957,3.3798729560499856
Train-S,Test-2,34,C100-R000,0.7797996750806018,0.8078648921496425,3.4739988507684982
Train-S,Test-2,35,C000-R100,0.18068658419359693,0.7836253078717781,76.9422219549905
Train-S,Test-2,35,C025-R075,0.544645489886392,0.7904948341693939,31.1006895498977
Train-S,Test-2,35,C050-R050,0.662755693177989,0.7665677838967353,13.542454157287006
Train-S,Test-2,35,C075-R025,0.697970919706278,0.7322756173331698,4.684670199975251
Train-S,Test-2,35,C100-R000,0.6686823008149467,0.7378452431349266,9.373638030940365
Train-S,Test-2,36,C000-R100,0.1863201752425768,0.6588878270073671,71.72201889222436
Train-S,Test-2,36,C025-R075,0.5308066485253825,0.7065906736660242,24.877773184949717
Train-S,Test-2,36,C050-R050,0.6373334346410168,0.7237017370596684,11.934240032303626
Train-S,Test-2,36,C075-R025,0.6425948230736357,0.706125348738697,8.997060617996725
Train-S,Test-2,36,C100-R000,0.649556626293961,0.757894574519062,14.29459345237417
Train-S,Test-2,37,C000-R100,0.23975517580586703,0.8158629300267383,70.61330194301027
Train-S,Test-2,37,C025-R075,0.6640032709985412,0.8450302091521227,21.422540424349844
Train-S,Test-2,37,C050-R050,0.7797912496178059,0.7698864753480604,-1.28652399891394
Train-S,Test-2,37,C075-R025,0.7348332859152023,0.7674612968637051,4.251421026941681
Train-S,Test-2,37,C100-R000,0.7044120422099844,0.7691829006366836,8.420735610878209
Train-S,Test-2,38,C000-R100,0.1981568600551138,0.8754439492459749,77.36498604784607
Train-S,Test-2,38,C025-R075,0.6813379950904666,0.926310003771281,26.446007026099387
Train-S,Test-2,38,C050-R050,0.8705436042022919,0.9245705854399785,5.843467452728508
Train-S,Test-2,38,C075-R025,0.9035947443868754,0.9216858433207751,1.9628270375422756
Train-S,Test-2,38,C100-R000,0.9007680366194931,0.9474862740437625,4.930756117962672
Train-S,Test-2,39,C000-R100,0.16086817214868554,0.6423335904580489,74.95566563256169
Train-S,Test-2,39,C025-R075,0.494239593659396,0.6486377126876263,23.80344466689774
Train-S,Test-2,39,C050-R050,0.5886980096137518,0.6184717785755315,4.814086914419084
Train-S,Test-2,39,C075-R025,0.5816824333780759,0.6257039422719896,7.035517266211786
Train-S,Test-2,39,C100-R000,0.5464514080661483,0.6110431620830062,10.570735101047337
Train-S,Test-2,40,C000-R100,0.1825015502231435,0.7937890139350355,77.00880876160883
Train-S,Test-2,40,C025-R075,0.5676934994912908,0.7919971078588057,28.32126609324727
Train-S,Test-2,40,C050-R050,0.7154975189986758,0.7997636645822189,10.536380847904885
Train-S,Test-2,40,C075-R025,0.7315043217656837,0.7734970343867706,5.428942937625975
Train-S,Test-2,40,C100-R000,0.691395386293244,0.760971665470786,9.143084077184081
Train-S,Test-2,41,C000-R100,0.15746505055918256,0.6213903458228466,74.65923768888509
Train-S,Test-2,41,C025-R075,0.459573958275804,0.6921764779169063,33.604510852653604
Train-S,Test-2,41,C050-R050,0.5833728966612283,0.6920776726881191,15.707019647761136
Train-S,Test-2,41,C075-R025,0.5772538180085146,0.7031093522393798,17.899852111199984
Train-S,Test-2,41,C100-R000,0.5770236681661974,0.7258159814582191,20.500005110535966
Train-S,Test-2,42,C000-R100,0.19272490061653114,0.5703155561477278,66.20732179947588
Train-S,Test-2,42,C025-R075,0.5161601972742608,0.6030673864249146,14.410858737670159
Train-S,Test-2,42,C050-R050,0.598455941413556,0.6308871046440886,5.140565244050834
Train-S,Test-2,42,C075-R025,0.6103266918446929,0.6392038745181079,4.5176795424128695
Train-S,Test-2,42,C100-R000,0.6206035753460529,0.6478801634559304,4.2101286084109
Train-S,Test-2,43,C000-R100,0.19112985268238125,0.6351562485682819,69.90821500800617
Train-S,Test-2,43,C025-R075,0.449917232110052,0.6518647434510991,30.97997143884444
Train-S,Test-2,43,C050-R050,0.5864865289473558,0.6486385768490094,9.581922833448962
Train-S,Test-2,43,C075-R025,0.5648998411686047,0.6216161169414476,9.12400342061678
Train-S,Test-2,43,C100-R000,0.5610693956410255,0.605702986717701,7.368890703105897
Train-S,Test-2,44,C000-R100,0.21876514422217364,0.6917064470901009,68.37312343372194
Train-S,Test-2,44,C025-R075,0.57768393790248,0.7450856580962609,22.46744630966358
Train-S,Test-2,44,C050-R050,0.6560531988711119,0.7834043852784713,16.25612375939034
Train-S,Test-2,44,C075-R025,0.6752224217899957,0.7676128863188804,12.036075237343526
Train-S,Test-2,44,C100-R000,0.6722754438473398,0.728652386603088,7.7371520072242355
Train-S,Test-2,45,C000-R100,0.2670318849372959,0.7860934931891336,66.03051834789221
Train-S,Test-2,45,C025-R075,0.7102241279290271,0.852750753728853,16.7137496128376
Train-S,Test-2,45,C050-R050,0.8501371109238866,0.8873091924599565,4.18930423035683
Train-S,Test-2,45,C075-R025,0.8144036067431015,0.9100404848017436,10.50907950314727
Train-S,Test-2,45,C100-R000,0.7831168424145002,0.8354388023370344,6.262811803350542
Train-S,Test-2,46,C000-R100,0.16861462183493767,0.7414061512179656,77.25745577401248
Train-S,Test-2,46,C025-R075,0.5006312948615913,0.7387783407596048,32.23525010941076
Train-S,Test-2,46,C050-R050,0.6406348219391874,0.7312442942196927,12.391135629604364
Train-S,Test-2,46,C075-R025,0.6212601280962498,0.718173685056453,13.49444556055896
Train-S,Test-2,46,C100-R000,0.561220880178588,0.6850762778725623,18.079066768826856
Train-S,Test-2,47,C000-R100,0.19997821326517418,0.7281337544701666,72.53551122476252
Train-S,Test-2,47,C025-R075,0.548834479820341,0.6881659022660728,20.24677799160422
Train-S,Test-2,47,C050-R050,0.6492112958542579,0.6613049713416596,1.8287591975705213
Train-S,Test-2,47,C075-R025,0.5846421347449193,0.6193948851488605,5.6107583767968965
Train-S,Test-2,47,C100-R000,0.5334187019455618,0.5806596391913359,8.135736334553032
Train-S,Test-2,48,C000-R100,0.1985973953871408,0.6923369015259295,71.31491981007704
Train-S,Test-2,48,C025-R075,0.574829284820381,0.7586403171351476,24.22900921070105
Train-S,Test-2,48,C050-R050,0.6829760856838641,0.7635416848033548,10.551565254782366
Train-S,Test-2,48,C075-R025,0.7042752335880177,0.780079102683911,9.71745927241037
Train-S,Test-2,48,C100-R000,0.6816211577865771,0.7872934269683455,13.422221698037518
Train-S,Test-2,49,C000-R100,0.192478762230838,0.663331269587431,70.98301089430728
Train-S,Test-2,49,C025-R075,0.51221493722738,0.7075430478776354,27.6065337983557
Train-S,Test-2,49,C050-R050,0.6101681095280536,0.6626244818483121,7.916455512470315
Train-S,Test-2,49,C075-R025,0.5841513234488476,0.6606545613035788,11.579915183477718
Train-S,Test-2,49,C100-R000,0.5736548441584507,0.6559176612636898,12.541637763915626
Train-S,Test-3,0,C000-R100,0.2122200938643327,0.5429210608211509,60.91142724444018
Train-S,Test-3,0,C025-R075,0.469631796918323,0.6384211685189745,26.438561238846965
Train-S,Test-3,0,C050-R050,0.550084872041955,0.6413980159139028,14.236580345799679
Train-S,Test-3,0,C075-R025,0.5770618594471196,0.6804872363774037,15.198724002653229
Train-S,Test-3,0,C100-R000,0.5779570157035502,0.6719041712235209,13.98222537432611
Train-S,Test-3,1,C000-R100,0.2120551667958748,0.5268808072281292,59.75272511605097
Train-S,Test-3,1,C025-R075,0.4610429007296602,0.6179867383993322,25.395987958605286
Train-S,Test-3,1,C050-R050,0.5540838872084736,0.6649989230956251,16.67897977500969
Train-S,Test-3,1,C075-R025,0.5789220537481259,0.7170347695867089,19.261648346312363
Train-S,Test-3,1,C100-R000,0.5854805177397173,0.7186579870040618,18.53141155774726
Train-S,Test-3,2,C000-R100,0.23976248510496342,0.5657112049341043,57.61751172439802
Train-S,Test-3,2,C025-R075,0.47473801302965324,0.5955061106386678,20.279909047363642
Train-S,Test-3,2,C050-R050,0.5408206003118398,0.7029301611839148,23.061972557706294
Train-S,Test-3,2,C075-R025,0.6176489931209671,0.718785143636366,14.07042861288794
Train-S,Test-3,2,C100-R000,0.5822504857522531,0.685761812425813,15.094355619978172
Train-S,Test-3,3,C000-R100,0.2090342548421119,0.5118109447778667,59.157916223765824
Train-S,Test-3,3,C025-R075,0.4816438875412626,0.6219438962839005,22.558306236451067
Train-S,Test-3,3,C050-R050,0.5520240345890391,0.6632482711376334,16.769623290207363
Train-S,Test-3,3,C075-R025,0.5879270908934031,0.6685990427259867,12.065819224579046
Train-S,Test-3,3,C100-R000,0.5636590933188514,0.6731461147816554,16.264971164294348
Train-S,Test-3,4,C000-R100,0.26577283508607963,0.632678816552248,57.992455550448874
Train-S,Test-3,4,C025-R075,0.5377298587920253,0.6837353636987863,21.354095847393154
Train-S,Test-3,4,C050-R050,0.6237367431559052,0.746808578792827,16.479702983040223
Train-S,Test-3,4,C075-R025,0.6555859723313439,0.7289776217352907,10.067750671034602
Train-S,Test-3,4,C100-R000,0.6753859527813791,0.7082742310326005,4.643438488969611
Train-S,Test-3,5,C000-R100,0.20974268984592145,0.5960806035865387,64.81303223357257
Train-S,Test-3,5,C025-R075,0.4854750719146133,0.639004801780938,24.026381247594657
Train-S,Test-3,5,C050-R050,0.5594383056683968,0.6751114174691873,17.133929127493975
Train-S,Test-3,5,C075-R025,0.5851914548948556,0.6905453622014327,15.256623688082247
Train-S,Test-3,5,C100-R000,0.6086221992197839,0.733540138533531,17.029462022825207
Train-S,Test-3,6,C000-R100,0.2434291249241863,0.5900634911301577,58.74526579200099
Train-S,Test-3,6,C025-R075,0.5040075680901949,0.6398986051235461,21.236338998912895
Train-S,Test-3,6,C050-R050,0.5497371679847657,0.6480150290130436,15.165984834944277
Train-S,Test-3,6,C075-R025,0.5690888760767678,0.7048902229133801,19.265602277093876
Train-S,Test-3,6,C100-R000,0.5626631416709831,0.6956919326064153,19.121795826643954
Train-S,Test-3,7,C000-R100,0.23311875493203282,0.5783077138945587,59.68949586334988
Train-S,Test-3,7,C025-R075,0.5002041574778516,0.6525918994691507,23.351154391474758
Train-S,Test-3,7,C050-R050,0.5824676881517876,0.6931418767492467,15.967032480638435
Train-S,Test-3,7,C075-R025,0.6235248934681251,0.6704295173222086,6.996205065884813
Train-S,Test-3,7,C100-R000,0.5850263199676914,0.7106373147078222,17.67582311544893
Train-S,Test-3,8,C000-R100,0.2217678912968627,0.5990632438284922,62.980888314965064
Train-S,Test-3,8,C025-R075,0.468044880564259,0.6366158429776244,26.479228293300622
Train-S,Test-3,8,C050-R050,0.55694146101817,0.7241681652262019,23.092247386461235
Train-S,Test-3,8,C075-R025,0.5961671317345828,0.6954529316254838,14.276422655784927
Train-S,Test-3,8,C100-R000,0.6233500601326084,0.7046628922141361,11.539252737721574
Train-S,Test-3,9,C000-R100,0.20640797324389623,0.5475687878485207,62.3046496030382
Train-S,Test-3,9,C025-R075,0.4887449608181192,0.6087020244373051,19.70702557299302
Train-S,Test-3,9,C050-R050,0.5395332369339599,0.6573613324049218,17.924403164982945
Train-S,Test-3,9,C075-R025,0.581905761029485,0.6948248112724662,16.251441861465356
Train-S,Test-3,9,C100-R000,0.5699922253513497,0.7081888450071997,19.51409156330964
Train-S,Test-3,10,C000-R100,0.2694598404779088,0.6416824693135584,58.00729280228519
Train-S,Test-3,10,C025-R075,0.528405261357374,0.7078556286396712,25.35126656083216
Train-S,Test-3,10,C050-R050,0.6160672446907619,0.7031673194043894,12.386820648519997
Train-S,Test-3,10,C075-R025,0.6286593534575243,0.7429707773074735,15.38572274191104
Train-S,Test-3,10,C100-R000,0.6360614719447745,0.6824376778265769,6.795669024239855
Train-S,Test-3,11,C000-R100,0.21683333550690279,0.561715301696526,61.39800093534753
Train-S,Test-3,11,C025-R075,0.46346719994070656,0.7107942462557587,34.79587062189846
Train-S,Test-3,11,C050-R050,0.5168421714062427,0.7007997796440911,26.24966696354747
Train-S,Test-3,11,C075-R025,0.517730063915454,0.7554864005393972,31.47063090138903
Train-S,Test-3,11,C100-R000,0.5146042302257238,0.7604198211173357,32.32629977088428
Train-S,Test-3,12,C000-R100,0.2365442824693418,0.6122786739840456,61.36656517363767
Train-S,Test-3,12,C025-R075,0.5159401908112083,0.6637392802416907,22.267642405714415
Train-S,Test-3,12,C050-R050,0.5824847431398742,0.6877797685177143,15.309410104453825
Train-S,Test-3,12,C075-R025,0.5770682118795499,0.7224270294447507,20.120899639777033
Train-S,Test-3,12,C100-R000,0.5450445462988346,0.7531281074552064,27.629238518195653
Train-S,Test-3,13,C000-R100,0.21204244624282154,0.5446426302285295,61.067600207157945
Train-S,Test-3,13,C025-R075,0.48358786303896945,0.6311247899246512,23.376823290889252
Train-S,Test-3,13,C050-R050,0.5793054329628576,0.6783730719122585,14.603710414114781
Train-S,Test-3,13,C075-R025,0.6489008840908591,0.7328487899191601,11.455010499172857
Train-S,Test-3,13,C100-R000,0.6724295798094589,0.7547376345421831,10.905518814183884
Train-S,Test-3,14,C000-R100,0.20487503416053754,0.4643318922189857,55.877458000684676
Train-S,Test-3,14,C025-R075,0.4090055654671689,0.5738646056436671,28.727863428967964
Train-S,Test-3,14,C050-R050,0.47735427294431637,0.6347809110427753,24.800153148879208
Train-S,Test-3,14,C075-R025,0.4846174763062366,0.6789635435661534,28.62393262518094
Train-S,Test-3,14,C100-R000,0.5132835205182449,0.7119186497818845,27.901380210294647
Train-S,Test-3,15,C000-R100,0.22827774977824844,0.619268106668452,63.13749290168671
Train-S,Test-3,15,C025-R075,0.52464409368762,0.6673819365618128,21.387729432645862
Train-S,Test-3,15,C050-R050,0.5895205267107256,0.7302114585974532,19.267149293570156
Train-S,Test-3,15,C075-R025,0.5980906382393893,0.6910884576477058,13.456717208801027
Train-S,Test-3,15,C100-R000,0.5906126010127787,0.6711319175299156,11.997539442541534
Train-S,Test-3,16,C000-R100,0.2236168765144065,0.49879211015557007,55.16832123814833
Train-S,Test-3,16,C025-R075,0.4227199280398278,0.5965286116238131,29.136688533825723
Train-S,Test-3,16,C050-R050,0.4917360114042211,0.6271263608287644,21.58900628026883
Train-S,Test-3,16,C075-R025,0.5569676526417761,0.6518181795336627,14.551684790342392
Train-S,Test-3,16,C100-R000,0.5818224201919152,0.7241355049371124,19.652825165306098
Train-S,Test-3,17,C000-R100,0.22692330266427777,0.6019703774007951,62.30324428187086
Train-S,Test-3,17,C025-R075,0.5045559140474348,0.6332257882683346,20.3197463850564
Train-S,Test-3,17,C050-R050,0.5439670050509192,0.6658248742246193,18.301789838598122
Train-S,Test-3,17,C075-R025,0.6051567385528523,0.6800913095696298,11.018310330152136
Train-S,Test-3,17,C100-R000,0.5935229824013536,0.6961217320185771,14.738621838412232
Train-S,Test-3,18,C000-R100,0.21071758374738817,0.4838702263379053,56.451632632540615
Train-S,Test-3,18,C025-R075,0.4247742203144182,0.5648313240464363,24.79627063326673
Train-S,Test-3,18,C050-R050,0.5247329318264262,0.622815738681696,15.748286493671484
Train-S,Test-3,18,C075-R025,0.5193295474231371,0.6347739021280902,18.186688885274574
Train-S,Test-3,18,C100-R000,0.5640810178024754,0.6565465732987593,14.083624720132038
Train-S,Test-3,19,C000-R100,0.2638516301211142,0.8267876010733554,68.08713268334266
Train-S,Test-3,19,C025-R075,0.5660824330902526,0.7934937898552797,28.65950051184436
Train-S,Test-3,19,C050-R050,0.6467972221866337,0.7733484621188421,16.364064342415542
Train-S,Test-3,19,C075-R025,0.5985064000944504,0.7053864793464175,15.151988644721094
Train-S,Test-3,19,C100-R000,0.5506474202379414,0.6592025862415629,16.467648681803222
Train-S,Test-3,20,C000-R100,0.23580330401436475,0.598176628276056,60.57965275341006
Train-S,Test-3,20,C025-R075,0.46263733096024473,0.6441176255123732,28.175023840989784
Train-S,Test-3,20,C050-R050,0.5800488166034555,0.6926187939559739,16.252804332605773
Train-S,Test-3,20,C075-R025,0.5772675165653435,0.6651824781468588,13.216668278220267
Train-S,Test-3,20,C100-R000,0.5386916981080325,0.6867356685231044,21.557635230081416
Train-S,Test-3,21,C000-R100,0.20423573282488386,0.4745157668599793,56.95912610525543
Train-S,Test-3,21,C025-R075,0.43510573968811284,0.5566674578840862,21.837403367898318
Train-S,Test-3,21,C050-R050,0.5261587092139364,0.6144500502520421,14.369164914526317
Train-S,Test-3,21,C075-R025,0.5875198138429386,0.6668354409784983,11.894332883563278
Train-S,Test-3,21,C100-R000,0.5953483678167892,0.7042951501224345,15.468909914643877
Train-S,Test-3,22,C000-R100,0.22851175684913252,0.5672694800901067,59.71724817403625
Train-S,Test-3,22,C025-R075,0.46697792522111764,0.6239621335944268,25.159252448378272
Train-S,Test-3,22,C050-R050,0.5309696309898025,0.7261636859874557,26.880172991881768
Train-S,Test-3,22,C075-R025,0.5922511119924421,0.7128725551210936,16.92047789778664
Train-S,Test-3,22,C100-R000,0.5840596885006782,0.7285607393583672,19.83376855922114
Train-S,Test-3,23,C000-R100,0.20283536979707353,0.559801916128788,63.76658172238031
Train-S,Test-3,23,C025-R075,0.4434780565562771,0.5797059668591391,23.49948389197167
Train-S,Test-3,23,C050-R050,0.5408829246029164,0.6272461517750106,13.768634040671193
Train-S,Test-3,23,C075-R025,0.5377595389698521,0.6245215814113037,13.892561125811756
Train-S,Test-3,23,C100-R000,0.5258271750505932,0.6324821901884602,16.862927809253744
Train-S,Test-3,24,C000-R100,0.2172458767219525,0.5297974599304219,58.99454165928177
Train-S,Test-3,24,C025-R075,0.4326387753544347,0.5843220839210818,25.95885261580039
Train-S,Test-3,24,C050-R050,0.5005727942659898,0.6240995539123392,19.792797298441897
Train-S,Test-3,24,C075-R025,0.5601865481563543,0.6460877223288528,13.295589933649229
Train-S,Test-3,24,C100-R000,0.5629200216897181,0.6662221027470251,15.505652038766476
Train-S,Test-3,25,C000-R100,0.23239097749449544,0.6176295374080515,62.37372673759272
Train-S,Test-3,25,C025-R075,0.4918504996353031,0.6841689417065945,28.109788437863216
Train-S,Test-3,25,C050-R050,0.5643028418319919,0.701674550084212,19.57769570461596
Train-S,Test-3,25,C075-R025,0.5901279894552767,0.6804670374603722,13.276035874163341
Train-S,Test-3,25,C100-R000,0.5780174495752336,0.6970424687658806,17.07571984837334
Train-S,Test-3,26,C000-R100,0.24719771835832693,0.6157047432252826,59.85125645395932
Train-S,Test-3,26,C025-R075,0.5585382749633967,0.7065274669556395,20.945992748153774
Train-S,Test-3,26,C050-R050,0.5873989967459284,0.7575545287300834,22.46115963023718
Train-S,Test-3,26,C075-R025,0.5808368164599337,0.7887941207068163,26.363952112185867
Train-S,Test-3,26,C100-R000,0.6318509546741188,0.8151310063262759,22.484735610559614
Train-S,Test-3,27,C000-R100,0.23189166742587364,0.5675856783382144,59.14420037785142
Train-S,Test-3,27,C025-R075,0.4717112178742389,0.6340240775771493,25.60042519570715
Train-S,Test-3,27,C050-R050,0.5483669428541207,0.6230239295048007,11.983004683306426
Train-S,Test-3,27,C075-R025,0.5471258452847264,0.6664457184853331,17.90391473619057
Train-S,Test-3,27,C100-R000,0.5619650504054846,0.6657650478198395,15.591085436861782
Train-S,Test-3,28,C000-R100,0.223993131983246,0.5665699145767807,60.465050081142145
Train-S,Test-3,28,C025-R075,0.48426776377871145,0.6713214143862464,27.863501237860582
Train-S,Test-3,28,C050-R050,0.5367868075743786,0.6879897997908704,21.977504937203033
Train-S,Test-3,28,C075-R025,0.5070119793843745,0.6984045876957383,27.40425989222518
Train-S,Test-3,28,C100-R000,0.5148900812247857,0.6904378114929539,25.425567277171012
Train-S,Test-3,29,C000-R100,0.2444638686664644,0.6438889779846005,62.03322668581056
Train-S,Test-3,29,C025-R075,0.5485848033392392,0.710609905415807,22.800850486563412
Train-S,Test-3,29,C050-R050,0.6284175872568923,0.738040175972858,14.85320071789657
Train-S,Test-3,29,C075-R025,0.6691990073527249,0.789067355035451,15.191142672141181
Train-S,Test-3,29,C100-R000,0.6685938119280906,0.7569498618856421,11.672642325007784
Train-S,Test-3,30,C000-R100,0.2448398096134097,0.5904186547838383,58.53115283035062
Train-S,Test-3,30,C025-R075,0.5019289554336844,0.6505314708246582,22.843247722142493
Train-S,Test-3,30,C050-R050,0.5699925055204996,0.7096004420710184,19.67416143979043
Train-S,Test-3,30,C075-R025,0.5397374885140338,0.7564063586479574,28.644506706845974
Train-S,Test-3,30,C100-R000,0.5873283353996647,0.7579001138727484,22.50583887650962
Train-S,Test-3,31,C000-R100,0.24832750902823456,0.6514127793365908,61.87862490491279
Train-S,Test-3,31,C025-R075,0.5131590256032218,0.6977075645645012,26.45070059925062
Train-S,Test-3,31,C050-R050,0.6069236234127083,0.7448558060114246,18.5179710603747
Train-S,Test-3,31,C075-R025,0.6057357164407939,0.7551349973893569,19.784446683714066
Train-S,Test-3,31,C100-R000,0.600726752447998,0.7436241120486992,19.21634294603709
Train-S,Test-3,32,C000-R100,0.22360299467775038,0.6355074961534175,64.81505001417473
Train-S,Test-3,32,C025-R075,0.4588619980828927,0.6450524361665809,28.86438801629542
Train-S,Test-3,32,C050-R050,0.5526359035553626,0.6587632317597083,16.110086763776287
Train-S,Test-3,32,C075-R025,0.5645369392511884,0.7376584255843558,23.46905835123141
Train-S,Test-3,32,C100-R000,0.5872277588288115,0.7285535227229821,19.398130608985735
Train-S,Test-3,33,C000-R100,0.2072738202472301,0.5999283483414349,65.45023737913696
Train-S,Test-3,33,C025-R075,0.47808953595613585,0.6667093656547346,28.291162448778067
Train-S,Test-3,33,C050-R050,0.5659269780718726,0.7235043289558888,21.77973850017191
Train-S,Test-3,33,C075-R025,0.574516030052945,0.6951034273621426,17.348122964494117
Train-S,Test-3,33,C100-R000,0.6109068786994342,0.7428503973072322,17.761788791670813
Train-S,Test-3,34,C000-R100,0.21446794719116727,0.6025907323878963,64.4090199759144
Train-S,Test-3,34,C025-R075,0.4658517407710185,0.6595510865257322,29.368361255388002
Train-S,Test-3,34,C050-R050,0.5518310457592849,0.7038499987025088,21.59820320003675
Train-S,Test-3,34,C075-R025,0.5415024340758697,0.6919006046500001,21.736961864661144
Train-S,Test-3,34,C100-R000,0.5252099875243569,0.6877364154500296,23.63208116867294
Train-S,Test-3,35,C000-R100,0.22059861583998505,0.6408345907976308,65.57635636281563
Train-S,Test-3,35,C025-R075,0.5516653588956227,0.6787941803389929,18.728625719784667
Train-S,Test-3,35,C050-R050,0.6189830106131583,0.7360559482756314,15.905440060193996
Train-S,Test-3,35,C075-R025,0.6217544843926913,0.753771510787547,17.514196876043133
Train-S,Test-3,35,C100-R000,0.6179950850899447,0.7307431355155128,15.429231551525756
Train-S,Test-3,36,C000-R100,0.25776614069786846,0.590351860797142,56.33686318023775
Train-S,Test-3,36,C025-R075,0.4420426394147327,0.6468609445835427,31.663421154708082
Train-S,Test-3,36,C050-R050,0.4959796380488523,0.7163936532244902,30.76716469828476
Train-S,Test-3,36,C075-R025,0.5674675468877816,0.7472988928463623,24.06417936384557
Train-S,Test-3,36,C100-R000,0.5232827496136214,0.6958442679374052,24.798870418992454
Train-S,Test-3,37,C000-R100,0.2689464217333467,0.6409309658782155,58.038160730020074
Train-S,Test-3,37,C025-R075,0.5115247939104844,0.7139389171891924,28.351742481782743
Train-S,Test-3,37,C050-R050,0.5955153593877158,0.7365079335339885,19.143388377331867
Train-S,Test-3,37,C075-R025,0.6540295670232111,0.7516503778169962,12.987528999493527
Train-S,Test-3,37,C100-R000,0.6468620525386213,0.7456665658387566,13.250495305364254
Train-S,Test-3,38,C000-R100,0.22685078831907365,0.5452688615526495,58.39652613334319
Train-S,Test-3,38,C025-R075,0.44844589469983376,0.5882222976341593,23.762513508329892
Train-S,Test-3,38,C050-R050,0.5060119667837292,0.6442762962806409,21.460409190141153
Train-S,Test-3,38,C075-R025,0.5479580178264297,0.718029645308412,23.685878235421903
Train-S,Test-3,38,C100-R000,0.5402008773201562,0.6563924276471927,17.701537286698994
Train-S,Test-3,39,C000-R100,0.24578805759407565,0.6302207124580907,60.99968586633522
Train-S,Test-3,39,C025-R075,0.5393322332752901,0.6907931359054581,21.92565252282659
Train-S,Test-3,39,C050-R050,0.6040467707195042,0.7607795197394617,20.60159940604507
Train-S,Test-3,39,C075-R025,0.6595493101419436,0.7773843251868282,15.157884102765435
Train-S,Test-3,39,C100-R000,0.6272724691930728,0.7168018134524684,12.490111294247217
Train-S,Test-3,40,C000-R100,0.23488789785658468,0.5931387108545846,60.399162361505276
Train-S,Test-3,40,C025-R075,0.46020594994408887,0.6503367334260136,29.235744147544025
Train-S,Test-3,40,C050-R050,0.5051509693618735,0.6955569011886773,27.37460177613191
Train-S,Test-3,40,C075-R025,0.5089873555235305,0.6950486329549176,26.769533613837847
Train-S,Test-3,40,C100-R000,0.5096392584535833,0.7180724178383499,29.02676028306777
Train-S,Test-3,41,C000-R100,0.23526446379333574,0.5786328127341912,59.341319984663556
Train-S,Test-3,41,C025-R075,0.4873634275856326,0.6415289424524789,24.030952411514324
Train-S,Test-3,41,C050-R050,0.5704776897293797,0.7198593704989212,20.75150882123099
Train-S,Test-3,41,C075-R025,0.6005803404651036,0.7311248130927129,17.855292323535902
Train-S,Test-3,41,C100-R000,0.6085460598579528,0.7078995994889713,14.034976104343217
Train-S,Test-3,42,C000-R100,0.21873944800606726,0.5863036075329889,62.69177859463202
Train-S,Test-3,42,C025-R075,0.48895689114487273,0.6586719389408984,25.766248379871232
Train-S,Test-3,42,C050-R050,0.5776324736917612,0.7075254662517191,18.358772758823267
Train-S,Test-3,42,C075-R025,0.5744827638582827,0.6944065664691927,17.269969554101337
Train-S,Test-3,42,C100-R000,0.5838266978253389,0.7165962729392054,18.527807096916113
Train-S,Test-3,43,C000-R100,0.20222634687523575,0.5332965107060915,62.079941868082834
Train-S,Test-3,43,C025-R075,0.4284845163877284,0.5988421589585621,28.447837217590067
Train-S,Test-3,43,C050-R050,0.46442002827034234,0.6243027369491475,25.609804220965376
Train-S,Test-3,43,C075-R025,0.5276355714436208,0.668883578423494,21.11697932737168
Train-S,Test-3,43,C100-R000,0.5095440343869205,0.6644748667181847,23.31628178752064
Train-S,Test-3,44,C000-R100,0.24046930248745305,0.5988973396435507,59.84799287460943
Train-S,Test-3,44,C025-R075,0.5390453214426305,0.6764356529222755,20.3109240156257
Train-S,Test-3,44,C050-R050,0.6058487441322872,0.7255033460615063,16.49263267754456
Train-S,Test-3,44,C075-R025,0.6330418581740637,0.7211664976989346,12.219735637478312
Train-S,Test-3,44,C100-R000,0.6450298316156496,0.7683076682155296,16.045373708973248
Train-S,Test-3,45,C000-R100,0.18168451517936135,0.4881435399295599,62.780514271359856
Train-S,Test-3,45,C025-R075,0.45137896177768444,0.5791075503478386,22.05610831587923
Train-S,Test-3,45,C050-R050,0.5549670545559139,0.6805340410552935,18.451242542498658
Train-S,Test-3,45,C075-R025,0.6156024167881643,0.7355339145608454,16.305366129077388
Train-S,Test-3,45,C100-R000,0.6443421116081649,0.7471228009690817,13.7568669069665
Train-S,Test-3,46,C000-R100,0.21758440654465291,0.5458959744253105,60.14178218227128
Train-S,Test-3,46,C025-R075,0.4610874689653032,0.6044348192491259,23.715931928259767
Train-S,Test-3,46,C050-R050,0.5201635598429505,0.6679824889056573,22.129162293591804
Train-S,Test-3,46,C075-R025,0.5781261429399459,0.6600942820337776,12.41764113473071
Train-S,Test-3,46,C100-R000,0.5740674566252041,0.6700640196726059,14.32647631107037
Train-S,Test-3,47,C000-R100,0.24197605310059064,0.6312151079951619,61.66504096057768
Train-S,Test-3,47,C025-R075,0.48175823776361465,0.6938653953831558,30.568919999593664
Train-S,Test-3,47,C050-R050,0.5835951883483179,0.7387285440963222,21.000048933776753
Train-S,Test-3,47,C075-R025,0.6072729811189387,0.7582537612826199,19.91164276037227
Train-S,Test-3,47,C100-R000,0.5687977375359702,0.6220048400352424,8.554129980123227
Train-S,Test-3,48,C000-R100,0.20624691696723696,0.5408895180005898,61.86893809115893
Train-S,Test-3,48,C025-R075,0.4566176221586469,0.594778300150066,23.228937228638035
Train-S,Test-3,48,C050-R050,0.5244242499874806,0.6418841018931849,18.299230586840526
Train-S,Test-3,48,C075-R025,0.5452401041964324,0.6792260847683695,19.726271351552874
Train-S,Test-3,48,C100-R000,0.5085715344677871,0.6971783059177893,27.05287440086274
Train-S,Test-3,49,C000-R100,0.24961441082548985,0.6203803984815548,59.76429760894333
Train-S,Test-3,49,C025-R075,0.4850974841357978,0.6854105806109265,29.225270537344755
Train-S,Test-3,49,C050-R050,0.5613961671319451,0.6731806938895505,16.605426711174523
Train-S,Test-3,49,C075-R025,0.5815748194325719,0.6428710331817409,9.534760563996416
Train-S,Test-3,49,C100-R000,0.5488585135899511,0.6699240863682063,18.071536050386865
Train-S,Test-4,0,C000-R100,0.3079045754014151,0.5954851381417464,48.29349119236575
Train-S,Test-4,0,C025-R075,0.47380313193074747,0.6763265103377161,29.94461629277859
Train-S,Test-4,0,C050-R050,0.5664793683336207,0.7114509172797779,20.376886925728318
Train-S,Test-4,0,C075-R025,0.6014062491107339,0.7578092689787299,20.638837009578182
Train-S,Test-4,0,C100-R000,0.6486503290784688,0.7763163628051825,16.44510406368333
Train-S,Test-4,1,C000-R100,0.3091738620070774,0.6084287001735423,49.18486555303988
Train-S,Test-4,1,C025-R075,0.4963519063615874,0.6951420621707713,28.5970547068332
Train-S,Test-4,1,C050-R050,0.556803244727422,0.708336142823148,21.392794880094037
Train-S,Test-4,1,C075-R025,0.6239191503512372,0.7578614355752049,17.67371697997901
Train-S,Test-4,1,C100-R000,0.6815999145059807,0.7789135764398459,12.493512101644644
Train-S,Test-4,2,C000-R100,0.36733593905287254,0.7161395877115694,48.70609789542596
Train-S,Test-4,2,C025-R075,0.5673772181764555,0.8075443478634835,29.74042606111195
Train-S,Test-4,2,C050-R050,0.6444920006079867,0.8326440408189631,22.59693590383663
Train-S,Test-4,2,C075-R025,0.6961018988839428,0.8483040270011896,17.941931580272144
Train-S,Test-4,2,C100-R000,0.6914601114040515,0.8529687817107711,18.934886454201408
Train-S,Test-4,3,C000-R100,0.37533220884354135,0.7043462394435037,46.71197376732113
Train-S,Test-4,3,C025-R075,0.5305875283197361,0.7396203039712411,28.262173784189798
Train-S,Test-4,3,C050-R050,0.5869165192624036,0.7791907354508698,24.676142495098958
Train-S,Test-4,3,C075-R025,0.6275210178116223,0.7792545986995898,19.47163111275552
Train-S,Test-4,3,C100-R000,0.61781916750673,0.7865110864501346,21.448129829267156
Train-S,Test-4,4,C000-R100,0.3535862614066064,0.7316188761077979,51.67070274516695
Train-S,Test-4,4,C025-R075,0.5627226949761254,0.7639438576017602,26.33978408535491
Train-S,Test-4,4,C050-R050,0.6241295309683496,0.8136343053561802,23.29114850987904
Train-S,Test-4,4,C075-R025,0.6802332829696004,0.8619466689390634,21.081743513566437
Train-S,Test-4,4,C100-R000,0.7249878543219914,0.8622728853838028,15.921297467298299
Train-S,Test-4,5,C000-R100,0.35356555958335467,0.6492132379577401,45.53937921913267
Train-S,Test-4,5,C025-R075,0.5455766879088828,0.7006115956140883,22.12851010113769
Train-S,Test-4,5,C050-R050,0.6119653855190714,0.7569985775331447,19.158978143221557
Train-S,Test-4,5,C075-R025,0.6621110671104748,0.813275889244251,18.587151559878205
Train-S,Test-4,5,C100-R000,0.6486056132825005,0.8526158472979869,23.927567692063473
Train-S,Test-4,6,C000-R100,0.2767924818093906,0.5554089065112461,50.16419820343915
Train-S,Test-4,6,C025-R075,0.4122941652519078,0.6392914343923807,35.50763500471801
Train-S,Test-4,6,C050-R050,0.4803636885946368,0.6713049251186126,28.443294452254836
Train-S,Test-4,6,C075-R025,0.48147309839593094,0.7300714266535483,34.0512337809364
Train-S,Test-4,6,C100-R000,0.47207772474154536,0.7432025214129796,36.480607756277614
Train-S,Test-4,7,C000-R100,0.3374741099992298,0.6925369295816733,51.26987521039767
Train-S,Test-4,7,C025-R075,0.5091063948269411,0.7471152815254056,31.857049719624968
Train-S,Test-4,7,C050-R050,0.5831720947044214,0.7850352761749303,25.713899438262626
Train-S,Test-4,7,C075-R025,0.6562834480394868,0.7764785944803121,15.479518340266738
Train-S,Test-4,7,C100-R000,0.6773578253821415,0.8245492682570301,17.85113983376986
Train-S,Test-4,8,C000-R100,0.34357711960447473,0.6928664423457569,50.4122153121941
Train-S,Test-4,8,C025-R075,0.538135395654935,0.7497144158306047,28.221282091963307
Train-S,Test-4,8,C050-R050,0.5976308983186683,0.7689721766979399,22.281856687589386
Train-S,Test-4,8,C075-R025,0.6269428275474128,0.8058867749904916,22.204601563934343
Train-S,Test-4,8,C100-R000,0.6263994375485004,0.8027728302872038,21.970523426360018
Train-S,Test-4,9,C000-R100,0.3472151662348022,0.6710394259221859,48.25711384131616
Train-S,Test-4,9,C025-R075,0.5426276995960237,0.7179571818222863,24.420604273537485
Train-S,Test-4,9,C050-R050,0.6293509900951992,0.7675169478720045,18.001681677503054
Train-S,Test-4,9,C075-R025,0.6822446091023155,0.8091049820318409,15.679099220344806
Train-S,Test-4,9,C100-R000,0.6815708782585207,0.8167335965567107,16.54918064691182
Train-S,Test-4,10,C000-R100,0.37071336356462375,0.7468291677511375,50.36169186041286
Train-S,Test-4,10,C025-R075,0.5432988485174891,0.7877387928598272,31.0305835586587
Train-S,Test-4,10,C050-R050,0.6099952312699951,0.820878989926782,25.689993439300547
Train-S,Test-4,10,C075-R025,0.6862529576172197,0.8316028490772213,17.4782820454845
Train-S,Test-4,10,C100-R000,0.7113254388752308,0.856770724458316,16.975986857515636
Train-S,Test-4,11,C000-R100,0.33953195660449254,0.6562967615748239,48.26548346973936
Train-S,Test-4,11,C025-R075,0.5124994495552588,0.7113901179732683,27.95803081783646
Train-S,Test-4,11,C050-R050,0.5883570122623827,0.7392444284277581,20.411031908118154
Train-S,Test-4,11,C075-R025,0.6219728097847029,0.7521152432436627,17.30352291461238
Train-S,Test-4,11,C100-R000,0.6290354327072469,0.7528108501730478,16.441768531543982
Train-S,Test-4,12,C000-R100,0.3316127032680825,0.6700972911783696,50.51275275491118
Train-S,Test-4,12,C025-R075,0.5118095366359631,0.7428762980773097,31.104338910715924
Train-S,Test-4,12,C050-R050,0.6085036735673275,0.7676815477937287,20.734883453154364
Train-S,Test-4,12,C075-R025,0.6658152573152011,0.7960640149778482,16.361593441234934
Train-S,Test-4,12,C100-R000,0.6754433877660501,0.8156985145739867,17.194481086089436
Train-S,Test-4,13,C000-R100,0.32338699277322847,0.6378613201389017,49.30136338995956
Train-S,Test-4,13,C025-R075,0.47989788065919653,0.6904891538721977,30.49885317271463
Train-S,Test-4,13,C050-R050,0.5536635681402856,0.7267760406242895,23.819232171619596
Train-S,Test-4,13,C075-R025,0.5958114101085471,0.7603940825473465,21.64439153543144
Train-S,Test-4,13,C100-R000,0.62861504015741,0.7957121812825992,20.999696253970537
Train-S,Test-4,14,C000-R100,0.3663447225437646,0.6754159688710032,45.760133098995134
Train-S,Test-4,14,C025-R075,0.5371684565860942,0.6940353766512013,22.60215045838262
Train-S,Test-4,14,C050-R050,0.6185757614360655,0.769489605227332,19.612200446383117
Train-S,Test-4,14,C075-R025,0.668165869569041,0.7755839387815356,13.84996050604806
Train-S,Test-4,14,C100-R000,0.6468473752537611,0.7881283281835612,17.926135614921662
Train-S,Test-4,15,C000-R100,0.34743393958157504,0.7093279377809032,51.019278802340054
Train-S,Test-4,15,C025-R075,0.5046194864381944,0.7651971232276162,34.05366132197417
Train-S,Test-4,15,C050-R050,0.5786178095709659,0.7974318170626781,27.43983909467127
Train-S,Test-4,15,C075-R025,0.6064664272343058,0.8202588288673125,26.064017125939454
Train-S,Test-4,15,C100-R000,0.5651043485746343,0.826679780360756,31.64168738613304
Train-S,Test-4,16,C000-R100,0.3488853535981773,0.656963320145142,46.89424159615205
Train-S,Test-4,16,C025-R075,0.500315345788541,0.7289907293473074,31.368764286413903
Train-S,Test-4,16,C050-R050,0.5595385541917818,0.7587887589349442,26.258982147130812
Train-S,Test-4,16,C075-R025,0.6235252511130968,0.7834475148929302,20.412632721374983
Train-S,Test-4,16,C100-R000,0.6500646893744605,0.8088677463807574,19.6327592139573
Train-S,Test-4,17,C000-R100,0.3644389948546947,0.7118873027755986,48.8066448953686
Train-S,Test-4,17,C025-R075,0.5562793529093519,0.7676753185251349,27.537158029506397
Train-S,Test-4,17,C050-R050,0.624610469757351,0.7861809844417663,20.551312977779492
Train-S,Test-4,17,C075-R025,0.6730399841454465,0.8280787519353087,18.722708127399713
Train-S,Test-4,17,C100-R000,0.678014941990313,0.8204046654623424,17.356035316033346
Train-S,Test-4,18,C000-R100,0.3186593233122385,0.6121129962203019,47.941094980843744
Train-S,Test-4,18,C025-R075,0.48946970154419095,0.6904219292593915,29.105713361503444
Train-S,Test-4,18,C050-R050,0.5797585391452542,0.7542211802910872,23.131495866835795
Train-S,Test-4,18,C075-R025,0.6381127129923747,0.7787422059035617,18.058542588945325
Train-S,Test-4,18,C100-R000,0.6595361836065123,0.8158426351577875,19.15889717151701
Train-S,Test-4,19,C000-R100,0.3547376129639533,0.6748418093117922,47.433960363878924
Train-S,Test-4,19,C025-R075,0.5330294657594967,0.729678040414413,26.950046974585085
Train-S,Test-4,19,C050-R050,0.6119704069306904,0.7833468823973989,21.87746952438469
Train-S,Test-4,19,C075-R025,0.6581213708939457,0.7844876409411096,16.10812757936743
Train-S,Test-4,19,C100-R000,0.6885202983720821,0.8053568588213053,14.507427256560709
Train-S,Test-4,20,C000-R100,0.3284314433799694,0.6503267621217454,49.49747380710055
Train-S,Test-4,20,C025-R075,0.5024271143961058,0.7483793731979048,32.86464961625263
Train-S,Test-4,20,C050-R050,0.5639890081138724,0.7540446033034963,25.20482135366841
Train-S,Test-4,20,C075-R025,0.5936928606328548,0.7687934875899551,22.776028905501384
Train-S,Test-4,20,C100-R000,0.6199588747225043,0.7693607835783595,19.418965983809926
Train-S,Test-4,21,C000-R100,0.3563471729510333,0.72041046313083,50.53553617164511
Train-S,Test-4,21,C025-R075,0.5328410612477658,0.7594415870084613,29.837782080555314
Train-S,Test-4,21,C050-R050,0.6190238588043784,0.7937396313077049,22.011723443300685
Train-S,Test-4,21,C075-R025,0.666162237079941,0.8152751497247591,18.28988810650727
Train-S,Test-4,21,C100-R000,0.7204853361610253,0.8192411889713686,12.054551716856446
Train-S,Test-4,22,C000-R100,0.381387190168299,0.7228785885167488,47.24049152557485
Train-S,Test-4,22,C025-R075,0.5475405199799274,0.7417227803123351,26.179897056773516
Train-S,Test-4,22,C050-R050,0.6235109320358552,0.7717524984598393,19.20843362604266
Train-S,Test-4,22,C075-R025,0.6818853853905451,0.803176734228594,15.101451980496227
Train-S,Test-4,22,C100-R000,0.7033951021805563,0.8093102042733719,13.08708348585694
Train-S,Test-4,23,C000-R100,0.355298686669304,0.6772917164385605,47.541262052105075
Train-S,Test-4,23,C025-R075,0.5131254838384911,0.7350404302856323,30.190849006891547
Train-S,Test-4,23,C050-R050,0.6190725916338911,0.7895941933767459,21.596106350986343
Train-S,Test-4,23,C075-R025,0.6185511570431413,0.8053319042654433,23.193014735044905
Train-S,Test-4,23,C100-R000,0.6093130428009781,0.848510888316877,28.19030949507042
Train-S,Test-4,24,C000-R100,0.35660625414103125,0.6546363111789687,45.5260504112886
Train-S,Test-4,24,C025-R075,0.5365739936907853,0.7416038635519978,27.64681792233365
Train-S,Test-4,24,C050-R050,0.5800490302036451,0.7708257250110915,24.749653341512612
Train-S,Test-4,24,C075-R025,0.6440997580452085,0.7819227691630521,17.626166746028574
Train-S,Test-4,24,C100-R000,0.65839063787209,0.8029038835276961,17.998822601363244
Train-S,Test-4,25,C000-R100,0.28998256050641547,0.5549298804229646,47.74428792960432
Train-S,Test-4,25,C025-R075,0.43687711935023676,0.6485703465780414,32.6399793553207
Train-S,Test-4,25,C050-R050,0.5026496762824874,0.6958453480452634,27.764168044737588
Train-S,Test-4,25,C075-R025,0.565493558638645,0.707355738415024,20.055280825776624
Train-S,Test-4,25,C100-R000,0.6123615201598839,0.7427077140692845,17.550133308194116
Train-S,Test-4,26,C000-R100,0.37217796337769976,0.7044910074640821,47.17065804467704
Train-S,Test-4,26,C025-R075,0.574908554111329,0.7404667476392787,22.35862637394245
Train-S,Test-4,26,C050-R050,0.6290837990905648,0.7759029688843926,18.922362161460356
Train-S,Test-4,26,C075-R025,0.6625062637643498,0.8262853133843739,19.821125580606424
Train-S,Test-4,26,C100-R000,0.6376253177506116,0.8387143601881982,23.975867349220596
Train-S,Test-4,27,C000-R100,0.38346812473901215,0.729638092039619,47.44406454067231
Train-S,Test-4,27,C025-R075,0.5415948641715699,0.7757848044614025,30.187487424740382
Train-S,Test-4,27,C050-R050,0.6303730890981355,0.8117069693652516,22.339820540030317
Train-S,Test-4,27,C075-R025,0.6664175589301068,0.7838952767029573,14.986404595644293
Train-S,Test-4,27,C100-R000,0.6570530754121363,0.8020763273933579,18.08097895776677
Train-S,Test-4,28,C000-R100,0.3401654961334854,0.5936310308239623,42.69748741716984
Train-S,Test-4,28,C025-R075,0.5008644670691699,0.6799855949793029,26.341900362695924
Train-S,Test-4,28,C050-R050,0.5952241416299969,0.7133950427503329,16.564581198203296
Train-S,Test-4,28,C075-R025,0.6066398777497505,0.7805718743365245,22.28263691086921
Train-S,Test-4,28,C100-R000,0.655346312850695,0.7913545583089188,17.186764646793204
Train-S,Test-4,29,C000-R100,0.3597695615048571,0.7171950327943611,49.83657930491934
Train-S,Test-4,29,C025-R075,0.5257119753561846,0.7653590846594275,31.311722053953535
Train-S,Test-4,29,C050-R050,0.6072491518077314,0.7808528791163853,22.232578242537087
Train-S,Test-4,29,C075-R025,0.6604201005572785,0.8027401819451617,17.72928334582928
Train-S,Test-4,29,C100-R000,0.6588350346223276,0.8617600214924681,23.547737398945245
Train-S,Test-4,30,C000-R100,0.3575402381893113,0.6847528404906006,47.7855049227475
Train-S,Test-4,30,C025-R075,0.5236463530568379,0.7418803152431135,29.41633006056516
Train-S,Test-4,30,C050-R050,0.5989163186377838,0.7724152602720024,22.461873885443655
Train-S,Test-4,30,C075-R025,0.6481311189675684,0.7703690238276951,15.86744807738624
Train-S,Test-4,30,C100-R000,0.65967756782379,0.7893485206488043,16.427591796641547
Train-S,Test-4,31,C000-R100,0.36482980130096676,0.7298343192213413,50.01196960836223
Train-S,Test-4,31,C025-R075,0.5614351695053323,0.7866113370771824,28.626102492819243
Train-S,Test-4,31,C050-R050,0.6358134684133697,0.7875168896065139,19.26351335384609
Train-S,Test-4,31,C075-R025,0.6509020524392498,0.8099899630321565,19.640726163737778
Train-S,Test-4,31,C100-R000,0.6822978503104009,0.8208847298819402,16.882623653076216
Train-S,Test-4,32,C000-R100,0.35678668101533534,0.7022071717223511,49.1906811290149
Train-S,Test-4,32,C025-R075,0.5184448727039997,0.7390959479037275,29.85418548505817
Train-S,Test-4,32,C050-R050,0.5773589349280721,0.7732010328197564,25.32874240706527
Train-S,Test-4,32,C075-R025,0.6132220876916714,0.7453628271810366,17.728378002042536
Train-S,Test-4,32,C100-R000,0.6253203049896975,0.7572204369983743,17.418987333665953
Train-S,Test-4,33,C000-R100,0.3318935544676184,0.6705553538862956,50.50467458889355
Train-S,Test-4,33,C025-R075,0.5041321862400124,0.7190466458641991,29.888806360523084
Train-S,Test-4,33,C050-R050,0.5657325187843734,0.7755913266888546,27.05791061388063
Train-S,Test-4,33,C075-R025,0.6039499897775024,0.7895970311899311,23.511618468556886
Train-S,Test-4,33,C100-R000,0.6408317834996079,0.7831803815682038,18.175710400656833
Train-S,Test-4,34,C000-R100,0.36367016588507645,0.6670893658895812,45.484040897562096
Train-S,Test-4,34,C025-R075,0.5500009874969845,0.729728723785915,24.629390406407847
Train-S,Test-4,34,C050-R050,0.6020362471851708,0.7572661317809892,20.49872271862184
Train-S,Test-4,34,C075-R025,0.6499308371256893,0.8134342361571999,20.100383259491032
Train-S,Test-4,34,C100-R000,0.6521633883809348,0.7873255716715265,17.167254329569978
Train-S,Test-4,35,C000-R100,0.35902067318523906,0.7073144577049014,49.24171713523407
Train-S,Test-4,35,C025-R075,0.5131605552686224,0.7652489254110032,32.94200903411764
Train-S,Test-4,35,C050-R050,0.5809069040148618,0.7788421638533523,25.414040100140184
Train-S,Test-4,35,C075-R025,0.6142533066113159,0.7860326847231919,21.853973944145785
Train-S,Test-4,35,C100-R000,0.6145220175883688,0.7645483067801444,19.62286592767481
Train-S,Test-4,36,C000-R100,0.3895930807146964,0.7180834986476748,45.74543469549231
Train-S,Test-4,36,C025-R075,0.5759094926993705,0.742732649821438,22.460727579725198
Train-S,Test-4,36,C050-R050,0.6143516521929682,0.7754698838138453,20.77685220069155
Train-S,Test-4,36,C075-R025,0.6753160590450463,0.7795033274282921,13.365852937020353
Train-S,Test-4,36,C100-R000,0.6687959431699696,0.7959789805360358,15.97819043920197
Train-S,Test-4,37,C000-R100,0.34186911113348817,0.7067378913041226,51.627171071491986
Train-S,Test-4,37,C025-R075,0.5269659711556772,0.739583172417556,28.74824755231704
Train-S,Test-4,37,C050-R050,0.5936174294688601,0.7603839477864298,21.931883070789084
Train-S,Test-4,37,C075-R025,0.6479175485209606,0.8181579871765526,20.807770788022065
Train-S,Test-4,37,C100-R000,0.6975019069653673,0.8326286035763921,16.22892800350777
Train-S,Test-4,38,C000-R100,0.3782568026248037,0.694896313636391,45.566439884335175
Train-S,Test-4,38,C025-R075,0.5564885236148834,0.73347205674796,24.129553608051452
Train-S,Test-4,38,C050-R050,0.607443891493355,0.7582423233381448,19.887894305464656
Train-S,Test-4,38,C075-R025,0.6258188185068564,0.7891940599781627,20.701529542154308
Train-S,Test-4,38,C100-R000,0.6522514422474481,0.7840930335021467,16.814534197023644
Train-S,Test-4,39,C000-R100,0.38665074842281516,0.7083105899652707,45.412259268667285
Train-S,Test-4,39,C025-R075,0.5638369834593523,0.7704537697120143,26.81754498130273
Train-S,Test-4,39,C050-R050,0.6514832986952532,0.8005178467357994,18.617267391133264
Train-S,Test-4,39,C075-R025,0.6725669999865334,0.8250389043184031,18.480571465636853
Train-S,Test-4,39,C100-R000,0.6958457854396788,0.8159771581651988,14.722394067457312
Train-S,Test-4,40,C000-R100,0.3507336848874962,0.6554521607680551,46.48981178481303
Train-S,Test-4,40,C025-R075,0.5049651577734667,0.6963818372924498,27.487316479019036
Train-S,Test-4,40,C050-R050,0.5872524720312878,0.7356953114672781,20.17721699760929
Train-S,Test-4,40,C075-R025,0.616607833728423,0.788227701465433,21.772879514123016
Train-S,Test-4,40,C100-R000,0.6406299796677226,0.8122126897778185,21.12534220033332
Train-S,Test-4,41,C000-R100,0.37842803220943494,0.6678926968626575,43.339995483248536
Train-S,Test-4,41,C025-R075,0.5592356918804747,0.7524988261729036,25.682848606599997
Train-S,Test-4,41,C050-R050,0.6154299760293084,0.7752475037998631,20.615032874947893
Train-S,Test-4,41,C075-R025,0.6442964695045397,0.8088759421690335,20.346689039009778
Train-S,Test-4,41,C100-R000,0.6718361916402283,0.7933140525691741,15.312707563358499
Train-S,Test-4,42,C000-R100,0.3317937665105515,0.6690322990981828,50.40691354396635
Train-S,Test-4,42,C025-R075,0.5079296720228778,0.7425264156633212,31.594397006182078
Train-S,Test-4,42,C050-R050,0.591716659061333,0.7527035894664639,21.387825520965386
Train-S,Test-4,42,C075-R025,0.6335125525086829,0.7965384707890797,20.466797808133165
Train-S,Test-4,42,C100-R000,0.6615991491013626,0.8072969818844103,18.047612719046295
Train-S,Test-4,43,C000-R100,0.3157950952432205,0.6597584967080744,52.13474372533145
Train-S,Test-4,43,C025-R075,0.48466810432339114,0.684437951722484,29.18742990454344
Train-S,Test-4,43,C050-R050,0.5756708115119373,0.7283671479967571,20.96419874300805
Train-S,Test-4,43,C075-R025,0.6180665827530856,0.7408445297855878,16.572700761931266
Train-S,Test-4,43,C100-R000,0.6249227336023493,0.795320156846757,21.425010013576216
Train-S,Test-4,44,C000-R100,0.3539548243925907,0.7465378669241546,52.58715731983745
Train-S,Test-4,44,C025-R075,0.5252185479912781,0.7708958485516414,31.869065194986025
Train-S,Test-4,44,C050-R050,0.6028850566964058,0.8002408144598879,24.662045998826592
Train-S,Test-4,44,C075-R025,0.6509350348569497,0.8300930149963129,21.582880099305378
Train-S,Test-4,44,C100-R000,0.6424193663240019,0.8158853292852596,21.261071468611796
Train-S,Test-4,45,C000-R100,0.3588625562731173,0.7189672969179391,50.08638670889688
Train-S,Test-4,45,C025-R075,0.5413943482003464,0.7645390007566308,29.186823999226718
Train-S,Test-4,45,C050-R050,0.6227183910033549,0.7985869510011986,22.02246853362117
Train-S,Test-4,45,C075-R025,0.6734590678807862,0.8465310911662992,20.44485135768195
Train-S,Test-4,45,C100-R000,0.7284903520956885,0.8250835795926789,11.707083971380914
Train-S,Test-4,46,C000-R100,0.3394168191181226,0.6708030190316959,49.40141748197992
Train-S,Test-4,46,C025-R075,0.4820843180582295,0.7356150818155528,34.46513944923349
Train-S,Test-4,46,C050-R050,0.5817394080730796,0.7595323805231405,23.4082149766417
Train-S,Test-4,46,C075-R025,0.6393123851967657,0.7824930260626327,18.298008556871977
Train-S,Test-4,46,C100-R000,0.6609743037482274,0.7875483842370733,16.07191164660477
Train-S,Test-4,47,C000-R100,0.32354292878882857,0.6689265987731451,51.632521508005915
Train-S,Test-4,47,C025-R075,0.49783182816978205,0.728138575514913,31.629521507257934
Train-S,Test-4,47,C050-R050,0.5873103705537913,0.775365470381435,24.2537367230361
Train-S,Test-4,47,C075-R025,0.6396118207131827,0.7801250017152404,18.01162386708733
Train-S,Test-4,47,C100-R000,0.6774620472407391,0.8066368774065191,16.01400007660201
Train-S,Test-4,48,C000-R100,0.3832401226281541,0.7103913806494885,46.052256112993696
Train-S,Test-4,48,C025-R075,0.570170799631254,0.7874157694759022,27.589613805835345
Train-S,Test-4,48,C050-R050,0.6404881044558971,0.845901282504908,24.28335105968102
Train-S,Test-4,48,C075-R025,0.6759085729819435,0.8170126216704392,17.270730579412426
Train-S,Test-4,48,C100-R000,0.6737904234464636,0.8210135733081173,17.931877699469233
Train-S,Test-4,49,C000-R100,0.3579688929544658,0.6844274136705977,47.698048645557364
Train-S,Test-4,49,C025-R075,0.5189648887133996,0.7398007801207006,29.85072432219806
Train-S,Test-4,49,C050-R050,0.5852658503342321,0.7470102469802463,21.652232656761853
Train-S,Test-4,49,C075-R025,0.6011028204634788,0.7974359146950314,24.620548261440856
Train-S,Test-4,49,C100-R000,0.5941814373843004,0.7840509445274794,24.21647578750215
