method,model_id,test_scale,preference_id,cost_weight,risk_weight,n_instances_total,n_instances_quality,strict_feasible_rate,all_restarts_feasible_rate,terminal_clear_rate,technical_failure_rate,missing_rate,cost_mean,cost_sd,cost_conditional_mean,cost_conditional_sd,cost_median,cost_q1,cost_q3,cost_conditional_median,cost_conditional_q1,cost_conditional_q3,risk_mean,risk_sd,risk_conditional_mean,risk_conditional_sd,risk_median,risk_q1,risk_q3,risk_conditional_median,risk_conditional_q1,risk_conditional_q3,normalized_cost_mean,normalized_cost_sd,normalized_cost_conditional_mean,normalized_cost_conditional_sd,normalized_cost_median,normalized_cost_q1,normalized_cost_q3,normalized_cost_conditional_median,normalized_cost_conditional_q1,normalized_cost_conditional_q3,normalized_risk_mean,normalized_risk_sd,normalized_risk_conditional_mean,normalized_risk_conditional_sd,normalized_risk_median,normalized_risk_q1,normalized_risk_q3,normalized_risk_conditional_median,normalized_risk_conditional_q1,normalized_risk_conditional_q3,weighted_objective_raw_mean,weighted_objective_raw_sd,weighted_objective_raw_conditional_mean,weighted_objective_raw_conditional_sd,weighted_objective_raw_median,weighted_objective_raw_q1,weighted_objective_raw_q3,weighted_objective_raw_conditional_median,weighted_objective_raw_conditional_q1,weighted_objective_raw_conditional_q3,weighted_objective_normalized_mean,weighted_objective_normalized_sd,weighted_objective_normalized_conditional_mean,weighted_objective_normalized_conditional_sd,weighted_objective_normalized_median,weighted_objective_normalized_q1,weighted_objective_normalized_q3,weighted_objective_normalized_conditional_median,weighted_objective_normalized_conditional_q1,weighted_objective_normalized_conditional_q3,fixed_cost_mean,fixed_cost_sd,fixed_cost_conditional_mean,fixed_cost_conditional_sd,fixed_cost_median,fixed_cost_q1,fixed_cost_q3,fixed_cost_conditional_median,fixed_cost_conditional_q1,fixed_cost_conditional_q3,distance_cost_mean,distance_cost_sd,distance_cost_conditional_mean,distance_cost_conditional_sd,distance_cost_median,distance_cost_q1,distance_cost_q3,distance_cost_conditional_median,distance_cost_conditional_q1,distance_cost_conditional_q3,processing_cost_mean,processing_cost_sd,processing_cost_conditional_mean,processing_cost_conditional_sd,processing_cost_median,processing_cost_q1,processing_cost_q3,processing_cost_conditional_median,processing_cost_conditional_q1,processing_cost_conditional_q3,transport_risk_mean,transport_risk_sd,transport_risk_conditional_mean,transport_risk_conditional_sd,transport_risk_median,transport_risk_q1,transport_risk_q3,transport_risk_conditional_median,transport_risk_conditional_q1,transport_risk_conditional_q3,coload_risk_mean,coload_risk_sd,coload_risk_conditional_mean,coload_risk_conditional_sd,coload_risk_median,coload_risk_q1,coload_risk_q3,coload_risk_conditional_median,coload_risk_conditional_q1,coload_risk_conditional_q3,producer_inventory_risk_mean,producer_inventory_risk_sd,producer_inventory_risk_conditional_mean,producer_inventory_risk_conditional_sd,producer_inventory_risk_median,producer_inventory_risk_q1,producer_inventory_risk_q3,producer_inventory_risk_conditional_median,producer_inventory_risk_conditional_q1,producer_inventory_risk_conditional_q3,facility_inventory_risk_mean,facility_inventory_risk_sd,facility_inventory_risk_conditional_mean,facility_inventory_risk_conditional_sd,facility_inventory_risk_median,facility_inventory_risk_q1,facility_inventory_risk_q3,facility_inventory_risk_conditional_median,facility_inventory_risk_conditional_q1,facility_inventory_risk_conditional_q3,runtime_seconds_mean,runtime_seconds_sd,runtime_seconds_conditional_mean,runtime_seconds_conditional_sd,runtime_seconds_median,runtime_seconds_q1,runtime_seconds_q3,runtime_seconds_conditional_median,runtime_seconds_conditional_q1,runtime_seconds_conditional_q3,successful_runtime_seconds_conditional_mean,successful_runtime_seconds_conditional_sd,successful_runtime_seconds_conditional_conditional_mean,successful_runtime_seconds_conditional_conditional_sd,successful_runtime_seconds_conditional_median,successful_runtime_seconds_conditional_q1,successful_runtime_seconds_conditional_q3,successful_runtime_seconds_conditional_conditional_median,successful_runtime_seconds_conditional_conditional_q1,successful_runtime_seconds_conditional_conditional_q3,failed_runtime_seconds_conditional_mean,failed_runtime_seconds_conditional_sd,failed_runtime_seconds_conditional_conditional_mean,failed_runtime_seconds_conditional_conditional_sd,failed_runtime_seconds_conditional_median,failed_runtime_seconds_conditional_q1,failed_runtime_seconds_conditional_q3,failed_runtime_seconds_conditional_conditional_median,failed_runtime_seconds_conditional_conditional_q1,failed_runtime_seconds_conditional_conditional_q3
ga,GA,Test-1,C000-R100,0.0,1.0,50,50,1.0,1.0,1.0,0.0,0.0,1489.3177458933333,212.38579731274902,1489.3177458933333,212.38579731274902,1449.1849465,1375.1313879999998,1590.8169104999997,1449.1849465,1375.1313879999998,1590.8169104999997,7.913578927079827,2.193801038018899,7.913578927079827,2.193801038018899,7.569218686090936,6.463611858203542,8.796043022247382,7.569218686090936,6.463611858203542,8.796043022247382,0.9635829841467206,0.0975831804105465,0.9635829841467206,0.0975831804105465,0.9812600954191815,0.9008127063445721,1.0176634718320479,0.9812600954191815,0.9008127063445721,1.0176634718320479,0.6933072209123766,0.12155766523706628,0.6933072209123766,0.12155766523706628,0.6843434001870797,0.6277251361000906,0.7587842724292667,0.6843434001870797,0.6277251361000906,0.7587842724292667,7.913578927079827,2.193801038018899,7.913578927079827,2.193801038018899,7.569218686090936,6.463611858203542,8.796043022247382,7.569218686090936,6.463611858203542,8.796043022247382,0.6933072209123766,0.12155766523706628,0.6933072209123766,0.12155766523706628,0.6843434001870797,0.6277251361000906,0.7587842724292667,0.6843434001870797,0.6277251361000906,0.7587842724292667,129.33333333333334,21.966785894611043,129.33333333333334,21.966785894611043,133.33333333333334,100.0,150.0,133.33333333333334,100.0,150.0,1185.74696,201.3468516857253,1185.74696,201.3468516857253,1152.5140000000001,1070.4827500000001,1292.24325,1152.5140000000001,1070.4827500000001,1292.24325,174.23745255999998,53.889363134234664,174.23745255999998,53.889363134234664,161.3731625,143.01730725,193.95909875,161.3731625,143.01730725,193.95909875,3.1732030350571834,1.5476069384458921,3.1732030350571834,1.5476069384458921,2.864542604251829,2.2633006847969632,3.6831011853343685,2.864542604251829,2.2633006847969632,3.6831011853343685,0.11214469202264446,0.10897554074845764,0.11214469202264446,0.10897554074845764,0.083187591174152,0.030093665682228002,0.16912050170712145,0.083187591174152,0.030093665682228002,0.16912050170712145,4.6282312,1.2604347422977615,4.6282312,1.2604347422977615,4.6074195,3.7446735,5.3320185,4.6074195,3.7446735,5.3320185,0.0,0.0,0.0,0.0,0.0,0.0,0.0,0.0,0.0,0.0,1.147035561989372,0.08498754398050742,1.147035561989372,0.08498754398050742,1.1548205166473053,1.0982678750006016,1.2191428833563502,1.1548205166473053,1.0982678750006016,1.2191428833563502,1.147035561989372,0.08498754398050742,1.147035561989372,0.08498754398050742,1.1548205166473053,1.0982678750006016,1.2191428833563502,1.1548205166473053,1.0982678750006016,1.2191428833563502,,,,,,,,,,
ga,GA,Test-1,C025-R075,0.25,0.75,50,50,1.0,1.0,1.0,0.0,0.0,1394.6668957333334,171.48533835003187,1394.6668957333334,171.48533835003187,1397.0517696666666,1295.9098425,1500.3990743333334,1397.0517696666666,1295.9098425,1500.3990743333334,7.98753652306659,2.211807388108206,7.98753652306659,2.211807388108206,7.720644275357914,6.420712540889621,9.063840232057954,7.720644275357914,6.420712540889621,9.063840232057954,0.9043365272898337,0.09137079087483439,0.9043365272898337,0.09137079087483439,0.915053418071595,0.8453361270259856,0.9851843965829594,0.915053418071595,0.8453361270259856,0.9851843965829594,0.6996413120012425,0.12043205226202629,0.6996413120012425,0.12043205226202629,0.7073238259737066,0.623475753895064,0.7586712074958012,0.7073238259737066,0.623475753895064,0.7586712074958012,354.6573763256333,43.60424748158266,354.6573763256333,43.60424748158266,355.192409861972,329.75380599744204,379.5914650094852,355.192409861972,329.75380599744204,379.5914650094852,0.7508151158233902,0.10246148383029338,0.7508151158233902,0.10246148383029338,0.7593899242834934,0.6896905799927028,0.8129351959785289,0.7593899242834934,0.6896905799927028,0.8129351959785289,118.66666666666669,22.49716535431946,118.66666666666669,22.49716535431946,100.0,100.0,150.0,100.0,100.0,150.0,1101.94494,165.64319342359877,1101.94494,165.64319342359877,1108.2285000000002,984.6719999999998,1192.7227500000001,1108.2285000000002,984.6719999999998,1192.7227500000001,174.0552890666667,53.76785393159201,174.0552890666667,53.76785393159201,161.4060166666667,143.49422125,193.2386875,161.4060166666667,143.49422125,193.2386875,3.2342526259822986,1.5635519132495896,3.2342526259822986,1.5635519132495896,2.8424997606514824,2.3124218827149967,3.692016006202902,2.8424997606514824,2.3124218827149967,3.692016006202902,0.12505269708429156,0.13657692027282609,0.12505269708429156,0.13657692027282609,0.08399029679272935,0.01845488956211333,0.173432376394497,0.08399029679272935,0.01845488956211333,0.173432376394497,4.6282312,1.2604347422977615,4.6282312,1.2604347422977615,4.6074195,3.7446735,5.3320185,4.6074195,3.7446735,5.3320185,0.0,0.0,0.0,0.0,0.0,0.0,0.0,0.0,0.0,0.0,1.146767618668576,0.07459166833832602,1.146767618668576,0.07459166833832602,1.1360966999976276,1.0947844499896746,1.2023890083267663,1.1360966999976276,1.0947844499896746,1.2023890083267663,1.146767618668576,0.07459166833832602,1.146767618668576,0.07459166833832602,1.1360966999976276,1.0947844499896746,1.2023890083267663,1.1360966999976276,1.0947844499896746,1.2023890083267663,,,,,,,,,,
ga,GA,Test-1,C050-R050,0.5,0.5,50,50,1.0,1.0,1.0,0.0,0.0,1328.7864158533332,174.13773387054252,1328.7864158533332,174.13773387054252,1336.4254044999998,1201.46815975,1480.4348545000003,1336.4254044999998,1201.46815975,1480.4348545000003,8.29644929221881,2.2176603513992874,8.29644929221881,2.2176603513992874,8.0413532422352,6.6517588062789486,9.595035849488749,8.0413532422352,6.6517588062789486,9.595035849488749,0.8622001931824722,0.10351166289553462,0.8622001931824722,0.10351166289553462,0.8565646208359375,0.777248488980921,0.9404862979182778,0.8565646208359375,0.777248488980921,0.9404862979182778,0.727717967825326,0.12054346130204695,0.727717967825326,0.12054346130204695,0.7340728250484394,0.6473689728533828,0.7994846987216544,0.7340728250484394,0.6473689728533828,0.7994846987216544,668.5414325727761,87.56776197789468,668.5414325727761,87.56776197789468,672.5506036627561,605.4630706030226,744.4915628902368,672.5506036627561,605.4630706030226,744.4915628902368,0.7949590805038992,0.09075100423657312,0.7949590805038992,0.09075100423657312,0.7975688576664146,0.7427681894304801,0.8534265399064253,0.7975688576664146,0.7427681894304801,0.8534265399064253,106.33333333333334,14.241996598798268,106.33333333333334,14.241996598798268,100.0,100.0,100.0,100.0,100.0,100.0,1048.42652,161.20826588738544,1048.42652,161.20826588738544,1069.1729999999998,938.4142499999998,1165.9135,1069.1729999999998,938.4142499999998,1165.9135,174.02656252,54.114494571300376,174.02656252,54.114494571300376,159.3241,144.024231,193.2386875,159.3241,144.024231,193.2386875,3.51843940656742,1.5248246609247962,3.51843940656742,1.5248246609247962,3.172704913232054,2.5823217265198246,4.060440265417335,3.172704913232054,2.5823217265198246,4.060440265417335,0.14977868565139194,0.17576000519037963,0.14977868565139194,0.17576000519037963,0.08812352939311602,0.0,0.24593151815136277,0.08812352939311602,0.0,0.24593151815136277,4.6282312,1.2604347422977615,4.6282312,1.2604347422977615,4.6074195,3.7446735,5.3320185,4.6074195,3.7446735,5.3320185,0.0,0.0,0.0,0.0,0.0,0.0,0.0,0.0,0.0,0.0,1.1309576613331835,0.07175139436363702,1.1309576613331835,0.07175139436363702,1.1314296833200692,1.093049908328491,1.1865750416570031,1.1314296833200692,1.093049908328491,1.1865750416570031,1.1309576613331835,0.07175139436363702,1.1309576613331835,0.07175139436363702,1.1314296833200692,1.093049908328491,1.1865750416570031,1.1314296833200692,1.093049908328491,1.1865750416570031,,,,,,,,,,
ga,GA,Test-1,C075-R025,0.75,0.25,50,50,1.0,1.0,1.0,0.0,0.0,1304.54151204,174.11639475015178,1304.54151204,174.11639475015178,1336.4254044999998,1183.573872,1436.1587047499997,1336.4254044999998,1183.573872,1436.1587047499997,8.57881641654257,2.299194654769062,8.57881641654257,2.299194654769062,8.35697223488413,6.840721364702099,9.468292334752615,8.35697223488413,6.840721364702099,9.468292334752615,0.8468088661203421,0.1067365422034718,0.8468088661203421,0.1067365422034718,0.8538988059085919,0.7584780710794102,0.9184954323277444,0.8538988059085919,0.7584780710794102,0.9184954323277444,0.7517736626488417,0.1231318224368267,0.7517736626488417,0.1231318224368267,0.7587278764517607,0.6674822919491984,0.8120510022234084,0.7587278764517607,0.6674822919491984,0.8120510022234084,980.5508381341357,130.82546099207784,980.5508381341357,130.82546099207784,1004.488004081378,890.406199974651,1078.9704898424752,1004.488004081378,890.406199974651,1078.9704898424752,0.8230500652524672,0.09342291235642214,0.8230500652524672,0.09342291235642214,0.8293005979026702,0.7625727096673629,0.8929729344099147,0.8293005979026702,0.7625727096673629,0.8929729344099147,103.66666666666669,12.27518929014309,103.66666666666669,12.27518929014309,100.0,100.0,100.0,100.0,100.0,100.0,1026.8457,163.62418673828543,1026.8457,163.62418673828543,1058.3455,898.6605,1123.49225,1058.3455,898.6605,1123.49225,174.02914537333334,53.61429406017538,174.02914537333334,53.61429406017538,159.3241,144.024231,193.2386875,159.3241,144.024231,193.2386875,3.7553444783378054,1.5233667245317513,3.7553444783378054,1.5233667245317513,3.6866932080840176,2.8011821598456796,4.327077456112141,3.6866932080840176,2.8011821598456796,4.327077456112141,0.19524073820476381,0.24178428917912842,0.19524073820476381,0.24178428917912842,0.117680085441427,0.0,0.28730544571503797,0.117680085441427,0.0,0.28730544571503797,4.6282312,1.2604347422977615,4.6282312,1.2604347422977615,4.6074195,3.7446735,5.3320185,4.6074195,3.7446735,5.3320185,0.0,0.0,0.0,0.0,0.0,0.0,0.0,0.0,0.0,0.0,1.1470080066728405,0.0743713881557757,1.1470080066728405,0.0743713881557757,1.1466127833118662,1.1074245166867818,1.1975815833138768,1.1466127833118662,1.1074245166867818,1.1975815833138768,1.1470080066728405,0.0743713881557757,1.1470080066728405,0.0743713881557757,1.1466127833118662,1.1074245166867818,1.1975815833138768,1.1466127833118662,1.1074245166867818,1.1975815833138768,,,,,,,,,,
ga,GA,Test-1,C100-R000,1.0,0.0,50,50,1.0,1.0,1.0,0.0,0.0,1292.57008034,170.34523910397127,1292.57008034,170.34523910397127,1300.4709159999998,1173.4176742500001,1412.7486298333333,1300.4709159999998,1173.4176742500001,1412.7486298333333,10.45232114733085,3.2032822001531933,10.45232114733085,3.2032822001531933,9.670588948358525,8.517295567981266,12.627497339962124,9.670588948358525,8.517295567981266,12.627497339962124,0.8390810414273839,0.10465914305355163,0.8390810414273839,0.10465914305355163,0.8370799128667741,0.758475017303688,0.9184954323277444,0.8370799128667741,0.758475017303688,0.9184954323277444,0.9057592782269361,0.13828186671047163,0.9057592782269361,0.13828186671047163,0.8860447481995031,0.8211827882789657,0.9832709407306404,0.8860447481995031,0.8211827882789657,0.9832709407306404,1292.57008034,170.34523910397127,1292.57008034,170.34523910397127,1300.4709159999998,1173.4176742500001,1412.7486298333333,1300.4709159999998,1173.4176742500001,1412.7486298333333,0.8390810414273839,0.10465914305355163,0.8390810414273839,0.10465914305355163,0.8370799128667741,0.758475017303688,0.9184954323277444,0.8370799128667741,0.758475017303688,0.9184954323277444,102.33333333333334,9.529760045804524,102.33333333333334,9.529760045804524,100.0,100.0,100.0,100.0,100.0,100.0,1015.9049200000002,158.5609138950011,1015.9049200000002,158.5609138950011,1045.2404999999999,886.107,1103.646,1045.2404999999999,886.107,1103.646,174.33182700666669,53.46941587834429,174.33182700666669,53.46941587834429,159.3241,144.024231,193.2386875,159.3241,144.024231,193.2386875,5.526840664042387,2.5935842841789745,5.526840664042387,2.5935842841789745,4.890600595098889,3.8592241464264676,6.928761016058151,4.890600595098889,3.8592241464264676,6.928761016058151,0.2972492832884631,0.31396833176543776,0.2972492832884631,0.31396833176543776,0.198402935889684,0.0,0.46542861063893926,0.198402935889684,0.0,0.46542861063893926,4.6282312,1.2604347422977615,4.6282312,1.2604347422977615,4.6074195,3.7446735,5.3320185,4.6074195,3.7446735,5.3320185,0.0,0.0,0.0,0.0,0.0,0.0,0.0,0.0,0.0,0.0,1.1139725979953075,0.10511932206546414,1.1139725979953075,0.10511932206546414,1.1080932833137922,1.0349866583322485,1.205317916649316,1.1080932833137922,1.0349866583322485,1.205317916649316,1.1139725979953075,0.10511932206546414,1.1139725979953075,0.10511932206546414,1.1080932833137922,1.0349866583322485,1.205317916649316,1.1080932833137922,1.0349866583322485,1.205317916649316,,,,,,,,,,
ga,GA,Test-2,C000-R100,0.0,1.0,50,50,1.0,1.0,1.0,0.0,0.0,2696.5058980266667,318.6931276436424,2696.5058980266667,318.6931276436424,2683.0941680000005,2506.0311619999998,2870.5918435833337,2683.0941680000005,2506.0311619999998,2870.5918435833337,39.387929627104015,6.015076773611874,39.387929627104015,6.015076773611874,38.92633602806092,34.96656962970188,44.47630791919733,38.92633602806092,34.96656962970188,44.47630791919733,0.8635360969888073,0.09197370714325954,0.8635360969888073,0.09197370714325954,0.8806154009487772,0.7961416919289541,0.9205140779611656,0.8806154009487772,0.7961416919289541,0.9205140779611656,0.7020560778430659,0.0918863690689373,0.7020560778430659,0.0918863690689373,0.6988812587471736,0.642952888107557,0.7782230894412652,0.6988812587471736,0.642952888107557,0.7782230894412652,39.387929627104015,6.015076773611874,39.387929627104015,6.015076773611874,38.92633602806092,34.96656962970188,44.47630791919733,38.92633602806092,34.96656962970188,44.47630791919733,0.7020560778430659,0.0918863690689373,0.7020560778430659,0.0918863690689373,0.6988812587471736,0.642952888107557,0.7782230894412652,0.6988812587471736,0.642952888107557,0.7782230894412652,159.0,12.692955176439845,159.0,12.692955176439845,150.0,150.0,166.66666666666666,150.0,150.0,166.66666666666666,1977.8740599999999,247.7878214586852,1977.8740599999999,247.7878214586852,1966.0184999999997,1809.7265,2122.2365,1966.0184999999997,1809.7265,2122.2365,559.6318380266666,155.42317358157237,559.6318380266666,155.42317358157237,556.1220225,456.967906,684.7973985,556.1220225,456.967906,684.7973985,11.035437947973605,3.9304554827408134,11.035437947973605,3.9304554827408134,11.322751379744254,7.744019084641271,14.131030271906681,11.322751379744254,7.744019084641271,14.131030271906681,0.6355811991304066,0.4270397406105208,0.6355811991304066,0.4270397406105208,0.5888133230020406,0.34047260383609623,0.8042045645062171,0.5888133230020406,0.34047260383609623,0.8042045645062171,27.716910479999996,3.9064889147627717,27.716910479999996,3.9064889147627717,27.166955,25.282833250000003,30.2632005,27.166955,25.282833250000003,30.2632005,0.0,0.0,0.0,0.0,0.0,0.0,0.0,0.0,0.0,0.0,3.095523125332159,0.12345861897937507,3.095523125332159,0.12345861897937507,3.0942976333317347,3.0041450499847997,3.162025433334444,3.0942976333317347,3.0041450499847997,3.162025433334444,3.095523125332159,0.12345861897937507,3.095523125332159,0.12345861897937507,3.0942976333317347,3.0041450499847997,3.162025433334444,3.0942976333317347,3.0041450499847997,3.162025433334444,,,,,,,,,,
ga,GA,Test-2,C025-R075,0.25,0.75,50,50,1.0,1.0,1.0,0.0,0.0,2476.1608863133333,296.72178543055145,2476.1608863133333,296.72178543055145,2498.490183,2308.9232258333336,2641.2829737499997,2498.490183,2308.9232258333336,2641.2829737499997,39.63711865715984,5.819330469627749,39.63711865715984,5.819330469627749,38.591473968782026,35.664267032909564,44.654168524865014,38.591473968782026,35.664267032909564,44.654168524865014,0.7934845130641875,0.09211914320268186,0.7934845130641875,0.09211914320268186,0.8048034763362555,0.7354054183875333,0.8453963579284637,0.8048034763362555,0.7354054183875333,0.8453963579284637,0.7075216656520641,0.09427805271810825,0.7075216656520641,0.09427805271810825,0.7121094065173341,0.6418118192210163,0.7823267819856461,0.7121094065173341,0.6418118192210163,0.7823267819856461,648.7680605712031,74.39118684256606,648.7680605712031,74.39118684256606,654.710387391715,605.2246762590343,686.4402079403382,654.710387391715,605.2246762590343,686.4402079403382,0.729012377505095,0.0850158377642955,0.729012377505095,0.0850158377642955,0.7351711811105268,0.6791304344045157,0.7903630145640139,0.7351711811105268,0.6791304344045157,0.7903630145640139,154.66666666666666,10.669217382099085,154.66666666666666,10.669217382099085,150.0,150.0,150.0,150.0,150.0,150.0,1764.8204599999997,237.23477148065368,1764.8204599999997,237.23477148065368,1818.5879999999997,1538.55825,1934.60475,1818.5879999999997,1538.55825,1934.60475,556.6737596466667,155.58103968324576,556.6737596466667,155.58103968324576,556.1220225000001,447.38983125,684.7973985,556.1220225000001,447.38983125,684.7973985,11.269300353563654,3.8200971510786683,11.269300353563654,3.8200971510786683,10.910715434465757,8.732860412242822,14.174687972684955,10.910715434465757,8.732860412242822,14.174687972684955,0.6509078235961789,0.41021342486091156,0.6509078235961789,0.41021342486091156,0.5619187716105485,0.32873703953305644,0.9095100695593792,0.5619187716105485,0.32873703953305644,0.9095100695593792,27.716910479999996,3.9064889147627717,27.716910479999996,3.9064889147627717,27.166955,25.282833250000003,30.2632005,27.166955,25.282833250000003,30.2632005,0.0,0.0,0.0,0.0,0.0,0.0,0.0,0.0,0.0,0.0,3.0883064633320707,0.11342517495467003,3.0883064633320707,0.11342517495467003,3.1010845333609423,2.996931366661253,3.171569241686181,3.1010845333609423,2.996931366661253,3.171569241686181,3.0883064633320707,0.11342517495467003,3.0883064633320707,0.11342517495467003,3.1010845333609423,2.996931366661253,3.171569241686181,3.1010845333609423,2.996931366661253,3.171569241686181,,,,,,,,,,
ga,GA,Test-2,C050-R050,0.5,0.5,50,50,1.0,1.0,1.0,0.0,0.0,2333.0135545133335,293.83416605873106,2333.0135545133335,293.83416605873106,2321.600492,2160.5375062499998,2548.6430726666667,2321.600492,2160.5375062499998,2548.6430726666667,40.788879651783766,6.3007540127735355,40.788879651783766,6.3007540127735355,39.149727488625274,36.36412292778842,46.45987167153014,39.149727488625274,36.36412292778842,46.45987167153014,0.7474041992609866,0.0897753326111216,0.7474041992609866,0.0897753326111216,0.7573120662963861,0.7094816539867025,0.8064263295366261,0.7573120662963861,0.7094816539867025,0.8064263295366261,0.7268862498452842,0.09521201596547092,0.7268862498452842,0.09521201596547092,0.7351406104095345,0.6588580705571714,0.8067820317454311,0.7351406104095345,0.6588580705571714,0.8067820317454311,1186.9012170825586,147.19091574580074,1186.9012170825586,147.19091574580074,1180.0563884215528,1099.3472431248065,1295.707308135723,1180.0563884215528,1099.3472431248065,1295.707308135723,0.7371452245531355,0.0782728577765673,0.7371452245531355,0.0782728577765673,0.7558352126725558,0.6850657199894834,0.7816882047267211,0.7558352126725558,0.6850657199894834,0.7816882047267211,153.0,9.337462643394083,153.0,9.337462643394083,150.0,150.0,150.0,150.0,150.0,150.0,1624.4379599999997,239.79114841682463,1624.4379599999997,239.79114841682463,1676.495,1448.0917499999998,1815.92075,1676.495,1448.0917499999998,1815.92075,555.5755945133333,154.61613942506438,555.5755945133333,154.61613942506438,553.5705583333333,453.64323225000004,683.37105625,553.5705583333333,453.64323225000004,683.37105625,12.246704629914735,3.961978298569395,12.246704629914735,3.961978298569395,11.829290747302814,8.754075918562357,15.399441566704782,11.829290747302814,8.754075918562357,15.399441566704782,0.8252645418690308,0.5264294720602902,0.8252645418690308,0.5264294720602902,0.7199977028452422,0.4008775675037287,1.3150341210504337,0.7199977028452422,0.4008775675037287,1.3150341210504337,27.716910479999996,3.9064889147627717,27.716910479999996,3.9064889147627717,27.166955,25.282833250000003,30.2632005,27.166955,25.282833250000003,30.2632005,0.0,0.0,0.0,0.0,0.0,0.0,0.0,0.0,0.0,0.0,3.075806471998803,0.17502103589022353,3.075806471998803,0.17502103589022353,3.084272183342061,2.946998166696479,3.2048731749916137,3.084272183342061,2.946998166696479,3.2048731749916137,3.075806471998803,0.17502103589022353,3.075806471998803,0.17502103589022353,3.084272183342061,2.946998166696479,3.2048731749916137,3.084272183342061,2.946998166696479,3.2048731749916137,,,,,,,,,,
ga,GA,Test-2,C075-R025,0.75,0.25,50,50,1.0,1.0,1.0,0.0,0.0,2270.506107593333,295.81206483789987,2270.506107593333,295.81206483789987,2255.7949305,2041.996647,2468.4373190833335,2255.7949305,2041.996647,2468.4373190833335,42.676124107279286,7.144892643054631,42.676124107279286,7.144892643054631,41.89200418880835,37.195349416381376,49.39487888742325,41.89200418880835,37.195349416381376,49.39487888742325,0.7268317339499822,0.08596019562169335,0.7268317339499822,0.08596019562169335,0.7262504281885637,0.6684448942451084,0.7792839600962231,0.7262504281885637,0.6684448942451084,0.7792839600962231,0.7587768915265809,0.09810471873669165,0.7587768915265809,0.09810471873669165,0.755572093238323,0.6907866512584087,0.8485370699011364,0.755572093238323,0.6907866512584087,0.8485370699011364,1713.54861172182,221.81580380073362,1713.54861172182,221.81580380073362,1701.4466818878768,1544.614375228236,1860.2389078941528,1701.4466818878768,1544.614375228236,1860.2389078941528,0.734818023344132,0.07965625252060614,0.734818023344132,0.07965625252060614,0.7448112386161658,0.6668717943609961,0.7885679203390346,0.7448112386161658,0.6668717943609961,0.7885679203390346,151.66666666666666,7.715167498104595,151.66666666666666,7.715167498104595,150.0,150.0,150.0,150.0,150.0,150.0,1565.8863600000002,241.27605226453278,1565.8863600000002,241.27605226453278,1606.397,1351.9475000000002,1762.9035,1606.397,1351.9475000000002,1762.9035,552.9530809266666,155.05280397474155,552.9530809266666,155.05280397474155,545.7962904999999,453.64323225000004,679.2923535,545.7962904999999,453.64323225000004,679.2923535,13.917454820421092,4.826691690655368,13.917454820421092,4.826691690655368,13.714452222282077,10.232732486708883,17.52952694484269,13.714452222282077,10.232732486708883,17.52952694484269,1.0417588068581873,0.669509259464559,1.0417588068581873,0.669509259464559,0.9807431959344095,0.48812149997951326,1.41190404145377,0.9807431959344095,0.48812149997951326,1.41190404145377,27.716910479999996,3.9064889147627717,27.716910479999996,3.9064889147627717,27.166955,25.282833250000003,30.2632005,27.166955,25.282833250000003,30.2632005,0.0,0.0,0.0,0.0,0.0,0.0,0.0,0.0,0.0,0.0,3.0147843340062535,0.134558561916027,3.0147843340062535,0.134558561916027,2.9957424000216024,2.9302682333606453,3.108028375010084,2.9957424000216024,2.9302682333606453,3.108028375010084,3.0147843340062535,0.134558561916027,3.0147843340062535,0.134558561916027,2.9957424000216024,2.9302682333606453,3.108028375010084,2.9957424000216024,2.9302682333606453,3.108028375010084,,,,,,,,,,
ga,GA,Test-2,C100-R000,1.0,0.0,50,50,1.0,1.0,1.0,0.0,0.0,2237.99088088,271.41412068752084,2237.99088088,271.41412068752084,2255.9516805,2016.75442425,2424.57718725,2255.9516805,2016.75442425,2424.57718725,46.951804478428066,7.8574918235662725,46.951804478428066,7.8574918235662725,45.828916027137154,41.421585337745086,52.47210522258287,45.828916027137154,41.421585337745086,52.47210522258287,0.7167288702349451,0.08039833924976324,0.7167288702349451,0.08039833924976324,0.7218593955670997,0.6606578151650417,0.7682904470462594,0.7218593955670997,0.6606578151650417,0.7682904470462594,0.8346551748828658,0.10429858977241765,0.8346551748828658,0.10429858977241765,0.8400391270721018,0.7821405580816733,0.8849931226421434,0.8400391270721018,0.7821405580816733,0.8849931226421434,2237.99088088,271.41412068752084,2237.99088088,271.41412068752084,2255.9516805,2016.75442425,2424.57718725,2255.9516805,2016.75442425,2424.57718725,0.7167288702349451,0.08039833924976324,0.7167288702349451,0.08039833924976324,0.7218593955670997,0.6606578151650417,0.7682904470462594,0.7218593955670997,0.6606578151650417,0.7682904470462594,151.33333333333331,7.407785326716213,151.33333333333331,7.407785326716213,150.0,150.0,150.0,150.0,150.0,150.0,1532.3058799999997,211.0042502147272,1532.3058799999997,211.0042502147272,1568.7665000000002,1371.95475,1688.2284999999997,1568.7665000000002,1371.95475,1688.2284999999997,554.3516675466666,155.01538270970633,554.3516675466666,155.01538270970633,545.7962904999999,453.65967875000007,683.37105625,545.7962904999999,453.65967875000007,683.37105625,17.85015734264706,6.234780661466426,17.85015734264706,6.234780661466426,17.509152127182848,12.293978565273122,21.572239573733242,17.509152127182848,12.293978565273122,21.572239573733242,1.384736655781001,0.869480976026825,1.384736655781001,0.869480976026825,1.3770054027689087,0.7336769452662872,1.901001501152384,1.3770054027689087,0.7336769452662872,1.901001501152384,27.716910479999996,3.9064889147627717,27.716910479999996,3.9064889147627717,27.166955,25.282833250000003,30.2632005,27.166955,25.282833250000003,30.2632005,0.0,0.0,0.0,0.0,0.0,0.0,0.0,0.0,0.0,0.0,3.0564056126687986,0.16019980525432878,3.0564056126687986,0.16019980525432878,3.0322334666658817,2.9581861667102203,3.176059808320133,3.0322334666658817,2.9581861667102203,3.176059808320133,3.0564056126687986,0.16019980525432878,3.0564056126687986,0.16019980525432878,3.0322334666658817,2.9581861667102203,3.176059808320133,3.0322334666658817,2.9581861667102203,3.176059808320133,,,,,,,,,,
ga,GA,Test-3,C000-R100,0.0,1.0,50,50,1.0,1.0,1.0,0.0,0.0,5982.8887715400015,434.5264191397674,5982.8887715400015,434.5264191397674,5967.222754499999,5625.9699035,6275.775957749999,5967.222754499999,5625.9699035,6275.775957749999,135.48370660134952,15.511595722633889,135.48370660134952,15.511595722633889,133.22059682370357,125.95225500047444,143.63565975155768,133.22059682370357,125.95225500047444,143.63565975155768,0.8821251351940107,0.056729805588412945,0.8821251351940107,0.056729805588412945,0.869356245920917,0.8363169838108254,0.9076784970217182,0.869356245920917,0.8363169838108254,0.9076784970217182,0.5826324937857652,0.05925878894164595,0.5826324937857652,0.05925878894164595,0.5902076759636499,0.5454256397708148,0.6171483388623593,0.5902076759636499,0.5454256397708148,0.6171483388623593,135.48370660134952,15.511595722633889,135.48370660134952,15.511595722633889,133.22059682370357,125.95225500047444,143.63565975155768,133.22059682370357,125.95225500047444,143.63565975155768,0.5826324937857652,0.05925878894164595,0.5826324937857652,0.05925878894164595,0.5902076759636499,0.5454256397708148,0.6171483388623593,0.5902076759636499,0.5454256397708148,0.6171483388623593,209.66666666666669,13.506528193983653,209.66666666666669,13.506528193983653,200.0,200.0,216.66666666666666,200.0,200.0,216.66666666666666,4470.183220000001,318.79460346899,4470.183220000001,318.79460346899,4425.861999999999,4216.92,4721.67925,4425.861999999999,4216.92,4721.67925,1303.0388848733332,291.8106188398725,1303.0388848733332,291.8106188398725,1316.52125,1041.2092545,1469.7795098333333,1316.52125,1041.2092545,1469.7795098333333,60.84793671309418,12.857422182282852,60.84793671309418,12.857422182282852,58.784664825906724,51.10744709975795,69.97753756073993,58.784664825906724,51.10744709975795,69.97753756073993,8.671841308255322,3.0663126875969207,8.671841308255322,3.0663126875969207,9.247370516056218,6.591548588279896,10.965579961521591,9.247370516056218,6.591548588279896,10.965579961521591,65.96392858000002,6.5448896772402145,65.96392858000002,6.5448896772402145,66.22305250000002,61.25272324999998,69.7528105,66.22305250000002,61.25272324999998,69.7528105,0.0,0.0,0.0,0.0,0.0,0.0,0.0,0.0,0.0,0.0,3.858606803332611,0.2475560857232254,3.858606803332611,0.2475560857232254,3.829518849980862,3.6421638166260286,4.035726175042025,3.829518849980862,3.6421638166260286,4.035726175042025,3.858606803332611,0.2475560857232254,3.858606803332611,0.2475560857232254,3.829518849980862,3.6421638166260286,4.035726175042025,3.829518849980862,3.6421638166260286,4.035726175042025,,,,,,,,,,
ga,GA,Test-3,C025-R075,0.25,0.75,50,50,1.0,1.0,1.0,0.0,0.0,5482.342503086667,440.39607734404865,5482.342503086667,440.39607734404865,5455.013878666667,5220.968716583333,5716.085874,5455.013878666667,5220.968716583333,5716.085874,137.56193541232295,14.492133148984497,137.56193541232295,14.492133148984497,137.52920020125734,128.47553765241295,146.0670803989008,137.52920020125734,128.47553765241295,146.0670803989008,0.8077978875707408,0.0503097908018724,0.8077978875707408,0.0503097908018724,0.8019361104276009,0.7738304545214711,0.8392925258796582,0.8019361104276009,0.7738304545214711,0.8392925258796582,0.5919139574239073,0.05832659503956607,0.5919139574239073,0.05832659503956607,0.5908227410103333,0.551737359416467,0.6326959744423635,0.5908227410103333,0.551737359416467,0.6326959744423635,1473.7570773309087,110.70458426126321,1473.7570773309087,110.70458426126321,1461.6816776703117,1400.0686529261634,1526.3289135540397,1461.6816776703117,1400.0686529261634,1526.3289135540397,0.6458849399606156,0.04722700260562192,0.6458849399606156,0.04722700260562192,0.644585030839477,0.6110232029278119,0.6782045484848135,0.644585030839477,0.6110232029278119,0.6782045484848135,186.66666666666669,17.817416127494962,186.66666666666669,17.817416127494962,183.33333333333334,166.66666666666666,200.0,183.33333333333334,166.66666666666666,200.0,3995.9881,279.0097750537805,3995.9881,279.0097750537805,3983.2334999999994,3823.4072499999993,4182.5085,3983.2334999999994,3823.4072499999993,4182.5085,1299.68773642,292.466535533783,1299.68773642,292.466535533783,1316.664035,1029.631842,1493.9361993333334,1316.664035,1029.631842,1493.9361993333334,62.0896882847524,12.91517696198204,62.0896882847524,12.91517696198204,59.92577268772022,53.565565711548814,72.24435542142912,59.92577268772022,53.565565711548814,72.24435542142912,9.50831854757054,3.470312159636943,9.50831854757054,3.470312159636943,9.68146281124979,7.3296494484299615,11.876851349328096,9.68146281124979,7.3296494484299615,11.876851349328096,65.96392858000002,6.5448896772402145,65.96392858000002,6.5448896772402145,66.22305250000002,61.25272324999998,69.7528105,66.22305250000002,61.25272324999998,69.7528105,0.0,0.0,0.0,0.0,0.0,0.0,0.0,0.0,0.0,0.0,3.7957584493312364,0.26255886046890964,3.7957584493312364,0.26255886046890964,3.74169988334567,3.5761720416582343,4.025316074995013,3.74169988334567,3.5761720416582343,4.025316074995013,3.7957584493312364,0.26255886046890964,3.7957584493312364,0.26255886046890964,3.74169988334567,3.5761720416582343,4.025316074995013,3.74169988334567,3.5761720416582343,4.025316074995013,,,,,,,,,,
ga,GA,Test-3,C050-R050,0.5,0.5,50,50,1.0,1.0,1.0,0.0,0.0,5154.399850946666,423.3698688729603,5154.399850946666,423.3698688729603,5094.098756,4798.998322083333,5449.55622625,5094.098756,4798.998322083333,5449.55622625,143.60565125563616,15.988355181422762,143.60565125563616,15.988355181422762,142.1058892693852,134.6006872545049,150.00187085661872,142.1058892693852,134.6006872545049,150.00187085661872,0.7594604154853287,0.047838606953853446,0.7594604154853287,0.047838606953853446,0.753465706564713,0.7188646389847921,0.8012341122243415,0.753465706564713,0.7188646389847921,0.8012341122243415,0.618296207925451,0.0665617947271386,0.618296207925451,0.0665617947271386,0.6251042245198537,0.5791534184688871,0.6587674430919026,0.6251042245198537,0.5791534184688871,0.6587674430919026,2649.0027511011513,211.6905692803152,2649.0027511011513,211.6905692803152,2619.9806589552586,2465.7570323760947,2798.4377338783024,2619.9806589552586,2465.7570323760947,2798.4377338783024,0.6888783117053898,0.04268405888911607,0.6888783117053898,0.04268405888911607,0.6928803353526103,0.6577118072436184,0.7240022061586235,0.6928803353526103,0.6577118072436184,0.7240022061586235,178.0,16.9833852382162,178.0,16.9833852382162,183.33333333333334,166.66666666666666,195.83333333333334,183.33333333333334,166.66666666666666,195.83333333333334,3675.7630599999998,262.1973412340805,3675.7630599999998,262.1973412340805,3680.0830000000005,3517.9695,3845.98925,3680.0830000000005,3517.9695,3845.98925,1300.6367909466667,296.80218146537084,1300.6367909466667,296.80218146537084,1304.8301615,1029.631842,1478.3917558333335,1304.8301615,1029.631842,1478.3917558333335,66.91790764476973,13.66850638250042,66.91790764476973,13.66850638250042,65.10946141123111,58.26641018059345,75.60287182494476,65.10946141123111,58.26641018059345,75.60287182494476,10.723815030866403,3.89401628696591,10.723815030866403,3.89401628696591,11.252241326652861,8.194715679012008,13.625964260974497,11.252241326652861,8.194715679012008,13.625964260974497,65.96392858000002,6.5448896772402145,65.96392858000002,6.5448896772402145,66.22305250000002,61.25272324999998,69.7528105,66.22305250000002,61.25272324999998,69.7528105,0.0,0.0,0.0,0.0,0.0,0.0,0.0,0.0,0.0,0.0,3.7985391206682357,0.23730197660095748,3.7985391206682357,0.23730197660095748,3.8256795666529797,3.6017285000028396,3.9715534000618695,3.8256795666529797,3.6017285000028396,3.9715534000618695,3.7985391206682357,0.23730197660095748,3.7985391206682357,0.23730197660095748,3.8256795666529797,3.6017285000028396,3.9715534000618695,3.8256795666529797,3.6017285000028396,3.9715534000618695,,,,,,,,,,
ga,GA,Test-3,C075-R025,0.75,0.25,50,50,1.0,1.0,1.0,0.0,0.0,4897.447821780001,376.2978262405197,4897.447821780001,376.2978262405197,4839.401173,4623.2068915,5131.836704333333,4839.401173,4623.2068915,5131.836704333333,152.9166008249424,19.826551312050054,152.9166008249424,19.826551312050054,150.9457843019198,139.58801333486386,164.5097197619641,150.9457843019198,139.58801333486386,164.5097197619641,0.7219364242524824,0.04678591717274905,0.7219364242524824,0.04678591717274905,0.7197097025363526,0.68931533247705,0.7602804399157435,0.7197097025363526,0.68931533247705,0.7602804399157435,0.6562313557078367,0.06303198223824132,0.6562313557078367,0.06303198223824132,0.6570944562028869,0.6231504735103433,0.6927457646824714,0.6570944562028869,0.6231504735103433,0.6927457646824714,3711.3150165412358,282.3965962061541,3711.3150165412358,282.3965962061541,3668.2292663993258,3507.6164732043476,3886.9144220166177,3668.2292663993258,3507.6164732043476,3886.9144220166177,0.7055101571163209,0.04016028161083727,0.7055101571163209,0.04016028161083727,0.6969287596606111,0.6790291788667074,0.734862633400424,0.6969287596606111,0.6790291788667074,0.734862633400424,163.33333333333334,17.169291787923758,163.33333333333334,17.169291787923758,150.0,150.0,166.66666666666666,150.0,150.0,166.66666666666666,3433.89478,228.91995809758393,3433.89478,228.91995809758393,3467.994,3280.1529999999993,3575.17325,3467.994,3280.1529999999993,3575.17325,1300.2197084466666,296.7895646538761,1300.2197084466666,296.7895646538761,1323.832355,1029.631842,1482.6053306666665,1323.832355,1029.631842,1482.6053306666665,74.45988723177666,17.010577359056253,74.45988723177666,17.010577359056253,72.2427081362762,62.364840087863605,84.80645642122992,72.2427081362762,62.364840087863605,84.80645642122992,12.492785013165742,4.495564649959593,12.492785013165742,4.495564649959593,12.729757316560924,9.24453230631216,15.850585266412997,12.729757316560924,9.24453230631216,15.850585266412997,65.96392858000002,6.5448896772402145,65.96392858000002,6.5448896772402145,66.22305250000002,61.25272324999998,69.7528105,66.22305250000002,61.25272324999998,69.7528105,0.0,0.0,0.0,0.0,0.0,0.0,0.0,0.0,0.0,0.0,3.8676243073338026,0.25829718659001843,3.8676243073338026,0.25829718659001843,3.8955707666658173,3.6382944000264006,4.085272691649152,3.8955707666658173,3.6382944000264006,4.085272691649152,3.8676243073338026,0.25829718659001843,3.8676243073338026,0.25829718659001843,3.8955707666658173,3.6382944000264006,4.085272691649152,3.8955707666658173,3.6382944000264006,4.085272691649152,,,,,,,,,,
ga,GA,Test-3,C100-R000,1.0,0.0,50,50,1.0,1.0,1.0,0.0,0.0,4791.028559446667,324.8974801654923,4791.028559446667,324.8974801654923,4755.207160333333,4527.552629000001,5039.195000666667,4755.207160333333,4527.552629000001,5039.195000666667,172.25647113322756,24.045865698993225,172.25647113322756,24.045865698993225,171.30456894681004,157.5979401976879,185.06210943490044,171.30456894681004,157.5979401976879,185.06210943490044,0.7062325068294409,0.03804155873055501,0.7062325068294409,0.03804155873055501,0.7062812458515537,0.6754690055428858,0.7301975364762264,0.7062812458515537,0.6754690055428858,0.7301975364762264,0.738773843088552,0.07881801180925053,0.738773843088552,0.07881801180925053,0.7259478576903935,0.6935343849626031,0.7809638807327018,0.7259478576903935,0.6935343849626031,0.7809638807327018,4791.028559446667,324.8974801654923,4791.028559446667,324.8974801654923,4755.207160333333,4527.552629000001,5039.195000666667,4755.207160333333,4527.552629000001,5039.195000666667,0.7062325068294409,0.03804155873055501,0.7062325068294409,0.03804155873055501,0.7062812458515537,0.6754690055428858,0.7301975364762264,0.7062812458515537,0.6754690055428858,0.7301975364762264,156.66666666666663,10.101525445522107,156.66666666666663,10.101525445522107,150.0,150.0,166.66666666666666,150.0,150.0,166.66666666666666,3355.6865599999996,206.20801926479137,3355.6865599999996,206.20801926479137,3368.906,3199.30825,3482.855,3368.906,3199.30825,3482.855,1278.67533278,277.9858437847028,1278.67533278,277.9858437847028,1327.611754,1029.631842,1446.5620099999999,1327.611754,1029.631842,1446.5620099999999,90.37049886277502,21.294001955188648,90.37049886277502,21.294001955188648,89.81578648893858,74.8213637693806,106.09376849319304,89.81578648893858,74.8213637693806,106.09376849319304,15.922043690452542,5.682629134387055,15.922043690452542,5.682629134387055,15.286903202385778,12.037105967469547,20.258007069019378,15.286903202385778,12.037105967469547,20.258007069019378,65.96392858000002,6.5448896772402145,65.96392858000002,6.5448896772402145,66.22305250000002,61.25272324999998,69.7528105,66.22305250000002,61.25272324999998,69.7528105,0.0,0.0,0.0,0.0,0.0,0.0,0.0,0.0,0.0,0.0,3.977253073994071,0.23236694487675172,3.977253073994071,0.23236694487675172,3.971073549997527,3.862617308322418,4.086415866661507,3.971073549997527,3.862617308322418,4.086415866661507,3.977253073994071,0.23236694487675172,3.977253073994071,0.23236694487675172,3.971073549997527,3.862617308322418,4.086415866661507,3.971073549997527,3.862617308322418,4.086415866661507,,,,,,,,,,
ga,GA,Test-4,C000-R100,0.0,1.0,50,50,1.0,1.0,1.0,0.0,0.0,16505.972646586666,1007.765116206686,16505.972646586666,1007.765116206686,16425.554314,15846.661543833336,17268.46652033333,16425.554314,15846.661543833336,17268.46652033333,909.8351313823077,105.27272989547097,909.8351313823077,105.27272989547097,905.720748941372,834.1671952764102,964.1670297386617,905.720748941372,834.1671952764102,964.1670297386617,0.9048557506659752,0.032779827419284015,0.9048557506659752,0.032779827419284015,0.9050853005804911,0.8852527464273474,0.9227119638681833,0.9050853005804911,0.8852527464273474,0.9227119638681833,0.678722345528982,0.04419427677035264,0.678722345528982,0.04419427677035264,0.680859565054579,0.6576621142858752,0.7101255199323422,0.680859565054579,0.6576621142858752,0.7101255199323422,909.8351313823077,105.27272989547097,909.8351313823077,105.27272989547097,905.720748941372,834.1671952764102,964.1670297386617,905.720748941372,834.1671952764102,964.1670297386617,0.678722345528982,0.04419427677035264,0.678722345528982,0.04419427677035264,0.680859565054579,0.6576621142858752,0.7101255199323422,0.680859565054579,0.6576621142858752,0.7101255199323422,289.3333333333333,18.368858592367534,289.3333333333333,18.368858592367534,283.3333333333333,283.3333333333333,300.0,283.3333333333333,283.3333333333333,300.0,11520.379640000001,532.2291992125951,11520.379640000001,532.2291992125951,11514.242500000002,11207.289750000004,11870.45575,11514.242500000002,11207.289750000004,11870.45575,4696.259673253333,891.6731859151317,4696.259673253333,891.6731859151317,4727.0101620000005,4188.62104875,5284.66819375,4727.0101620000005,4188.62104875,5284.66819375,448.6720873926031,88.70756985308955,448.6720873926031,88.70756985308955,433.416571430345,386.7441306294189,517.7932140165766,433.416571430345,386.7441306294189,517.7932140165766,104.96553606970473,38.70817488290586,104.96553606970473,38.70817488290586,100.96162944015023,78.82900155926893,135.29930396919625,100.96162944015023,78.82900155926893,135.29930396919625,356.19750791999996,17.835594133477866,356.19750791999996,17.835594133477866,356.41817750000024,346.4911014999999,365.8763662500002,356.41817750000024,346.4911014999999,365.8763662500002,0.0,0.0,0.0,0.0,0.0,0.0,0.0,0.0,0.0,0.0,18.91896663199567,1.3273265410596813,18.91896663199567,1.3273265410596813,19.229246499987006,18.97338519998205,19.517936891672434,19.229246499987006,18.97338519998205,19.517936891672434,18.91896663199567,1.3273265410596813,18.91896663199567,1.3273265410596813,19.229246499987006,18.97338519998205,19.517936891672434,19.229246499987006,18.97338519998205,19.517936891672434,,,,,,,,,,
ga,GA,Test-4,C025-R075,0.25,0.75,50,50,1.0,1.0,1.0,0.0,0.0,16016.38769554,1124.5218718777146,16016.38769554,1124.5218718777146,16150.377222833336,15323.46342575,16950.552635750002,16150.377222833336,15323.46342575,16950.552635750002,922.5508375605733,110.62783094504191,922.5508375605733,110.62783094504191,927.2919634522023,847.132217789785,991.8281485789569,927.2919634522023,847.132217789785,991.8281485789569,0.8774752211537171,0.03192317812647152,0.8774752211537171,0.03192317812647152,0.8793813748732275,0.856002244333772,0.8966358588519399,0.8793813748732275,0.856002244333772,0.8966358588519399,0.6875674093509422,0.04010774920981273,0.6875674093509422,0.04010774920981273,0.6932130133275805,0.6666048777291375,0.7164634034083412,0.6932130133275805,0.6666048777291375,0.7164634034083412,4696.01005205543,291.103507852555,4696.01005205543,291.103507852555,4722.226714704791,4541.440875497743,4880.676558448569,4722.226714704791,4541.440875497743,4880.676558448569,0.735044362301636,0.03553454669070974,0.735044362301636,0.03553454669070974,0.7401337638799896,0.7182295478327645,0.7628182899534355,0.7401337638799896,0.7182295478327645,0.7628182899534355,277.6666666666667,19.52090570739965,277.6666666666667,19.52090570739965,283.3333333333333,266.6666666666667,283.3333333333333,283.3333333333333,266.6666666666667,283.3333333333333,11029.506479999998,479.4076964406608,11029.506479999998,479.4076964406608,10956.408500000001,10791.134250000003,11380.843,10956.408500000001,10791.134250000003,11380.843,4709.214548873333,900.532510739757,4709.214548873333,900.532510739757,4707.052788000001,4188.62104875,5296.1652535,4707.052788000001,4188.62104875,5296.1652535,455.47441619535476,90.67257728823921,455.47441619535476,90.67257728823921,444.7687706833459,374.7675953819603,527.824119132,444.7687706833459,374.7675953819603,527.824119132,110.87891344521833,40.694205214566,110.87891344521833,40.694205214566,110.60346417755495,81.1325862702144,144.05240979612137,110.60346417755495,81.1325862702144,144.05240979612137,356.19750791999996,17.835594133477866,356.19750791999996,17.835594133477866,356.41817750000024,346.4911014999999,365.8763662500002,356.41817750000024,346.4911014999999,365.8763662500002,0.0,0.0,0.0,0.0,0.0,0.0,0.0,0.0,0.0,0.0,18.85499431399939,1.3560195470157155,18.85499431399939,1.3560195470157155,19.3808024499837,17.88629815002787,19.627782316694113,19.3808024499837,17.88629815002787,19.627782316694113,18.85499431399939,1.3560195470157155,18.85499431399939,1.3560195470157155,19.3808024499837,17.88629815002787,19.627782316694113,19.3808024499837,17.88629815002787,19.627782316694113,,,,,,,,,,
ga,GA,Test-4,C050-R050,0.5,0.5,50,50,1.0,1.0,1.0,0.0,0.0,15362.595908326664,1002.7692298333252,15362.595908326664,1002.7692298333252,15377.749137000003,14740.395667583336,16073.640108916668,15377.749137000003,14740.395667583336,16073.640108916668,932.0254658018185,113.29243817499453,932.0254658018185,113.29243817499453,922.8229775704503,856.5552751602053,1015.885541509077,922.8229775704503,856.5552751602053,1015.885541509077,0.8419811967397041,0.03130709583692628,0.8419811967397041,0.03130709583692628,0.8437913542228922,0.8258538765554579,0.8621574920775592,0.8437913542228922,0.8258538765554579,0.8621574920775592,0.6946140690663242,0.04261006549557519,0.6946140690663242,0.04261006549557519,0.6953183724826723,0.6779809610714977,0.7201746701904814,0.6953183724826723,0.6779809610714977,0.7201746701904814,8147.310687064242,496.42528723722023,8147.310687064242,496.42528723722023,8149.22450061026,7801.790271625138,8483.114913843841,8149.22450061026,7801.790271625138,8483.114913843841,0.7682976329030141,0.033533653170008115,0.7682976329030141,0.033533653170008115,0.7720838793659208,0.7549155296016016,0.7858945573750573,0.7720838793659208,0.7549155296016016,0.7858945573750573,268.6666666666667,16.371536607305792,268.6666666666667,16.371536607305792,266.6666666666667,250.0,283.3333333333333,266.6666666666667,250.0,283.3333333333333,10409.601639999999,434.3051508886331,10409.601639999999,434.3051508886331,10356.138499999997,10124.287250000001,10668.03375,10356.138499999997,10124.287250000001,10668.03375,4684.32760166,887.1562542299786,4684.32760166,887.1562542299786,4718.123783000001,4188.62104875,5269.846659250001,4718.123783000001,4188.62104875,5269.846659250001,460.98397775866033,92.90864897384077,460.98397775866033,92.90864897384077,455.4324266759604,391.6341727460598,528.3432164442016,455.4324266759604,391.6341727460598,528.3432164442016,114.84398012315822,41.771556295134864,114.84398012315822,41.771556295134864,113.98714157318533,82.196607010277,145.6196748143983,113.98714157318533,82.196607010277,145.6196748143983,356.19750791999996,17.835594133477866,356.19750791999996,17.835594133477866,356.41817750000024,346.4911014999999,365.8763662500002,356.41817750000024,346.4911014999999,365.8763662500002,0.0,0.0,0.0,0.0,0.0,0.0,0.0,0.0,0.0,0.0,18.980393706672672,1.2731011339419596,18.980393706672672,1.2731011339419596,19.181696733343415,18.72334775836983,19.662140041647945,19.181696733343415,18.72334775836983,19.662140041647945,18.980393706672672,1.2731011339419596,18.980393706672672,1.2731011339419596,19.181696733343415,18.72334775836983,19.662140041647945,19.181696733343415,18.72334775836983,19.662140041647945,,,,,,,,,,
ga,GA,Test-4,C075-R025,0.75,0.25,50,50,1.0,1.0,1.0,0.0,0.0,14885.685713906665,1009.3867001052591,14885.685713906665,1009.3867001052591,14902.180147833336,14164.440084583335,15619.196470833333,14902.180147833336,14164.440084583335,15619.196470833333,970.8677858982023,111.52575269980026,970.8677858982023,111.52575269980026,954.2669363517142,902.4322357515553,1047.4087168039441,954.2669363517142,902.4322357515553,1047.4087168039441,0.8156942207519704,0.02975025484518463,0.8156942207519704,0.02975025484518463,0.8157109486899108,0.7995811989027335,0.8333555558221984,0.8157109486899108,0.7995811989027335,0.8333555558221984,0.7241952999077378,0.04412577084098138,0.7241952999077378,0.04412577084098138,0.7248075184453134,0.6987670194907893,0.7539446506732627,0.7248075184453134,0.6987670194907893,0.7539446506732627,11406.981231904549,754.2484773792919,11406.981231904549,754.2484773792919,11407.943800733621,10876.178123726671,11923.47398120656,11407.943800733621,10876.178123726671,11923.47398120656,0.7928194905409122,0.030699708325052793,0.7928194905409122,0.030699708325052793,0.7893955455840469,0.7788703041025687,0.8133946494289627,0.7893955455840469,0.7788703041025687,0.8133946494289627,263.00000000000006,13.590212564600318,263.00000000000006,13.590212564600318,266.6666666666667,250.0,266.6666666666667,266.6666666666667,250.0,266.6666666666667,9955.28356,363.2673376391485,9955.28356,363.2673376391485,9946.292999999998,9672.4405,10179.217249999998,9946.292999999998,9672.4405,10179.217249999998,4667.402153906667,883.1072514594644,4667.402153906667,883.1072514594644,4686.568362,4188.62104875,5282.923525916666,4686.568362,4188.62104875,5282.923525916666,488.819784075028,91.04292303718611,488.819784075028,91.04292303718611,473.81244908458666,424.09172117087655,569.7261934462191,473.81244908458666,424.09172117087655,569.7261934462191,125.85049390317428,43.1687102745266,125.85049390317428,43.1687102745266,128.91473690928788,90.90737668996307,158.33568503541525,128.91473690928788,90.90737668996307,158.33568503541525,356.19750791999996,17.835594133477866,356.19750791999996,17.835594133477866,356.41817750000024,346.4911014999999,365.8763662500002,356.41817750000024,346.4911014999999,365.8763662500002,0.0,0.0,0.0,0.0,0.0,0.0,0.0,0.0,0.0,0.0,18.866059097330243,1.1598452702785689,18.866059097330243,1.1598452702785689,19.159489250024002,17.908721316683415,19.74323564164418,19.159489250024002,17.908721316683415,19.74323564164418,18.866059097330243,1.1598452702785689,18.866059097330243,1.1598452702785689,19.159489250024002,17.908721316683415,19.74323564164418,19.159489250024002,17.908721316683415,19.74323564164418,,,,,,,,,,
ga,GA,Test-4,C100-R000,1.0,0.0,50,50,1.0,1.0,1.0,0.0,0.0,14687.046409499999,940.9286008451122,14687.046409499999,940.9286008451122,14642.01186983333,14116.65180725,15364.014595,14642.01186983333,14116.65180725,15364.014595,1065.5387423618433,134.29426143235574,1065.5387423618433,134.29426143235574,1076.998101964149,980.2764038189578,1140.9114565400855,1076.998101964149,980.2764038189578,1140.9114565400855,0.8049723452868011,0.02892930459858097,0.8049723452868011,0.02892930459858097,0.8059968681139122,0.7873812748129132,0.8207647137770407,0.8059968681139122,0.7873812748129132,0.8207647137770407,0.7940535928227955,0.05462685076734958,0.7940535928227955,0.05462685076734958,0.7902509922448828,0.7646630445593166,0.8256501000161227,0.7902509922448828,0.7646630445593166,0.8256501000161227,14687.046409499999,940.9286008451122,14687.046409499999,940.9286008451122,14642.01186983333,14116.65180725,15364.014595,14642.01186983333,14116.65180725,15364.014595,0.8049723452868011,0.02892930459858097,0.8049723452868011,0.02892930459858097,0.8059968681139122,0.7873812748129132,0.8207647137770407,0.8059968681139122,0.7873812748129132,0.8207647137770407,258.6666666666667,11.78030178747903,258.6666666666667,11.78030178747903,250.0,250.0,266.6666666666667,250.0,250.0,266.6666666666667,9776.287279999999,340.3982238473195,9776.287279999999,340.3982238473195,9795.5435,9606.871,9964.608,9795.5435,9606.871,9964.608,4652.092462833333,866.5492565253828,4652.092462833333,866.5492565253828,4709.213308666666,4185.11410925,5232.395357666667,4709.213308666666,4185.11410925,5232.395357666667,558.9688801687388,112.32233971535007,558.9688801687388,112.32233971535007,540.239925977929,476.34818844756234,648.1029045035585,540.239925977929,476.34818844756234,648.1029045035585,150.37235427310455,48.931999707000294,150.37235427310455,48.931999707000294,148.3194456205662,112.02433110632288,187.81512798505196,148.3194456205662,112.02433110632288,187.81512798505196,356.19750791999996,17.835594133477866,356.19750791999996,17.835594133477866,356.41817750000024,346.4911014999999,365.8763662500002,356.41817750000024,346.4911014999999,365.8763662500002,0.0,0.0,0.0,0.0,0.0,0.0,0.0,0.0,0.0,0.0,18.802714232666574,1.1023657647680434,18.802714232666574,1.1023657647680434,19.29139561669823,17.69017372498638,19.620944633342635,19.29139561669823,17.69017372498638,19.620944633342635,18.802714232666574,1.1023657647680434,18.802714232666574,1.1023657647680434,19.29139561669823,17.69017372498638,19.620944633342635,19.29139561669823,17.69017372498638,19.620944633342635,,,,,,,,,,
heuristic,Heuristic,Test-1,C000-R100,0.0,1.0,50,50,1.0,1.0,1.0,0.0,0.0,1561.16565002,265.63521469790487,1561.16565002,265.63521469790487,1541.8905119999997,1430.12193725,1694.1074075,1541.8905119999997,1430.12193725,1694.1074075,11.775882569657659,3.7879060830474462,11.775882569657659,3.7879060830474462,11.321506804254955,8.661112449685065,14.281816776459609,11.321506804254955,8.661112449685065,14.281816776459609,1.0,0.0,1.0,0.0,1.0,1.0,1.0,1.0,1.0,1.0,1.0,0.0,1.0,0.0,1.0,1.0,1.0,1.0,1.0,1.0,11.775882569657659,3.7879060830474462,11.775882569657659,3.7879060830474462,11.321506804254955,8.661112449685065,14.281816776459609,11.321506804254955,8.661112449685065,14.281816776459609,1.0,0.0,1.0,0.0,1.0,1.0,1.0,1.0,1.0,1.0,112.0,21.570955529345,112.0,21.570955529345,100.0,100.0,100.0,100.0,100.0,100.0,1273.7548800000002,241.0304875604287,1273.7548800000002,241.0304875604287,1256.6055000000001,1164.2752499999997,1366.82025,1256.6055000000001,1164.2752499999997,1366.82025,175.41077002000003,53.61379067133423,175.41077002000003,53.61379067133423,161.65968850000002,144.024231,196.95139899999998,161.65968850000002,144.024231,196.95139899999998,6.790835948304305,2.931021874499913,6.790835948304305,2.931021874499913,6.255569030185265,4.562342059059672,8.911286364860446,6.255569030185265,4.562342059059672,8.911286364860446,0.35681542135335276,0.4266169395429547,0.35681542135335276,0.4266169395429547,0.229395207138948,0.0634859300225295,0.496058093514527,0.229395207138948,0.0634859300225295,0.496058093514527,4.6282312,1.2604347422977615,4.6282312,1.2604347422977615,4.6074195,3.7446735,5.3320185,4.6074195,3.7446735,5.3320185,0.0,0.0,0.0,0.0,0.0,0.0,0.0,0.0,0.0,0.0,0.0001519280089996755,1.892371114761665e-05,0.0001519280089996755,1.892371114761665e-05,0.00014885002747178078,0.00014400004874914885,0.00015232499572448432,0.00014885002747178078,0.00014400004874914885,0.00015232499572448432,0.0001519280089996755,1.892371114761665e-05,0.0001519280089996755,1.892371114761665e-05,0.00014885002747178078,0.00014400004874914885,0.00015232499572448432,0.00014885002747178078,0.00014400004874914885,0.00015232499572448432,,,,,,,,,,
heuristic,Heuristic,Test-1,C025-R075,0.25,0.75,50,50,1.0,1.0,1.0,0.0,0.0,1561.16565002,265.63521469790487,1561.16565002,265.63521469790487,1541.8905119999997,1430.12193725,1694.1074075,1541.8905119999997,1430.12193725,1694.1074075,11.775882569657659,3.7879060830474462,11.775882569657659,3.7879060830474462,11.321506804254955,8.661112449685065,14.281816776459609,11.321506804254955,8.661112449685065,14.281816776459609,1.0,0.0,1.0,0.0,1.0,1.0,1.0,1.0,1.0,1.0,1.0,0.0,1.0,0.0,1.0,1.0,1.0,1.0,1.0,1.0,399.1233244322432,68.01613554078035,399.1233244322432,68.01613554078035,393.9117059180618,366.6383606907402,433.5032890851012,393.9117059180618,366.6383606907402,433.5032890851012,1.0,0.0,1.0,0.0,1.0,1.0,1.0,1.0,1.0,1.0,112.0,21.570955529345,112.0,21.570955529345,100.0,100.0,100.0,100.0,100.0,100.0,1273.7548800000002,241.0304875604287,1273.7548800000002,241.0304875604287,1256.6055000000001,1164.2752499999997,1366.82025,1256.6055000000001,1164.2752499999997,1366.82025,175.41077002000003,53.61379067133423,175.41077002000003,53.61379067133423,161.65968850000002,144.024231,196.95139899999998,161.65968850000002,144.024231,196.95139899999998,6.790835948304305,2.931021874499913,6.790835948304305,2.931021874499913,6.255569030185265,4.562342059059672,8.911286364860446,6.255569030185265,4.562342059059672,8.911286364860446,0.35681542135335276,0.4266169395429547,0.35681542135335276,0.4266169395429547,0.229395207138948,0.0634859300225295,0.496058093514527,0.229395207138948,0.0634859300225295,0.496058093514527,4.6282312,1.2604347422977615,4.6282312,1.2604347422977615,4.6074195,3.7446735,5.3320185,4.6074195,3.7446735,5.3320185,0.0,0.0,0.0,0.0,0.0,0.0,0.0,0.0,0.0,0.0,0.0001519280089996755,1.892371114761665e-05,0.0001519280089996755,1.892371114761665e-05,0.00014885002747178078,0.00014400004874914885,0.00015232499572448432,0.00014885002747178078,0.00014400004874914885,0.00015232499572448432,0.0001519280089996755,1.892371114761665e-05,0.0001519280089996755,1.892371114761665e-05,0.00014885002747178078,0.00014400004874914885,0.00015232499572448432,0.00014885002747178078,0.00014400004874914885,0.00015232499572448432,,,,,,,,,,
heuristic,Heuristic,Test-1,C050-R050,0.5,0.5,50,50,1.0,1.0,1.0,0.0,0.0,1561.16565002,265.63521469790487,1561.16565002,265.63521469790487,1541.8905119999997,1430.12193725,1694.1074075,1541.8905119999997,1430.12193725,1694.1074075,11.775882569657659,3.7879060830474462,11.775882569657659,3.7879060830474462,11.321506804254955,8.661112449685065,14.281816776459609,11.321506804254955,8.661112449685065,14.281816776459609,1.0,0.0,1.0,0.0,1.0,1.0,1.0,1.0,1.0,1.0,1.0,0.0,1.0,0.0,1.0,1.0,1.0,1.0,1.0,1.0,786.470766294829,133.8709454047283,786.470766294829,133.8709454047283,777.3519282262737,720.5498608718252,853.9501307675132,777.3519282262737,720.5498608718252,853.9501307675132,1.0,0.0,1.0,0.0,1.0,1.0,1.0,1.0,1.0,1.0,112.0,21.570955529345,112.0,21.570955529345,100.0,100.0,100.0,100.0,100.0,100.0,1273.7548800000002,241.0304875604287,1273.7548800000002,241.0304875604287,1256.6055000000001,1164.2752499999997,1366.82025,1256.6055000000001,1164.2752499999997,1366.82025,175.41077002000003,53.61379067133423,175.41077002000003,53.61379067133423,161.65968850000002,144.024231,196.95139899999998,161.65968850000002,144.024231,196.95139899999998,6.790835948304305,2.931021874499913,6.790835948304305,2.931021874499913,6.255569030185265,4.562342059059672,8.911286364860446,6.255569030185265,4.562342059059672,8.911286364860446,0.35681542135335276,0.4266169395429547,0.35681542135335276,0.4266169395429547,0.229395207138948,0.0634859300225295,0.496058093514527,0.229395207138948,0.0634859300225295,0.496058093514527,4.6282312,1.2604347422977615,4.6282312,1.2604347422977615,4.6074195,3.7446735,5.3320185,4.6074195,3.7446735,5.3320185,0.0,0.0,0.0,0.0,0.0,0.0,0.0,0.0,0.0,0.0,0.0001519280089996755,1.892371114761665e-05,0.0001519280089996755,1.892371114761665e-05,0.00014885002747178078,0.00014400004874914885,0.00015232499572448432,0.00014885002747178078,0.00014400004874914885,0.00015232499572448432,0.0001519280089996755,1.892371114761665e-05,0.0001519280089996755,1.892371114761665e-05,0.00014885002747178078,0.00014400004874914885,0.00015232499572448432,0.00014885002747178078,0.00014400004874914885,0.00015232499572448432,,,,,,,,,,
heuristic,Heuristic,Test-1,C075-R025,0.75,0.25,50,50,1.0,1.0,1.0,0.0,0.0,1561.16565002,265.63521469790487,1561.16565002,265.63521469790487,1541.8905119999997,1430.12193725,1694.1074075,1541.8905119999997,1430.12193725,1694.1074075,11.775882569657659,3.7879060830474462,11.775882569657659,3.7879060830474462,11.321506804254955,8.661112449685065,14.281816776459609,11.321506804254955,8.661112449685065,14.281816776459609,1.0,0.0,1.0,0.0,1.0,1.0,1.0,1.0,1.0,1.0,1.0,0.0,1.0,0.0,1.0,1.0,1.0,1.0,1.0,1.0,1173.8182081574146,199.74997927773566,1173.8182081574146,199.74997927773566,1159.6212201131366,1075.3358990609124,1274.0287691337567,1159.6212201131366,1075.3358990609124,1274.0287691337567,1.0,0.0,1.0,0.0,1.0,1.0,1.0,1.0,1.0,1.0,112.0,21.570955529345,112.0,21.570955529345,100.0,100.0,100.0,100.0,100.0,100.0,1273.7548800000002,241.0304875604287,1273.7548800000002,241.0304875604287,1256.6055000000001,1164.2752499999997,1366.82025,1256.6055000000001,1164.2752499999997,1366.82025,175.41077002000003,53.61379067133423,175.41077002000003,53.61379067133423,161.65968850000002,144.024231,196.95139899999998,161.65968850000002,144.024231,196.95139899999998,6.790835948304305,2.931021874499913,6.790835948304305,2.931021874499913,6.255569030185265,4.562342059059672,8.911286364860446,6.255569030185265,4.562342059059672,8.911286364860446,0.35681542135335276,0.4266169395429547,0.35681542135335276,0.4266169395429547,0.229395207138948,0.0634859300225295,0.496058093514527,0.229395207138948,0.0634859300225295,0.496058093514527,4.6282312,1.2604347422977615,4.6282312,1.2604347422977615,4.6074195,3.7446735,5.3320185,4.6074195,3.7446735,5.3320185,0.0,0.0,0.0,0.0,0.0,0.0,0.0,0.0,0.0,0.0,0.0001519280089996755,1.892371114761665e-05,0.0001519280089996755,1.892371114761665e-05,0.00014885002747178078,0.00014400004874914885,0.00015232499572448432,0.00014885002747178078,0.00014400004874914885,0.00015232499572448432,0.0001519280089996755,1.892371114761665e-05,0.0001519280089996755,1.892371114761665e-05,0.00014885002747178078,0.00014400004874914885,0.00015232499572448432,0.00014885002747178078,0.00014400004874914885,0.00015232499572448432,,,,,,,,,,
heuristic,Heuristic,Test-1,C100-R000,1.0,0.0,50,50,1.0,1.0,1.0,0.0,0.0,1561.16565002,265.63521469790487,1561.16565002,265.63521469790487,1541.8905119999997,1430.12193725,1694.1074075,1541.8905119999997,1430.12193725,1694.1074075,11.775882569657659,3.7879060830474462,11.775882569657659,3.7879060830474462,11.321506804254955,8.661112449685065,14.281816776459609,11.321506804254955,8.661112449685065,14.281816776459609,1.0,0.0,1.0,0.0,1.0,1.0,1.0,1.0,1.0,1.0,1.0,0.0,1.0,0.0,1.0,1.0,1.0,1.0,1.0,1.0,1561.16565002,265.63521469790487,1561.16565002,265.63521469790487,1541.8905119999997,1430.12193725,1694.1074075,1541.8905119999997,1430.12193725,1694.1074075,1.0,0.0,1.0,0.0,1.0,1.0,1.0,1.0,1.0,1.0,112.0,21.570955529345,112.0,21.570955529345,100.0,100.0,100.0,100.0,100.0,100.0,1273.7548800000002,241.0304875604287,1273.7548800000002,241.0304875604287,1256.6055000000001,1164.2752499999997,1366.82025,1256.6055000000001,1164.2752499999997,1366.82025,175.41077002000003,53.61379067133423,175.41077002000003,53.61379067133423,161.65968850000002,144.024231,196.95139899999998,161.65968850000002,144.024231,196.95139899999998,6.790835948304305,2.931021874499913,6.790835948304305,2.931021874499913,6.255569030185265,4.562342059059672,8.911286364860446,6.255569030185265,4.562342059059672,8.911286364860446,0.35681542135335276,0.4266169395429547,0.35681542135335276,0.4266169395429547,0.229395207138948,0.0634859300225295,0.496058093514527,0.229395207138948,0.0634859300225295,0.496058093514527,4.6282312,1.2604347422977615,4.6282312,1.2604347422977615,4.6074195,3.7446735,5.3320185,4.6074195,3.7446735,5.3320185,0.0,0.0,0.0,0.0,0.0,0.0,0.0,0.0,0.0,0.0,0.0001519280089996755,1.892371114761665e-05,0.0001519280089996755,1.892371114761665e-05,0.00014885002747178078,0.00014400004874914885,0.00015232499572448432,0.00014885002747178078,0.00014400004874914885,0.00015232499572448432,0.0001519280089996755,1.892371114761665e-05,0.0001519280089996755,1.892371114761665e-05,0.00014885002747178078,0.00014400004874914885,0.00015232499572448432,0.00014885002747178078,0.00014400004874914885,0.00015232499572448432,,,,,,,,,,
heuristic,Heuristic,Test-4,C000-R100,0.0,1.0,50,50,1.0,1.0,1.0,0.0,0.0,18252.190129979997,1107.2427929203404,18252.190129979997,1107.2427929203404,18112.149096,17720.36235175,18750.829227500002,18112.149096,17720.36235175,18750.829227500002,1347.1254935796978,189.8697796799778,1347.1254935796978,189.8697796799778,1334.5343465101566,1216.3664638099604,1461.0657275709927,1334.5343465101566,1216.3664638099604,1461.0657275709927,1.0,0.0,1.0,0.0,1.0,1.0,1.0,1.0,1.0,1.0,1.0,0.0,1.0,0.0,1.0,1.0,1.0,1.0,1.0,1.0,1347.1254935796978,189.8697796799778,1347.1254935796978,189.8697796799778,1334.5343465101566,1216.3664638099604,1461.0657275709927,1334.5343465101566,1216.3664638099604,1461.0657275709927,1.0,0.0,1.0,0.0,1.0,1.0,1.0,1.0,1.0,1.0,260.0,20.203050891044214,260.0,20.203050891044214,250.0,250.0,250.0,250.0,250.0,250.0,13295.422919999999,675.219123756098,13295.422919999999,675.219123756098,13415.61,12748.179000000004,13702.020750000001,13415.61,12748.179000000004,13702.020750000001,4696.76720998,898.678118731777,4696.76720998,898.678118731777,4664.6821105,4188.621048749999,5293.64018575,4664.6821105,4188.621048749999,5293.64018575,781.1933705094057,156.71357239326537,781.1933705094057,156.71357239326537,772.1842130567184,651.1835967317213,878.0043368910999,772.1842130567184,651.1835967317213,878.0043368910999,209.73461515029206,72.73161162396151,209.73461515029206,72.73161162396151,206.67219989009365,150.41927181747133,261.3434239629852,206.67219989009365,150.41927181747133,261.3434239629852,356.19750791999996,17.83559413347787,356.19750791999996,17.83559413347787,356.4181775000002,346.4911014999999,365.8763662500002,356.4181775000002,346.4911014999999,365.8763662500002,0.0,0.0,0.0,0.0,0.0,0.0,0.0,0.0,0.0,0.0,0.013913656005170196,0.003501050338075685,0.013913656005170196,0.003501050338075685,0.013074300019070506,0.012034174986183643,0.016034424945246428,0.013074300019070506,0.012034174986183643,0.016034424945246428,0.013913656005170196,0.003501050338075685,0.013913656005170196,0.003501050338075685,0.013074300019070506,0.012034174986183643,0.016034424945246428,0.013074300019070506,0.012034174986183643,0.016034424945246428,,,,,,,,,,
heuristic,Heuristic,Test-4,C025-R075,0.25,0.75,50,50,1.0,1.0,1.0,0.0,0.0,18252.190129979997,1107.2427929203404,18252.190129979997,1107.2427929203404,18112.149096,17720.36235175,18750.829227500002,18112.149096,17720.36235175,18750.829227500002,1347.1254935796978,189.8697796799778,1347.1254935796978,189.8697796799778,1334.5343465101566,1216.3664638099604,1461.0657275709927,1334.5343465101566,1216.3664638099604,1461.0657275709927,1.0,0.0,1.0,0.0,1.0,1.0,1.0,1.0,1.0,1.0,1.0,0.0,1.0,0.0,1.0,1.0,1.0,1.0,1.0,1.0,5573.391652679773,325.2441082332321,5573.391652679773,325.2441082332321,5550.93578553008,5411.173843816336,5737.184076251219,5550.93578553008,5411.173843816336,5737.184076251219,1.0,0.0,1.0,0.0,1.0,1.0,1.0,1.0,1.0,1.0,260.0,20.203050891044214,260.0,20.203050891044214,250.0,250.0,250.0,250.0,250.0,250.0,13295.422919999999,675.219123756098,13295.422919999999,675.219123756098,13415.61,12748.179000000004,13702.020750000001,13415.61,12748.179000000004,13702.020750000001,4696.76720998,898.678118731777,4696.76720998,898.678118731777,4664.6821105,4188.621048749999,5293.64018575,4664.6821105,4188.621048749999,5293.64018575,781.1933705094057,156.71357239326537,781.1933705094057,156.71357239326537,772.1842130567184,651.1835967317213,878.0043368910999,772.1842130567184,651.1835967317213,878.0043368910999,209.73461515029206,72.73161162396151,209.73461515029206,72.73161162396151,206.67219989009365,150.41927181747133,261.3434239629852,206.67219989009365,150.41927181747133,261.3434239629852,356.19750791999996,17.83559413347787,356.19750791999996,17.83559413347787,356.4181775000002,346.4911014999999,365.8763662500002,356.4181775000002,346.4911014999999,365.8763662500002,0.0,0.0,0.0,0.0,0.0,0.0,0.0,0.0,0.0,0.0,0.013913656005170196,0.003501050338075685,0.013913656005170196,0.003501050338075685,0.013074300019070506,0.012034174986183643,0.016034424945246428,0.013074300019070506,0.012034174986183643,0.016034424945246428,0.013913656005170196,0.003501050338075685,0.013913656005170196,0.003501050338075685,0.013074300019070506,0.012034174986183643,0.016034424945246428,0.013074300019070506,0.012034174986183643,0.016034424945246428,,,,,,,,,,
heuristic,Heuristic,Test-4,C050-R050,0.5,0.5,50,50,1.0,1.0,1.0,0.0,0.0,18252.190129979997,1107.2427929203404,18252.190129979997,1107.2427929203404,18112.149096,17720.36235175,18750.829227500002,18112.149096,17720.36235175,18750.829227500002,1347.1254935796978,189.8697796799778,1347.1254935796978,189.8697796799778,1334.5343465101566,1216.3664638099604,1461.0657275709927,1334.5343465101566,1216.3664638099604,1461.0657275709927,1.0,0.0,1.0,0.0,1.0,1.0,1.0,1.0,1.0,1.0,1.0,0.0,1.0,0.0,1.0,1.0,1.0,1.0,1.0,1.0,9799.657811779849,572.1457917772225,9799.657811779849,572.1457917772225,9779.656418756946,9488.98343055241,10046.963600338291,9779.656418756946,9488.98343055241,10046.963600338291,1.0,0.0,1.0,0.0,1.0,1.0,1.0,1.0,1.0,1.0,260.0,20.203050891044214,260.0,20.203050891044214,250.0,250.0,250.0,250.0,250.0,250.0,13295.422919999999,675.219123756098,13295.422919999999,675.219123756098,13415.61,12748.179000000004,13702.020750000001,13415.61,12748.179000000004,13702.020750000001,4696.76720998,898.678118731777,4696.76720998,898.678118731777,4664.6821105,4188.621048749999,5293.64018575,4664.6821105,4188.621048749999,5293.64018575,781.1933705094057,156.71357239326537,781.1933705094057,156.71357239326537,772.1842130567184,651.1835967317213,878.0043368910999,772.1842130567184,651.1835967317213,878.0043368910999,209.73461515029206,72.73161162396151,209.73461515029206,72.73161162396151,206.67219989009365,150.41927181747133,261.3434239629852,206.67219989009365,150.41927181747133,261.3434239629852,356.19750791999996,17.83559413347787,356.19750791999996,17.83559413347787,356.4181775000002,346.4911014999999,365.8763662500002,356.4181775000002,346.4911014999999,365.8763662500002,0.0,0.0,0.0,0.0,0.0,0.0,0.0,0.0,0.0,0.0,0.013913656005170196,0.003501050338075685,0.013913656005170196,0.003501050338075685,0.013074300019070506,0.012034174986183643,0.016034424945246428,0.013074300019070506,0.012034174986183643,0.016034424945246428,0.013913656005170196,0.003501050338075685,0.013913656005170196,0.003501050338075685,0.013074300019070506,0.012034174986183643,0.016034424945246428,0.013074300019070506,0.012034174986183643,0.016034424945246428,,,,,,,,,,
heuristic,Heuristic,Test-4,C075-R025,0.75,0.25,50,50,1.0,1.0,1.0,0.0,0.0,18252.190129979997,1107.2427929203404,18252.190129979997,1107.2427929203404,18112.149096,17720.36235175,18750.829227500002,18112.149096,17720.36235175,18750.829227500002,1347.1254935796978,189.8697796799778,1347.1254935796978,189.8697796799778,1334.5343465101566,1216.3664638099604,1461.0657275709927,1334.5343465101566,1216.3664638099604,1461.0657275709927,1.0,0.0,1.0,0.0,1.0,1.0,1.0,1.0,1.0,1.0,1.0,0.0,1.0,0.0,1.0,1.0,1.0,1.0,1.0,1.0,14025.923970879927,837.1091712313192,14025.923970879927,837.1091712313192,13918.853241109206,13584.728818449976,14381.260599879188,13918.853241109206,13584.728818449976,14381.260599879188,1.0,0.0,1.0,0.0,1.0,1.0,1.0,1.0,1.0,1.0,260.0,20.203050891044214,260.0,20.203050891044214,250.0,250.0,250.0,250.0,250.0,250.0,13295.422919999999,675.219123756098,13295.422919999999,675.219123756098,13415.61,12748.179000000004,13702.020750000001,13415.61,12748.179000000004,13702.020750000001,4696.76720998,898.678118731777,4696.76720998,898.678118731777,4664.6821105,4188.621048749999,5293.64018575,4664.6821105,4188.621048749999,5293.64018575,781.1933705094057,156.71357239326537,781.1933705094057,156.71357239326537,772.1842130567184,651.1835967317213,878.0043368910999,772.1842130567184,651.1835967317213,878.0043368910999,209.73461515029206,72.73161162396151,209.73461515029206,72.73161162396151,206.67219989009365,150.41927181747133,261.3434239629852,206.67219989009365,150.41927181747133,261.3434239629852,356.19750791999996,17.83559413347787,356.19750791999996,17.83559413347787,356.4181775000002,346.4911014999999,365.8763662500002,356.4181775000002,346.4911014999999,365.8763662500002,0.0,0.0,0.0,0.0,0.0,0.0,0.0,0.0,0.0,0.0,0.013913656005170196,0.003501050338075685,0.013913656005170196,0.003501050338075685,0.013074300019070506,0.012034174986183643,0.016034424945246428,0.013074300019070506,0.012034174986183643,0.016034424945246428,0.013913656005170196,0.003501050338075685,0.013913656005170196,0.003501050338075685,0.013074300019070506,0.012034174986183643,0.016034424945246428,0.013074300019070506,0.012034174986183643,0.016034424945246428,,,,,,,,,,
heuristic,Heuristic,Test-4,C100-R000,1.0,0.0,50,50,1.0,1.0,1.0,0.0,0.0,18252.190129979997,1107.2427929203404,18252.190129979997,1107.2427929203404,18112.149096,17720.36235175,18750.829227500002,18112.149096,17720.36235175,18750.829227500002,1347.1254935796978,189.8697796799778,1347.1254935796978,189.8697796799778,1334.5343465101566,1216.3664638099604,1461.0657275709927,1334.5343465101566,1216.3664638099604,1461.0657275709927,1.0,0.0,1.0,0.0,1.0,1.0,1.0,1.0,1.0,1.0,1.0,0.0,1.0,0.0,1.0,1.0,1.0,1.0,1.0,1.0,18252.190129979997,1107.2427929203404,18252.190129979997,1107.2427929203404,18112.149096,17720.36235175,18750.829227500002,18112.149096,17720.36235175,18750.829227500002,1.0,0.0,1.0,0.0,1.0,1.0,1.0,1.0,1.0,1.0,260.0,20.203050891044214,260.0,20.203050891044214,250.0,250.0,250.0,250.0,250.0,250.0,13295.422919999999,675.219123756098,13295.422919999999,675.219123756098,13415.61,12748.179000000004,13702.020750000001,13415.61,12748.179000000004,13702.020750000001,4696.76720998,898.678118731777,4696.76720998,898.678118731777,4664.6821105,4188.621048749999,5293.64018575,4664.6821105,4188.621048749999,5293.64018575,781.1933705094057,156.71357239326537,781.1933705094057,156.71357239326537,772.1842130567184,651.1835967317213,878.0043368910999,772.1842130567184,651.1835967317213,878.0043368910999,209.73461515029206,72.73161162396151,209.73461515029206,72.73161162396151,206.67219989009365,150.41927181747133,261.3434239629852,206.67219989009365,150.41927181747133,261.3434239629852,356.19750791999996,17.83559413347787,356.19750791999996,17.83559413347787,356.4181775000002,346.4911014999999,365.8763662500002,356.4181775000002,346.4911014999999,365.8763662500002,0.0,0.0,0.0,0.0,0.0,0.0,0.0,0.0,0.0,0.0,0.013913656005170196,0.003501050338075685,0.013913656005170196,0.003501050338075685,0.013074300019070506,0.012034174986183643,0.016034424945246428,0.013074300019070506,0.012034174986183643,0.016034424945246428,0.013913656005170196,0.003501050338075685,0.013913656005170196,0.003501050338075685,0.013074300019070506,0.012034174986183643,0.016034424945246428,0.013074300019070506,0.012034174986183643,0.016034424945246428,,,,,,,,,,
milp,MILP,Test-1,C000-R100,0.0,1.0,50,50,1.0,1.0,1.0,0.0,0.0,2839.967158579987,447.05646215658265,2839.967158579987,447.05646215658265,2836.9378640000004,2550.3665392499997,3001.515448250001,2836.9378640000004,2550.3665392499997,3001.515448250001,2.6805193515176966,1.3217357281515267,2.6805193515176966,1.3217357281515267,2.40695988607285,1.6193901612798327,3.1402740091605117,2.40695988607285,1.6193901612798327,3.1402740091605117,1.8483158651123421,0.3014024931248345,1.8483158651123421,0.3014024931248345,1.8549897839776053,1.7295556549070632,1.9815260898018106,1.8549897839776053,1.7295556549070632,1.9815260898018106,0.23360661517369385,0.0964275199155603,0.23360661517369385,0.0964275199155603,0.225007687322752,0.16405725435357585,0.2883352893425428,0.225007687322752,0.16405725435357585,0.2883352893425428,2.6805193515176966,1.3217357281515267,2.6805193515176966,1.3217357281515267,2.40695988607285,1.6193901612798327,3.1402740091605117,2.40695988607285,1.6193901612798327,3.1402740091605117,0.23360661517369385,0.0964275199155603,0.23360661517369385,0.0964275199155603,0.225007687322752,0.16405725435357585,0.2883352893425428,0.225007687322752,0.16405725435357585,0.2883352893425428,292.0,23.38672220534986,292.0,23.38672220534986,300.0,300.0,300.0,300.0,300.0,300.0,2371.8927000000003,439.4235193114859,2371.8927000000003,439.4235193114859,2350.593,2123.4855,2533.1355000000003,2350.593,2123.4855,2533.1355000000003,176.07445857998627,56.01776240966174,176.07445857998627,56.01776240966174,156.6048870000077,137.76125350000058,215.16203550000108,156.6048870000077,137.76125350000058,215.16203550000108,2.6052052486467896,1.3244811914312982,2.6052052486467896,1.3244811914312982,2.3065620429945732,1.5977351547860967,2.9530032505206822,2.3065620429945732,1.5977351547860967,2.9530032505206822,0.06062856287090678,0.0587540821701297,0.06062856287090678,0.0587540821701297,0.041086802603054,0.016018865735827646,0.09467524787812409,0.041086802603054,0.016018865735827646,0.09467524787812409,0.014685539999999997,0.07402763700331305,0.014685539999999997,0.07402763700331305,0.0,0.0,0.0,0.0,0.0,0.0,0.0,0.0,0.0,0.0,0.0,0.0,0.0,0.0,0.0,0.0,177.91383411199786,14.949363566096359,177.91383411199786,14.949363566096359,180.05077830003574,180.0431951499777,180.0617965250276,180.05077830003574,180.0431951499777,180.0617965250276,177.91383411199786,14.949363566096359,177.91383411199786,14.949363566096359,180.05077830003574,180.0431951499777,180.0617965250276,180.05077830003574,180.0431951499777,180.0617965250276,,,,,,,,,,
milp,MILP,Test-1,C025-R075,0.25,0.75,50,50,1.0,1.0,1.0,0.0,0.0,2063.3049863999627,413.599073965902,2063.3049863999627,413.599073965902,2019.4834027730772,1811.1469102499627,2317.407055499998,2019.4834027730772,1811.1469102499627,2317.407055499998,3.371123364471844,1.7529736126637452,3.371123364471844,1.7529736126637452,2.9015760048278088,2.156791605345154,4.005161013124923,2.9015760048278088,2.156791605345154,4.005161013124923,1.3426606970847876,0.2794904995693547,1.3426606970847876,0.2794904995693547,1.2889656369371063,1.1701284117493365,1.5159092329145272,1.2889656369371063,1.1701284117493365,1.5159092329145272,0.2922394489945158,0.11624532191054848,0.2922394489945158,0.11624532191054848,0.2761290312084523,0.22363625665264342,0.35724609657443085,0.2761290312084523,0.22363625665264342,0.35724609657443085,518.3545891233447,103.71469797974551,518.3545891233447,103.71469797974551,508.7530589526231,454.8068589777714,581.7867190137825,508.7530589526231,454.8068589777714,581.7867190137825,0.5548447610170838,0.12387167789439876,0.5548447610170838,0.12387167789439876,0.5479500020747488,0.48209674114177015,0.6139986743264707,0.5479500020747488,0.48209674114177015,0.6139986743264707,227.0,54.594983697203894,227.0,54.594983697203894,250.0,200.0,250.0,250.0,200.0,250.0,1660.8638999999998,386.0708814100655,1660.8638999999998,386.0708814100655,1623.7755,1378.0515000000003,1885.4407500000002,1623.7755,1378.0515000000003,1885.4407500000002,175.4410863999628,53.0891698851115,175.4410863999628,53.0891698851115,163.52078750000004,142.09723225000002,200.18085499994484,163.52078750000004,142.09723225000002,200.18085499994484,2.77022589679023,1.4151803065215538,2.77022589679023,1.4151803065215538,2.4544394010441946,1.7511791028184414,3.072796878200934,2.4544394010441946,1.7511791028184414,3.072796878200934,0.12168386768161918,0.11706665582648457,0.12168386768161918,0.11706665582648457,0.08616312940843887,0.040756080668147,0.17390021301832403,0.08616312940843887,0.040756080668147,0.17390021301832403,0.47921359999999547,0.6062530696604671,0.47921359999999547,0.6062530696604671,0.35863949999990485,0.0,0.637288250000005,0.35863949999990485,0.0,0.637288250000005,0.0,0.0,0.0,0.0,0.0,0.0,0.0,0.0,0.0,0.0,177.25084079000632,14.848038715569796,177.25084079000632,14.848038715569796,180.05784470000071,180.04544854999403,180.06336269999156,180.05784470000071,180.04544854999403,180.06336269999156,177.25084079000632,14.848038715569796,177.25084079000632,14.848038715569796,180.05784470000071,180.04544854999403,180.06336269999156,180.05784470000071,180.04544854999403,180.06336269999156,,,,,,,,,,
milp,MILP,Test-1,C050-R050,0.5,0.5,50,50,1.0,1.0,1.0,0.0,0.0,1443.43681764142,225.93207282711586,1443.43681764142,225.93207282711586,1409.354241499812,1293.297061499998,1585.7171057499972,1409.354241499812,1293.297061499998,1585.7171057499972,5.740618853561213,2.594985336579952,5.740618853561213,2.594985336579952,5.002958165051952,3.8550565080689476,7.236117677209249,5.002958165051952,3.8550565080689476,7.236117677209249,0.9417657130171426,0.17031416926647316,0.9417657130171426,0.17031416926647316,0.9233932198533754,0.81437362084144,1.0540704023446024,0.9233932198533754,0.81437362084144,1.0540704023446024,0.4920279315230192,0.15583165586369346,0.4920279315230192,0.15583165586369346,0.4924753790721551,0.35737128553988806,0.6162535903447927,0.4924753790721551,0.35737128553988806,0.6162535903447927,724.5887182474906,112.80424463012791,724.5887182474906,112.80424463012791,705.8855714169952,649.550824647355,796.6029478033511,705.8855714169952,649.550824647355,796.6029478033511,0.7168968222700808,0.12062662391749919,0.7168968222700808,0.12062662391749919,0.7173385545579035,0.6444900053742674,0.795044624350099,0.7173385545579035,0.6444900053742674,0.795044624350099,152.0,33.44199974491321,152.0,33.44199974491321,150.0,150.0,150.0,150.0,150.0,150.0,1117.36728,222.06991404391323,1117.36728,222.06991404391323,1074.654,946.2104999999999,1274.382,1074.654,946.2104999999999,1274.382,174.06953764142,55.832580096624135,174.06953764142,55.832580096624135,159.66703100002235,138.40292950011468,212.4976962500001,159.66703100002235,138.40292950011468,212.4976962500001,2.920662712059722,1.4295839830830934,2.920662712059722,1.4295839830830934,2.545479281005125,1.8549035353335706,3.598422300578979,2.545479281005125,1.8549035353335706,3.598422300578979,0.14806012150128647,0.1404878468303704,0.14806012150128647,0.1404878468303704,0.11222823763179993,0.042610377076135825,0.21575183501670603,0.11222823763179993,0.042610377076135825,0.21575183501670603,2.6718960200002044,1.6319323325318027,2.6718960200002044,1.6319323325318027,2.3486114999999996,1.4298737499999474,3.742600250001972,2.3486114999999996,1.4298737499999474,3.742600250001972,0.0,0.0,0.0,0.0,0.0,0.0,0.0,0.0,0.0,0.0,129.48161621200387,60.25157712997926,129.48161621200387,60.25157712997926,171.5966438500327,85.99486887498642,180.05746297503356,171.5966438500327,85.99486887498642,180.05746297503356,129.48161621200387,60.25157712997926,129.48161621200387,60.25157712997926,171.5966438500327,85.99486887498642,180.05746297503356,171.5966438500327,85.99486887498642,180.05746297503356,,,,,,,,,,
milp,MILP,Test-1,C075-R025,0.75,0.25,50,50,1.0,1.0,1.0,0.0,0.0,1243.7772669960048,173.15735544423762,1243.7772669960048,173.15735544423762,1226.8061074999894,1086.6309975000001,1371.5883915000093,1226.8061074999894,1086.6309975000001,1371.5883915000093,7.698220129286581,2.242861624722012,7.698220129286581,2.242861624722012,7.60691164844033,6.300181566309446,8.613186399779226,7.60691164844033,6.300181566309446,8.613186399779226,0.811210058100295,0.1312732131356704,0.811210058100295,0.1312732131356704,0.81977955657872,0.7055910693997147,0.9057321469516608,0.81977955657872,0.7055910693997147,0.9057321469516608,0.6773482054416641,0.15015362197983076,0.6773482054416641,0.15015362197983076,0.6754050915252178,0.5822132739873213,0.7818219063014985,0.6754050915252178,0.5822132739873213,0.7818219063014985,934.7575052793253,130.0343414868885,934.7575052793253,130.0343414868885,922.2118319369753,816.468174282438,1031.5370274988431,922.2118319369753,816.468174282438,1031.5370274988431,0.7777445949356373,0.1181400519536022,0.7777445949356373,0.1181400519536022,0.8054914099932408,0.684141714191598,0.8625132673728855,0.8054914099932408,0.684141714191598,0.8625132673728855,118.0,26.26396615835748,118.0,26.26396615835748,100.0,100.0,150.0,100.0,100.0,150.0,955.17834,171.64533654634062,955.17834,171.64533654634062,947.529,824.4847500000001,1091.99325,947.529,824.4847500000001,1091.99325,170.59892699600476,55.07171280596752,170.59892699600476,55.07171280596752,156.51888600000143,142.11412324999174,199.61689499986971,156.51888600000143,142.11412324999174,199.61689499986971,3.102923923145635,1.491282529067794,3.102923923145635,1.491282529067794,2.8249621009833805,1.892079865776617,3.67422528487977,2.8249621009833805,1.892079865776617,3.67422528487977,0.1229455261408666,0.15675667263356793,0.1229455261408666,0.15675667263356793,0.07604270900916718,0.0,0.19718099581345894,0.07604270900916718,0.0,0.19718099581345894,4.472350680000077,1.4050760452159412,4.472350680000077,1.4050760452159412,4.5313705000000315,3.547079500000383,4.898966499999969,4.5313705000000315,3.547079500000383,4.898966499999969,0.0,0.0,0.0,0.0,0.0,0.0,0.0,0.0,0.0,0.0,52.539734935997984,42.650125232368346,52.539734935997984,42.650125232368346,42.771380249992944,21.668559225072386,66.39210537500912,42.771380249992944,21.668559225072386,66.39210537500912,52.539734935997984,42.650125232368346,52.539734935997984,42.650125232368346,42.771380249992944,21.668559225072386,66.39210537500912,42.771380249992944,21.668559225072386,66.39210537500912,,,,,,,,,,
milp,MILP,Test-1,C100-R000,1.0,0.0,50,50,1.0,1.0,1.0,0.0,0.0,1222.7541568800011,170.64242684933785,1222.7541568800011,170.64242684933785,1226.8061074999998,1079.5964160000105,1351.574107749982,1226.8061074999998,1079.5964160000105,1351.574107749982,9.475783362160794,2.529519522895746,9.475783362160794,2.529519522895746,9.417813062385038,7.858683911401404,10.693751904942326,9.417813062385038,7.858683911401404,10.693751904942326,0.7972241937179042,0.12783180038674052,0.7972241937179042,0.12783180038674052,0.8042694593218904,0.6883239037250385,0.900438210639567,0.8042694593218904,0.6883239037250385,0.900438210639567,0.8398737031215877,0.17429622557349272,0.8398737031215877,0.17429622557349272,0.8398311675957897,0.7353991012714238,0.9377202820241767,0.8398311675957897,0.7353991012714238,0.9377202820241767,1222.7541568800011,170.64242684933785,1222.7541568800011,170.64242684933785,1226.8061074999998,1079.5964160000105,1351.574107749982,1226.8061074999998,1079.5964160000105,1351.574107749982,0.7972241937179042,0.12783180038674052,0.7972241937179042,0.12783180038674052,0.8042694593218904,0.6883239037250385,0.900438210639567,0.8042694593218904,0.6883239037250385,0.900438210639567,106.0,16.413036132965797,106.0,16.413036132965797,100.0,100.0,100.0,100.0,100.0,100.0,948.1691999999999,166.26470818829466,948.1691999999999,166.26470818829466,934.9124999999999,822.4095,1064.97975,934.9124999999999,822.4095,1064.97975,168.58495688000107,54.282720499267114,168.58495688000107,54.282720499267114,156.51888599999654,142.11412325006896,199.22858324974317,156.51888599999654,142.11412325006896,199.22858324974317,4.601055124506767,1.9804482661562937,4.601055124506767,1.9804482661562937,4.058473140441954,3.3627473607646556,5.305572484645355,4.058473140441954,3.3627473607646556,5.305572484645355,0.2464970376539551,0.2861038518674409,0.2464970376539551,0.2861038518674409,0.17840467556720202,0.0,0.3357022528468597,0.17840467556720202,0.0,0.3357022528468597,4.628231200000073,1.2604347422980322,4.628231200000073,1.2604347422980322,4.6074194999999225,3.7446734999999993,5.3320185,4.6074194999999225,3.7446734999999993,5.3320185,0.0,0.0,0.0,0.0,0.0,0.0,0.0,0.0,0.0,0.0,15.47957259599818,11.830294294073363,15.47957259599818,11.830294294073363,11.397074949985836,7.695893700059969,19.395487299974775,11.397074949985836,7.695893700059969,19.395487299974775,15.47957259599818,11.830294294073363,15.47957259599818,11.830294294073363,11.397074949985836,7.695893700059969,19.395487299974775,11.397074949985836,7.695893700059969,19.395487299974775,,,,,,,,,,
ppo,Train-L,Test-1,C000-R100,0.0,1.0,50,50,1.0,1.0,1.0,0.0,0.0,2836.2642811333335,424.3719829394599,2836.2642811333335,424.3719829394599,2803.917767,2528.05902075,3095.5754455,2803.917767,2528.05902075,3095.5754455,2.8002855704043834,1.3859777975066985,2.8002855704043834,1.3859777975066985,2.4867894115417712,1.8273556771322184,3.276425842682282,2.4867894115417712,1.8273556771322184,3.276425842682282,1.8447294454121994,0.2843839012061425,1.8447294454121994,0.2843839012061425,1.8052232714541803,1.6674551121143264,2.0200918616829266,1.8052232714541803,1.6674551121143264,2.0200918616829266,0.24071321859551462,0.09113623507949827,0.24071321859551462,0.09113623507949827,0.22822185454261262,0.16808049418345614,0.29592370840287685,0.22822185454261262,0.16808049418345614,0.29592370840287685,2.8002855704043834,1.3859777975066985,2.8002855704043834,1.3859777975066985,2.4867894115417712,1.8273556771322184,3.276425842682282,2.4867894115417712,1.8273556771322184,3.276425842682282,0.24071321859551462,0.09113623507949827,0.24071321859551462,0.09113623507949827,0.22822185454261262,0.16808049418345614,0.29592370840287685,0.22822185454261262,0.16808049418345614,0.29592370840287685,294.66666666666663,19.760470401187078,294.66666666666663,19.760470401187078,300.0,300.0,300.0,300.0,300.0,300.0,2366.2549200000003,415.0511144534546,2366.2549200000003,415.0511144534546,2304.2545,2107.93725,2608.949,2304.2545,2107.93725,2608.949,175.3426944666667,53.09798869622684,175.3426944666667,53.09798869622684,162.45670983333332,143.878487,197.19782075,162.45670983333332,143.878487,197.19782075,2.600784943225049,1.296044251322372,2.600784943225049,1.296044251322372,2.3401521603952125,1.6976345517415878,2.877952743763928,2.3401521603952125,1.6976345517415878,2.877952743763928,0.0664558005126678,0.05574839037994427,0.0664558005126678,0.05574839037994427,0.055516348525516665,0.028655867463545,0.09208740718767283,0.055516348525516665,0.028655867463545,0.09208740718767283,0.1330448266666667,0.19536871974151526,0.1330448266666667,0.19536871974151526,0.0,0.0,0.22971750000000002,0.0,0.0,0.22971750000000002,0.0,0.0,0.0,0.0,0.0,0.0,0.0,0.0,0.0,0.0,22.009840198666016,0.2749381484871791,22.009840198666016,0.2749381484871791,22.047857633326203,22.039320108277025,22.067621091681456,22.047857633326203,22.039320108277025,22.067621091681456,22.009840198666016,0.2749381484871791,22.009840198666016,0.2749381484871791,22.047857633326203,22.039320108277025,22.067621091681456,22.047857633326203,22.039320108277025,22.067621091681456,,,,,,,,,,
ppo,Train-L,Test-1,C025-R075,0.25,0.75,50,50,1.0,1.0,1.0,0.0,0.0,1975.6518956866669,371.419754924356,1975.6518956866669,371.419754924356,1939.4695453333334,1709.3972941666666,2244.760071166667,1939.4695453333334,1709.3972941666666,2244.760071166667,4.256982044118701,2.086432054882789,4.256982044118701,2.086432054882789,3.6027913711649218,2.993213584722281,5.1878281349482975,3.6027913711649218,2.993213584722281,5.1878281349482975,1.2832299281084176,0.23432931696051845,1.2832299281084176,0.23432931696051845,1.294388543389392,1.1198152242206771,1.4617945296497488,1.294388543389392,1.1198152242206771,1.4617945296497488,0.3614635971857085,0.12053447928979101,0.3614635971857085,0.12053447928979101,0.33987803082655654,0.276123647478945,0.4411899368189697,0.33987803082655654,0.276123647478945,0.4411899368189697,497.1057104547556,92.70179509294697,497.1057104547556,92.70179509294697,487.8115058117428,431.6578260209417,563.470250875791,487.8115058117428,431.6578260209417,563.470250875791,0.5919051799163857,0.10837905206785435,0.5919051799163857,0.10837905206785435,0.5767848896863448,0.5308227099296826,0.6676922670473662,0.5767848896863448,0.5308227099296826,0.6676922670473662,211.99999999999997,40.69130512683478,211.99999999999997,40.69130512683478,208.33333333333331,200.0,250.0,208.33333333333331,200.0,250.0,1590.89488,351.89933359603316,1590.89488,351.89933359603316,1563.33,1351.7237499999997,1856.2392499999999,1563.33,1351.7237499999997,1856.2392499999999,172.75701568666668,53.115421454974005,172.75701568666668,53.115421454974005,156.992909,144.024231,186.92567574999998,156.992909,144.024231,186.92567574999998,2.8147306157979477,1.4184939876538358,2.8147306157979477,1.4184939876538358,2.517780454614651,1.9867182354050819,3.1728657879463467,2.517780454614651,1.9867182354050819,3.1728657879463467,0.11372995498742006,0.0987360605403347,0.11372995498742006,0.0987360605403347,0.09100283440432466,0.025419461463569503,0.187248766354986,0.09100283440432466,0.025419461463569503,0.187248766354986,1.3285214733333333,0.9417416587641465,1.3285214733333333,0.9417416587641465,1.136377,0.7156879166666666,1.7441499999999999,1.136377,0.7156879166666666,1.7441499999999999,0.0,0.0,0.0,0.0,0.0,0.0,0.0,0.0,0.0,0.0,22.026225072002656,0.24359725822282058,22.026225072002656,0.24359725822282058,22.056112150021363,22.046102874999633,22.070671474987954,22.056112150021363,22.046102874999633,22.070671474987954,22.026225072002656,0.24359725822282058,22.026225072002656,0.24359725822282058,22.056112150021363,22.046102874999633,22.070671474987954,22.056112150021363,22.046102874999633,22.070671474987954,,,,,,,,,,
ppo,Train-L,Test-1,C050-R050,0.5,0.5,50,50,1.0,1.0,1.0,0.0,0.0,1368.1483904666666,190.73893720408893,1368.1483904666666,190.73893720408893,1349.604766,1236.280675,1465.4140507500003,1349.604766,1236.280675,1465.4140507500003,7.0791292607630165,2.2546817807127595,7.0791292607630165,2.2546817807127595,6.735291321053961,5.738809775744878,8.346361642472417,6.735291321053961,5.738809775744878,8.346361642472417,0.8924290833493861,0.14435517892875127,0.8924290833493861,0.14435517892875127,0.8939918684650144,0.808949476683025,0.9881632707571335,0.8939918684650144,0.808949476683025,0.9881632707571335,0.6149548274103833,0.13164964015226124,0.6149548274103833,0.13164964015226124,0.6138709430205307,0.5240542396421721,0.6967378230513869,0.6138709430205307,0.5240542396421721,0.6967378230513869,687.6137598637148,95.49646951906429,687.6137598637148,95.49646951906429,678.3474555365347,622.1550121239284,737.6965773510175,678.3474555365347,622.1550121239284,737.6965773510175,0.7536919553798848,0.10740464296023099,0.7536919553798848,0.10740464296023099,0.7763971351262524,0.6651644085530785,0.8218821370445215,0.7763971351262524,0.6651644085530785,0.8218821370445215,137.0,32.696293659184356,137.0,32.696293659184356,150.0,100.0,150.0,150.0,100.0,150.0,1058.785,179.9133935415389,1058.785,179.9133935415389,1044.4155,926.13825,1172.90775,1044.4155,926.13825,1172.90775,172.3633904666667,54.53284989313428,172.3633904666667,54.53284989313428,156.51888599999998,143.41349350000002,195.0187186666667,156.51888599999998,143.41349350000002,195.0187186666667,2.9758887844245403,1.4090034284541941,2.9758887844245403,1.4090034284541941,2.7034328436847055,1.9966352348716838,3.4354280637699817,2.7034328436847055,1.9966352348716838,3.4354280637699817,0.12126242967180983,0.12977393809101168,0.12126242967180983,0.12977393809101168,0.08438024871570685,0.004267251874815417,0.19436460596511176,0.08438024871570685,0.004267251874815417,0.19436460596511176,3.9819780466666668,1.383651410982497,3.9819780466666668,1.383651410982497,3.8329491666666664,3.204142,4.8046240000000004,3.8329491666666664,3.204142,4.8046240000000004,0.0,0.0,0.0,0.0,0.0,0.0,0.0,0.0,0.0,0.0,22.025918311998247,0.2098422255772194,22.025918311998247,0.2098422255772194,22.05517586666004,22.03916049998952,22.07496592498501,22.05517586666004,22.03916049998952,22.07496592498501,22.025918311998247,0.2098422255772194,22.025918311998247,0.2098422255772194,22.05517586666004,22.03916049998952,22.07496592498501,22.05517586666004,22.03916049998952,22.07496592498501,,,,,,,,,,
ppo,Train-L,Test-1,C075-R025,0.75,0.25,50,50,1.0,1.0,1.0,0.0,0.0,1258.7264871466666,167.976997292998,1258.7264871466666,167.976997292998,1251.635764,1123.22308625,1374.5449119999998,1251.635764,1123.22308625,1374.5449119999998,8.071621650591036,2.1044600021208217,8.071621650591036,2.1044600021208217,7.759060371408944,6.582432474607211,9.003400425166593,7.759060371408944,6.582432474607211,9.003400425166593,0.8205437503542206,0.12593957535049133,0.8205437503542206,0.12593957535049133,0.828386505786034,0.7166008501529781,0.9184954323277444,0.828386505786034,0.7166008501529781,0.9184954323277444,0.710665307541803,0.1256993426565058,0.710665307541803,0.1256993426565058,0.7057571640607156,0.6109771301169645,0.8010585967845113,0.7057571640607156,0.6109771301169645,0.8010585967845113,946.0627707726478,126.18583305529292,946.0627707726478,126.18583305529292,940.6209115840875,843.6297857475224,1032.9436997297453,940.6209115840875,843.6297857475224,1032.9436997297453,0.7930741396511162,0.11358814115447036,0.7930741396511162,0.11358814115447036,0.8161313739454854,0.6969250596016209,0.8825267551763163,0.8161313739454854,0.6969250596016209,0.8825267551763163,111.0,18.931191792270685,111.0,18.931191792270685,100.0,100.0,116.66666666666667,100.0,100.0,116.66666666666667,976.67084,162.32415413589274,976.67084,162.32415413589274,977.8199999999999,837.11475,1092.29725,977.8199999999999,837.11475,1092.29725,171.05564714666667,55.38751122467513,171.05564714666667,55.38751122467513,157.673428,143.48226400000001,188.809342,157.673428,143.48226400000001,188.809342,3.3449080941268123,1.444865467930071,3.3449080941268123,1.444865467930071,2.9919940632916155,2.360586780203798,3.9756510275537282,2.9919940632916155,2.360586780203798,3.9756510275537282,0.1537763697975561,0.18438568086784315,0.1537763697975561,0.18438568086784315,0.1059529560430785,0.0,0.229365540212216,0.1059529560430785,0.0,0.229365540212216,4.572937186666667,1.2503931079692783,4.572937186666667,1.2503931079692783,4.569418000000001,3.72415325,4.90074275,4.569418000000001,3.72415325,4.90074275,0.0,0.0,0.0,0.0,0.0,0.0,0.0,0.0,0.0,0.0,22.017418421337695,0.19509417472484672,22.017418421337695,0.19509417472484672,22.050798416680966,22.037630508333677,22.070254333346384,22.050798416680966,22.037630508333677,22.070254333346384,22.017418421337695,0.19509417472484672,22.017418421337695,0.19509417472484672,22.050798416680966,22.037630508333677,22.070254333346384,22.050798416680966,22.037630508333677,22.070254333346384,,,,,,,,,,
ppo,Train-L,Test-1,C100-R000,1.0,0.0,50,50,1.0,1.0,1.0,0.0,0.0,1238.7188830866667,169.91371545660945,1238.7188830866667,169.91371545660945,1271.0176215000001,1098.16050275,1366.6067613333332,1271.0176215000001,1098.16050275,1366.6067613333332,9.923977006204666,2.875086964586942,9.923977006204666,2.875086964586942,9.205280848747957,8.419175668970064,10.76502919722344,9.205280848747957,8.419175668970064,10.76502919722344,0.8075762731867225,0.1271648646799939,0.8075762731867225,0.1271648646799939,0.8276861387010885,0.6944908306960731,0.9025143049318922,0.8276861387010885,0.6944908306960731,0.9025143049318922,0.8697615030241133,0.1578614834332388,0.8697615030241133,0.1578614834332388,0.8605659073570815,0.7703712254329916,0.9625942453917872,0.8605659073570815,0.7703712254329916,0.9625942453917872,1238.7188830866667,169.91371545660945,1238.7188830866667,169.91371545660945,1271.0176215000001,1098.16050275,1366.6067613333332,1271.0176215000001,1098.16050275,1366.6067613333332,0.8075762731867225,0.1271648646799939,0.8075762731867225,0.1271648646799939,0.8276861387010885,0.6944908306960731,0.9025143049318922,0.8276861387010885,0.6944908306960731,0.9025143049318922,103.66666666666669,12.27518929014309,103.66666666666669,12.27518929014309,100.0,100.0,100.0,100.0,100.0,100.0,964.9434200000001,165.64154852401086,964.9434200000001,165.64154852401086,961.542,835.9114999999999,1081.551,961.542,835.9114999999999,1081.551,170.10879642,53.639715442407244,170.10879642,53.639715442407244,157.673428,142.11412324999998,194.65270425000003,157.673428,142.11412324999998,194.65270425000003,5.038241113953108,2.3988042134184004,5.038241113953108,2.3988042134184004,4.526782269450326,3.5032757531659318,5.93465352955717,4.526782269450326,3.5032757531659318,5.93465352955717,0.2575046922515586,0.267648424936798,0.2575046922515586,0.267648424936798,0.19480946001793883,0.0,0.39698611560214364,0.19480946001793883,0.0,0.39698611560214364,4.6282312,1.2604347422977615,4.6282312,1.2604347422977615,4.6074195,3.7446735,5.3320185,4.6074195,3.7446735,5.3320185,0.0,0.0,0.0,0.0,0.0,0.0,0.0,0.0,0.0,0.0,22.014820670008966,0.19476308264579875,22.014820670008966,0.19476308264579875,22.048558283344995,22.031444025012508,22.076524125033757,22.048558283344995,22.031444025012508,22.076524125033757,22.014820670008966,0.19476308264579875,22.014820670008966,0.19476308264579875,22.048558283344995,22.031444025012508,22.076524125033757,22.048558283344995,22.031444025012508,22.076524125033757,,,,,,,,,,
ppo,Train-L,Test-2,C000-R100,0.0,1.0,50,50,1.0,1.0,1.0,0.0,0.0,7001.9106785799995,898.62930923185,7001.9106785799995,898.62930923185,7040.458458833335,6473.8885323333325,7693.4051535,7040.458458833335,6473.8885323333325,7693.4051535,10.599693405587777,3.5953407810639986,10.599693405587777,3.5953407810639986,9.950167329874777,7.617141834896422,12.998452537785244,9.950167329874777,7.617141834896422,12.998452537785244,2.240748553756562,0.25476512427506076,2.240748553756562,0.25476512427506076,2.236387583667981,2.077451916634529,2.419232198170501,2.236387583667981,2.077451916634529,2.419232198170501,0.18393206000982926,0.045885532704985486,0.18393206000982926,0.045885532704985486,0.18437518099105432,0.15238817385277328,0.21049766655045396,0.18437518099105432,0.15238817385277328,0.21049766655045396,10.599693405587777,3.5953407810639986,10.599693405587777,3.5953407810639986,9.950167329874777,7.617141834896422,12.998452537785244,9.950167329874777,7.617141834896422,12.998452537785244,0.18393206000982926,0.045885532704985486,0.18393206000982926,0.045885532704985486,0.18437518099105432,0.15238817385277328,0.21049766655045396,0.18437518099105432,0.15238817385277328,0.21049766655045396,599.0,3.9982989580349115,599.0,3.9982989580349115,600.0,600.0,600.0,600.0,600.0,600.0,5846.414040000001,861.7863647132698,5846.414040000001,861.7863647132698,5976.094999999999,5346.83475,6547.190999999999,5976.094999999999,5346.83475,6547.190999999999,556.49663858,148.28173692807252,556.49663858,148.28173692807252,553.1717515,481.27643424999997,674.6776809166666,553.1717515,481.27643424999997,674.6776809166666,8.499113486692659,2.9631772845052033,8.499113486692659,2.9631772845052033,8.293173213744407,6.251309316792321,10.524473888477075,8.293173213744407,6.251309316792321,10.524473888477075,0.3811155588951198,0.2259886086558588,0.3811155588951198,0.2259886086558588,0.358560431015066,0.21104840621915552,0.5425966159834874,0.358560431015066,0.21104840621915552,0.5425966159834874,1.7194643600000001,0.9736999837805086,1.7194643600000001,0.9736999837805086,1.547027,1.0883877499999999,2.20708325,1.547027,1.0883877499999999,2.20708325,0.0,0.0,0.0,0.0,0.0,0.0,0.0,0.0,0.0,0.0,22.02485344134194,0.5509665894432528,22.02485344134194,0.5509665894432528,22.13905135000823,22.088132566646284,22.189316258368006,22.13905135000823,22.088132566646284,22.189316258368006,22.02485344134194,0.5509665894432528,22.02485344134194,0.5509665894432528,22.13905135000823,22.088132566646284,22.189316258368006,22.13905135000823,22.088132566646284,22.189316258368006,,,,,,,,,,
ppo,Train-L,Test-2,C025-R075,0.25,0.75,50,50,1.0,1.0,1.0,0.0,0.0,3482.2205605,547.5418996300815,3482.2205605,547.5418996300815,3380.9388305,3111.5740333333333,3723.236724166666,3380.9388305,3111.5740333333333,3723.236724166666,22.469381065642715,7.032195102900283,22.469381065642715,7.032195102900283,20.261515506307163,17.42510904681257,28.504290135645096,20.261515506307163,17.42510904681257,28.504290135645096,1.1180200308298942,0.18028163963723917,1.1180200308298942,0.18028163963723917,1.1337854105684348,1.0109922496811548,1.2115601400608589,1.1337854105684348,1.0109922496811548,1.2115601400608589,0.3890030741224937,0.07124095230713061,0.3890030741224937,0.07124095230713061,0.36521205616356994,0.34374378639284187,0.4358981353815024,0.36521205616356994,0.34374378639284187,0.4358981353815024,887.4071759242321,134.4454441089113,887.4071759242321,134.4454441089113,862.6672233324434,800.9432895798169,948.9934020553349,862.6672233324434,800.9432895798169,948.9934020553349,0.5712573132993439,0.059578287604759306,0.5712573132993439,0.059578287604759306,0.5691256076044976,0.5284553879889715,0.6087879732468608,0.5691256076044976,0.5284553879889715,0.6087879732468608,328.66666666666663,53.243972756741535,328.66666666666663,53.243972756741535,333.3333333333333,300.0,366.6666666666667,333.3333333333333,300.0,366.6666666666667,2597.05832,463.4945766485185,2597.05832,463.4945766485185,2542.794,2290.0187499999997,2805.3385,2542.794,2290.0187499999997,2805.3385,556.4955738333334,147.38769794296294,556.4955738333334,147.38769794296294,563.5385535,477.2723105833333,669.185908,563.5385535,477.2723105833333,669.185908,8.756091486362093,2.9697425884327577,8.756091486362093,2.9697425884327577,8.316556783256043,6.688717494688614,11.210604911017777,8.316556783256043,6.688717494688614,11.210604911017777,0.5533357459472907,0.2970163123213901,0.5533357459472907,0.2970163123213901,0.5534480070597483,0.307200628434426,0.7280401607081017,0.5534480070597483,0.307200628434426,0.7280401607081017,13.159953833333335,4.651213546623491,13.159953833333335,4.651213546623491,11.877533,10.123061666666665,16.3562215,11.877533,10.123061666666665,16.3562215,0.0,0.0,0.0,0.0,0.0,0.0,0.0,0.0,0.0,0.0,21.998947667325847,0.5340398541642182,21.998947667325847,0.5340398541642182,22.076568216648106,21.9944798083355,22.202707333344733,22.076568216648106,21.9944798083355,22.202707333344733,21.998947667325847,0.5340398541642182,21.998947667325847,0.5340398541642182,22.076568216648106,21.9944798083355,22.202707333344733,22.076568216648106,21.9944798083355,22.202707333344733,,,,,,,,,,
ppo,Train-L,Test-2,C050-R050,0.5,0.5,50,50,1.0,1.0,1.0,0.0,0.0,2300.899529226667,289.5622212332962,2300.899529226667,289.5622212332962,2297.5471565,2122.1788667499995,2479.5055915000003,2297.5471565,2122.1788667499995,2479.5055915000003,35.24531591491389,7.170519062142554,35.24531591491389,7.170519062142554,34.34372866602469,30.03513215038481,41.37238454902839,34.34372866602469,30.03513215038481,41.37238454902839,0.7383849148771324,0.09870068373345463,0.7383849148771324,0.09870068373345463,0.7303901710694827,0.6576506361669476,0.8216365372779173,0.7303901710694827,0.6576506361669476,0.8216365372779173,0.6228034193348067,0.08849975068412537,0.6228034193348067,0.08849975068412537,0.6060402792614434,0.5662689692954695,0.6853919274629039,0.6060402792614434,0.5662689692954695,0.6853919274629039,1168.0724225707902,144.1208927598602,1168.0724225707902,144.1208927598602,1165.828766959522,1077.6072791055194,1257.393954165599,1165.828766959522,1077.6072791055194,1257.393954165599,0.6805941671059696,0.07341348936013316,0.6805941671059696,0.07341348936013316,0.6815004899053576,0.6285651226783281,0.7273133618529414,0.6815004899053576,0.6285651226783281,0.7273133618529414,185.66666666666669,34.17475431074153,185.66666666666669,34.17475431074153,183.33333333333334,150.0,200.0,183.33333333333334,150.0,200.0,1571.70724,229.46056933720325,1571.70724,229.46056933720325,1554.6135,1387.67425,1716.2904999999998,1554.6135,1387.67425,1716.2904999999998,543.52562256,146.78687677819175,543.52562256,146.78687677819175,526.387672,447.38785816666666,652.48748475,526.387672,447.38785816666666,652.48748475,9.58181564490013,3.6686459051747793,9.58181564490013,3.6686459051747793,8.912837315220546,6.682585207120094,12.056154403997917,8.912837315220546,6.682585207120094,12.056154403997917,0.6670493433470874,0.37358061110239954,0.6670493433470874,0.37358061110239954,0.614870480662052,0.39553774581752565,0.846317365230899,0.614870480662052,0.39553774581752565,0.846317365230899,24.99645092666666,4.689531874194029,24.99645092666666,4.689531874194029,25.093986499999996,22.145658250000004,28.414169083333327,25.093986499999996,22.145658250000004,28.414169083333327,0.0,0.0,0.0,0.0,0.0,0.0,0.0,0.0,0.0,0.0,21.958591861333694,0.5191489376185059,21.958591861333694,0.5191489376185059,22.047577666662015,22.007287824982388,22.1257629833417,22.047577666662015,22.007287824982388,22.1257629833417,21.958591861333694,0.5191489376185059,21.958591861333694,0.5191489376185059,22.047577666662015,22.007287824982388,22.1257629833417,22.047577666662015,22.007287824982388,22.1257629833417,,,,,,,,,,
ppo,Train-L,Test-2,C075-R025,0.75,0.25,50,50,1.0,1.0,1.0,0.0,0.0,2084.630057133333,243.02008751750967,2084.630057133333,243.02008751750967,2102.3369310000003,1903.87452675,2260.08320275,2102.3369310000003,1903.87452675,2260.08320275,39.76946657241063,6.447210550027502,39.76946657241063,6.447210550027502,38.81971449328873,34.55494168342346,45.913005156755275,38.81971449328873,34.55494168342346,45.913005156755275,0.6691390875285549,0.08575282850941698,0.6691390875285549,0.08575282850941698,0.6743585517696112,0.5927299839067885,0.721137633176111,0.6743585517696112,0.5927299839067885,0.721137633176111,0.7074796793053568,0.09031417111278975,0.7074796793053568,0.09031417111278975,0.7076075639665815,0.6453081853033228,0.7883530001697946,0.7076075639665815,0.6453081853033228,0.7883530001697946,1573.4149094931026,182.3579383135293,1573.4149094931026,182.3579383135293,1588.3715418667698,1437.44479614448,1704.8980049145912,1588.3715418667698,1437.44479614448,1704.8980049145912,0.6787242354727557,0.07655424613838599,0.6787242354727557,0.07655424613838599,0.6857485522791027,0.6095564970900615,0.7260184058947313,0.6857485522791027,0.6095564970900615,0.7260184058947313,154.33333333333331,12.958156975416932,154.33333333333331,12.958156975416932,150.0,150.0,150.0,150.0,150.0,150.0,1406.0260799999999,191.86273868287043,1406.0260799999999,191.86273868287043,1367.1595,1285.1202500000002,1577.507,1367.1595,1285.1202500000002,1577.507,524.2706438,142.11150243970914,524.2706438,142.11150243970914,516.7776673333333,413.696221,612.3700970000001,516.7776673333333,413.696221,612.3700970000001,11.352962404876594,4.384588962427451,11.352962404876594,4.384588962427451,11.471475847683063,7.604418066604091,14.407885699086375,11.471475847683063,7.604418066604091,14.407885699086375,0.8727352742007021,0.5346324380671497,0.8727352742007021,0.5346324380671497,0.8019857102602743,0.4423265918026835,1.224464555502851,0.8019857102602743,0.4423265918026835,1.224464555502851,27.543768893333333,3.894070925982832,27.543768893333333,3.894070925982832,26.7635155,25.282833250000003,30.094841749999997,26.7635155,25.282833250000003,30.094841749999997,0.0,0.0,0.0,0.0,0.0,0.0,0.0,0.0,0.0,0.0,21.96364886933938,0.5325316221691938,21.96364886933938,0.5325316221691938,22.071885650026765,22.038482891686726,22.103028691664804,22.071885650026765,22.038482891686726,22.103028691664804,21.96364886933938,0.5325316221691938,21.96364886933938,0.5325316221691938,22.071885650026765,22.038482891686726,22.103028691664804,22.071885650026765,22.038482891686726,22.103028691664804,,,,,,,,,,
ppo,Train-L,Test-2,C100-R000,1.0,0.0,50,50,1.0,1.0,1.0,0.0,0.0,2055.426568086667,237.81721367694624,2055.426568086667,237.81721367694624,2095.7138640000003,1869.6368420000001,2212.601106083333,2095.7138640000003,1869.6368420000001,2212.601106083333,45.979681246686916,8.77872861699085,45.979681246686916,8.77872861699085,44.54604357534633,39.924457029554226,51.46707468288567,44.54604357534633,39.924457029554226,51.46707468288567,0.6599199036583517,0.08446681044309531,0.6599199036583517,0.08446681044309531,0.6629386196413194,0.5898962926967065,0.7211912603384433,0.6629386196413194,0.5898962926967065,0.7211912603384433,0.8132965269324843,0.09788999731305381,0.8132965269324843,0.09788999731305381,0.8096338398139267,0.7510342912844983,0.8876837851049277,0.8096338398139267,0.7510342912844983,0.8876837851049277,2055.426568086667,237.81721367694624,2055.426568086667,237.81721367694624,2095.7138640000003,1869.6368420000001,2212.601106083333,2095.7138640000003,1869.6368420000001,2212.601106083333,0.6599199036583517,0.08446681044309531,0.6599199036583517,0.08446681044309531,0.6629386196413194,0.5898962926967065,0.7211912603384433,0.6629386196413194,0.5898962926967065,0.7211912603384433,152.33333333333331,10.10713584609101,152.33333333333331,10.10713584609101,150.0,150.0,150.0,150.0,150.0,150.0,1389.65396,195.5787658161326,1389.65396,195.5787658161326,1371.8405,1216.2704999999999,1549.32375,1371.8405,1216.2704999999999,1549.32375,513.4392747533333,147.24209578164354,513.4392747533333,147.24209578164354,509.03741733333334,431.0747879166667,612.4349860000001,509.03741733333334,431.0747879166667,612.4349860000001,16.891510403237668,7.015361456907386,16.891510403237668,7.015361456907386,15.769601804016826,11.997360163317456,20.394627327763832,15.769601804016826,11.997360163317456,20.394627327763832,1.4113953701159079,0.9650504639535484,1.4113953701159079,0.9650504639535484,1.2295507004726993,0.6992392215860133,1.7946832141926294,1.2295507004726993,0.6992392215860133,1.7946832141926294,27.676775473333333,3.9144419329959113,27.676775473333333,3.9144419329959113,27.166955,25.2763625,30.2632005,27.166955,25.2763625,30.2632005,0.0,0.0,0.0,0.0,0.0,0.0,0.0,0.0,0.0,0.0,21.951330127325683,0.464007538728595,21.951330127325683,0.464007538728595,22.06109356662879,21.95404325831138,22.091759799979627,22.06109356662879,21.95404325831138,22.091759799979627,21.951330127325683,0.464007538728595,21.951330127325683,0.464007538728595,22.06109356662879,21.95404325831138,22.091759799979627,22.06109356662879,21.95404325831138,22.091759799979627,,,,,,,,,,
ppo,Train-L,Test-3,C000-R100,0.0,1.0,50,50,1.0,1.0,1.0,0.0,0.0,11928.268580553331,805.1392690360615,11928.268580553331,805.1392690360615,11780.703100499999,11490.983994833332,12310.316403666664,11780.703100499999,11490.983994833332,12310.316403666664,53.878885870416624,8.350509687606216,53.878885870416624,8.350509687606216,52.98744953630897,48.33468894513269,60.12386744428007,52.98744953630897,48.33468894513269,60.12386744428007,1.7619513795830521,0.14912784920006086,1.7619513795830521,0.14912784920006086,1.7435055171782963,1.680983404848919,1.8436496535348192,1.7435055171782963,1.680983404848919,1.8436496535348192,0.23014575840455673,0.020414831512814917,0.23014575840455673,0.020414831512814917,0.22813228822730305,0.2130554909851075,0.2452248760411683,0.22813228822730305,0.2130554909851075,0.2452248760411683,53.878885870416624,8.350509687606216,53.878885870416624,8.350509687606216,52.98744953630897,48.33468894513269,60.12386744428007,52.98744953630897,48.33468894513269,60.12386744428007,0.23014575840455673,0.020414831512814917,0.23014575840455673,0.020414831512814917,0.22813228822730305,0.2130554909851075,0.2452248760411683,0.22813228822730305,0.2130554909851075,0.2452248760411683,749.3333333333335,3.2991443953692823,749.3333333333335,3.2991443953692823,750.0,750.0,750.0,750.0,750.0,750.0,9869.95506,814.6611655016746,9869.95506,814.6611655016746,9625.682499999999,9351.47625,10434.25375,9625.682499999999,9351.47625,10434.25375,1308.9801872199998,287.28484829535216,1308.9801872199998,287.28484829535216,1320.893896,1043.54846425,1496.27280425,1320.893896,1043.54846425,1496.27280425,32.41732020881827,6.344410927260825,32.41732020881827,6.344410927260825,31.673606337186364,27.6471255587333,36.277368365190284,31.673606337186364,27.6471255587333,36.277368365190284,3.4692799415983524,1.0841914031126074,3.4692799415983524,1.0841914031126074,3.595251128066879,2.894865530735346,4.231708546760407,3.595251128066879,2.894865530735346,4.231708546760407,17.992285719999998,2.8174723246413227,17.992285719999998,2.8174723246413227,18.139076333333335,15.89607675,19.507614999999998,18.139076333333335,15.89607675,19.507614999999998,0.0,0.0,0.0,0.0,0.0,0.0,0.0,0.0,0.0,0.0,22.394787878662665,1.5474776997699167,22.394787878662665,1.5474776997699167,22.894762916684464,22.793210058337234,22.970951633324148,22.894762916684464,22.793210058337234,22.970951633324148,22.394787878662665,1.5474776997699167,22.394787878662665,1.5474776997699167,22.894762916684464,22.793210058337234,22.970951633324148,22.894762916684464,22.793210058337234,22.970951633324148,,,,,,,,,,
ppo,Train-L,Test-3,C025-R075,0.25,0.75,50,50,1.0,1.0,1.0,0.0,0.0,5925.715845726667,590.3305543975763,5925.715845726667,590.3305543975763,5852.144301666665,5511.140722166667,6379.099634916666,5852.144301666665,5511.140722166667,6379.099634916666,85.0769208387149,12.952015087297786,85.0769208387149,12.952015087297786,84.30229955224554,78.48155294871779,92.52784789902698,84.30229955224554,78.48155294871779,92.52784789902698,0.8733172180927512,0.07638260206298059,0.8733172180927512,0.07638260206298059,0.8711841403041483,0.8169796577840026,0.9412171569763871,0.8711841403041483,0.8169796577840026,0.9412171569763871,0.36390116546121554,0.036843260069678585,0.36390116546121554,0.036843260069678585,0.37134748042235244,0.33742666984627756,0.38187524901823694,0.37134748042235244,0.33742666984627756,0.38187524901823694,1545.236652060703,142.3860765581225,1545.236652060703,142.3860765581225,1533.6998972374608,1447.8356390850277,1660.4806238659057,1533.6998972374608,1447.8356390850277,1660.4806238659057,0.4912551786190994,0.03581909089271551,0.4912551786190994,0.03581909089271551,0.4909237128377869,0.46570702154211396,0.5142552684965825,0.4909237128377869,0.46570702154211396,0.5142552684965825,409.33333333333326,71.91579858534425,409.33333333333326,71.91579858534425,400.0,366.6666666666667,450.0,400.0,366.6666666666667,450.0,4228.26896,427.0130939973889,4228.26896,427.0130939973889,4178.1720000000005,3951.3289999999997,4477.556749999999,4178.1720000000005,3951.3289999999997,4477.556749999999,1288.1135523933333,278.2977707994262,1288.1135523933333,278.2977707994262,1298.1487395,1029.631842,1465.67849825,1298.1487395,1029.631842,1465.67849825,31.37212794240767,6.850755014859259,31.37212794240767,6.850755014859259,30.382870954976347,27.578749245812006,35.676693153873316,30.382870954976347,27.578749245812006,35.676693153873316,4.018124689640569,1.4691765831394323,4.018124689640569,1.4691765831394323,3.8886493067081545,2.9300860324934517,5.17282037579917,3.8886493067081545,2.9300860324934517,5.17282037579917,49.68666820666667,7.65263898980934,49.68666820666667,7.65263898980934,49.48154850000001,45.83868541666667,54.55376441666666,49.48154850000001,45.83868541666667,54.55376441666666,0.0,0.0,0.0,0.0,0.0,0.0,0.0,0.0,0.0,0.0,22.188889375993362,1.1207284148544767,22.188889375993362,1.1207284148544767,22.33257156670637,22.09902817498854,22.558597241644748,22.33257156670637,22.09902817498854,22.558597241644748,22.188889375993362,1.1207284148544767,22.188889375993362,1.1207284148544767,22.33257156670637,22.09902817498854,22.558597241644748,22.33257156670637,22.09902817498854,22.558597241644748,,,,,,,,,,
ppo,Train-L,Test-3,C050-R050,0.5,0.5,50,50,1.0,1.0,1.0,0.0,0.0,4494.4997321,332.92641285791444,4494.4997321,332.92641285791444,4445.007453333334,4264.18865525,4774.582447916667,4445.007453333334,4264.18865525,4774.582447916667,107.53674822813336,12.154223260374334,107.53674822813336,12.154223260374334,105.72858332221135,98.14669440075915,115.55311916676882,105.72858332221135,98.14669440075915,115.55311916676882,0.6625621075638428,0.04172063149172687,0.6625621075638428,0.04172063149172687,0.6601862084951149,0.6356358281647705,0.6879676067521069,0.6601862084951149,0.6356358281647705,0.6879676067521069,0.4629334795225724,0.05052121151442376,0.4629334795225724,0.05052121151442376,0.46041420999364435,0.43093585198758233,0.4902741902071294,0.46041420999364435,0.43093585198758233,0.4902741902071294,2301.018240164067,165.94982254246773,2301.018240164067,165.94982254246773,2282.595232282916,2180.392550631167,2440.936877716356,2282.595232282916,2180.392550631167,2440.936877716356,0.5627477935432077,0.037925138921321495,0.5627477935432077,0.037925138921321495,0.5562622793276424,0.5435301159492307,0.5851030725228907,0.5562622793276424,0.5435301159492307,0.5851030725228907,246.00000000000003,36.35301844569965,246.00000000000003,36.35301844569965,250.0,216.66666666666666,266.6666666666667,250.0,216.66666666666666,266.6666666666667,2981.66876,208.7857581281963,2981.66876,208.7857581281963,2990.282,2823.46375,3133.6722499999996,2990.282,2823.46375,3133.6722499999996,1266.8309720999998,253.6036929873375,1266.8309720999998,253.6036929873375,1290.6060671666667,1047.63186225,1453.4174938333333,1290.6060671666667,1047.63186225,1453.4174938333333,37.83912005369746,8.44894039630781,37.83912005369746,8.44894039630781,37.0380067992167,31.946191600797345,43.99895963574935,37.0380067992167,31.946191600797345,43.99895963574935,5.809594314435907,2.174957836274094,5.809594314435907,2.174957836274094,5.15945759048351,4.717351537687842,6.5970501049075425,5.15945759048351,4.717351537687842,6.5970501049075425,63.88803386000001,6.439209010337125,63.88803386000001,6.439209010337125,63.921965000000014,59.99731641666667,67.28793725,63.921965000000014,59.99731641666667,67.28793725,0.0,0.0,0.0,0.0,0.0,0.0,0.0,0.0,0.0,0.0,22.173820730664303,1.0929104439429764,22.173820730664303,1.0929104439429764,22.31508884999979,22.24108011664551,22.41565049167063,22.31508884999979,22.24108011664551,22.41565049167063,22.173820730664303,1.0929104439429764,22.173820730664303,1.0929104439429764,22.31508884999979,22.24108011664551,22.41565049167063,22.31508884999979,22.24108011664551,22.41565049167063,,,,,,,,,,
ppo,Train-L,Test-3,C075-R025,0.75,0.25,50,50,1.0,1.0,1.0,0.0,0.0,4088.320929993334,290.1173678876518,4088.320929993334,290.1173678876518,4057.1609325,3900.6250542499997,4236.20991225,4057.1609325,3900.6250542499997,4236.20991225,121.97992041702769,14.941366991496258,121.97992041702769,14.941366991496258,119.97249563344829,111.6594937789919,133.02412504148657,119.97249563344829,111.6594937789919,133.02412504148657,0.6031859761478559,0.04276740340334864,0.6031859761478559,0.04276740340334864,0.6010743265675845,0.5750386709738865,0.6326479469786639,0.6010743265675845,0.5750386709738865,0.6326479469786639,0.524723504712748,0.059706275349904726,0.524723504712748,0.059706275349904726,0.521174805309866,0.48854780659287234,0.550771757477297,0.521174805309866,0.48854780659287234,0.550771757477297,3096.735677599256,216.98103234386969,3096.735677599256,216.98103234386969,3074.3396603305646,2953.00016590828,3209.7048743784108,3074.3396603305646,2953.00016590828,3209.7048743784108,0.5835703582890788,0.040250786589015805,0.5835703582890788,0.040250786589015805,0.5898404260918564,0.5516505604949096,0.612945089182214,0.5898404260918564,0.5516505604949096,0.612945089182214,191.0,24.561921379635802,191.0,24.561921379635802,183.33333333333334,166.66666666666666,216.66666666666666,183.33333333333334,166.66666666666666,216.66666666666666,2659.89304,171.51029071189862,2659.89304,171.51029071189862,2657.5919999999996,2540.5280000000002,2736.749,2657.5919999999996,2540.5280000000002,2736.749,1237.4278899933333,247.3820470293753,1237.4278899933333,247.3820470293753,1276.4585081666664,997.2813355000001,1441.3984429999998,1276.4585081666664,997.2813355000001,1441.3984429999998,48.1726492682483,11.813348560562018,48.1726492682483,11.813348560562018,46.87738280801071,40.3501548139733,54.094313477542094,46.87738280801071,40.3501548139733,54.094313477542094,8.138243022112727,2.7458964194104896,8.138243022112727,2.7458964194104896,8.41335788674486,6.306991225549846,9.436133140761171,8.41335788674486,6.306991225549846,9.436133140761171,65.66902812666666,6.480702631063161,65.66902812666666,6.480702631063161,66.14938700000002,60.69693741666666,69.05337066666667,66.14938700000002,60.69693741666666,69.05337066666667,0.0,0.0,0.0,0.0,0.0,0.0,0.0,0.0,0.0,0.0,22.194381417336412,1.0513085558141544,22.194381417336412,1.0513085558141544,22.322762900012698,22.206483258361306,22.396045108354883,22.322762900012698,22.206483258361306,22.396045108354883,22.194381417336412,1.0513085558141544,22.194381417336412,1.0513085558141544,22.322762900012698,22.206483258361306,22.396045108354883,22.322762900012698,22.206483258361306,22.396045108354883,,,,,,,,,,
ppo,Train-L,Test-3,C100-R000,1.0,0.0,50,50,1.0,1.0,1.0,0.0,0.0,3952.1905744933338,281.77029069962424,3952.1905744933338,281.77029069962424,3927.846977666666,3750.77799325,4146.778358250001,3927.846977666666,3750.77799325,4146.778358250001,144.37486744791306,17.171623297252548,144.37486744791306,17.171623297252548,143.20271228265506,133.46775034880807,152.90859807773714,143.20271228265506,133.46775034880807,152.90859807773714,0.5829639882351302,0.03979347098478942,0.5829639882351302,0.03979347098478942,0.5772407580290657,0.5641499220443018,0.6043321919911739,0.5772407580290657,0.5641499220443018,0.6043321919911739,0.620512210646663,0.06184450341649923,0.620512210646663,0.06184450341649923,0.6182311765458774,0.5897199040366154,0.6433424887254672,0.6182311765458774,0.5897199040366154,0.6433424887254672,3952.1905744933338,281.77029069962424,3952.1905744933338,281.77029069962424,3927.846977666666,3750.77799325,4146.778358250001,3927.846977666666,3750.77799325,4146.778358250001,0.5829639882351302,0.03979347098478942,0.5829639882351302,0.03979347098478942,0.5772407580290657,0.5641499220443018,0.6043321919911739,0.5772407580290657,0.5641499220443018,0.6043321919911739,166.33333333333331,19.486026157723927,166.33333333333331,19.486026157723927,166.66666666666666,150.0,183.33333333333334,166.66666666666666,150.0,183.33333333333334,2572.02484,170.35485411584554,2572.02484,170.35485411584554,2563.911,2494.63325,2629.5837500000002,2563.911,2494.63325,2629.5837500000002,1213.83240116,249.44753602432195,1213.83240116,249.44753602432195,1226.1897026666668,981.2852795,1400.7238720000003,1226.1897026666668,981.2852795,1400.7238720000003,66.39940777164719,14.071209632649447,66.39940777164719,14.071209632649447,65.31919444945711,58.137712111013045,72.99726034352233,65.31919444945711,58.137712111013045,72.99726034352233,12.076193436265871,3.633986787958768,12.076193436265871,3.633986787958768,12.078838953838947,10.174272140490483,14.66211478235686,12.078838953838947,10.174272140490483,14.66211478235686,65.89926624,6.575800007359669,65.89926624,6.575800007359669,66.22305250000002,60.69269025,69.7528105,66.22305250000002,60.69269025,69.7528105,0.0,0.0,0.0,0.0,0.0,0.0,0.0,0.0,0.0,0.0,22.196806520672204,0.8480392586450343,22.196806520672204,0.8480392586450343,22.157853316670902,21.89402784998917,22.318812183337286,22.157853316670902,21.89402784998917,22.318812183337286,22.196806520672204,0.8480392586450343,22.196806520672204,0.8480392586450343,22.157853316670902,21.89402784998917,22.318812183337286,22.157853316670902,21.89402784998917,22.318812183337286,,,,,,,,,,
ppo,Train-L,Test-4,C000-R100,0.0,1.0,50,50,1.0,1.0,1.0,0.0,0.0,24882.723500946668,1692.5804101296628,24882.723500946668,1692.5804101296628,25164.18695366667,23676.075741583336,25916.37013066667,25164.18695366667,23676.075741583336,25916.37013066667,488.0224940924021,48.04118781292007,488.0224940924021,48.04118781292007,484.31818183726773,452.6760799361271,522.4010060012532,484.31818183726773,452.6760799361271,522.4010060012532,1.3644405856124073,0.07075658273508972,1.3644405856124073,0.07075658273508972,1.3684599554693802,1.3036497774743576,1.4259180719031037,1.3684599554693802,1.3036497774743576,1.4259180719031037,0.3647547670962865,0.023963522564850303,0.3647547670962865,0.023963522564850303,0.3651230229243443,0.3524335953231848,0.3806753200448981,0.3651230229243443,0.3524335953231848,0.3806753200448981,488.0224940924021,48.04118781292007,488.0224940924021,48.04118781292007,484.31818183726773,452.6760799361271,522.4010060012532,484.31818183726773,452.6760799361271,522.4010060012532,0.3647547670962865,0.023963522564850303,0.3647547670962865,0.023963522564850303,0.3651230229243443,0.3524335953231848,0.3806753200448981,0.3651230229243443,0.3524335953231848,0.3806753200448981,1377.3333333333335,56.82051943243241,1377.3333333333335,56.82051943243241,1366.6666666666667,1333.3333333333333,1416.6666666666667,1366.6666666666667,1333.3333333333333,1416.6666666666667,18799.20528,1345.70603130808,18799.20528,1345.70603130808,18712.845,17714.97325,19657.159249999997,18712.845,17714.97325,19657.159249999997,4706.184887613334,891.093371221693,4706.184887613334,891.093371221693,4678.0984675,4208.9909376666665,5225.3412365,4678.0984675,4208.9909376666665,5225.3412365,201.02126503747002,34.965522754530255,201.02126503747002,34.965522754530255,197.81044092881297,176.430261931203,231.1263530162195,197.81044092881297,176.430261931203,231.1263530162195,38.58742962159883,12.387077748840413,38.58742962159883,12.387077748840413,37.905881246738836,28.65342456193233,48.770831050210724,37.905881246738836,28.65342456193233,48.770831050210724,248.41379943333334,14.695014813476222,248.41379943333334,14.695014813476222,249.7464016666667,240.2286846666667,256.7768610833333,249.7464016666667,240.2286846666667,256.7768610833333,0.0,0.0,0.0,0.0,0.0,0.0,0.0,0.0,0.0,0.0,38.09938388066987,2.9554862746823916,38.09938388066987,2.9554862746823916,37.413981733358625,36.740872266644146,38.31872187501479,37.413981733358625,36.740872266644146,38.31872187501479,38.09938388066987,2.9554862746823916,38.09938388066987,2.9554862746823916,37.413981733358625,36.740872266644146,38.31872187501479,37.413981733358625,36.740872266644146,38.31872187501479,,,,,,,,,,
ppo,Train-L,Test-4,C025-R075,0.25,0.75,50,50,1.0,1.0,1.0,0.0,0.0,15608.967777153333,1116.2693290181908,15608.967777153333,1116.2693290181908,15597.696318666669,15071.306836000003,16166.568162083333,15597.696318666669,15071.306836000003,16166.568162083333,568.1084889998906,54.14490385340417,568.1084889998906,54.14490385340417,568.9087749123249,525.158889587559,600.5254827315706,568.9087749123249,525.158889587559,600.5254827315706,0.8555175707387807,0.040788004510803555,0.8555175707387807,0.040788004510803555,0.8495908278493696,0.831688182324714,0.8802414449398532,0.8495908278493696,0.831688182324714,0.8802414449398532,0.42493934530096994,0.03068376308733875,0.42493934530096994,0.03068376308733875,0.42811294771518005,0.4094845014685931,0.4436174921511354,0.42811294771518005,0.4094845014685931,0.4436174921511354,4328.323311038252,274.4884745426161,4328.323311038252,274.4884745426161,4329.552353345663,4173.561746490117,4470.082302745512,4329.552353345663,4173.561746490117,4470.082302745512,0.5325839016604226,0.02929326729273354,0.5325839016604226,0.02929326729273354,0.5376465265358339,0.5169251741109921,0.550665476987721,0.5376465265358339,0.5169251741109921,0.550665476987721,685.6666666666665,76.56233658411918,685.6666666666665,76.56233658411918,683.3333333333334,637.5,733.3333333333334,683.3333333333334,637.5,733.3333333333334,10273.15496,511.47586419832805,10273.15496,511.47586419832805,10324.534499999998,9987.644500000002,10586.233750000001,10324.534499999998,9987.644500000002,10586.233750000001,4650.146150486667,877.3072351896433,4650.146150486667,877.3072351896433,4719.6456745,4134.2994515,5247.6944485,4719.6456745,4134.2994515,5247.6944485,203.59830510407642,41.01714306746119,203.59830510407642,41.01714306746119,198.20302601778715,169.75956509469344,240.66210793701748,198.20302601778715,169.75956509469344,240.66210793701748,42.496277675814014,13.273193815993865,42.496277675814014,13.273193815993865,41.43580562666833,33.39605346063866,52.80423430256301,41.43580562666833,33.39605346063866,52.80423430256301,322.0139062200001,18.254232529315907,322.0139062200001,18.254232529315907,320.9327765,311.0602137500002,335.53247166666677,320.9327765,311.0602137500002,335.53247166666677,0.0,0.0,0.0,0.0,0.0,0.0,0.0,0.0,0.0,0.0,37.09296701534108,2.6415991542664594,37.09296701534108,2.6415991542664594,36.472463333338965,36.10974284998762,37.03265093332933,36.472463333338965,36.10974284998762,37.03265093332933,37.09296701534108,2.6415991542664594,37.09296701534108,2.6415991542664594,36.472463333338965,36.10974284998762,37.03265093332933,36.472463333338965,36.10974284998762,37.03265093332933,,,,,,,,,,
ppo,Train-L,Test-4,C050-R050,0.5,0.5,50,50,1.0,1.0,1.0,0.0,0.0,13287.45918192,999.8017313907504,13287.45918192,999.8017313907504,13288.709215833336,12542.8904055,14035.185019166667,13288.709215833336,12542.8904055,14035.185019166667,647.076985725374,54.566025444733285,647.076985725374,54.566025444733285,648.876715614405,610.0387335251487,685.5035686097428,648.876715614405,610.0387335251487,685.5035686097428,0.7282916700523653,0.03883513331271899,0.7282916700523653,0.03883513331271899,0.728022780160061,0.701417526033378,0.7524514964248699,0.728022780160061,0.701417526033378,0.7524514964248699,0.48462834865734794,0.03723141019781077,0.48462834865734794,0.03723141019781077,0.48454991721304164,0.46246269754306335,0.5171309189641609,0.48454991721304164,0.46246269754306335,0.5171309189641609,6967.268083822688,499.36313142347547,6967.268083822688,499.36313142347547,6968.252693443514,6584.021187932061,7331.341380846573,6968.252693443514,6584.021187932061,7331.341380846573,0.6064600093548568,0.032119446179744625,0.6064600093548568,0.032119446179744625,0.6109249848948379,0.5892311315206441,0.6232247867710781,0.6109249848948379,0.5892311315206441,0.6232247867710781,418.99999999999994,43.90388388751231,418.99999999999994,43.90388388751231,416.6666666666667,383.3333333333333,445.8333333333333,416.6666666666667,383.3333333333333,445.8333333333333,8307.98582,359.9826286405596,8307.98582,359.9826286405596,8322.717,8031.212750000002,8628.344500000001,8322.717,8031.212750000002,8628.344500000001,4560.47336192,842.7595792650045,4560.47336192,842.7595792650045,4521.487459833334,4114.175576416666,5180.83741825,4521.487459833334,4114.175576416666,5180.83741825,240.8101672879589,47.31948850742633,240.8101672879589,47.31948850742633,243.64204042598726,202.52120357833851,275.8892393038798,243.64204042598726,202.52120357833851,275.8892393038798,56.41077827741512,16.6672848984312,56.41077827741512,16.6672848984312,56.60668693949779,42.70205266643147,68.69861728378012,56.60668693949779,42.70205266643147,68.69861728378012,349.85604015999996,18.064081287844754,349.85604015999996,18.064081287844754,350.03873666666686,335.8507215833333,360.9373818333333,350.03873666666686,335.8507215833333,360.9373818333333,0.0,0.0,0.0,0.0,0.0,0.0,0.0,0.0,0.0,0.0,36.69208692533585,2.4757296822787387,36.69208692533585,2.4757296822787387,36.44888279998364,35.79413389168137,36.67068675001307,36.44888279998364,35.79413389168137,36.67068675001307,36.69208692533585,2.4757296822787387,36.69208692533585,2.4757296822787387,36.44888279998364,35.79413389168137,36.67068675001307,36.44888279998364,35.79413389168137,36.67068675001307,,,,,,,,,,
ppo,Train-L,Test-4,C075-R025,0.75,0.25,50,50,1.0,1.0,1.0,0.0,0.0,12210.372591013333,876.4266229904097,12210.372591013333,876.4266229904097,12285.019607833332,11659.423422833332,12724.576620166667,12285.019607833332,11659.423422833332,12724.576620166667,736.1730280717992,75.17990335337483,736.1730280717992,75.17990335337483,740.631842602722,694.2378034008669,769.4719155619189,740.631842602722,694.2378034008669,769.4719155619189,0.6695500972647266,0.03775487936628093,0.6695500972647266,0.03775487936628093,0.6705133897522866,0.6460102078491596,0.6936521775717153,0.6705133897522866,0.6460102078491596,0.6936521775717153,0.5504257942790391,0.041485780937352716,0.5504257942790391,0.041485780937352716,0.5625767497617231,0.526044829550822,0.5754407473970056,0.5625767497617231,0.526044829550822,0.5754407473970056,9341.82270027795,654.1408297593914,9341.82270027795,654.1408297593914,9397.323176933314,8930.523700840024,9719.7828958051,9397.323176933314,8930.523700840024,9719.7828958051,0.6397690215183047,0.0346401820916828,0.6397690215183047,0.0346401820916828,0.6446936018629854,0.6234169077326774,0.663220388717548,0.6446936018629854,0.6234169077326774,0.663220388717548,320.33333333333337,31.096732991121243,320.33333333333337,31.096732991121243,316.6666666666667,300.0,333.3333333333333,316.6666666666667,300.0,333.3333333333333,7433.662000000002,331.8121451457193,7433.662000000002,331.8121451457193,7404.124,7154.873250000001,7685.684749999999,7404.124,7154.873250000001,7685.684749999999,4456.377257679999,813.9199253643988,4456.377257679999,813.9199253643988,4425.039943666667,4029.9508183333332,5050.169741583333,4425.039943666667,4029.9508183333332,5050.169741583333,300.3845345869389,62.43349889907462,300.3845345869389,62.43349889907462,305.67472118233036,256.9983877507843,335.6900579906423,305.67472118233036,256.9983877507843,335.6900579906423,81.0421784781935,24.097307044697995,81.0421784781935,24.097307044697995,80.34531688040299,57.8663524499607,98.8140038066308,80.34531688040299,57.8663524499607,98.8140038066308,354.7463150066667,17.811061219602102,354.7463150066667,17.811061219602102,354.7811218333335,344.1885449166668,364.15731116666683,354.7811218333335,344.1885449166668,364.15731116666683,0.0,0.0,0.0,0.0,0.0,0.0,0.0,0.0,0.0,0.0,36.29569528799814,1.5004662577456005,36.29569528799814,1.5004662577456005,36.07188621663954,35.50506082499245,36.61395686666947,36.07188621663954,35.50506082499245,36.61395686666947,36.29569528799814,1.5004662577456005,36.29569528799814,1.5004662577456005,36.07188621663954,35.50506082499245,36.61395686666947,36.07188621663954,35.50506082499245,36.61395686666947,,,,,,,,,,
ppo,Train-L,Test-4,C100-R000,1.0,0.0,50,50,1.0,1.0,1.0,0.0,0.0,11927.205842253334,890.7514701885974,11927.205842253334,890.7514701885974,11933.109086499997,11442.1621825,12533.55423075,11933.109086499997,11442.1621825,12533.55423075,859.4884199757745,97.92768726941905,859.4884199757745,97.92768726941905,854.0289300713338,783.4295208783547,920.3930704561402,854.0289300713338,783.4295208783547,920.3930704561402,0.653649563388458,0.03337814043318417,0.653649563388458,0.03337814043318417,0.6537427936594096,0.6353570578928588,0.6682574463980884,0.6537427936594096,0.6353570578928588,0.6682574463980884,0.6415723928637835,0.04493938077743015,0.6415723928637835,0.04493938077743015,0.6441347084613765,0.6086143029302016,0.6711646763502175,0.6441347084613765,0.6086143029302016,0.6711646763502175,11927.205842253334,890.7514701885974,11927.205842253334,890.7514701885974,11933.109086499997,11442.1621825,12533.55423075,11933.109086499997,11442.1621825,12533.55423075,0.653649563388458,0.03337814043318417,0.653649563388458,0.03337814043318417,0.6537427936594096,0.6353570578928588,0.6682574463980884,0.6537427936594096,0.6353570578928588,0.6682574463980884,277.33333333333337,23.0251760071173,277.33333333333337,23.0251760071173,275.0,250.0,300.0,275.0,250.0,300.0,7201.394840000001,326.38875571626943,7201.394840000001,326.38875571626943,7190.349,6968.339250000001,7423.489,7190.349,6968.339250000001,7423.489,4448.477668920001,786.8389149004503,4448.477668920001,786.8389149004503,4337.5298835,4064.8741272499997,5011.426256,4337.5298835,4064.8741272499997,5011.426256,392.379803843256,83.25422679527206,392.379803843256,83.25422679527206,369.987005171245,326.4690595678649,455.5343086611947,369.987005171245,326.4690595678649,455.5343086611947,111.24910847918513,32.29877799340653,111.24910847918513,32.29877799340653,116.92783396835745,92.17545542063198,134.29272511142804,116.92783396835745,92.17545542063198,134.29272511142804,355.85950765333337,17.863816889122077,355.85950765333337,17.863816889122077,356.1584935000001,346.4911014999999,365.8763662500002,356.1584935000001,346.4911014999999,365.8763662500002,0.0,0.0,0.0,0.0,0.0,0.0,0.0,0.0,0.0,0.0,36.35223209800509,1.9152799385321952,36.35223209800509,1.9152799385321952,35.87621391665501,35.130648949988725,37.21403621667802,35.87621391665501,35.130648949988725,37.21403621667802,36.35223209800509,1.9152799385321952,36.35223209800509,1.9152799385321952,35.87621391665501,35.130648949988725,37.21403621667802,35.87621391665501,35.130648949988725,37.21403621667802,,,,,,,,,,
ppo,Train-S,Test-1,C000-R100,0.0,1.0,50,50,1.0,1.0,1.0,0.0,0.0,2782.64266782,474.771707889589,2782.64266782,474.771707889589,2707.059742,2481.577861,3120.7209855833335,2707.059742,2481.577861,3120.7209855833335,2.6675105923230986,1.3542369591120649,2.6675105923230986,1.3542369591120649,2.387072668251673,1.622124639021164,3.213045763653402,2.387072668251673,1.622124639021164,3.213045763653402,1.809463762217493,0.3072558314351789,1.809463762217493,0.3072558314351789,1.829208153110871,1.6143039232983702,1.9662701466130186,1.829208153110871,1.6143039232983702,1.9662701466130186,0.22984245072275503,0.09023482543728627,0.22984245072275503,0.09023482543728627,0.22010199291754035,0.1539026756733818,0.29432873155399025,0.22010199291754035,0.1539026756733818,0.29432873155399025,2.6675105923230986,1.3542369591120649,2.6675105923230986,1.3542369591120649,2.387072668251673,1.622124639021164,3.213045763653402,2.387072668251673,1.622124639021164,3.213045763653402,0.22984245072275503,0.09023482543728627,0.22984245072275503,0.09023482543728627,0.22010199291754035,0.1539026756733818,0.29432873155399025,0.22010199291754035,0.1539026756733818,0.29432873155399025,295.0,19.121879052629776,295.0,19.121879052629776,300.0,300.0,300.0,300.0,300.0,300.0,2313.18692,466.5802700828282,2313.18692,466.5802700828282,2268.7084999999997,1973.9962499999997,2607.0895,2268.7084999999997,1973.9962499999997,2607.0895,174.45574782,53.252387923152604,174.45574782,53.252387923152604,158.13641199999998,141.2756105,201.43274566666665,158.13641199999998,141.2756105,201.43274566666665,2.4959350572412577,1.2942413538527127,2.4959350572412577,1.2942413538527127,2.202598395566878,1.5201931413922185,2.7234479401414387,2.202598395566878,1.5201931413922185,2.7234479401414387,0.06337216174850747,0.051924668877773555,0.06337216174850747,0.051924668877773555,0.057642339267322,0.022197435707285003,0.103365686374833,0.057642339267322,0.022197435707285003,0.103365686374833,0.10820337333333332,0.1895565932464981,0.10820337333333332,0.1895565932464981,0.0,0.0,0.14075949999999998,0.0,0.0,0.14075949999999998,0.0,0.0,0.0,0.0,0.0,0.0,0.0,0.0,0.0,0.0,20.752914851996273,3.0157223260014003,20.752914851996273,3.0157223260014003,22.028898533336665,21.600010274996748,22.07161701663669,22.028898533336665,21.600010274996748,22.07161701663669,20.752914851996273,3.0157223260014003,20.752914851996273,3.0157223260014003,22.028898533336665,21.600010274996748,22.07161701663669,22.028898533336665,21.600010274996748,22.07161701663669,,,,,,,,,,
ppo,Train-S,Test-1,C025-R075,0.25,0.75,50,50,1.0,1.0,1.0,0.0,0.0,1917.7890177,349.17750470287154,1917.7890177,349.17750470287154,1907.5102415,1680.5774056666664,2110.998979,1907.5102415,1680.5774056666664,2110.998979,4.235451555156033,2.2621329220938233,4.235451555156033,2.2621329220938233,3.501971455513571,2.811350150716599,4.88740520746374,3.501971455513571,2.811350150716599,4.88740520746374,1.247997494474157,0.23239891089216388,1.247997494474157,0.23239891089216388,1.2593909550672258,1.086360853491055,1.3840399312517842,1.2593909550672258,1.086360853491055,1.3840399312517842,0.35643935789731773,0.12723597667915185,0.35643935789731773,0.12723597667915185,0.33485487332372693,0.2820673248528311,0.4247983568365683,0.33485487332372693,0.2820673248528311,0.4247983568365683,482.623843091367,86.98449137104673,482.623843091367,86.98449137104673,479.3804523729368,423.7074793263161,531.5282231990203,479.3804523729368,423.7074793263161,531.5282231990203,0.5793288920415276,0.10992255585436941,0.5793288920415276,0.10992255585436941,0.5720198117101802,0.5197399072953434,0.6490260021759904,0.5720198117101802,0.5197399072953434,0.6490260021759904,212.33333333333337,42.566474623872274,212.33333333333337,42.566474623872274,200.0,187.5,250.0,200.0,187.5,250.0,1534.0440000000003,328.3043808470849,1534.0440000000003,328.3043808470849,1536.739,1329.91975,1739.968,1536.739,1329.91975,1739.968,171.41168436666666,53.93438977409788,171.41168436666666,53.93438977409788,156.267299,142.38580175,188.62210375,156.267299,142.38580175,188.62210375,2.720621647383449,1.3634135076076708,2.720621647383449,1.3634135076076708,2.467323561929854,1.7496190730763872,3.031941094749138,2.467323561929854,1.7496190730763872,3.031941094749138,0.10744038777258441,0.08988104158651815,0.10744038777258441,0.08988104158651815,0.10503710701919197,0.02956761412281634,0.1589694733337887,0.10503710701919197,0.02956761412281634,0.1589694733337887,1.4073895200000002,1.0963889118644825,1.4073895200000002,1.0963889118644825,1.157369,0.6280875,1.7373413333333334,1.157369,0.6280875,1.7373413333333334,0.0,0.0,0.0,0.0,0.0,0.0,0.0,0.0,0.0,0.0,20.625595895332125,2.9883042549757963,20.625595895332125,2.9883042549757963,22.018165133330818,20.831574591672204,22.059232116647763,22.018165133330818,20.831574591672204,22.059232116647763,20.625595895332125,2.9883042549757963,20.625595895332125,2.9883042549757963,22.018165133330818,20.831574591672204,22.059232116647763,22.018165133330818,20.831574591672204,22.059232116647763,,,,,,,,,,
ppo,Train-S,Test-1,C050-R050,0.5,0.5,50,50,1.0,1.0,1.0,0.0,0.0,1346.3902804133334,197.88525229479407,1346.3902804133334,197.88525229479407,1318.9580355,1216.6493280833333,1460.6677398333336,1318.9580355,1216.6493280833333,1460.6677398333336,7.03155628057222,2.214044769375323,7.03155628057222,2.214044769375323,6.764329782670204,5.508589041161854,8.393914074667595,6.764329782670204,5.508589041161854,8.393914074667595,0.8773744723694986,0.1420932633801874,0.8773744723694986,0.1420932633801874,0.8909302979577084,0.7835750192299323,0.9708976400564698,0.8909302979577084,0.7835750192299323,0.9708976400564698,0.6126884796191779,0.1276701199920942,0.6126884796191779,0.1276701199920942,0.6073364740318539,0.5347034485049145,0.685138959820399,0.6073364740318539,0.5347034485049145,0.685138959820399,676.7109183469528,99.07016415050104,676.7109183469528,99.07016415050104,663.6723633020522,610.7984024508293,734.1152769799007,663.6723633020522,610.7984024508293,734.1152769799007,0.7450314759943382,0.10861650055393844,0.7450314759943382,0.10861650055393844,0.7654157917966478,0.6592716102681304,0.8254538082501335,0.7654157917966478,0.6592716102681304,0.8254538082501335,140.0,33.5029697130245,140.0,33.5029697130245,150.0,100.0,150.0,150.0,100.0,150.0,1034.1010800000001,190.71087943430422,1034.1010800000001,190.71087943430422,994.1010000000001,928.5895,1170.3335000000002,994.1010000000001,928.5895,1170.3335000000002,172.2892004133333,54.41288883874247,172.2892004133333,54.41288883874247,155.7333275,142.21534875,193.8643575,155.7333275,142.21534875,193.8643575,2.9314825068769146,1.3744235574636907,2.9314825068769146,1.3744235574636907,2.7034328436847055,1.8695781827134994,3.4354280637699817,2.7034328436847055,1.8695781827134994,3.4354280637699817,0.12105881369530566,0.13759429427109887,0.12105881369530566,0.13759429427109887,0.08043464774882716,0.004034247140096251,0.173432376394497,0.08043464774882716,0.004034247140096251,0.173432376394497,3.97901496,1.323032401665612,3.97901496,1.323032401665612,3.8981036666666666,3.1670309999999997,4.78445,3.8981036666666666,3.1670309999999997,4.78445,0.0,0.0,0.0,0.0,0.0,0.0,0.0,0.0,0.0,0.0,20.39943586199001,3.010144157257741,20.39943586199001,3.010144157257741,22.006081766681746,18.850403041685542,22.039818424974026,22.006081766681746,18.850403041685542,22.039818424974026,20.39943586199001,3.010144157257741,20.39943586199001,3.010144157257741,22.006081766681746,18.850403041685542,22.039818424974026,22.006081766681746,18.850403041685542,22.039818424974026,,,,,,,,,,
ppo,Train-S,Test-1,C075-R025,0.75,0.25,50,50,1.0,1.0,1.0,0.0,0.0,1241.9777231733333,176.04192904200596,1241.9777231733333,176.04192904200596,1226.8061074999998,1111.63216775,1366.98393025,1226.8061074999998,1111.63216775,1366.98393025,8.027319509011873,2.0743183514536505,8.027319509011873,2.0743183514536505,7.799011716212734,6.531939705055837,9.098316099489415,7.799011716212734,6.531939705055837,9.098316099489415,0.8094136566382255,0.12864096095800748,0.8094136566382255,0.12864096095800748,0.8241530549893559,0.6946864202949565,0.914094822972122,0.8241530549893559,0.6946864202949565,0.914094822972122,0.7100440099326001,0.13578540618272045,0.7100440099326001,0.13578540618272045,0.721048465998378,0.6005190609181436,0.8106761123330508,0.721048465998378,0.6005190609181436,0.8106761123330508,933.490122257253,132.2385852814648,933.490122257253,132.2385852814648,922.2118319369832,834.9860652525471,1027.2890746050164,922.2118319369832,834.9860652525471,1027.2890746050164,0.7845712449618191,0.11824431533058087,0.7845712449618191,0.11824431533058087,0.8222939770948983,0.688803471795847,0.8693009584681236,0.8222939770948983,0.688803471795847,0.8693009584681236,110.0,19.342948582466573,110.0,19.342948582466573,100.0,100.0,100.0,100.0,100.0,100.0,962.684,169.71817809581643,962.684,169.71817809581643,957.2325000000001,835.419,1091.99325,957.2325000000001,835.419,1091.99325,169.29372317333332,55.88654303677753,169.29372317333332,55.88654303677753,156.992909,142.11412324999998,196.90314825000002,156.992909,142.11412324999998,196.90314825000002,3.2888837621473477,1.4455620798680753,3.2888837621473477,1.4455620798680753,2.9120086125189824,2.273686868074283,3.9046496033327642,2.9120086125189824,2.273686868074283,3.9046496033327642,0.13461354019785926,0.17765014369495016,0.13461354019785926,0.17765014369495016,0.085744999863465,0.0,0.20017012040245602,0.085744999863465,0.0,0.20017012040245602,4.603822206666667,1.256160541654002,4.603822206666667,1.256160541654002,4.569418000000001,3.7446735,5.254172500000001,4.569418000000001,3.7446735,5.254172500000001,0.0,0.0,0.0,0.0,0.0,0.0,0.0,0.0,0.0,0.0,20.36926304533534,3.061202468751166,20.36926304533534,3.061202468751166,22.02033501667514,18.84774200835576,22.056620091665536,22.02033501667514,18.84774200835576,22.056620091665536,20.36926304533534,3.061202468751166,20.36926304533534,3.061202468751166,22.02033501667514,18.84774200835576,22.056620091665536,22.02033501667514,18.84774200835576,22.056620091665536,,,,,,,,,,
ppo,Train-S,Test-1,C100-R000,1.0,0.0,50,50,1.0,1.0,1.0,0.0,0.0,1233.8399722533334,171.23888818305187,1233.8399722533334,171.23888818305187,1265.1257018333333,1096.70517575,1363.68243775,1265.1257018333333,1096.70517575,1363.68243775,10.016731356818928,2.982144212495505,10.016731356818928,2.982144212495505,9.395132343718554,8.166885751714606,10.811020247896076,9.395132343718554,8.166885751714606,10.811020247896076,0.8044305160269692,0.12795477527278995,0.8044305160269692,0.12795477527278995,0.8238435048197471,0.6929743555800307,0.9004382106395725,0.8238435048197471,0.6929743555800307,0.9004382106395725,0.8751092374196859,0.15149802432651577,0.8751092374196859,0.15149802432651577,0.8862107053305743,0.7603477997027897,0.9773969911092099,0.8862107053305743,0.7603477997027897,0.9773969911092099,1233.8399722533334,171.23888818305187,1233.8399722533334,171.23888818305187,1265.1257018333333,1096.70517575,1363.68243775,1265.1257018333333,1096.70517575,1363.68243775,0.8044305160269692,0.12795477527278995,0.8044305160269692,0.12795477527278995,0.8238435048197471,0.6929743555800307,0.9004382106395725,0.8238435048197471,0.6929743555800307,0.9004382106395725,104.0,12.84832148879242,104.0,12.84832148879242,100.0,100.0,100.0,100.0,100.0,100.0,959.9366600000001,164.92849842102078,959.9366600000001,164.92849842102078,961.5419999999999,834.9599999999999,1076.0122499999998,961.5419999999999,834.9599999999999,1076.0122499999998,169.90331225333333,53.96426852158972,169.90331225333333,53.96426852158972,157.673428,142.11412324999998,197.50956125000002,157.673428,142.11412324999998,197.50956125000002,5.132098217954593,2.4564905172553404,5.132098217954593,2.4564905172553404,4.473594327546381,3.4678704137458007,6.027729775514517,4.473594327546381,3.4678704137458007,6.027729775514517,0.2564019388643344,0.27192754465601304,0.2564019388643344,0.27192754465601304,0.1914418399380513,0.0,0.3922852625655576,0.1914418399380513,0.0,0.3922852625655576,4.6282312,1.2604347422977615,4.6282312,1.2604347422977615,4.6074195,3.7446735,5.3320185,4.6074195,3.7446735,5.3320185,0.0,0.0,0.0,0.0,0.0,0.0,0.0,0.0,0.0,0.0,20.10601198134168,3.4247630468890664,20.10601198134168,3.4247630468890664,22.018325166679766,18.712579133338295,22.040712425029295,22.018325166679766,18.712579133338295,22.040712425029295,20.10601198134168,3.4247630468890664,20.10601198134168,3.4247630468890664,22.018325166679766,18.712579133338295,22.040712425029295,22.018325166679766,18.712579133338295,22.040712425029295,,,,,,,,,,
ppo,Train-S,Test-2,C000-R100,0.0,1.0,50,50,1.0,1.0,1.0,0.0,0.0,6836.023260153333,839.4392704557632,6836.023260153333,839.4392704557632,6804.9503589999995,6332.56025125,7386.488627750001,6804.9503589999995,6332.56025125,7386.488627750001,10.466757545957325,3.3920751902059414,10.466757545957325,3.3920751902059414,9.685595475046643,7.833641664793434,12.883196772372598,9.685595475046643,7.833641664793434,12.883196772372598,2.18903575634374,0.24503349225156645,2.18903575634374,0.24503349225156645,2.183608536416653,1.9835253072103982,2.3486213762080355,2.183608536416653,1.9835253072103982,2.3486213762080355,0.18193273387206776,0.04165479754978897,0.18193273387206776,0.04165479754978897,0.18223290160464103,0.1575082309839359,0.19963300879566584,0.18223290160464103,0.1575082309839359,0.19963300879566584,10.466757545957325,3.3920751902059414,10.466757545957325,3.3920751902059414,9.685595475046643,7.833641664793434,12.883196772372598,9.685595475046643,7.833641664793434,12.883196772372598,0.18193273387206776,0.04165479754978897,0.18193273387206776,0.04165479754978897,0.18223290160464103,0.1575082309839359,0.19963300879566584,0.18223290160464103,0.1575082309839359,0.19963300879566584,599.3333333333334,3.2991443953692823,599.3333333333334,3.2991443953692823,600.0,600.0,600.0,600.0,600.0,600.0,5675.768479999999,803.5485384566929,5675.768479999999,803.5485384566929,5614.974,5142.76725,6158.5197499999995,5614.974,5142.76725,6158.5197499999995,560.92144682,140.31283496787378,560.92144682,140.31283496787378,561.3148083333333,507.99497858333336,655.6752945000001,561.3148083333333,507.99497858333336,655.6752945000001,8.22775231423608,2.818174527302783,8.22775231423608,2.818174527302783,7.79494963871476,6.1754073505883404,10.489653152954794,7.79494963871476,6.1754073505883404,10.489653152954794,0.32434393838791103,0.1801775839924155,0.32434393838791103,0.1801775839924155,0.29525511924614234,0.19397744795658375,0.38241456415655806,0.29525511924614234,0.19397744795658375,0.38241456415655806,1.9146612933333333,0.7744595671099843,1.9146612933333333,0.7744595671099843,1.8256108333333332,1.2573574166666666,2.31215575,1.8256108333333332,1.2573574166666666,2.31215575,0.0,0.0,0.0,0.0,0.0,0.0,0.0,0.0,0.0,0.0,22.160547031332584,0.5929643866292892,22.160547031332584,0.5929643866292892,22.302368066700488,22.24966224168505,22.40175690833712,22.302368066700488,22.24966224168505,22.40175690833712,22.160547031332584,0.5929643866292892,22.160547031332584,0.5929643866292892,22.302368066700488,22.24966224168505,22.40175690833712,22.302368066700488,22.24966224168505,22.40175690833712,,,,,,,,,,
ppo,Train-S,Test-2,C025-R075,0.25,0.75,50,50,1.0,1.0,1.0,0.0,0.0,3420.2567344933336,502.31809622563617,3420.2567344933336,502.31809622563617,3332.8519623333336,3097.9921833333337,3581.410406,3332.8519623333336,3097.9921833333337,3581.410406,21.927288467635893,6.420484493693107,21.927288467635893,6.420484493693107,20.457724208340696,17.466661016111264,26.66485135023015,20.457724208340696,17.466661016111264,26.66485135023015,1.099884091868372,0.17913644578342788,1.099884091868372,0.17913644578342788,1.083128480261438,0.9437167946910834,1.2244040624397756,1.083128480261438,0.9437167946910834,1.2244040624397756,0.3807804680281614,0.06495952596452732,0.3807804680281614,0.06495952596452732,0.3772603559802883,0.33326119951318917,0.41330149346334555,0.3772603559802883,0.33326119951318917,0.41330149346334555,871.5096499740605,123.8437545217562,871.5096499740605,123.8437545217562,849.3037016002104,794.6814644455117,912.901692938891,849.3037016002104,794.6814644455117,912.901692938891,0.5605563739882141,0.05985890688953598,0.5605563739882141,0.05985890688953598,0.5589845943860186,0.5222214896308374,0.5892245301716312,0.5589845943860186,0.5222214896308374,0.5892245301716312,337.66666666666663,53.538084861267166,337.66666666666663,53.538084861267166,333.3333333333333,300.0,383.3333333333333,333.3333333333333,300.0,383.3333333333333,2535.8743999999997,425.31975283308907,2535.8743999999997,425.31975283308907,2455.6020000000003,2248.279,2704.9470000000006,2455.6020000000003,2248.279,2704.9470000000006,546.7156678266667,145.09954763333135,546.7156678266667,145.09954763333135,561.9221660000001,452.37168499999996,665.5618455833334,561.9221660000001,452.37168499999996,665.5618455833334,8.39853796273555,2.946088277390241,8.39853796273555,2.946088277390241,7.789590212021023,6.276055117084614,10.57208842547005,7.789590212021023,6.276055117084614,10.57208842547005,0.5013537782336787,0.28269564285661064,0.5013537782336787,0.28269564285661064,0.48784408418280456,0.25911263670636375,0.6896541759434148,0.48784408418280456,0.25911263670636375,0.6896541759434148,13.027396726666666,4.249628705934957,13.027396726666666,4.249628705934957,12.725070333333335,10.122954833333335,15.566143249999998,12.725070333333335,10.122954833333335,15.566143249999998,0.0,0.0,0.0,0.0,0.0,0.0,0.0,0.0,0.0,0.0,21.989777797341812,0.5255596288031534,21.989777797341812,0.5255596288031534,22.094949550014768,22.007311749999644,22.23791816670564,22.094949550014768,22.007311749999644,22.23791816670564,21.989777797341812,0.5255596288031534,21.989777797341812,0.5255596288031534,22.094949550014768,22.007311749999644,22.23791816670564,22.094949550014768,22.007311749999644,22.23791816670564,,,,,,,,,,
ppo,Train-S,Test-2,C050-R050,0.5,0.5,50,50,1.0,1.0,1.0,0.0,0.0,2264.4200848933333,287.7556026785679,2264.4200848933333,287.7556026785679,2277.9745645000003,2125.1000624999997,2429.8111240833337,2277.9745645000003,2125.1000624999997,2429.8111240833337,34.84385234523856,6.720533276774379,34.84385234523856,6.720533276774379,34.182718619498814,30.136523197530675,39.41959802770434,34.182718619498814,30.136523197530675,39.41959802770434,0.7276267902364784,0.10490241773754815,0.7276267902364784,0.10490241773754815,0.7189026289886766,0.6456957144252884,0.8112751680516257,0.7189026289886766,0.6456957144252884,0.8112751680516257,0.6171253550700885,0.08717200569855132,0.6171253550700885,0.08717200569855132,0.6104513890197674,0.5672395660463768,0.6729455177359216,0.6104513890197674,0.5672395660463768,0.6729455177359216,1149.631968619286,143.421850785467,1149.631968619286,143.421850785467,1156.2986762837354,1076.669945456648,1233.804952923772,1156.2986762837354,1076.669945456648,1233.804952923772,0.6723760726532834,0.07577923156595737,0.6723760726532834,0.07577923156595737,0.6632250700933175,0.6322484340398578,0.7148245342748247,0.6632250700933175,0.6322484340398578,0.7148245342748247,189.66666666666669,32.62686732825156,189.66666666666669,32.62686732825156,183.33333333333334,166.66666666666666,200.0,183.33333333333334,166.66666666666666,200.0,1540.06638,226.1168802796095,1540.06638,226.1168802796095,1528.9635,1355.7775000000001,1697.3450000000003,1528.9635,1355.7775000000001,1697.3450000000003,534.6870382266667,144.3766072923788,534.6870382266667,144.3766072923788,542.7995606666666,420.4107185,626.0965090000001,542.7995606666666,420.4107185,626.0965090000001,9.351673815542073,3.2921840913044775,9.351673815542073,3.2921840913044775,8.769254202428474,6.942791517979291,11.822344424062406,8.769254202428474,6.942791517979291,11.822344424062406,0.6346086096964939,0.3769865425855119,0.6346086096964939,0.3769865425855119,0.5287930492194937,0.37503556662710646,0.82081547156717,0.5287930492194937,0.37503556662710646,0.82081547156717,24.857569919999996,4.607005226066283,24.857569919999996,4.607005226066283,24.83310733333333,22.15243158333334,27.634178499999997,24.83310733333333,22.15243158333334,27.634178499999997,0.0,0.0,0.0,0.0,0.0,0.0,0.0,0.0,0.0,0.0,21.893845714662845,0.4320046148064763,21.893845714662845,0.4320046148064763,21.945183833304327,21.873019941694412,22.01777898334937,21.945183833304327,21.873019941694412,22.01777898334937,21.893845714662845,0.4320046148064763,21.893845714662845,0.4320046148064763,21.945183833304327,21.873019941694412,22.01777898334937,21.945183833304327,21.873019941694412,22.01777898334937,,,,,,,,,,
ppo,Train-S,Test-2,C075-R025,0.75,0.25,50,50,1.0,1.0,1.0,0.0,0.0,2075.4061855666664,259.8131169728547,2075.4061855666664,259.8131169728547,2083.9410159999998,1866.0815431666667,2256.09927575,2083.9410159999998,1866.0815431666667,2256.09927575,39.50664238948565,6.457057473425589,39.50664238948565,6.457057473425589,38.55253386926455,34.55817394626307,45.85180505422381,38.55253386926455,34.55817394626307,45.85180505422381,0.6662432973273392,0.0906505979944349,0.6662432973273392,0.0906505979944349,0.6692971593184394,0.5776752237491147,0.7176465712704434,0.6692971593184394,0.5776752237491147,0.7176465712704434,0.7032677570677418,0.09318818582721165,0.7032677570677418,0.09318818582721165,0.7097042538599861,0.6234699130432422,0.7761173649432304,0.7097042538599861,0.6234699130432422,0.7761173649432304,1566.4312997723714,195.0515856740194,1566.4312997723714,195.0515856740194,1573.4231359481714,1410.5294866471115,1700.876464030611,1573.4231359481714,1410.5294866471115,1700.876464030611,0.6754994122624401,0.08108167511739246,0.6754994122624401,0.08108167511739246,0.6796294732703524,0.6141317415198281,0.7340010448778226,0.6796294732703524,0.6141317415198281,0.7340010448778226,158.0,14.380637019563334,158.0,14.380637019563334,150.0,150.0,166.66666666666666,150.0,150.0,166.66666666666666,1398.50564,212.9346237758473,1398.50564,212.9346237758473,1373.0359999999998,1255.21325,1580.5692499999998,1373.0359999999998,1255.21325,1580.5692499999998,518.9005455666669,148.90278423595495,518.9005455666669,148.90278423595495,517.6282285,408.21020675,596.47704175,517.6282285,408.21020675,596.47704175,11.150532041279122,4.345857020450611,11.150532041279122,4.345857020450611,10.126193227130834,7.865685893528497,14.472327781135746,10.126193227130834,7.865685893528497,14.472327781135746,0.7947511215398622,0.48351326874773315,0.7947511215398622,0.48351326874773315,0.754595661954159,0.35781098177590526,1.0999617854035673,0.754595661954159,0.35781098177590526,1.0999617854035673,27.561359226666664,3.9659077981047295,27.561359226666664,3.9659077981047295,26.7635155,25.15211075,30.2632005,26.7635155,25.15211075,30.2632005,0.0,0.0,0.0,0.0,0.0,0.0,0.0,0.0,0.0,0.0,21.93227253466301,0.3513680222048213,21.93227253466301,0.3513680222048213,21.966098433360457,21.847954341666384,22.017379383314015,21.966098433360457,21.847954341666384,22.017379383314015,21.93227253466301,0.3513680222048213,21.93227253466301,0.3513680222048213,21.966098433360457,21.847954341666384,22.017379383314015,21.966098433360457,21.847954341666384,22.017379383314015,,,,,,,,,,
ppo,Train-S,Test-2,C100-R000,1.0,0.0,50,50,1.0,1.0,1.0,0.0,0.0,2044.7073075733333,254.70757654604503,2044.7073075733333,254.70757654604503,2074.97728,1880.9722015,2227.87737225,2074.97728,1880.9722015,2227.87737225,45.35335968602988,7.592533840743958,45.35335968602988,7.592533840743958,44.425254296829536,39.43866635395668,49.938417354868285,44.425254296829536,39.43866635395668,49.938417354868285,0.6562012552078559,0.08770587246564261,0.6562012552078559,0.08770587246564261,0.6591194635544539,0.5765330678156793,0.7146258896145375,0.6591194635544539,0.5765330678156793,0.7146258896145375,0.8070270190425484,0.10909666356019476,0.8070270190425484,0.10909666356019476,0.8036421429292622,0.7302235747631564,0.8943157622697708,0.8036421429292622,0.7302235747631564,0.8943157622697708,2044.7073075733333,254.70757654604503,2044.7073075733333,254.70757654604503,2074.97728,1880.9722015,2227.87737225,2074.97728,1880.9722015,2227.87737225,0.6562012552078559,0.08770587246564261,0.6562012552078559,0.08770587246564261,0.6591194635544539,0.5765330678156793,0.7146258896145375,0.6591194635544539,0.5765330678156793,0.7146258896145375,153.0,10.481600334788162,153.0,10.481600334788162,150.0,150.0,150.0,150.0,150.0,150.0,1378.3026599999998,206.33611371706513,1378.3026599999998,206.33611371706513,1348.7045,1231.5079999999998,1519.3429999999998,1348.7045,1231.5079999999998,1519.3429999999998,513.4046475733332,150.06711645697936,513.4046475733332,150.06711645697936,509.97925449999997,392.3465015,608.2119795,509.97925449999997,392.3465015,608.2119795,16.304118782655106,6.1804084830436565,16.304118782655106,6.1804084830436565,15.549068605935897,11.83391967873445,20.52405053223466,15.549068605935897,11.83391967873445,20.52405053223466,1.3504337300414455,0.7991024316779715,1.3504337300414455,0.7991024316779715,1.1888447158644064,0.7184972501514025,1.7921466723433406,1.1888447158644064,0.7184972501514025,1.7921466723433406,27.698807173333336,3.9039806655223344,27.698807173333336,3.9039806655223344,27.166955,25.282833250000003,30.2632005,27.166955,25.282833250000003,30.2632005,0.0,0.0,0.0,0.0,0.0,0.0,0.0,0.0,0.0,0.0,22.01310490733012,0.2779993375554751,22.01310490733012,0.2779993375554751,21.958253983350005,21.860694766626693,22.059591599982618,21.958253983350005,21.860694766626693,22.059591599982618,22.01310490733012,0.2779993375554751,22.01310490733012,0.2779993375554751,21.958253983350005,21.860694766626693,22.059591599982618,21.958253983350005,21.860694766626693,22.059591599982618,,,,,,,,,,
ppo,Train-S,Test-3,C000-R100,0.0,1.0,50,50,1.0,1.0,1.0,0.0,0.0,11802.350183659999,690.2904652117137,11802.350183659999,690.2904652117137,11704.037959666664,11266.38226508333,12291.413031000004,11704.037959666664,11266.38226508333,12291.413031000004,53.4063608833316,8.364192443024637,53.4063608833316,8.364192443024637,52.04504089209266,47.76119797368116,59.588675608738924,52.04504089209266,47.76119797368116,59.588675608738924,1.7431890775050414,0.13252577054835138,1.7431890775050414,0.13252577054835138,1.7250646305062256,1.654084999621681,1.8100949421129369,1.7250646305062256,1.654084999621681,1.8100949421129369,0.22804357244666346,0.019464798853141937,0.22804357244666346,0.019464798853141937,0.2268870454916757,0.21209639856298929,0.24159936544730626,0.2268870454916757,0.21209639856298929,0.24159936544730626,53.4063608833316,8.364192443024637,53.4063608833316,8.364192443024637,52.04504089209266,47.76119797368116,59.588675608738924,52.04504089209266,47.76119797368116,59.588675608738924,0.22804357244666346,0.019464798853141937,0.22804357244666346,0.019464798853141937,0.2268870454916757,0.21209639856298929,0.24159936544730626,0.2268870454916757,0.21209639856298929,0.24159936544730626,749.6666666666667,2.357022603955154,749.6666666666667,2.357022603955154,750.0,750.0,750.0,750.0,750.0,750.0,9735.65128,703.2971259879718,9735.65128,703.2971259879718,9575.2475,9243.9355,10269.943250000002,9575.2475,9243.9355,10269.943250000002,1317.0322369933333,272.0113289119038,1317.0322369933333,272.0113289119038,1342.8154548333332,1077.1650811666666,1502.2126491666666,1342.8154548333332,1077.1650811666666,1502.2126491666666,31.485721663471672,6.457875646218148,31.485721663471672,6.457875646218148,31.056628663786803,26.736672529069452,35.45902900718411,31.056628663786803,26.736672529069452,35.45902900718411,2.8938847665266065,0.9147110272422719,2.8938847665266065,0.9147110272422719,2.9136253316077223,2.316787946110073,3.529380577283264,2.9136253316077223,2.316787946110073,3.529380577283264,19.026754453333332,2.412342942361271,19.026754453333332,2.412342942361271,18.484275333333336,17.321242749999996,20.720976166666663,18.484275333333336,17.321242749999996,20.720976166666663,0.0,0.0,0.0,0.0,0.0,0.0,0.0,0.0,0.0,0.0,22.107818990664867,1.9956925098820653,22.107818990664867,1.9956925098820653,22.763533483317588,22.656360716656007,22.844505899983538,22.763533483317588,22.656360716656007,22.844505899983538,22.107818990664867,1.9956925098820653,22.107818990664867,1.9956925098820653,22.763533483317588,22.656360716656007,22.844505899983538,22.763533483317588,22.656360716656007,22.844505899983538,,,,,,,,,,
ppo,Train-S,Test-3,C025-R075,0.25,0.75,50,50,1.0,1.0,1.0,0.0,0.0,5787.994166120001,481.06581595128665,5787.994166120001,481.06581595128665,5773.296892833334,5392.532668083334,6101.632905083335,5773.296892833334,5392.532668083334,6101.632905083335,83.85593841802041,11.69093138696161,83.85593841802041,11.69093138696161,81.92134156808473,77.8772573276262,89.43174439307964,81.92134156808473,77.8772573276262,89.43174439307964,0.8535527527336355,0.06500557840210416,0.8535527527336355,0.06500557840210416,0.8603707344277474,0.8097270049010663,0.9057617458971908,0.8603707344277474,0.8097270049010663,0.9057617458971908,0.3597793280325465,0.03895475821298194,0.3597793280325465,0.03895475821298194,0.35802247815280996,0.33508331618431875,0.3797710714749361,0.35802247815280996,0.33508331618431875,0.3797710714749361,1509.8904953435156,116.56634883628759,1509.8904953435156,116.56634883628759,1502.7840296256718,1412.5155803891025,1587.5835651344066,1502.7840296256718,1412.5155803891025,1587.5835651344066,0.48322268420781866,0.037726887288585705,0.48322268420781866,0.037726887288585705,0.4817010626524386,0.4604151876404817,0.5044188275581248,0.4817010626524386,0.4604151876404817,0.5044188275581248,421.0,53.00601086866107,421.0,53.00601086866107,416.6666666666667,383.3333333333333,450.0,416.6666666666667,383.3333333333333,450.0,4102.63358,356.6357973889734,4102.63358,356.6357973889734,4116.4105,3893.7994999999996,4260.70375,4116.4105,3893.7994999999996,4260.70375,1264.3605861199999,253.57211356866281,1264.3605861199999,253.57211356866281,1284.997689,1050.1985837500001,1425.4202928333334,1284.997689,1050.1985837500001,1425.4202928333334,29.520832179241275,6.344459075023073,29.520832179241275,6.344459075023073,28.38379707139314,25.95520305365841,33.309561013297056,28.38379707139314,25.95520305365841,33.309561013297056,3.5246433987791472,1.2972988060213444,3.5246433987791472,1.2972988060213444,3.2674302466112453,2.611872696905208,4.395562348112344,3.2674302466112453,2.611872696905208,4.395562348112344,50.81046284,7.345223958337951,50.81046284,7.345223958337951,50.63494616666668,46.191688250000006,54.503944499999996,50.63494616666668,46.191688250000006,54.503944499999996,0.0,0.0,0.0,0.0,0.0,0.0,0.0,0.0,0.0,0.0,21.827663001331192,1.3974884793489795,21.827663001331192,1.3974884793489795,22.24103004997596,22.143045033328235,22.340227941701112,22.24103004997596,22.143045033328235,22.340227941701112,21.827663001331192,1.3974884793489795,21.827663001331192,1.3974884793489795,22.24103004997596,22.143045033328235,22.340227941701112,22.24103004997596,22.143045033328235,22.340227941701112,,,,,,,,,,
ppo,Train-S,Test-3,C050-R050,0.5,0.5,50,50,1.0,1.0,1.0,0.0,0.0,4501.240941833334,337.46606541257944,4501.240941833334,337.46606541257944,4486.624210666667,4278.590255666667,4679.62786475,4486.624210666667,4278.590255666667,4679.62786475,104.63361883395173,11.61326249998121,104.63361883395173,11.61326249998121,102.00466552992091,96.66257827315705,111.63913931870694,102.00466552992091,96.66257827315705,111.63913931870694,0.6636978060873142,0.04335827077552849,0.6636978060873142,0.04335827077552849,0.6645021758230094,0.6397382283120302,0.6979394677268058,0.6645021758230094,0.6397382283120302,0.6979394677268058,0.45060237544275084,0.04967965161574688,0.45060237544275084,0.04967965161574688,0.4474646056147272,0.42717578302784986,0.47791108431133345,0.4474646056147272,0.42717578302784986,0.47791108431133345,2302.937280333643,168.45567621384214,2302.937280333643,168.45567621384214,2296.2674764921194,2196.124141981679,2389.629610818113,2296.2674764921194,2196.124141981679,2389.629610818113,0.5571500907650325,0.04020526300235618,0.5571500907650325,0.04020526300235618,0.5545254708821937,0.5324239251359466,0.5824804793928525,0.5545254708821937,0.5324239251359466,0.5824804793928525,261.3333333333333,31.12406597784417,261.3333333333333,31.12406597784417,266.6666666666667,233.33333333333334,283.3333333333333,266.6666666666667,233.33333333333334,283.3333333333333,3012.67954,236.37156545705915,3012.67954,236.37156545705915,2972.3059999999996,2855.4974999999995,3130.9125,2972.3059999999996,2855.4974999999995,3130.9125,1227.2280684999998,220.59542013802812,1227.2280684999998,220.59542013802812,1230.881268,1053.1051924166668,1409.61619475,1230.881268,1053.1051924166668,1409.61619475,35.918495758966536,8.516990468224071,35.918495758966536,8.516990468224071,34.87637818391658,30.946806756535565,39.86634804818431,34.87637818391658,30.946806756535565,39.86634804818431,4.8949397749852075,1.5485171476730972,4.8949397749852075,1.5485171476730972,4.88914100751628,3.7495008154167895,5.79607908992717,4.88914100751628,3.7495008154167895,5.79607908992717,63.8201833,6.481427552383202,63.8201833,6.481427552383202,64.253782,59.188201333333325,66.81292141666667,64.253782,59.188201333333325,66.81292141666667,0.0,0.0,0.0,0.0,0.0,0.0,0.0,0.0,0.0,0.0,21.935939553998566,1.0317833173692137,21.935939553998566,1.0317833173692137,22.103208050015382,21.96414862499417,22.22079935836761,22.103208050015382,21.96414862499417,22.22079935836761,21.935939553998566,1.0317833173692137,21.935939553998566,1.0317833173692137,22.103208050015382,21.96414862499417,22.22079935836761,22.103208050015382,21.96414862499417,22.22079935836761,,,,,,,,,,
ppo,Train-S,Test-3,C075-R025,0.75,0.25,50,50,1.0,1.0,1.0,0.0,0.0,4094.7260349000003,295.4952305085349,4094.7260349000003,295.4952305085349,4020.191382,3864.3362384999996,4294.323705,4020.191382,3864.3362384999996,4294.323705,119.62909640696665,14.039436761957472,119.62909640696665,14.039436761957472,118.86577671422211,110.95365647380595,128.27744910891946,118.86577671422211,110.95365647380595,128.27744910891946,0.604379585250976,0.046591578138392084,0.604379585250976,0.046591578138392084,0.6030399724924252,0.5722903676331049,0.6371391994836616,0.6030399724924252,0.5722903676331049,0.6371391994836616,0.5153947729956732,0.06234311896447537,0.5153947729956732,0.06234311896447537,0.5110874748280189,0.46745511227085657,0.5559925086193809,0.5110874748280189,0.46745511227085657,0.5559925086193809,3100.9518002767413,222.20796259346403,3100.9518002767413,222.20796259346403,3047.9849815465063,2935.949699471766,3249.676577638973,3047.9849815465063,2935.949699471766,3249.676577638973,0.5821333821871503,0.04160087395960721,0.5821333821871503,0.04160087395960721,0.5812058179462528,0.5577723765204206,0.6055909719688085,0.5812058179462528,0.5577723765204206,0.6055909719688085,200.33333333333331,20.61690300075168,200.33333333333331,20.61690300075168,200.0,183.33333333333334,216.66666666666666,200.0,183.33333333333334,216.66666666666666,2694.8354999999997,183.8590519488241,2694.8354999999997,183.8590519488241,2708.7005,2570.32875,2784.919250000001,2708.7005,2570.32875,2784.919250000001,1199.5572015666667,244.9794193726738,1199.5572015666667,244.9794193726738,1175.3154041666667,985.3241201666667,1403.1853315,1175.3154041666667,985.3241201666667,1403.1853315,46.38824968009938,10.44738451764258,46.38824968009938,10.44738451764258,44.74133201012847,39.725163025437865,54.49056474191083,44.74133201012847,39.725163025437865,54.49056474191083,7.542912253533961,2.876170368178309,7.542912253533961,2.876170368178309,7.417987008795086,5.684295587890872,9.353708989436601,7.417987008795086,5.684295587890872,9.353708989436601,65.69793447333333,6.535100242577547,65.69793447333333,6.535100242577547,66.22305250000002,60.45571291666665,69.75252975,66.22305250000002,60.45571291666665,69.75252975,0.0,0.0,0.0,0.0,0.0,0.0,0.0,0.0,0.0,0.0,22.165692361331697,0.7603251169124866,22.165692361331697,0.7603251169124866,22.175880716667354,22.022722516664846,22.272425066650612,22.175880716667354,22.022722516664846,22.272425066650612,22.165692361331697,0.7603251169124866,22.165692361331697,0.7603251169124866,22.175880716667354,22.022722516664846,22.272425066650612,22.175880716667354,22.022722516664846,22.272425066650612,,,,,,,,,,
ppo,Train-S,Test-3,C100-R000,1.0,0.0,50,50,1.0,1.0,1.0,0.0,0.0,3933.0243046733335,279.6920719388161,3933.0243046733335,279.6920719388161,3905.2729475,3713.0205642499996,4157.26044325,3905.2729475,3713.0205642499996,4157.26044325,144.1156287658839,17.908765026251757,144.1156287658839,17.908765026251757,142.76350262447278,134.406663553109,154.48785318495752,142.76350262447278,134.406663553109,154.48785318495752,0.580537945673548,0.04486780104449069,0.580537945673548,0.04486780104449069,0.5820364529720842,0.5493057402519487,0.6086031643793262,0.5820364529720842,0.5493057402519487,0.6086031643793262,0.620127215060038,0.07365357197785588,0.620127215060038,0.07365357197785588,0.6143871745315223,0.5634468028130734,0.6689493215566655,0.6143871745315223,0.5634468028130734,0.6689493215566655,3933.0243046733335,279.6920719388161,3933.0243046733335,279.6920719388161,3905.2729475,3713.0205642499996,4157.26044325,3905.2729475,3713.0205642499996,4157.26044325,0.580537945673548,0.04486780104449069,0.580537945673548,0.04486780104449069,0.5820364529720842,0.5493057402519487,0.6086031643793262,0.5820364529720842,0.5493057402519487,0.6086031643793262,168.0,18.082702424807167,168.0,18.082702424807167,166.66666666666666,150.0,183.33333333333334,166.66666666666666,150.0,183.33333333333334,2589.8056199999996,160.12458763596345,2589.8056199999996,160.12458763596345,2593.464,2472.89725,2683.646,2593.464,2472.89725,2683.646,1175.2186846733334,256.36864767091936,1175.2186846733334,256.36864767091936,1134.700699,972.6822132500001,1342.9306471666666,1134.700699,972.6822132500001,1342.9306471666666,66.21900831705362,14.343187135381466,66.21900831705362,14.343187135381466,65.25412315411384,56.13048865098959,75.79262978377153,65.25412315411384,56.13048865098959,75.79262978377153,12.017673282163601,3.9249321007585904,12.017673282163601,3.9249321007585904,11.811642987861255,9.721886464716057,14.61064694285843,11.811642987861255,9.721886464716057,14.61064694285843,65.87894716666668,6.604313947551245,65.87894716666668,6.604313947551245,66.15842683333334,60.86429675000001,69.7528105,66.15842683333334,60.86429675000001,69.7528105,0.0,0.0,0.0,0.0,0.0,0.0,0.0,0.0,0.0,0.0,22.318701936673214,0.6774520796273787,22.318701936673214,0.6774520796273787,22.17430049999772,22.091785933385836,22.28683761668314,22.17430049999772,22.091785933385836,22.28683761668314,22.318701936673214,0.6774520796273787,22.318701936673214,0.6774520796273787,22.17430049999772,22.091785933385836,22.28683761668314,22.17430049999772,22.091785933385836,22.28683761668314,,,,,,,,,,
ppo,Train-S,Test-4,C000-R100,0.0,1.0,50,50,1.0,1.0,1.0,0.0,0.0,25678.33547874,1362.8108890824813,25678.33547874,1362.8108890824813,25836.403568333335,24713.423191500005,26697.518986416668,25836.403568333335,24713.423191500005,26697.518986416668,467.76955002898416,46.2430166908332,467.76955002898416,46.2430166908332,468.4551046216967,425.87179166532735,507.84325833038554,468.4551046216967,425.87179166532735,507.84325833038554,1.4095071955260676,0.07706163742455951,1.4095071955260676,0.07706163742455951,1.4171766763755131,1.346936163373118,1.4660216468121297,1.4171766763755131,1.346936163373118,1.4660216468121297,0.34970368561048076,0.024364693927286442,0.34970368561048076,0.024364693927286442,0.354346218678272,0.337959787278953,0.36473209968939874,0.354346218678272,0.337959787278953,0.36473209968939874,467.76955002898416,46.2430166908332,467.76955002898416,46.2430166908332,468.4551046216967,425.87179166532735,507.84325833038554,468.4551046216967,425.87179166532735,507.84325833038554,0.34970368561048076,0.024364693927286442,0.34970368561048076,0.024364693927286442,0.354346218678272,0.337959787278953,0.36473209968939874,0.354346218678272,0.337959787278953,0.36473209968939874,1412.666666666667,51.67928307668101,1412.666666666667,51.67928307668101,1416.6666666666667,1383.3333333333333,1445.8333333333333,1416.6666666666667,1383.3333333333333,1445.8333333333333,19543.50752,1114.8201280560504,19543.50752,1114.8201280560504,19434.563000000002,18787.529,20331.88275,19434.563000000002,18787.529,20331.88275,4722.161292073334,864.7744886627186,4722.161292073334,864.7744886627186,4666.250230166666,4228.542112916666,5351.006576250001,4666.250230166666,4228.542112916666,5351.006576250001,196.84919342844603,35.41804790404418,196.84919342844603,35.41804790404418,196.01355502635525,165.4423803357226,222.88455040804217,196.01355502635525,165.4423803357226,222.88455040804217,27.485565280538076,8.712000828239514,27.485565280538076,8.712000828239514,26.576917955866456,20.606446079369576,33.90243730218182,26.576917955866456,20.606446079369576,33.90243730218182,243.43479132000002,13.783363350736057,243.43479132000002,13.783363350736057,244.1109643333333,235.54660758333338,253.0063166666667,244.1109643333333,235.54660758333338,253.0063166666667,0.0,0.0,0.0,0.0,0.0,0.0,0.0,0.0,0.0,0.0,29.98209446533506,1.1108513825585673,29.98209446533506,1.1108513825585673,30.345422866696026,29.759127558325417,30.64235916661952,30.345422866696026,29.759127558325417,30.64235916661952,29.98209446533506,1.1108513825585673,29.98209446533506,1.1108513825585673,30.345422866696026,29.759127558325417,30.64235916661952,30.345422866696026,29.759127558325417,30.64235916661952,,,,,,,,,,
ppo,Train-S,Test-4,C025-R075,0.25,0.75,50,50,1.0,1.0,1.0,0.0,0.0,15702.695883506669,1162.4404648968396,15702.695883506669,1162.4404648968396,15596.597954,15112.013871583333,16308.893399583334,15596.597954,15112.013871583333,16308.893399583334,547.4295773643161,43.67708691661454,547.4295773643161,43.67708691661454,552.1005266079347,513.2182878992818,580.7910904085966,552.1005266079347,513.2182878992818,580.7910904085966,0.8610347066503594,0.05063465255861597,0.8610347066503594,0.05063465255861597,0.8601606274470683,0.8339739477862907,0.8846757614879933,0.8601606274470683,0.8339739477862907,0.8846757614879933,0.4102129631851937,0.032431162871298914,0.4102129631851937,0.032431162871298914,0.410423492649064,0.3925389648103218,0.43355576954307573,0.410423492649064,0.3925389648103218,0.43355576954307573,4336.246153899904,282.77984045989143,4336.246153899904,282.77984045989143,4304.516640919861,4194.537350794244,4482.713199536523,4304.516640919861,4194.537350794244,4482.713199536523,0.5229183990514852,0.03352397159631653,0.5229183990514852,0.03352397159631653,0.5254652616737314,0.5042540112895579,0.5450072280610344,0.5254652616737314,0.5042540112895579,0.5450072280610344,704.3333333333333,69.80780222654685,704.3333333333333,69.80780222654685,716.6666666666666,666.6666666666666,750.0,716.6666666666666,666.6666666666666,750.0,10459.68496,591.6751136788639,10459.68496,591.6751136788639,10413.54,10156.325,10682.273749999998,10413.54,10156.325,10682.273749999998,4538.677590173334,796.5340093890925,4538.677590173334,796.5340093890925,4502.009302333334,4155.3353136666665,5066.626137583333,4502.009302333334,4155.3353136666665,5066.626137583333,193.27207886220046,34.27664590919076,193.27207886220046,34.27664590919076,191.11747799176038,163.02844138948603,223.28749843022214,191.11747799176038,163.02844138948603,223.28749843022214,32.98241234878215,8.94234993678588,32.98241234878215,8.94234993678588,32.78185646559177,26.218236666589064,39.85537163535618,32.78185646559177,26.218236666589064,39.85537163535618,321.1750861533334,17.551493273738647,321.1750861533334,17.551493273738647,323.73051883333324,311.2255902500001,331.498372,323.73051883333324,311.2255902500001,331.498372,0.0,0.0,0.0,0.0,0.0,0.0,0.0,0.0,0.0,0.0,30.073985401999675,0.503077122406411,30.073985401999675,0.503077122406411,30.099673683328245,29.938897991649963,30.332097749972792,30.099673683328245,29.938897991649963,30.332097749972792,30.073985401999675,0.503077122406411,30.073985401999675,0.503077122406411,30.099673683328245,29.938897991649963,30.332097749972792,30.099673683328245,29.938897991649963,30.332097749972792,,,,,,,,,,
ppo,Train-S,Test-4,C050-R050,0.5,0.5,50,50,1.0,1.0,1.0,0.0,0.0,13381.918474326667,908.1347455162594,13381.918474326667,908.1347455162594,13387.743517666666,12850.470501083335,13972.856428833335,13387.743517666666,12850.470501083335,13972.856428833335,611.5716418484269,48.89469600627949,611.5716418484269,48.89469600627949,613.7598899305414,571.8455070150784,641.6919146937348,613.7598899305414,571.8455070150784,641.6919146937348,0.7337618732545521,0.036961724737971054,0.7337618732545521,0.036961724737971054,0.7390458405842542,0.7142072974327203,0.7541272887263438,0.7390458405842542,0.7142072974327203,0.7541272887263438,0.4583684383322133,0.037158496872575726,0.4583684383322133,0.037158496872575726,0.4616521052358503,0.4355862882959101,0.487587750465909,0.4616521052358503,0.4355862882959101,0.487587750465909,6996.7450580875475,451.84331413569805,6996.7450580875475,451.84331413569805,7016.78712751214,6728.237704956929,7299.514632476101,7016.78712751214,6728.237704956929,7299.514632476101,0.5960651557933826,0.03230281041567631,0.5960651557933826,0.03230281041567631,0.5982736084782261,0.5802634986564492,0.6189118344623001,0.5982736084782261,0.5802634986564492,0.6189118344623001,462.66666666666674,40.6243785928403,462.66666666666674,40.6243785928403,466.6666666666667,433.3333333333333,483.3333333333333,466.6666666666667,433.3333333333333,483.3333333333333,8538.29704,344.56464676268257,8538.29704,344.56464676268257,8549.983,8277.9515,8765.194,8549.983,8277.9515,8765.194,4380.95476766,775.6484096991971,4380.95476766,775.6484096991971,4407.227225333333,3971.331398000001,4913.195335666667,4407.227225333333,3971.331398000001,4913.195335666667,217.86678652109146,40.34527845687553,217.86678652109146,40.34527845687553,209.82241427854927,187.36951202604672,255.76781702625084,209.82241427854927,187.36951202604672,255.76781702625084,43.31156604066882,12.100248670490062,43.31156604066882,12.100248670490062,43.05688342721426,34.16556716953504,50.77425034492107,43.05688342721426,34.16556716953504,50.77425034492107,350.39328928666674,17.258444860680157,350.39328928666674,17.258444860680157,350.51821266666667,338.85098700000003,360.2224512500002,350.51821266666667,338.85098700000003,360.2224512500002,0.0,0.0,0.0,0.0,0.0,0.0,0.0,0.0,0.0,0.0,30.242753873997525,0.6136467729182146,30.242753873997525,0.6136467729182146,30.250289666641038,29.94438125832433,30.663164599992648,30.250289666641038,29.94438125832433,30.663164599992648,30.242753873997525,0.6136467729182146,30.242753873997525,0.6136467729182146,30.250289666641038,29.94438125832433,30.663164599992648,30.250289666641038,29.94438125832433,30.663164599992648,,,,,,,,,,
ppo,Train-S,Test-4,C075-R025,0.75,0.25,50,50,1.0,1.0,1.0,0.0,0.0,12367.967648220001,857.1326230032028,12367.967648220001,857.1326230032028,12318.226132166667,11961.288287833337,12829.074549166666,12318.226132166667,11961.288287833337,12829.074549166666,693.4617606163401,64.80927325668613,693.4617606163401,64.80927325668613,688.0045469739184,644.0910719866667,732.3290643525272,688.0045469739184,644.0910719866667,732.3290643525272,0.6784035431155767,0.039298044702104344,0.6784035431155767,0.039298044702104344,0.6864020931067618,0.653624613953554,0.7070458617555477,0.6864020931067618,0.653624613953554,0.7070458617555477,0.519686284028365,0.0478741602695374,0.519686284028365,0.0478741602695374,0.521255455074817,0.49748134131725913,0.5523369154049644,0.521255455074817,0.49748134131725913,0.5523369154049644,9449.341176319087,640.2492631228976,9449.341176319087,640.2492631228976,9421.690580620345,9131.309214107683,9808.477410393149,9421.690580620345,9131.309214107683,9808.477410393149,0.6387242283437737,0.03701515244191928,0.6387242283437737,0.03701515244191928,0.644198113774874,0.6181877263255995,0.666075492138756,0.644198113774874,0.6181877263255995,0.666075492138756,364.0,33.053245026815766,364.0,33.053245026815766,366.6666666666667,337.5,383.3333333333333,366.6666666666667,337.5,383.3333333333333,7741.680039999999,254.6696087388969,7741.680039999999,254.6696087388969,7775.182499999999,7623.7115,7891.437500000001,7775.182499999999,7623.7115,7891.437500000001,4262.28760822,807.8635178763717,4262.28760822,807.8635178763717,4210.110738,3874.0820273333334,4839.389466166665,4210.110738,3874.0820273333334,4839.389466166665,273.367606645105,55.59413753613777,273.367606645105,55.59413753613777,266.836880906342,224.31619487951815,310.0028679629734,266.836880906342,224.31619487951815,310.0028679629734,65.10506656456865,18.644968603406923,65.10506656456865,18.644968603406923,67.10060023184221,51.88929864420535,76.66296257071455,67.10060023184221,51.88929864420535,76.66296257071455,354.9890874066667,17.6272326263651,354.9890874066667,17.6272326263651,355.3371170000001,344.4617993333333,364.95807350000007,355.3371170000001,344.4617993333333,364.95807350000007,0.0,0.0,0.0,0.0,0.0,0.0,0.0,0.0,0.0,0.0,30.60314971533604,1.4470114664301361,30.60314971533604,1.4470114664301361,30.554242999991402,30.01666007498473,31.03410442499444,30.554242999991402,30.01666007498473,31.03410442499444,30.60314971533604,1.4470114664301361,30.60314971533604,1.4470114664301361,30.554242999991402,30.01666007498473,31.03410442499444,30.554242999991402,30.01666007498473,31.03410442499444,,,,,,,,,,
ppo,Train-S,Test-4,C100-R000,1.0,0.0,50,50,1.0,1.0,1.0,0.0,0.0,11924.971872600001,939.9167106840389,11924.971872600001,939.9167106840389,11849.339641166669,11302.7902035,12542.682857333335,11849.339641166669,11302.7902035,12542.682857333335,856.1491703961984,83.58648106255708,856.1491703961984,83.58648106255708,850.6535951616922,804.0989708179231,927.84360615029,850.6535951616922,804.0989708179231,927.84360615029,0.6540262844381456,0.04273696455827113,0.6540262844381456,0.04273696455827113,0.6577218566421131,0.6311829039680881,0.6778767183029195,0.6577218566421131,0.6311829039680881,0.6778767183029195,0.6404748045072217,0.04897270924456617,0.6404748045072217,0.04897270924456617,0.6446358286155854,0.6146540411252799,0.6724408495499529,0.6446358286155854,0.6146540411252799,0.6724408495499529,11924.971872600001,939.9167106840389,11924.971872600001,939.9167106840389,11849.339641166669,11302.7902035,12542.682857333335,11849.339641166669,11302.7902035,12542.682857333335,0.6540262844381456,0.04273696455827113,0.6540262844381456,0.04273696455827113,0.6577218566421131,0.6311829039680881,0.6778767183029195,0.6577218566421131,0.6311829039680881,0.6778767183029195,295.33333333333337,28.380313191907312,295.33333333333337,28.380313191907312,283.3333333333333,283.3333333333333,316.6666666666667,283.3333333333333,283.3333333333333,316.6666666666667,7353.80366,361.6164019268977,7353.80366,361.6164019268977,7307.085500000001,7110.68525,7581.924250000002,7307.085500000001,7110.68525,7581.924250000002,4275.834879266667,828.2360288554726,4275.834879266667,828.2360288554726,4281.623612333333,3865.4762805833334,4844.3519925,4281.623612333333,3865.4762805833334,4844.3519925,391.39596053586683,73.02862674053705,391.39596053586683,73.02862674053705,377.3962089340055,339.6574512794218,453.4555530792486,377.3962089340055,339.6574512794218,453.4555530792486,109.2985862403317,30.122419459786396,109.2985862403317,30.122419459786396,109.74369182987081,93.30957473536292,129.54454448881273,109.74369182987081,93.30957473536292,129.54454448881273,355.45462362,17.924918612430222,355.45462362,17.924918612430222,355.4411521666667,346.3273641666666,364.6041811666669,355.4411521666667,346.3273641666666,364.6041811666669,0.0,0.0,0.0,0.0,0.0,0.0,0.0,0.0,0.0,0.0,31.527518666001654,1.9872418060127548,31.527518666001654,1.9872418060127548,31.269135799996242,30.458019325005203,31.62247748331477,31.269135799996242,30.458019325005203,31.62247748331477,31.527518666001654,1.9872418060127548,31.527518666001654,1.9872418060127548,31.269135799996242,30.458019325005203,31.62247748331477,31.269135799996242,30.458019325005203,31.62247748331477,,,,,,,,,,
