scenario,instance_id,b_C,b_R,solution_id,cost,risk,archive_id,solution_path
baseline,test-Test-4-000,18284.204703000003,1228.995417854228,71fe5d4f8bf1b5acc6884a260e53730a3b478c4a6157e6828f9aa6c6ab4b13ef,10321.603833000001,747.7354083526287,PPO-Test-4-large-r0-B40320,solutions/test-Test-4-000/71fe5d4f8bf1b5acc6884a260e53730a3b478c4a6157e6828f9aa6c6ab4b13ef.json
baseline,test-Test-4-000,18284.204703000003,1228.995417854228,c2b8f8157103991294611708c4ceb0dd052ab5e44f0cac156f3f782a07c6650b,10452.130833000003,743.6116556918298,PPO-Test-4-large-r0-B40320,solutions/test-Test-4-000/c2b8f8157103991294611708c4ceb0dd052ab5e44f0cac156f3f782a07c6650b.json
baseline,test-Test-4-000,18284.204703000003,1228.995417854228,7fc36e8867aa60beff4055d371480abd59a018f703c5804e99f5047dbb6069c5,10548.924833,690.8134161792882,PPO-Test-4-large-r0-B40320,solutions/test-Test-4-000/7fc36e8867aa60beff4055d371480abd59a018f703c5804e99f5047dbb6069c5.json
baseline,test-Test-4-000,18284.204703000003,1228.995417854228,14c90cba00a378107f77cfc052f5b73a2cac8cb581c70b0bffc756640f868407,10609.014833,675.3659534250033,PPO-Test-4-large-r0-B40320,solutions/test-Test-4-000/14c90cba00a378107f77cfc052f5b73a2cac8cb581c70b0bffc756640f868407.json
baseline,test-Test-4-000,18284.204703000003,1228.995417854228,686d967271288ab462d690ea0c343502dc8cbbb10e84242ad91d197d7adc7f3d,10739.283833,650.9530675190416,PPO-Test-4-large-r1-B40320,solutions/test-Test-4-000/686d967271288ab462d690ea0c343502dc8cbbb10e84242ad91d197d7adc7f3d.json
baseline,test-Test-4-000,18284.204703000003,1228.995417854228,8cb5e7e02a10379d4c533f1a8ee1c3872aa0408e6674613273c80eb61139ede0,10784.115833,649.4651543248228,PPO-Test-4-large-r1-B40320,solutions/test-Test-4-000/8cb5e7e02a10379d4c533f1a8ee1c3872aa0408e6674613273c80eb61139ede0.json
baseline,test-Test-4-000,18284.204703000003,1228.995417854228,2d8f0da400b729d3e699c85b60cea6d177801f8bf5f4db80e38fc2e21e7c79b5,10788.375833,648.2061872932393,PPO-Test-4-large-r1-B40320,solutions/test-Test-4-000/2d8f0da400b729d3e699c85b60cea6d177801f8bf5f4db80e38fc2e21e7c79b5.json
baseline,test-Test-4-000,18284.204703000003,1228.995417854228,602a4f0fa15d404aa936c665b380b307948b291572708ecc7189c5df49dfadaf,10849.569833000001,644.4534291695036,PPO-Test-4-large-r1-B40320,solutions/test-Test-4-000/602a4f0fa15d404aa936c665b380b307948b291572708ecc7189c5df49dfadaf.json
baseline,test-Test-4-000,18284.204703000003,1228.995417854228,1f15f1a7cd1412107b84e444dfc6af4aacb794bd4d0fbda1e65ceace1dc10465,10973.595707999999,629.4465978613576,PPO-Test-4-large-r2-B40320,solutions/test-Test-4-000/1f15f1a7cd1412107b84e444dfc6af4aacb794bd4d0fbda1e65ceace1dc10465.json
baseline,test-Test-4-000,18284.204703000003,1228.995417854228,29cd903e8ff87c5d83b3ee5ecb7b8033745c57593e1e105dc9bc2071cc12630e,11016.501708,611.7095920255858,PPO-Test-4-large-r2-B40320,solutions/test-Test-4-000/29cd903e8ff87c5d83b3ee5ecb7b8033745c57593e1e105dc9bc2071cc12630e.json
baseline,test-Test-4-000,18284.204703000003,1228.995417854228,40ba1a9ec59fb79082edc824dccf30869007771f1204615812f0bfaf921f1dcb,11039.301656,589.9716055467833,PPO-Test-4-large-r2-B40320,solutions/test-Test-4-000/40ba1a9ec59fb79082edc824dccf30869007771f1204615812f0bfaf921f1dcb.json
baseline,test-Test-4-000,18284.204703000003,1228.995417854228,104a068021ae5827fbac71deaa3f2b75c1277330f4a3dbe08dc251a8f29c43e2,11047.404656,586.0182664221089,PPO-Test-4-large-r2-B40320,solutions/test-Test-4-000/104a068021ae5827fbac71deaa3f2b75c1277330f4a3dbe08dc251a8f29c43e2.json
baseline,test-Test-4-000,18284.204703000003,1228.995417854228,c115745ee75b71a4cace0ba6059604ddf5e22596a1ac784c8c5051ed32599edd,11072.685656,583.5047527054862,PPO-Test-4-large-r2-B40320,solutions/test-Test-4-000/c115745ee75b71a4cace0ba6059604ddf5e22596a1ac784c8c5051ed32599edd.json
baseline,test-Test-4-000,18284.204703000003,1228.995417854228,9f8a135445817be11c02e4d1459a2988edce1a5951bf531503cc4b040571b0f1,11090.358656,579.9893449720117,PPO-Test-4-large-r2-B40320,solutions/test-Test-4-000/9f8a135445817be11c02e4d1459a2988edce1a5951bf531503cc4b040571b0f1.json
baseline,test-Test-4-000,18284.204703000003,1228.995417854228,8e3db1fbcea7e8b7190c3fed28cf57924da6c327b14f4096b0f84068bb21ae01,11123.319656,575.0369905132098,PPO-Test-4-large-r2-B40320,solutions/test-Test-4-000/8e3db1fbcea7e8b7190c3fed28cf57924da6c327b14f4096b0f84068bb21ae01.json
baseline,test-Test-4-000,18284.204703000003,1228.995417854228,dc797e919b4c7ae5cb71a27c86188c279ff3bc8356cd3cc23e5dffa1f41ecc81,11149.857656,574.5709866075099,PPO-Test-4-large-r2-B40320,solutions/test-Test-4-000/dc797e919b4c7ae5cb71a27c86188c279ff3bc8356cd3cc23e5dffa1f41ecc81.json
baseline,test-Test-4-000,18284.204703000003,1228.995417854228,23ed86e66d498299383eb5768abcc241254eabbf3d03e8d86422d5d30f6d2fb8,11211.399656,568.1920449659929,PPO-Test-4-large-r2-B40320,solutions/test-Test-4-000/23ed86e66d498299383eb5768abcc241254eabbf3d03e8d86422d5d30f6d2fb8.json
baseline,test-Test-4-000,18284.204703000003,1228.995417854228,327e46721ed4686239074f85193f31bf7390eab77d35ad4f7f462c2224a1e09f,11438.099832999998,541.8402029776191,PPO-Test-4-large-r2-B40320,solutions/test-Test-4-000/327e46721ed4686239074f85193f31bf7390eab77d35ad4f7f462c2224a1e09f.json
baseline,test-Test-4-000,18284.204703000003,1228.995417854228,e77c52504bfe0a7a477f3e7e55573617ed6d95c812bf17108eaaa4c3ab1fb546,11669.245832999997,539.3406925733292,PPO-Test-4-large-r2-B40320,solutions/test-Test-4-000/e77c52504bfe0a7a477f3e7e55573617ed6d95c812bf17108eaaa4c3ab1fb546.json
baseline,test-Test-4-000,18284.204703000003,1228.995417854228,6a2b0e58a2976e73f0eb553e69b1b9c6139248c50446337769ed6f0cf4e36e23,12021.331038999999,524.4138635820991,PPO-Test-4-large-r1-B40320,solutions/test-Test-4-000/6a2b0e58a2976e73f0eb553e69b1b9c6139248c50446337769ed6f0cf4e36e23.json
baseline,test-Test-4-000,18284.204703000003,1228.995417854228,7d6b9bdbea1c1d448d09ce36ba4d1c2550d3daff0160967c6e085d77200c0d5a,12091.606038999998,518.8469766872663,PPO-Test-4-large-r1-B40320,solutions/test-Test-4-000/7d6b9bdbea1c1d448d09ce36ba4d1c2550d3daff0160967c6e085d77200c0d5a.json
baseline,test-Test-4-000,18284.204703000003,1228.995417854228,e217e81494c1467cb4d94bdb4d84fd1290109e4a3126a55c4fc2d6fc3abb1714,12834.974004,517.3218454846467,PPO-Test-4-large-r1-B40320,solutions/test-Test-4-000/e217e81494c1467cb4d94bdb4d84fd1290109e4a3126a55c4fc2d6fc3abb1714.json
baseline,test-Test-4-000,18284.204703000003,1228.995417854228,4a2c7cddccb0f28d43d06bc881869d02071f605ba0beb8ad6caabad77aa031a0,13022.284436000002,509.75693473614314,PPO-Test-4-large-r0-B40320,solutions/test-Test-4-000/4a2c7cddccb0f28d43d06bc881869d02071f605ba0beb8ad6caabad77aa031a0.json
baseline,test-Test-4-000,18284.204703000003,1228.995417854228,b508e637609cab80156747e54de4648dab8d3a541aec0b2ce41df75123b0ece7,13051.513436,493.3520467163553,PPO-Test-4-large-r0-B40320,solutions/test-Test-4-000/b508e637609cab80156747e54de4648dab8d3a541aec0b2ce41df75123b0ece7.json
baseline,test-Test-4-000,18284.204703000003,1228.995417854228,0a3b889d878a889a58e5d2e3022bc7767c0f141ed7201c7e5251f07e4f7c43e5,13196.449435999999,492.4805397708151,PPO-Test-4-large-r0-B40320,solutions/test-Test-4-000/0a3b889d878a889a58e5d2e3022bc7767c0f141ed7201c7e5251f07e4f7c43e5.json
baseline,test-Test-4-000,18284.204703000003,1228.995417854228,fb61f83fae3ce3def5f11407209d21019118fd7646d4d3dc44a12ed3d8c49bc4,13227.127435999999,491.7900851191455,PPO-Test-4-large-r0-B40320,solutions/test-Test-4-000/fb61f83fae3ce3def5f11407209d21019118fd7646d4d3dc44a12ed3d8c49bc4.json
baseline,test-Test-4-000,18284.204703000003,1228.995417854228,83c508cbbcee7fae9dd781192e6d06257da0b99f85ed9266b2dc3d5cad777125,13693.449525999999,489.7712598199503,PPO-Test-4-large-r0-B40320,solutions/test-Test-4-000/83c508cbbcee7fae9dd781192e6d06257da0b99f85ed9266b2dc3d5cad777125.json
baseline,test-Test-4-000,18284.204703000003,1228.995417854228,7ab61be388cf29550edc558be6f0d72c1c982b095377d4fe5bffa5c01bc93c49,14739.006276,489.2577264163806,PPO-Test-4-large-r1-B40320,solutions/test-Test-4-000/7ab61be388cf29550edc558be6f0d72c1c982b095377d4fe5bffa5c01bc93c49.json
baseline,test-Test-4-000,18284.204703000003,1228.995417854228,7cd6b91eb7af8048325520819ccb2e2cde0664c600b4faa8e91f490764445081,14874.134275999997,487.7526656960159,PPO-Test-4-large-r1-B40320,solutions/test-Test-4-000/7cd6b91eb7af8048325520819ccb2e2cde0664c600b4faa8e91f490764445081.json
baseline,test-Test-4-000,18284.204703000003,1228.995417854228,767fbb858bf8aa7ab0a0dfecb81fc9a032c91482fe6aeb9b26a775a950ac5c93,15010.703891000005,486.92162280791825,PPO-Test-4-large-r2-B40320,solutions/test-Test-4-000/767fbb858bf8aa7ab0a0dfecb81fc9a032c91482fe6aeb9b26a775a950ac5c93.json
baseline,test-Test-4-000,18284.204703000003,1228.995417854228,a5e4fd993049f610035c8341e0c1f74ab4a652f6e09a726e2cbabb31488b8a40,15085.115276,485.164384195451,PPO-Test-4-large-r1-B40320,solutions/test-Test-4-000/a5e4fd993049f610035c8341e0c1f74ab4a652f6e09a726e2cbabb31488b8a40.json
baseline,test-Test-4-000,18284.204703000003,1228.995417854228,cc29914851633ba171e416b9de38840ffbd2af31d39f8cafebc1f03738834c3a,15092.396383000003,484.6561301764341,PPO-Test-4-large-r2-B40320,solutions/test-Test-4-000/cc29914851633ba171e416b9de38840ffbd2af31d39f8cafebc1f03738834c3a.json
baseline,test-Test-4-000,18284.204703000003,1228.995417854228,5c87dd4611d71c8805449a58fe776b8f9ca0094b574a285b2ffeed93b309871e,15233.171099000003,481.2345420127772,PPO-Test-4-large-r2-B40320,solutions/test-Test-4-000/5c87dd4611d71c8805449a58fe776b8f9ca0094b574a285b2ffeed93b309871e.json
baseline,test-Test-4-000,18284.204703000003,1228.995417854228,39117a944891c64d5af445d3f02aa66e902eb6e334e9c665ab705efba2ed54aa,15291.638099000003,480.75407010961874,PPO-Test-4-large-r2-B40320,solutions/test-Test-4-000/39117a944891c64d5af445d3f02aa66e902eb6e334e9c665ab705efba2ed54aa.json
baseline,test-Test-4-000,18284.204703000003,1228.995417854228,a111b3772b99edb8c1f7eab812fd8935fd5474c4d9f914dc012b34837a089f83,15350.444099000004,478.23552363930185,PPO-Test-4-large-r2-B40320,solutions/test-Test-4-000/a111b3772b99edb8c1f7eab812fd8935fd5474c4d9f914dc012b34837a089f83.json
baseline,test-Test-4-000,18284.204703000003,1228.995417854228,92364730a50fb731b4f87fcc172bcd319af2d83d80053b035a25da78153b946c,15351.195099000004,476.74371022447826,PPO-Test-4-large-r2-B40320,solutions/test-Test-4-000/92364730a50fb731b4f87fcc172bcd319af2d83d80053b035a25da78153b946c.json
baseline,test-Test-4-000,18284.204703000003,1228.995417854228,92f55fdad831b09cadc94bc4beacf1ba5a696629606126aa289a68f03118e497,15534.022731000005,475.5394254412286,PPO-Test-4-large-r2-B40320,solutions/test-Test-4-000/92f55fdad831b09cadc94bc4beacf1ba5a696629606126aa289a68f03118e497.json
baseline,test-Test-4-000,18284.204703000003,1228.995417854228,6939f32ecc154a272cb888b20262cde34cd37c5db6273ff0ddf18f59fd7d2d93,15691.807135000003,471.8684136836971,PPO-Test-4-large-r2-B40320,solutions/test-Test-4-000/6939f32ecc154a272cb888b20262cde34cd37c5db6273ff0ddf18f59fd7d2d93.json
baseline,test-Test-4-000,18284.204703000003,1228.995417854228,35d1b8bf432ac2354d1bb6f70ee4f9290dbb7d1f153dbdea51890c7906f71916,16071.204099000002,470.24260258677907,PPO-Test-4-large-r2-B40320,solutions/test-Test-4-000/35d1b8bf432ac2354d1bb6f70ee4f9290dbb7d1f153dbdea51890c7906f71916.json
baseline,test-Test-4-000,18284.204703000003,1228.995417854228,1ce73d5ff6f32818f06815502deb314039c8a334525f3ccae458c1fb74976e65,18792.010475,466.6316378822122,PPO-Test-4-large-r2-B40320,solutions/test-Test-4-000/1ce73d5ff6f32818f06815502deb314039c8a334525f3ccae458c1fb74976e65.json
baseline,test-Test-4-000,18284.204703000003,1228.995417854228,c43fad8aefd42ee33c1670ed5c178acf3bcb6b0c2e4d9954e97dbc9efc033a3a,18860.087834,463.90100338637023,PPO-Test-4-large-r2-B40320,solutions/test-Test-4-000/c43fad8aefd42ee33c1670ed5c178acf3bcb6b0c2e4d9954e97dbc9efc033a3a.json
baseline,test-Test-4-000,18284.204703000003,1228.995417854228,4491bb2c8d76628c9171dc1e8ccb4d173543b06e76a6c9438b1837e3bde76cb4,18945.121654000002,462.64600523554975,PPO-Test-4-large-r2-B40320,solutions/test-Test-4-000/4491bb2c8d76628c9171dc1e8ccb4d173543b06e76a6c9438b1837e3bde76cb4.json
baseline,test-Test-4-000,18284.204703000003,1228.995417854228,19b4f26d72adeae767c1d85a5dd149fdea6f36774af648af86f70f0fd09e4a22,18962.779654,462.30981827426115,PPO-Test-4-large-r2-B40320,solutions/test-Test-4-000/19b4f26d72adeae767c1d85a5dd149fdea6f36774af648af86f70f0fd09e4a22.json
baseline,test-Test-4-000,18284.204703000003,1228.995417854228,cf152ef770ec570f856a215fc661b85aeeeed4716cda5ebecded5dfb7c7e61dc,19032.359497999998,461.2847975043766,PPO-Test-4-large-r2-B40320,solutions/test-Test-4-000/cf152ef770ec570f856a215fc661b85aeeeed4716cda5ebecded5dfb7c7e61dc.json
baseline,test-Test-4-000,18284.204703000003,1228.995417854228,c5dca77368b2559d87f348e12bd397d56fcf5554459938be2a06dd581dc7d44b,19116.056498,458.4180702414753,PPO-Test-4-large-r2-B40320,solutions/test-Test-4-000/c5dca77368b2559d87f348e12bd397d56fcf5554459938be2a06dd581dc7d44b.json
baseline,test-Test-4-000,18284.204703000003,1228.995417854228,63b2311875e6243b955dd3dedbb05431fcb510ab63ea878ce196c5a2b337dc80,19121.29214,457.89681335941526,PPO-Test-4-large-r2-B40320,solutions/test-Test-4-000/63b2311875e6243b955dd3dedbb05431fcb510ab63ea878ce196c5a2b337dc80.json
baseline,test-Test-4-000,18284.204703000003,1228.995417854228,b597ba27c21410e61d3af057ab2be49691953cafc0d01526415d030ca1b247e7,19214.932498000002,456.8631355535163,PPO-Test-4-large-r2-B40320,solutions/test-Test-4-000/b597ba27c21410e61d3af057ab2be49691953cafc0d01526415d030ca1b247e7.json
baseline,test-Test-4-000,18284.204703000003,1228.995417854228,8ee44cd3bea38c3d6020ae52111342b90030a55bdc10d20850dfdc51bfb74139,19427.537706000003,455.8435684328255,PPO-Test-4-large-r2-B40320,solutions/test-Test-4-000/8ee44cd3bea38c3d6020ae52111342b90030a55bdc10d20850dfdc51bfb74139.json
baseline,test-Test-4-000,18284.204703000003,1228.995417854228,b291cf1b1cc8f582b3294723672de6bc70d85b10cad3a5e399edba94e19a0c34,20851.735128,455.6023683276135,PPO-Test-4-large-r1-B40320,solutions/test-Test-4-000/b291cf1b1cc8f582b3294723672de6bc70d85b10cad3a5e399edba94e19a0c34.json
baseline,test-Test-4-000,18284.204703000003,1228.995417854228,b8f782d0284ed8d50b20d56c4eecdf701edee3d2f552a1b5cc95a8c5515ae34e,20979.363519,454.133329534711,PPO-Test-4-large-r1-B40320,solutions/test-Test-4-000/b8f782d0284ed8d50b20d56c4eecdf701edee3d2f552a1b5cc95a8c5515ae34e.json
baseline,test-Test-4-000,18284.204703000003,1228.995417854228,ec0079a6902fa0cb567ce94593924729f632571ceb29f0c615e41f7112cd9a1f,21049.656518999996,452.0315153571424,PPO-Test-4-large-r1-B40320,solutions/test-Test-4-000/ec0079a6902fa0cb567ce94593924729f632571ceb29f0c615e41f7112cd9a1f.json
baseline,test-Test-4-000,18284.204703000003,1228.995417854228,29b8d9cfd3e7d8df9e987f8e8c7af02ed20c5fcf6f26632a33010b7a2d8a4535,21161.767863,451.91445029479326,PPO-Test-4-large-r1-B40320,solutions/test-Test-4-000/29b8d9cfd3e7d8df9e987f8e8c7af02ed20c5fcf6f26632a33010b7a2d8a4535.json
baseline,test-Test-4-000,18284.204703000003,1228.995417854228,5f721ac540244567c3453536092497e488cf57f33d97bcd43d9406ebff851ff0,21294.433863,451.51355110146136,PPO-Test-4-large-r1-B40320,solutions/test-Test-4-000/5f721ac540244567c3453536092497e488cf57f33d97bcd43d9406ebff851ff0.json
baseline,test-Test-4-000,18284.204703000003,1228.995417854228,565d81ee4d740fc407b3a950635fc5a06c6eee611ba12000cb1cfa81b8ce0c9c,21390.304847,451.0656048161213,PPO-Test-4-large-r1-B40320,solutions/test-Test-4-000/565d81ee4d740fc407b3a950635fc5a06c6eee611ba12000cb1cfa81b8ce0c9c.json
baseline,test-Test-4-000,18284.204703000003,1228.995417854228,0247bea33748df4fee1ac8173068677b370025de4b1ecde68c3b2656aeed6f23,21505.734862999998,447.9671080259339,PPO-Test-4-large-r1-B40320,solutions/test-Test-4-000/0247bea33748df4fee1ac8173068677b370025de4b1ecde68c3b2656aeed6f23.json
baseline,test-Test-4-000,18284.204703000003,1228.995417854228,246181638231a3b20e735c5d204d1f4060df822a232377f16cddd02fc788e617,21583.182862999995,447.7424516631804,PPO-Test-4-large-r1-B40320,solutions/test-Test-4-000/246181638231a3b20e735c5d204d1f4060df822a232377f16cddd02fc788e617.json
baseline,test-Test-4-000,18284.204703000003,1228.995417854228,290439dd0434cc9b6f4909b3fc86cc9cc6ad96b2f5728e060b9b3a6c441c65c3,21735.915862999995,446.89928720340305,PPO-Test-4-large-r1-B40320,solutions/test-Test-4-000/290439dd0434cc9b6f4909b3fc86cc9cc6ad96b2f5728e060b9b3a6c441c65c3.json
baseline,test-Test-4-000,18284.204703000003,1228.995417854228,0cbdf19008dbe4b7fa72841c1722595275dcaa97ad4377dd38d0b1f5d7d54e60,21800.217862999998,446.4283669787387,PPO-Test-4-large-r1-B40320,solutions/test-Test-4-000/0cbdf19008dbe4b7fa72841c1722595275dcaa97ad4377dd38d0b1f5d7d54e60.json
baseline,test-Test-4-000,18284.204703000003,1228.995417854228,3e4b01f108aaa77107fb021d9f7889f5f9727736a854380dcaa82463e94048af,22007.388863,441.77809565135453,PPO-Test-4-large-r1-B40320,solutions/test-Test-4-000/3e4b01f108aaa77107fb021d9f7889f5f9727736a854380dcaa82463e94048af.json
baseline,test-Test-4-000,18284.204703000003,1228.995417854228,16e5f92b4d36d5c422a81463fb7bef26cf12dc7b47bd88f806dff2e08137ca84,22092.764862999997,434.1389432705723,PPO-Test-4-large-r1-B40320,solutions/test-Test-4-000/16e5f92b4d36d5c422a81463fb7bef26cf12dc7b47bd88f806dff2e08137ca84.json
baseline,test-Test-4-000,18284.204703000003,1228.995417854228,8c5bad66abc936a7e7aa296d08569c94faa67bdc72a139b8178afce6d1b26cc3,22153.364862999995,433.2778875141495,PPO-Test-4-large-r1-B40320,solutions/test-Test-4-000/8c5bad66abc936a7e7aa296d08569c94faa67bdc72a139b8178afce6d1b26cc3.json
baseline,test-Test-4-000,18284.204703000003,1228.995417854228,8fde6421f8a39b3d333a53646b3bebbca35f1178d2aa13b55aba1aaf632280fb,22407.329863,429.8172100477405,PPO-Test-4-large-r1-B40320,solutions/test-Test-4-000/8fde6421f8a39b3d333a53646b3bebbca35f1178d2aa13b55aba1aaf632280fb.json
baseline,test-Test-4-000,18284.204703000003,1228.995417854228,062249120967449d6f6ba8b25a7d31ca0069323ed2d12c7483ffcc6fe820c1fb,22487.473727,429.31620582680756,PPO-Test-4-large-r1-B40320,solutions/test-Test-4-000/062249120967449d6f6ba8b25a7d31ca0069323ed2d12c7483ffcc6fe820c1fb.json
baseline,test-Test-4-000,18284.204703000003,1228.995417854228,b2461a62fe9ebe8603a06e8aa06ca602e2bec6986a634d38e53b923af1d5a3b4,22618.955863000003,429.15393860697804,PPO-Test-4-large-r1-B40320,solutions/test-Test-4-000/b2461a62fe9ebe8603a06e8aa06ca602e2bec6986a634d38e53b923af1d5a3b4.json
baseline,test-Test-4-000,18284.204703000003,1228.995417854228,4dea17051c4f10d206742e39689e0556eec15acea756d24fb2a3dd564e6810a5,22637.795863,428.97848845655807,PPO-Test-4-large-r1-B40320,solutions/test-Test-4-000/4dea17051c4f10d206742e39689e0556eec15acea756d24fb2a3dd564e6810a5.json
baseline,test-Test-4-000,18284.204703000003,1228.995417854228,9a51bad6a1a2ad33b2489bfd6fad68ce1075d1956f0dfe4276f4bf2dd2d79023,22643.150863000003,428.3014511888355,PPO-Test-4-large-r1-B40320,solutions/test-Test-4-000/9a51bad6a1a2ad33b2489bfd6fad68ce1075d1956f0dfe4276f4bf2dd2d79023.json
baseline,test-Test-4-000,18284.204703000003,1228.995417854228,622d8bf2459421548eab8bf97fe62418ba4a68ad8ce241e2586004722d172745,22647.539862999998,426.63685867545405,PPO-Test-4-large-r1-B40320,solutions/test-Test-4-000/622d8bf2459421548eab8bf97fe62418ba4a68ad8ce241e2586004722d172745.json
baseline,test-Test-4-000,18284.204703000003,1228.995417854228,93a7f7f9a9ab3a9df59a50dcb2a8fbff44c3cfac7b8018de64600914c33e90ec,22669.027803,424.91722609276087,PPO-Test-4-large-r1-B40320,solutions/test-Test-4-000/93a7f7f9a9ab3a9df59a50dcb2a8fbff44c3cfac7b8018de64600914c33e90ec.json
baseline,test-Test-4-000,18284.204703000003,1228.995417854228,ad73d8d1e6b867155a017ec9ff9f54eaf94f057dc20abc56a2475ad1340aa00b,22899.189147000005,424.8281717452504,PPO-Test-4-large-r1-B40320,solutions/test-Test-4-000/ad73d8d1e6b867155a017ec9ff9f54eaf94f057dc20abc56a2475ad1340aa00b.json
baseline,test-Test-4-000,18284.204703000003,1228.995417854228,e560ddd19d6d6a4c59e2632b6ac4edd9b1368b61048b072a79279196c452d127,22932.374147000002,420.8183340499389,PPO-Test-4-large-r1-B40320,solutions/test-Test-4-000/e560ddd19d6d6a4c59e2632b6ac4edd9b1368b61048b072a79279196c452d127.json
baseline,test-Test-4-000,18284.204703000003,1228.995417854228,844851daa3b792846105eeeeb44860bba8901be78d30ae1fe522973dddcffc9d,23051.879147000007,418.54897859256795,PPO-Test-4-large-r1-B40320,solutions/test-Test-4-000/844851daa3b792846105eeeeb44860bba8901be78d30ae1fe522973dddcffc9d.json
baseline,test-Test-4-000,18284.204703000003,1228.995417854228,488f080ef61cc40573d62a023dab1bb8b1f25a80a955968fd165c5e5f28434ff,23147.024147000004,418.0465603011104,PPO-Test-4-large-r1-B40320,solutions/test-Test-4-000/488f080ef61cc40573d62a023dab1bb8b1f25a80a955968fd165c5e5f28434ff.json
baseline,test-Test-4-000,18284.204703000003,1228.995417854228,057531e447be6f25776b178083ca6d15c95abefa8e8b4e59e2f7a69c70b53a69,23250.837353000003,416.9486082643451,PPO-Test-4-large-r1-B40320,solutions/test-Test-4-000/057531e447be6f25776b178083ca6d15c95abefa8e8b4e59e2f7a69c70b53a69.json
capacity-70,test-Test-4-000--capacity-70,18284.204703000003,1228.995417854228,131b5c35f482b3f75bf2e3b52f18d6303482a85c173f0ebc0ff17da653465364,10516.059833000001,670.6263778018726,PPO-capacity-70-large-r1-B40320,solutions/test-Test-4-000--capacity-70/131b5c35f482b3f75bf2e3b52f18d6303482a85c173f0ebc0ff17da653465364.json
capacity-70,test-Test-4-000--capacity-70,18284.204703000003,1228.995417854228,0bad579065d6f40d134007fc04537833f5bc2a6ea4b4098bde7265adf28205fe,10526.469833000001,668.216773799381,PPO-capacity-70-large-r1-B40320,solutions/test-Test-4-000--capacity-70/0bad579065d6f40d134007fc04537833f5bc2a6ea4b4098bde7265adf28205fe.json
capacity-70,test-Test-4-000--capacity-70,18284.204703000003,1228.995417854228,2d7013ed347fddcdf8ddf906542a7205bcc93918e88606011b6a86c80d8cd7d6,10529.814833000002,660.8296344470959,PPO-capacity-70-large-r1-B40320,solutions/test-Test-4-000--capacity-70/2d7013ed347fddcdf8ddf906542a7205bcc93918e88606011b6a86c80d8cd7d6.json
capacity-70,test-Test-4-000--capacity-70,18284.204703000003,1228.995417854228,ce0205b282d92103dcc4acecd95c8ebe7f5b9bc8c4a003c37e145fecd6827c05,10555.293833000003,656.3186103360857,PPO-capacity-70-large-r1-B40320,solutions/test-Test-4-000--capacity-70/ce0205b282d92103dcc4acecd95c8ebe7f5b9bc8c4a003c37e145fecd6827c05.json
capacity-70,test-Test-4-000--capacity-70,18284.204703000003,1228.995417854228,9aea7f446e2cdc1d3d1fb14f8e67e09eda4b2cc4d1dc71a2b6512a2479a4a5b4,10687.755122999999,656.0881778794039,PPO-capacity-70-large-r2-B40320,solutions/test-Test-4-000--capacity-70/9aea7f446e2cdc1d3d1fb14f8e67e09eda4b2cc4d1dc71a2b6512a2479a4a5b4.json
capacity-70,test-Test-4-000--capacity-70,18284.204703000003,1228.995417854228,b5691e7ac5be9f4f5fbc22304f75eda99e3d51e114836095071f65a4a773b3f4,10690.362833,635.0992224125358,PPO-capacity-70-large-r0-B40320,solutions/test-Test-4-000--capacity-70/b5691e7ac5be9f4f5fbc22304f75eda99e3d51e114836095071f65a4a773b3f4.json
capacity-70,test-Test-4-000--capacity-70,18284.204703000003,1228.995417854228,820500d0d92bbf2946d7035a2462f7284ed5da80ce8c25b9bfcde39a0935aafc,10770.888833,633.817132309733,PPO-capacity-70-large-r0-B40320,solutions/test-Test-4-000--capacity-70/820500d0d92bbf2946d7035a2462f7284ed5da80ce8c25b9bfcde39a0935aafc.json
capacity-70,test-Test-4-000--capacity-70,18284.204703000003,1228.995417854228,6256f82e9233a668b60e0f973db27b1644b2ae4d7313bd1b82d62e2acd4a2c79,10776.939833,631.5423261021242,PPO-capacity-70-large-r0-B40320,solutions/test-Test-4-000--capacity-70/6256f82e9233a668b60e0f973db27b1644b2ae4d7313bd1b82d62e2acd4a2c79.json
capacity-70,test-Test-4-000--capacity-70,18284.204703000003,1228.995417854228,5253805ca3a8782af02d845ea6b54128bd7892a5c50f69091eaeec8e0c41d185,10792.656833000001,628.056454250277,PPO-capacity-70-large-r0-B40320,solutions/test-Test-4-000--capacity-70/5253805ca3a8782af02d845ea6b54128bd7892a5c50f69091eaeec8e0c41d185.json
capacity-70,test-Test-4-000--capacity-70,18284.204703000003,1228.995417854228,a08148a4b2c43d4b3a3dc019573b00edf4d7a70810441b6343bb82961d7158ed,10900.029833000004,612.1924547676992,PPO-capacity-70-large-r0-B40320,solutions/test-Test-4-000--capacity-70/a08148a4b2c43d4b3a3dc019573b00edf4d7a70810441b6343bb82961d7158ed.json
capacity-70,test-Test-4-000--capacity-70,18284.204703000003,1228.995417854228,97550f7044146df2ee31e617c183e4a399ad2da9cb5be478049524acfcf73de4,10942.602833000003,611.0760278620288,PPO-capacity-70-large-r0-B40320,solutions/test-Test-4-000--capacity-70/97550f7044146df2ee31e617c183e4a399ad2da9cb5be478049524acfcf73de4.json
capacity-70,test-Test-4-000--capacity-70,18284.204703000003,1228.995417854228,e43e9b84b7bd923a381dc3a2b5338470235296661e2d452f48625a4debdff369,11218.442849000003,610.3344090853215,PPO-capacity-70-large-r0-B40320,solutions/test-Test-4-000--capacity-70/e43e9b84b7bd923a381dc3a2b5338470235296661e2d452f48625a4debdff369.json
capacity-70,test-Test-4-000--capacity-70,18284.204703000003,1228.995417854228,a2b50f33a75efc456d80a37b57381ac369850d883307b3dd91a5467a14d592a5,11240.765833000001,591.6520623701476,PPO-capacity-70-large-r2-B40320,solutions/test-Test-4-000--capacity-70/a2b50f33a75efc456d80a37b57381ac369850d883307b3dd91a5467a14d592a5.json
capacity-70,test-Test-4-000--capacity-70,18284.204703000003,1228.995417854228,327e46721ed4686239074f85193f31bf7390eab77d35ad4f7f462c2224a1e09f,11438.099832999998,541.8402029776191,PPO-capacity-70-large-r2-B40320,solutions/test-Test-4-000--capacity-70/327e46721ed4686239074f85193f31bf7390eab77d35ad4f7f462c2224a1e09f.json
capacity-70,test-Test-4-000--capacity-70,18284.204703000003,1228.995417854228,e77c52504bfe0a7a477f3e7e55573617ed6d95c812bf17108eaaa4c3ab1fb546,11669.245832999997,539.3406925733292,PPO-capacity-70-large-r2-B40320,solutions/test-Test-4-000--capacity-70/e77c52504bfe0a7a477f3e7e55573617ed6d95c812bf17108eaaa4c3ab1fb546.json
capacity-70,test-Test-4-000--capacity-70,18284.204703000003,1228.995417854228,d82832bf1819286671afad2a0f09a21b96e67c4af5d03c18aed4205b14653f67,12148.769132999998,533.0311782356032,PPO-capacity-70-large-r2-B40320,solutions/test-Test-4-000--capacity-70/d82832bf1819286671afad2a0f09a21b96e67c4af5d03c18aed4205b14653f67.json
capacity-70,test-Test-4-000--capacity-70,18284.204703000003,1228.995417854228,55dc3aa3210af4e3e318469bd4071bdff79434d606533100d279bdbfd108493a,12749.466004000002,530.9162801011695,PPO-capacity-70-large-r1-B40320,solutions/test-Test-4-000--capacity-70/55dc3aa3210af4e3e318469bd4071bdff79434d606533100d279bdbfd108493a.json
capacity-70,test-Test-4-000--capacity-70,18284.204703000003,1228.995417854228,e51cc4dc4655006acd1ef6e02f8ab851f8416eb5d2d7bbdb030e31e6351c99ac,12757.359003999998,530.5399874362847,PPO-capacity-70-large-r1-B40320,solutions/test-Test-4-000--capacity-70/e51cc4dc4655006acd1ef6e02f8ab851f8416eb5d2d7bbdb030e31e6351c99ac.json
capacity-70,test-Test-4-000--capacity-70,18284.204703000003,1228.995417854228,e217e81494c1467cb4d94bdb4d84fd1290109e4a3126a55c4fc2d6fc3abb1714,12834.974004,517.3218454846467,PPO-capacity-70-large-r1-B40320,solutions/test-Test-4-000--capacity-70/e217e81494c1467cb4d94bdb4d84fd1290109e4a3126a55c4fc2d6fc3abb1714.json
capacity-70,test-Test-4-000--capacity-70,18284.204703000003,1228.995417854228,4a2c7cddccb0f28d43d06bc881869d02071f605ba0beb8ad6caabad77aa031a0,13022.284436000002,509.75693473614314,PPO-capacity-70-large-r0-B40320,solutions/test-Test-4-000--capacity-70/4a2c7cddccb0f28d43d06bc881869d02071f605ba0beb8ad6caabad77aa031a0.json
capacity-70,test-Test-4-000--capacity-70,18284.204703000003,1228.995417854228,b508e637609cab80156747e54de4648dab8d3a541aec0b2ce41df75123b0ece7,13051.513436,493.3520467163553,PPO-capacity-70-large-r0-B40320,solutions/test-Test-4-000--capacity-70/b508e637609cab80156747e54de4648dab8d3a541aec0b2ce41df75123b0ece7.json
capacity-70,test-Test-4-000--capacity-70,18284.204703000003,1228.995417854228,0a3b889d878a889a58e5d2e3022bc7767c0f141ed7201c7e5251f07e4f7c43e5,13196.449435999999,492.4805397708151,PPO-capacity-70-large-r0-B40320,solutions/test-Test-4-000--capacity-70/0a3b889d878a889a58e5d2e3022bc7767c0f141ed7201c7e5251f07e4f7c43e5.json
capacity-70,test-Test-4-000--capacity-70,18284.204703000003,1228.995417854228,fb61f83fae3ce3def5f11407209d21019118fd7646d4d3dc44a12ed3d8c49bc4,13227.127435999999,491.7900851191455,PPO-capacity-70-large-r0-B40320,solutions/test-Test-4-000--capacity-70/fb61f83fae3ce3def5f11407209d21019118fd7646d4d3dc44a12ed3d8c49bc4.json
capacity-70,test-Test-4-000--capacity-70,18284.204703000003,1228.995417854228,83c508cbbcee7fae9dd781192e6d06257da0b99f85ed9266b2dc3d5cad777125,13693.449525999999,489.7712598199503,PPO-capacity-70-large-r0-B40320,solutions/test-Test-4-000--capacity-70/83c508cbbcee7fae9dd781192e6d06257da0b99f85ed9266b2dc3d5cad777125.json
capacity-70,test-Test-4-000--capacity-70,18284.204703000003,1228.995417854228,c16a42247ab695e11b5260690eeaa27bc57fec128b9c255ae9997b60212c5ca7,14641.461455000004,484.8796753419631,PPO-capacity-70-large-r0-B40320,solutions/test-Test-4-000--capacity-70/c16a42247ab695e11b5260690eeaa27bc57fec128b9c255ae9997b60212c5ca7.json
capacity-70,test-Test-4-000--capacity-70,18284.204703000003,1228.995417854228,4c4af098baf5d7ca59fbc2c994a8b5b44ede1a840ace8d11424e1e9c9a2bd082,14762.331029000003,477.1029846333116,PPO-capacity-70-large-r0-B40320,solutions/test-Test-4-000--capacity-70/4c4af098baf5d7ca59fbc2c994a8b5b44ede1a840ace8d11424e1e9c9a2bd082.json
capacity-70,test-Test-4-000--capacity-70,18284.204703000003,1228.995417854228,6bb15056ce024eb0ef15fa64c57bf0797715c3ac201002153c9863e4c2cbf58e,14777.371001000003,475.86184090266397,PPO-capacity-70-large-r0-B40320,solutions/test-Test-4-000--capacity-70/6bb15056ce024eb0ef15fa64c57bf0797715c3ac201002153c9863e4c2cbf58e.json
capacity-70,test-Test-4-000--capacity-70,18284.204703000003,1228.995417854228,c4b9bdb5c4495130e0ba4904d2f43d55a685b16122ea91f3c2110cac8151f108,14777.710001000003,475.284035599497,PPO-capacity-70-large-r0-B40320,solutions/test-Test-4-000--capacity-70/c4b9bdb5c4495130e0ba4904d2f43d55a685b16122ea91f3c2110cac8151f108.json
capacity-70,test-Test-4-000--capacity-70,18284.204703000003,1228.995417854228,ec1be604c48ef011554f235a20f53138d3167af840ff73731a1b31f5fdb8906c,14861.911307000002,475.2337296329209,PPO-capacity-70-large-r0-B40320,solutions/test-Test-4-000--capacity-70/ec1be604c48ef011554f235a20f53138d3167af840ff73731a1b31f5fdb8906c.json
capacity-70,test-Test-4-000--capacity-70,18284.204703000003,1228.995417854228,13d12ae81757adee6e97902fab7644dd00933eb9cab1a5afb601fb7850282247,14912.838001000002,473.37416331814325,PPO-capacity-70-large-r0-B40320,solutions/test-Test-4-000--capacity-70/13d12ae81757adee6e97902fab7644dd00933eb9cab1a5afb601fb7850282247.json
capacity-70,test-Test-4-000--capacity-70,18284.204703000003,1228.995417854228,6c7c06c0177e5401a37eb11ced07654eea0e3f14dfd71a7be7cb7136b3aebfb7,15024.483001000002,472.0448363330865,PPO-capacity-70-large-r0-B40320,solutions/test-Test-4-000--capacity-70/6c7c06c0177e5401a37eb11ced07654eea0e3f14dfd71a7be7cb7136b3aebfb7.json
capacity-70,test-Test-4-000--capacity-70,18284.204703000003,1228.995417854228,484b1b9c47e6593b42d950408aa29e1a21176efad331720e30010d84abc4c36f,15304.057492000004,471.3097777434869,PPO-capacity-70-large-r0-B40320,solutions/test-Test-4-000--capacity-70/484b1b9c47e6593b42d950408aa29e1a21176efad331720e30010d84abc4c36f.json
capacity-70,test-Test-4-000--capacity-70,18284.204703000003,1228.995417854228,4d78a41189daeb791f82f1cba67e8eb22e5f0c75fd9db33eb1ae833e7b3d59b4,15421.945492000003,471.27876523715423,PPO-capacity-70-large-r0-B40320,solutions/test-Test-4-000--capacity-70/4d78a41189daeb791f82f1cba67e8eb22e5f0c75fd9db33eb1ae833e7b3d59b4.json
capacity-70,test-Test-4-000--capacity-70,18284.204703000003,1228.995417854228,599751262600ad67373799290452d4c085b7811b361b4f69447ddb4e0cd92dc5,17526.817355999992,470.76764482743397,PPO-capacity-70-large-r1-B40320,solutions/test-Test-4-000--capacity-70/599751262600ad67373799290452d4c085b7811b361b4f69447ddb4e0cd92dc5.json
capacity-70,test-Test-4-000--capacity-70,18284.204703000003,1228.995417854228,6e5904e65a12a09377a6ff1444f242a95b60bfed91bd3fb660438d749da433e1,17836.699173999994,470.7255279439355,PPO-capacity-70-large-r1-B40320,solutions/test-Test-4-000--capacity-70/6e5904e65a12a09377a6ff1444f242a95b60bfed91bd3fb660438d749da433e1.json
capacity-70,test-Test-4-000--capacity-70,18284.204703000003,1228.995417854228,d8f66d3f650ff8634f0bab1f8ce449f12e9b5857a3843a35f42b46bc1528d060,17892.048513999995,470.3725833692711,PPO-capacity-70-large-r1-B40320,solutions/test-Test-4-000--capacity-70/d8f66d3f650ff8634f0bab1f8ce449f12e9b5857a3843a35f42b46bc1528d060.json
capacity-70,test-Test-4-000--capacity-70,18284.204703000003,1228.995417854228,0bd7c805bc2dccd141efc5d07417bd2e5f9f720292996daf7ab40bb7b99a7e8f,18182.440073,469.7817320663685,PPO-capacity-70-large-r2-B40320,solutions/test-Test-4-000--capacity-70/0bd7c805bc2dccd141efc5d07417bd2e5f9f720292996daf7ab40bb7b99a7e8f.json
capacity-70,test-Test-4-000--capacity-70,18284.204703000003,1228.995417854228,cae787c1ae9378187f2325d8dcb306016b597c66538ce08101a8b267c0ca0168,18351.159773999996,468.5719675654145,PPO-capacity-70-large-r1-B40320,solutions/test-Test-4-000--capacity-70/cae787c1ae9378187f2325d8dcb306016b597c66538ce08101a8b267c0ca0168.json
capacity-70,test-Test-4-000--capacity-70,18284.204703000003,1228.995417854228,cb0cbe2adfca86cd7dfe15eaf6dfa73b568504ea2a6eeb9bdc0ee0c52a820210,20507.180242,468.0776743330946,PPO-capacity-70-large-r1-B40320,solutions/test-Test-4-000--capacity-70/cb0cbe2adfca86cd7dfe15eaf6dfa73b568504ea2a6eeb9bdc0ee0c52a820210.json
capacity-70,test-Test-4-000--capacity-70,18284.204703000003,1228.995417854228,e818d63a12a66516d33f56728b302b14b31d228429cd5e49594a4d94ec4364b1,20625.37045,467.54675542272264,PPO-capacity-70-large-r1-B40320,solutions/test-Test-4-000--capacity-70/e818d63a12a66516d33f56728b302b14b31d228429cd5e49594a4d94ec4364b1.json
capacity-70,test-Test-4-000--capacity-70,18284.204703000003,1228.995417854228,4022760616c332bce570996552df8cd79acdcd31289e75d5f828f05ad1898407,20651.96245,466.76796462175446,PPO-capacity-70-large-r1-B40320,solutions/test-Test-4-000--capacity-70/4022760616c332bce570996552df8cd79acdcd31289e75d5f828f05ad1898407.json
capacity-70,test-Test-4-000--capacity-70,18284.204703000003,1228.995417854228,2662d983bef8175c53f9bd21442c55b40a0e918c62c2f33e6eb9a15151125c52,20763.288449999996,466.2649281706076,PPO-capacity-70-large-r1-B40320,solutions/test-Test-4-000--capacity-70/2662d983bef8175c53f9bd21442c55b40a0e918c62c2f33e6eb9a15151125c52.json
capacity-70,test-Test-4-000--capacity-70,18284.204703000003,1228.995417854228,3727e270cadf70094c8411361a7c9ce32a6a5f6237526a0d96c133665fa5a4b0,20773.093449999997,464.7919854012693,PPO-capacity-70-large-r1-B40320,solutions/test-Test-4-000--capacity-70/3727e270cadf70094c8411361a7c9ce32a6a5f6237526a0d96c133665fa5a4b0.json
capacity-70,test-Test-4-000--capacity-70,18284.204703000003,1228.995417854228,b291cf1b1cc8f582b3294723672de6bc70d85b10cad3a5e399edba94e19a0c34,20851.735128,455.6023683276135,PPO-capacity-70-large-r1-B40320,solutions/test-Test-4-000--capacity-70/b291cf1b1cc8f582b3294723672de6bc70d85b10cad3a5e399edba94e19a0c34.json
capacity-70,test-Test-4-000--capacity-70,18284.204703000003,1228.995417854228,b8f782d0284ed8d50b20d56c4eecdf701edee3d2f552a1b5cc95a8c5515ae34e,20979.363519,454.133329534711,PPO-capacity-70-large-r1-B40320,solutions/test-Test-4-000--capacity-70/b8f782d0284ed8d50b20d56c4eecdf701edee3d2f552a1b5cc95a8c5515ae34e.json
capacity-70,test-Test-4-000--capacity-70,18284.204703000003,1228.995417854228,ec0079a6902fa0cb567ce94593924729f632571ceb29f0c615e41f7112cd9a1f,21049.656518999996,452.0315153571424,PPO-capacity-70-large-r1-B40320,solutions/test-Test-4-000--capacity-70/ec0079a6902fa0cb567ce94593924729f632571ceb29f0c615e41f7112cd9a1f.json
capacity-70,test-Test-4-000--capacity-70,18284.204703000003,1228.995417854228,29b8d9cfd3e7d8df9e987f8e8c7af02ed20c5fcf6f26632a33010b7a2d8a4535,21161.767863,451.91445029479326,PPO-capacity-70-large-r1-B40320,solutions/test-Test-4-000--capacity-70/29b8d9cfd3e7d8df9e987f8e8c7af02ed20c5fcf6f26632a33010b7a2d8a4535.json
capacity-70,test-Test-4-000--capacity-70,18284.204703000003,1228.995417854228,5f721ac540244567c3453536092497e488cf57f33d97bcd43d9406ebff851ff0,21294.433863,451.51355110146136,PPO-capacity-70-large-r1-B40320,solutions/test-Test-4-000--capacity-70/5f721ac540244567c3453536092497e488cf57f33d97bcd43d9406ebff851ff0.json
capacity-70,test-Test-4-000--capacity-70,18284.204703000003,1228.995417854228,565d81ee4d740fc407b3a950635fc5a06c6eee611ba12000cb1cfa81b8ce0c9c,21390.304847,451.0656048161213,PPO-capacity-70-large-r1-B40320,solutions/test-Test-4-000--capacity-70/565d81ee4d740fc407b3a950635fc5a06c6eee611ba12000cb1cfa81b8ce0c9c.json
capacity-70,test-Test-4-000--capacity-70,18284.204703000003,1228.995417854228,0247bea33748df4fee1ac8173068677b370025de4b1ecde68c3b2656aeed6f23,21505.734862999998,447.9671080259339,PPO-capacity-70-large-r1-B40320,solutions/test-Test-4-000--capacity-70/0247bea33748df4fee1ac8173068677b370025de4b1ecde68c3b2656aeed6f23.json
capacity-70,test-Test-4-000--capacity-70,18284.204703000003,1228.995417854228,246181638231a3b20e735c5d204d1f4060df822a232377f16cddd02fc788e617,21583.182862999995,447.7424516631804,PPO-capacity-70-large-r1-B40320,solutions/test-Test-4-000--capacity-70/246181638231a3b20e735c5d204d1f4060df822a232377f16cddd02fc788e617.json
capacity-70,test-Test-4-000--capacity-70,18284.204703000003,1228.995417854228,290439dd0434cc9b6f4909b3fc86cc9cc6ad96b2f5728e060b9b3a6c441c65c3,21735.915862999995,446.89928720340305,PPO-capacity-70-large-r1-B40320,solutions/test-Test-4-000--capacity-70/290439dd0434cc9b6f4909b3fc86cc9cc6ad96b2f5728e060b9b3a6c441c65c3.json
capacity-70,test-Test-4-000--capacity-70,18284.204703000003,1228.995417854228,0cbdf19008dbe4b7fa72841c1722595275dcaa97ad4377dd38d0b1f5d7d54e60,21800.217862999998,446.4283669787387,PPO-capacity-70-large-r1-B40320,solutions/test-Test-4-000--capacity-70/0cbdf19008dbe4b7fa72841c1722595275dcaa97ad4377dd38d0b1f5d7d54e60.json
capacity-70,test-Test-4-000--capacity-70,18284.204703000003,1228.995417854228,3e4b01f108aaa77107fb021d9f7889f5f9727736a854380dcaa82463e94048af,22007.388863,441.77809565135453,PPO-capacity-70-large-r1-B40320,solutions/test-Test-4-000--capacity-70/3e4b01f108aaa77107fb021d9f7889f5f9727736a854380dcaa82463e94048af.json
capacity-70,test-Test-4-000--capacity-70,18284.204703000003,1228.995417854228,16e5f92b4d36d5c422a81463fb7bef26cf12dc7b47bd88f806dff2e08137ca84,22092.764862999997,434.1389432705723,PPO-capacity-70-large-r1-B40320,solutions/test-Test-4-000--capacity-70/16e5f92b4d36d5c422a81463fb7bef26cf12dc7b47bd88f806dff2e08137ca84.json
capacity-70,test-Test-4-000--capacity-70,18284.204703000003,1228.995417854228,8c5bad66abc936a7e7aa296d08569c94faa67bdc72a139b8178afce6d1b26cc3,22153.364862999995,433.2778875141495,PPO-capacity-70-large-r1-B40320,solutions/test-Test-4-000--capacity-70/8c5bad66abc936a7e7aa296d08569c94faa67bdc72a139b8178afce6d1b26cc3.json
capacity-70,test-Test-4-000--capacity-70,18284.204703000003,1228.995417854228,8fde6421f8a39b3d333a53646b3bebbca35f1178d2aa13b55aba1aaf632280fb,22407.329863,429.8172100477405,PPO-capacity-70-large-r1-B40320,solutions/test-Test-4-000--capacity-70/8fde6421f8a39b3d333a53646b3bebbca35f1178d2aa13b55aba1aaf632280fb.json
capacity-70,test-Test-4-000--capacity-70,18284.204703000003,1228.995417854228,062249120967449d6f6ba8b25a7d31ca0069323ed2d12c7483ffcc6fe820c1fb,22487.473727,429.31620582680756,PPO-capacity-70-large-r1-B40320,solutions/test-Test-4-000--capacity-70/062249120967449d6f6ba8b25a7d31ca0069323ed2d12c7483ffcc6fe820c1fb.json
capacity-70,test-Test-4-000--capacity-70,18284.204703000003,1228.995417854228,b2461a62fe9ebe8603a06e8aa06ca602e2bec6986a634d38e53b923af1d5a3b4,22618.955863000003,429.15393860697804,PPO-capacity-70-large-r1-B40320,solutions/test-Test-4-000--capacity-70/b2461a62fe9ebe8603a06e8aa06ca602e2bec6986a634d38e53b923af1d5a3b4.json
capacity-70,test-Test-4-000--capacity-70,18284.204703000003,1228.995417854228,4dea17051c4f10d206742e39689e0556eec15acea756d24fb2a3dd564e6810a5,22637.795863,428.97848845655807,PPO-capacity-70-large-r1-B40320,solutions/test-Test-4-000--capacity-70/4dea17051c4f10d206742e39689e0556eec15acea756d24fb2a3dd564e6810a5.json
capacity-70,test-Test-4-000--capacity-70,18284.204703000003,1228.995417854228,9a51bad6a1a2ad33b2489bfd6fad68ce1075d1956f0dfe4276f4bf2dd2d79023,22643.150863000003,428.3014511888355,PPO-capacity-70-large-r1-B40320,solutions/test-Test-4-000--capacity-70/9a51bad6a1a2ad33b2489bfd6fad68ce1075d1956f0dfe4276f4bf2dd2d79023.json
capacity-70,test-Test-4-000--capacity-70,18284.204703000003,1228.995417854228,622d8bf2459421548eab8bf97fe62418ba4a68ad8ce241e2586004722d172745,22647.539862999998,426.63685867545405,PPO-capacity-70-large-r1-B40320,solutions/test-Test-4-000--capacity-70/622d8bf2459421548eab8bf97fe62418ba4a68ad8ce241e2586004722d172745.json
capacity-70,test-Test-4-000--capacity-70,18284.204703000003,1228.995417854228,93a7f7f9a9ab3a9df59a50dcb2a8fbff44c3cfac7b8018de64600914c33e90ec,22669.027803,424.91722609276087,PPO-capacity-70-large-r1-B40320,solutions/test-Test-4-000--capacity-70/93a7f7f9a9ab3a9df59a50dcb2a8fbff44c3cfac7b8018de64600914c33e90ec.json
capacity-70,test-Test-4-000--capacity-70,18284.204703000003,1228.995417854228,ad73d8d1e6b867155a017ec9ff9f54eaf94f057dc20abc56a2475ad1340aa00b,22899.189147000005,424.8281717452504,PPO-capacity-70-large-r1-B40320,solutions/test-Test-4-000--capacity-70/ad73d8d1e6b867155a017ec9ff9f54eaf94f057dc20abc56a2475ad1340aa00b.json
capacity-70,test-Test-4-000--capacity-70,18284.204703000003,1228.995417854228,e560ddd19d6d6a4c59e2632b6ac4edd9b1368b61048b072a79279196c452d127,22932.374147000002,420.8183340499389,PPO-capacity-70-large-r1-B40320,solutions/test-Test-4-000--capacity-70/e560ddd19d6d6a4c59e2632b6ac4edd9b1368b61048b072a79279196c452d127.json
capacity-70,test-Test-4-000--capacity-70,18284.204703000003,1228.995417854228,844851daa3b792846105eeeeb44860bba8901be78d30ae1fe522973dddcffc9d,23051.879147000007,418.54897859256795,PPO-capacity-70-large-r1-B40320,solutions/test-Test-4-000--capacity-70/844851daa3b792846105eeeeb44860bba8901be78d30ae1fe522973dddcffc9d.json
capacity-70,test-Test-4-000--capacity-70,18284.204703000003,1228.995417854228,488f080ef61cc40573d62a023dab1bb8b1f25a80a955968fd165c5e5f28434ff,23147.024147000004,418.0465603011104,PPO-capacity-70-large-r1-B40320,solutions/test-Test-4-000--capacity-70/488f080ef61cc40573d62a023dab1bb8b1f25a80a955968fd165c5e5f28434ff.json
capacity-70,test-Test-4-000--capacity-70,18284.204703000003,1228.995417854228,057531e447be6f25776b178083ca6d15c95abefa8e8b4e59e2f7a69c70b53a69,23250.837353000003,416.9486082643451,PPO-capacity-70-large-r1-B40320,solutions/test-Test-4-000--capacity-70/057531e447be6f25776b178083ca6d15c95abefa8e8b4e59e2f7a69c70b53a69.json
capacity-70,test-Test-4-000--capacity-70,18284.204703000003,1228.995417854228,179725eda257801a7875edb1c4da9425bb1b95d7527f27663504371eeeb4a588,25048.287072,415.11084251094803,PPO-capacity-70-large-r0-B40320,solutions/test-Test-4-000--capacity-70/179725eda257801a7875edb1c4da9425bb1b95d7527f27663504371eeeb4a588.json
capacity-80,test-Test-4-000--capacity-80,18284.204703000003,1228.995417854228,e9bc93dc8c3cdb1e164a738af2cdfc013950bbc6051af927e6724c60216fed9a,10560.267833,784.7401265201935,PPO-capacity-80-large-r2-B40320,solutions/test-Test-4-000--capacity-80/e9bc93dc8c3cdb1e164a738af2cdfc013950bbc6051af927e6724c60216fed9a.json
capacity-80,test-Test-4-000--capacity-80,18284.204703000003,1228.995417854228,8cd8af36d2eb716e11fd9683616f88c2d40fe6cee858ab74e45f42646fe4db21,10595.319832999998,778.6802783366351,PPO-capacity-80-large-r2-B40320,solutions/test-Test-4-000--capacity-80/8cd8af36d2eb716e11fd9683616f88c2d40fe6cee858ab74e45f42646fe4db21.json
capacity-80,test-Test-4-000--capacity-80,18284.204703000003,1228.995417854228,153f334ee40c3881c16c21780f2556dd24011f57e52d87142aa98b02b902a0e4,10620.318833000001,777.3828431754338,PPO-capacity-80-large-r2-B40320,solutions/test-Test-4-000--capacity-80/153f334ee40c3881c16c21780f2556dd24011f57e52d87142aa98b02b902a0e4.json
capacity-80,test-Test-4-000--capacity-80,18284.204703000003,1228.995417854228,7e2fca4d0fb50952b7652093f463ea1cba25b18f4177cb365b324b0fbd641975,10625.898833000001,769.7192005061266,PPO-capacity-80-large-r2-B40320,solutions/test-Test-4-000--capacity-80/7e2fca4d0fb50952b7652093f463ea1cba25b18f4177cb365b324b0fbd641975.json
capacity-80,test-Test-4-000--capacity-80,18284.204703000003,1228.995417854228,54de2f6d39afa0a20d19b7a590ba8eb6a209cd8854f60aa48bef6db56ab354e4,10626.327680999999,685.278932087265,PPO-capacity-80-large-r2-B40320,solutions/test-Test-4-000--capacity-80/54de2f6d39afa0a20d19b7a590ba8eb6a209cd8854f60aa48bef6db56ab354e4.json
capacity-80,test-Test-4-000--capacity-80,18284.204703000003,1228.995417854228,cdcdf9534e7911803993e8ae662b8c707c12dea0c408e5098caff7d7b582eb7f,10641.882123,662.9705018516838,PPO-capacity-80-large-r2-B40320,solutions/test-Test-4-000--capacity-80/cdcdf9534e7911803993e8ae662b8c707c12dea0c408e5098caff7d7b582eb7f.json
capacity-80,test-Test-4-000--capacity-80,18284.204703000003,1228.995417854228,9aea7f446e2cdc1d3d1fb14f8e67e09eda4b2cc4d1dc71a2b6512a2479a4a5b4,10687.755122999999,656.0881778794039,PPO-capacity-80-large-r2-B40320,solutions/test-Test-4-000--capacity-80/9aea7f446e2cdc1d3d1fb14f8e67e09eda4b2cc4d1dc71a2b6512a2479a4a5b4.json
capacity-80,test-Test-4-000--capacity-80,18284.204703000003,1228.995417854228,b5691e7ac5be9f4f5fbc22304f75eda99e3d51e114836095071f65a4a773b3f4,10690.362833,635.0992224125358,PPO-capacity-80-large-r0-B40320,solutions/test-Test-4-000--capacity-80/b5691e7ac5be9f4f5fbc22304f75eda99e3d51e114836095071f65a4a773b3f4.json
capacity-80,test-Test-4-000--capacity-80,18284.204703000003,1228.995417854228,820500d0d92bbf2946d7035a2462f7284ed5da80ce8c25b9bfcde39a0935aafc,10770.888833,633.817132309733,PPO-capacity-80-large-r0-B40320,solutions/test-Test-4-000--capacity-80/820500d0d92bbf2946d7035a2462f7284ed5da80ce8c25b9bfcde39a0935aafc.json
capacity-80,test-Test-4-000--capacity-80,18284.204703000003,1228.995417854228,6256f82e9233a668b60e0f973db27b1644b2ae4d7313bd1b82d62e2acd4a2c79,10776.939833,631.5423261021242,PPO-capacity-80-large-r0-B40320,solutions/test-Test-4-000--capacity-80/6256f82e9233a668b60e0f973db27b1644b2ae4d7313bd1b82d62e2acd4a2c79.json
capacity-80,test-Test-4-000--capacity-80,18284.204703000003,1228.995417854228,5253805ca3a8782af02d845ea6b54128bd7892a5c50f69091eaeec8e0c41d185,10792.656833000001,628.056454250277,PPO-capacity-80-large-r0-B40320,solutions/test-Test-4-000--capacity-80/5253805ca3a8782af02d845ea6b54128bd7892a5c50f69091eaeec8e0c41d185.json
capacity-80,test-Test-4-000--capacity-80,18284.204703000003,1228.995417854228,15ac289d91e054be006774c2b6bf4d9fb7255d1975b1ca0a7f9b3202bccc7722,10804.941833000003,616.5326310088077,PPO-capacity-80-large-r0-B40320,solutions/test-Test-4-000--capacity-80/15ac289d91e054be006774c2b6bf4d9fb7255d1975b1ca0a7f9b3202bccc7722.json
capacity-80,test-Test-4-000--capacity-80,18284.204703000003,1228.995417854228,82df96548e773f9de625fde30128b5705152c730ebe342923e39c8a8331f1435,10847.514833000003,615.4162041031374,PPO-capacity-80-large-r0-B40320,solutions/test-Test-4-000--capacity-80/82df96548e773f9de625fde30128b5705152c730ebe342923e39c8a8331f1435.json
capacity-80,test-Test-4-000--capacity-80,18284.204703000003,1228.995417854228,069087b817edee0e8d1c25cfc87afce623f9c5de79f41d7a6cbc37783562648b,11031.363833000003,612.3591115367691,PPO-capacity-80-large-r0-B40320,solutions/test-Test-4-000--capacity-80/069087b817edee0e8d1c25cfc87afce623f9c5de79f41d7a6cbc37783562648b.json
capacity-80,test-Test-4-000--capacity-80,18284.204703000003,1228.995417854228,a2b50f33a75efc456d80a37b57381ac369850d883307b3dd91a5467a14d592a5,11240.765833000001,591.6520623701476,PPO-capacity-80-large-r2-B40320,solutions/test-Test-4-000--capacity-80/a2b50f33a75efc456d80a37b57381ac369850d883307b3dd91a5467a14d592a5.json
capacity-80,test-Test-4-000--capacity-80,18284.204703000003,1228.995417854228,f78bd87561a9bb25116980e6fb0ec5b9a4608c9a8ded5070e3cd7ee6a660f543,11349.263710999998,589.8614412883431,PPO-capacity-80-large-r2-B40320,solutions/test-Test-4-000--capacity-80/f78bd87561a9bb25116980e6fb0ec5b9a4608c9a8ded5070e3cd7ee6a660f543.json
capacity-80,test-Test-4-000--capacity-80,18284.204703000003,1228.995417854228,0bfc7444ba8746fc53a06d4882056ef6374dc4486e38e92f8176c1e115a0ed7d,11365.562746999998,589.2676831028198,PPO-capacity-80-large-r2-B40320,solutions/test-Test-4-000--capacity-80/0bfc7444ba8746fc53a06d4882056ef6374dc4486e38e92f8176c1e115a0ed7d.json
capacity-80,test-Test-4-000--capacity-80,18284.204703000003,1228.995417854228,327e46721ed4686239074f85193f31bf7390eab77d35ad4f7f462c2224a1e09f,11438.099832999998,541.8402029776191,PPO-capacity-80-large-r2-B40320,solutions/test-Test-4-000--capacity-80/327e46721ed4686239074f85193f31bf7390eab77d35ad4f7f462c2224a1e09f.json
capacity-80,test-Test-4-000--capacity-80,18284.204703000003,1228.995417854228,e77c52504bfe0a7a477f3e7e55573617ed6d95c812bf17108eaaa4c3ab1fb546,11669.245832999997,539.3406925733292,PPO-capacity-80-large-r2-B40320,solutions/test-Test-4-000--capacity-80/e77c52504bfe0a7a477f3e7e55573617ed6d95c812bf17108eaaa4c3ab1fb546.json
capacity-80,test-Test-4-000--capacity-80,18284.204703000003,1228.995417854228,d82832bf1819286671afad2a0f09a21b96e67c4af5d03c18aed4205b14653f67,12148.769132999998,533.0311782356032,PPO-capacity-80-large-r2-B40320,solutions/test-Test-4-000--capacity-80/d82832bf1819286671afad2a0f09a21b96e67c4af5d03c18aed4205b14653f67.json
capacity-80,test-Test-4-000--capacity-80,18284.204703000003,1228.995417854228,55dc3aa3210af4e3e318469bd4071bdff79434d606533100d279bdbfd108493a,12749.466004000002,530.9162801011695,PPO-capacity-80-large-r1-B40320,solutions/test-Test-4-000--capacity-80/55dc3aa3210af4e3e318469bd4071bdff79434d606533100d279bdbfd108493a.json
capacity-80,test-Test-4-000--capacity-80,18284.204703000003,1228.995417854228,e51cc4dc4655006acd1ef6e02f8ab851f8416eb5d2d7bbdb030e31e6351c99ac,12757.359003999998,530.5399874362847,PPO-capacity-80-large-r1-B40320,solutions/test-Test-4-000--capacity-80/e51cc4dc4655006acd1ef6e02f8ab851f8416eb5d2d7bbdb030e31e6351c99ac.json
capacity-80,test-Test-4-000--capacity-80,18284.204703000003,1228.995417854228,e217e81494c1467cb4d94bdb4d84fd1290109e4a3126a55c4fc2d6fc3abb1714,12834.974004,517.3218454846467,PPO-capacity-80-large-r1-B40320,solutions/test-Test-4-000--capacity-80/e217e81494c1467cb4d94bdb4d84fd1290109e4a3126a55c4fc2d6fc3abb1714.json
capacity-80,test-Test-4-000--capacity-80,18284.204703000003,1228.995417854228,4a2c7cddccb0f28d43d06bc881869d02071f605ba0beb8ad6caabad77aa031a0,13022.284436000002,509.75693473614314,PPO-capacity-80-large-r0-B40320,solutions/test-Test-4-000--capacity-80/4a2c7cddccb0f28d43d06bc881869d02071f605ba0beb8ad6caabad77aa031a0.json
capacity-80,test-Test-4-000--capacity-80,18284.204703000003,1228.995417854228,b508e637609cab80156747e54de4648dab8d3a541aec0b2ce41df75123b0ece7,13051.513436,493.3520467163553,PPO-capacity-80-large-r0-B40320,solutions/test-Test-4-000--capacity-80/b508e637609cab80156747e54de4648dab8d3a541aec0b2ce41df75123b0ece7.json
capacity-80,test-Test-4-000--capacity-80,18284.204703000003,1228.995417854228,0a3b889d878a889a58e5d2e3022bc7767c0f141ed7201c7e5251f07e4f7c43e5,13196.449435999999,492.4805397708151,PPO-capacity-80-large-r0-B40320,solutions/test-Test-4-000--capacity-80/0a3b889d878a889a58e5d2e3022bc7767c0f141ed7201c7e5251f07e4f7c43e5.json
capacity-80,test-Test-4-000--capacity-80,18284.204703000003,1228.995417854228,fb61f83fae3ce3def5f11407209d21019118fd7646d4d3dc44a12ed3d8c49bc4,13227.127435999999,491.7900851191455,PPO-capacity-80-large-r0-B40320,solutions/test-Test-4-000--capacity-80/fb61f83fae3ce3def5f11407209d21019118fd7646d4d3dc44a12ed3d8c49bc4.json
capacity-80,test-Test-4-000--capacity-80,18284.204703000003,1228.995417854228,83c508cbbcee7fae9dd781192e6d06257da0b99f85ed9266b2dc3d5cad777125,13693.449525999999,489.7712598199503,PPO-capacity-80-large-r0-B40320,solutions/test-Test-4-000--capacity-80/83c508cbbcee7fae9dd781192e6d06257da0b99f85ed9266b2dc3d5cad777125.json
capacity-80,test-Test-4-000--capacity-80,18284.204703000003,1228.995417854228,c16a42247ab695e11b5260690eeaa27bc57fec128b9c255ae9997b60212c5ca7,14641.461455000004,484.8796753419631,PPO-capacity-80-large-r0-B40320,solutions/test-Test-4-000--capacity-80/c16a42247ab695e11b5260690eeaa27bc57fec128b9c255ae9997b60212c5ca7.json
capacity-80,test-Test-4-000--capacity-80,18284.204703000003,1228.995417854228,4c4af098baf5d7ca59fbc2c994a8b5b44ede1a840ace8d11424e1e9c9a2bd082,14762.331029000003,477.1029846333116,PPO-capacity-80-large-r0-B40320,solutions/test-Test-4-000--capacity-80/4c4af098baf5d7ca59fbc2c994a8b5b44ede1a840ace8d11424e1e9c9a2bd082.json
capacity-80,test-Test-4-000--capacity-80,18284.204703000003,1228.995417854228,6bb15056ce024eb0ef15fa64c57bf0797715c3ac201002153c9863e4c2cbf58e,14777.371001000003,475.86184090266397,PPO-capacity-80-large-r0-B40320,solutions/test-Test-4-000--capacity-80/6bb15056ce024eb0ef15fa64c57bf0797715c3ac201002153c9863e4c2cbf58e.json
capacity-80,test-Test-4-000--capacity-80,18284.204703000003,1228.995417854228,c4b9bdb5c4495130e0ba4904d2f43d55a685b16122ea91f3c2110cac8151f108,14777.710001000003,475.284035599497,PPO-capacity-80-large-r0-B40320,solutions/test-Test-4-000--capacity-80/c4b9bdb5c4495130e0ba4904d2f43d55a685b16122ea91f3c2110cac8151f108.json
capacity-80,test-Test-4-000--capacity-80,18284.204703000003,1228.995417854228,ec1be604c48ef011554f235a20f53138d3167af840ff73731a1b31f5fdb8906c,14861.911307000002,475.2337296329209,PPO-capacity-80-large-r0-B40320,solutions/test-Test-4-000--capacity-80/ec1be604c48ef011554f235a20f53138d3167af840ff73731a1b31f5fdb8906c.json
capacity-80,test-Test-4-000--capacity-80,18284.204703000003,1228.995417854228,13d12ae81757adee6e97902fab7644dd00933eb9cab1a5afb601fb7850282247,14912.838001000002,473.37416331814325,PPO-capacity-80-large-r0-B40320,solutions/test-Test-4-000--capacity-80/13d12ae81757adee6e97902fab7644dd00933eb9cab1a5afb601fb7850282247.json
capacity-80,test-Test-4-000--capacity-80,18284.204703000003,1228.995417854228,6c7c06c0177e5401a37eb11ced07654eea0e3f14dfd71a7be7cb7136b3aebfb7,15024.483001000002,472.0448363330865,PPO-capacity-80-large-r0-B40320,solutions/test-Test-4-000--capacity-80/6c7c06c0177e5401a37eb11ced07654eea0e3f14dfd71a7be7cb7136b3aebfb7.json
capacity-80,test-Test-4-000--capacity-80,18284.204703000003,1228.995417854228,484b1b9c47e6593b42d950408aa29e1a21176efad331720e30010d84abc4c36f,15304.057492000004,471.3097777434869,PPO-capacity-80-large-r0-B40320,solutions/test-Test-4-000--capacity-80/484b1b9c47e6593b42d950408aa29e1a21176efad331720e30010d84abc4c36f.json
capacity-80,test-Test-4-000--capacity-80,18284.204703000003,1228.995417854228,4d78a41189daeb791f82f1cba67e8eb22e5f0c75fd9db33eb1ae833e7b3d59b4,15421.945492000003,471.27876523715423,PPO-capacity-80-large-r0-B40320,solutions/test-Test-4-000--capacity-80/4d78a41189daeb791f82f1cba67e8eb22e5f0c75fd9db33eb1ae833e7b3d59b4.json
capacity-80,test-Test-4-000--capacity-80,18284.204703000003,1228.995417854228,0bd7c805bc2dccd141efc5d07417bd2e5f9f720292996daf7ab40bb7b99a7e8f,18182.440073,469.7817320663685,PPO-capacity-80-large-r2-B40320,solutions/test-Test-4-000--capacity-80/0bd7c805bc2dccd141efc5d07417bd2e5f9f720292996daf7ab40bb7b99a7e8f.json
capacity-80,test-Test-4-000--capacity-80,18284.204703000003,1228.995417854228,1ce73d5ff6f32818f06815502deb314039c8a334525f3ccae458c1fb74976e65,18792.010475,466.6316378822122,PPO-capacity-80-large-r2-B40320,solutions/test-Test-4-000--capacity-80/1ce73d5ff6f32818f06815502deb314039c8a334525f3ccae458c1fb74976e65.json
capacity-80,test-Test-4-000--capacity-80,18284.204703000003,1228.995417854228,c43fad8aefd42ee33c1670ed5c178acf3bcb6b0c2e4d9954e97dbc9efc033a3a,18860.087834,463.90100338637023,PPO-capacity-80-large-r2-B40320,solutions/test-Test-4-000--capacity-80/c43fad8aefd42ee33c1670ed5c178acf3bcb6b0c2e4d9954e97dbc9efc033a3a.json
capacity-80,test-Test-4-000--capacity-80,18284.204703000003,1228.995417854228,4491bb2c8d76628c9171dc1e8ccb4d173543b06e76a6c9438b1837e3bde76cb4,18945.121654000002,462.64600523554975,PPO-capacity-80-large-r2-B40320,solutions/test-Test-4-000--capacity-80/4491bb2c8d76628c9171dc1e8ccb4d173543b06e76a6c9438b1837e3bde76cb4.json
capacity-80,test-Test-4-000--capacity-80,18284.204703000003,1228.995417854228,19b4f26d72adeae767c1d85a5dd149fdea6f36774af648af86f70f0fd09e4a22,18962.779654,462.30981827426115,PPO-capacity-80-large-r2-B40320,solutions/test-Test-4-000--capacity-80/19b4f26d72adeae767c1d85a5dd149fdea6f36774af648af86f70f0fd09e4a22.json
capacity-80,test-Test-4-000--capacity-80,18284.204703000003,1228.995417854228,cf152ef770ec570f856a215fc661b85aeeeed4716cda5ebecded5dfb7c7e61dc,19032.359497999998,461.2847975043766,PPO-capacity-80-large-r2-B40320,solutions/test-Test-4-000--capacity-80/cf152ef770ec570f856a215fc661b85aeeeed4716cda5ebecded5dfb7c7e61dc.json
capacity-80,test-Test-4-000--capacity-80,18284.204703000003,1228.995417854228,c5dca77368b2559d87f348e12bd397d56fcf5554459938be2a06dd581dc7d44b,19116.056498,458.4180702414753,PPO-capacity-80-large-r2-B40320,solutions/test-Test-4-000--capacity-80/c5dca77368b2559d87f348e12bd397d56fcf5554459938be2a06dd581dc7d44b.json
capacity-80,test-Test-4-000--capacity-80,18284.204703000003,1228.995417854228,63b2311875e6243b955dd3dedbb05431fcb510ab63ea878ce196c5a2b337dc80,19121.29214,457.89681335941526,PPO-capacity-80-large-r2-B40320,solutions/test-Test-4-000--capacity-80/63b2311875e6243b955dd3dedbb05431fcb510ab63ea878ce196c5a2b337dc80.json
capacity-80,test-Test-4-000--capacity-80,18284.204703000003,1228.995417854228,b597ba27c21410e61d3af057ab2be49691953cafc0d01526415d030ca1b247e7,19214.932498000002,456.8631355535163,PPO-capacity-80-large-r2-B40320,solutions/test-Test-4-000--capacity-80/b597ba27c21410e61d3af057ab2be49691953cafc0d01526415d030ca1b247e7.json
capacity-80,test-Test-4-000--capacity-80,18284.204703000003,1228.995417854228,8ee44cd3bea38c3d6020ae52111342b90030a55bdc10d20850dfdc51bfb74139,19427.537706000003,455.8435684328255,PPO-capacity-80-large-r2-B40320,solutions/test-Test-4-000--capacity-80/8ee44cd3bea38c3d6020ae52111342b90030a55bdc10d20850dfdc51bfb74139.json
capacity-80,test-Test-4-000--capacity-80,18284.204703000003,1228.995417854228,b291cf1b1cc8f582b3294723672de6bc70d85b10cad3a5e399edba94e19a0c34,20851.735128,455.6023683276135,PPO-capacity-80-large-r1-B40320,solutions/test-Test-4-000--capacity-80/b291cf1b1cc8f582b3294723672de6bc70d85b10cad3a5e399edba94e19a0c34.json
capacity-80,test-Test-4-000--capacity-80,18284.204703000003,1228.995417854228,b8f782d0284ed8d50b20d56c4eecdf701edee3d2f552a1b5cc95a8c5515ae34e,20979.363519,454.133329534711,PPO-capacity-80-large-r1-B40320,solutions/test-Test-4-000--capacity-80/b8f782d0284ed8d50b20d56c4eecdf701edee3d2f552a1b5cc95a8c5515ae34e.json
capacity-80,test-Test-4-000--capacity-80,18284.204703000003,1228.995417854228,ec0079a6902fa0cb567ce94593924729f632571ceb29f0c615e41f7112cd9a1f,21049.656518999996,452.0315153571424,PPO-capacity-80-large-r1-B40320,solutions/test-Test-4-000--capacity-80/ec0079a6902fa0cb567ce94593924729f632571ceb29f0c615e41f7112cd9a1f.json
capacity-80,test-Test-4-000--capacity-80,18284.204703000003,1228.995417854228,29b8d9cfd3e7d8df9e987f8e8c7af02ed20c5fcf6f26632a33010b7a2d8a4535,21161.767863,451.91445029479326,PPO-capacity-80-large-r1-B40320,solutions/test-Test-4-000--capacity-80/29b8d9cfd3e7d8df9e987f8e8c7af02ed20c5fcf6f26632a33010b7a2d8a4535.json
capacity-80,test-Test-4-000--capacity-80,18284.204703000003,1228.995417854228,5f721ac540244567c3453536092497e488cf57f33d97bcd43d9406ebff851ff0,21294.433863,451.51355110146136,PPO-capacity-80-large-r1-B40320,solutions/test-Test-4-000--capacity-80/5f721ac540244567c3453536092497e488cf57f33d97bcd43d9406ebff851ff0.json
capacity-80,test-Test-4-000--capacity-80,18284.204703000003,1228.995417854228,565d81ee4d740fc407b3a950635fc5a06c6eee611ba12000cb1cfa81b8ce0c9c,21390.304847,451.0656048161213,PPO-capacity-80-large-r1-B40320,solutions/test-Test-4-000--capacity-80/565d81ee4d740fc407b3a950635fc5a06c6eee611ba12000cb1cfa81b8ce0c9c.json
capacity-80,test-Test-4-000--capacity-80,18284.204703000003,1228.995417854228,0247bea33748df4fee1ac8173068677b370025de4b1ecde68c3b2656aeed6f23,21505.734862999998,447.9671080259339,PPO-capacity-80-large-r1-B40320,solutions/test-Test-4-000--capacity-80/0247bea33748df4fee1ac8173068677b370025de4b1ecde68c3b2656aeed6f23.json
capacity-80,test-Test-4-000--capacity-80,18284.204703000003,1228.995417854228,246181638231a3b20e735c5d204d1f4060df822a232377f16cddd02fc788e617,21583.182862999995,447.7424516631804,PPO-capacity-80-large-r1-B40320,solutions/test-Test-4-000--capacity-80/246181638231a3b20e735c5d204d1f4060df822a232377f16cddd02fc788e617.json
capacity-80,test-Test-4-000--capacity-80,18284.204703000003,1228.995417854228,290439dd0434cc9b6f4909b3fc86cc9cc6ad96b2f5728e060b9b3a6c441c65c3,21735.915862999995,446.89928720340305,PPO-capacity-80-large-r1-B40320,solutions/test-Test-4-000--capacity-80/290439dd0434cc9b6f4909b3fc86cc9cc6ad96b2f5728e060b9b3a6c441c65c3.json
capacity-80,test-Test-4-000--capacity-80,18284.204703000003,1228.995417854228,0cbdf19008dbe4b7fa72841c1722595275dcaa97ad4377dd38d0b1f5d7d54e60,21800.217862999998,446.4283669787387,PPO-capacity-80-large-r1-B40320,solutions/test-Test-4-000--capacity-80/0cbdf19008dbe4b7fa72841c1722595275dcaa97ad4377dd38d0b1f5d7d54e60.json
capacity-80,test-Test-4-000--capacity-80,18284.204703000003,1228.995417854228,3e4b01f108aaa77107fb021d9f7889f5f9727736a854380dcaa82463e94048af,22007.388863,441.77809565135453,PPO-capacity-80-large-r1-B40320,solutions/test-Test-4-000--capacity-80/3e4b01f108aaa77107fb021d9f7889f5f9727736a854380dcaa82463e94048af.json
capacity-80,test-Test-4-000--capacity-80,18284.204703000003,1228.995417854228,16e5f92b4d36d5c422a81463fb7bef26cf12dc7b47bd88f806dff2e08137ca84,22092.764862999997,434.1389432705723,PPO-capacity-80-large-r1-B40320,solutions/test-Test-4-000--capacity-80/16e5f92b4d36d5c422a81463fb7bef26cf12dc7b47bd88f806dff2e08137ca84.json
capacity-80,test-Test-4-000--capacity-80,18284.204703000003,1228.995417854228,8c5bad66abc936a7e7aa296d08569c94faa67bdc72a139b8178afce6d1b26cc3,22153.364862999995,433.2778875141495,PPO-capacity-80-large-r1-B40320,solutions/test-Test-4-000--capacity-80/8c5bad66abc936a7e7aa296d08569c94faa67bdc72a139b8178afce6d1b26cc3.json
capacity-80,test-Test-4-000--capacity-80,18284.204703000003,1228.995417854228,8fde6421f8a39b3d333a53646b3bebbca35f1178d2aa13b55aba1aaf632280fb,22407.329863,429.8172100477405,PPO-capacity-80-large-r1-B40320,solutions/test-Test-4-000--capacity-80/8fde6421f8a39b3d333a53646b3bebbca35f1178d2aa13b55aba1aaf632280fb.json
capacity-80,test-Test-4-000--capacity-80,18284.204703000003,1228.995417854228,062249120967449d6f6ba8b25a7d31ca0069323ed2d12c7483ffcc6fe820c1fb,22487.473727,429.31620582680756,PPO-capacity-80-large-r1-B40320,solutions/test-Test-4-000--capacity-80/062249120967449d6f6ba8b25a7d31ca0069323ed2d12c7483ffcc6fe820c1fb.json
capacity-80,test-Test-4-000--capacity-80,18284.204703000003,1228.995417854228,b2461a62fe9ebe8603a06e8aa06ca602e2bec6986a634d38e53b923af1d5a3b4,22618.955863000003,429.15393860697804,PPO-capacity-80-large-r1-B40320,solutions/test-Test-4-000--capacity-80/b2461a62fe9ebe8603a06e8aa06ca602e2bec6986a634d38e53b923af1d5a3b4.json
capacity-80,test-Test-4-000--capacity-80,18284.204703000003,1228.995417854228,4dea17051c4f10d206742e39689e0556eec15acea756d24fb2a3dd564e6810a5,22637.795863,428.97848845655807,PPO-capacity-80-large-r1-B40320,solutions/test-Test-4-000--capacity-80/4dea17051c4f10d206742e39689e0556eec15acea756d24fb2a3dd564e6810a5.json
capacity-80,test-Test-4-000--capacity-80,18284.204703000003,1228.995417854228,9a51bad6a1a2ad33b2489bfd6fad68ce1075d1956f0dfe4276f4bf2dd2d79023,22643.150863000003,428.3014511888355,PPO-capacity-80-large-r1-B40320,solutions/test-Test-4-000--capacity-80/9a51bad6a1a2ad33b2489bfd6fad68ce1075d1956f0dfe4276f4bf2dd2d79023.json
capacity-80,test-Test-4-000--capacity-80,18284.204703000003,1228.995417854228,622d8bf2459421548eab8bf97fe62418ba4a68ad8ce241e2586004722d172745,22647.539862999998,426.63685867545405,PPO-capacity-80-large-r1-B40320,solutions/test-Test-4-000--capacity-80/622d8bf2459421548eab8bf97fe62418ba4a68ad8ce241e2586004722d172745.json
capacity-80,test-Test-4-000--capacity-80,18284.204703000003,1228.995417854228,93a7f7f9a9ab3a9df59a50dcb2a8fbff44c3cfac7b8018de64600914c33e90ec,22669.027803,424.91722609276087,PPO-capacity-80-large-r1-B40320,solutions/test-Test-4-000--capacity-80/93a7f7f9a9ab3a9df59a50dcb2a8fbff44c3cfac7b8018de64600914c33e90ec.json
capacity-80,test-Test-4-000--capacity-80,18284.204703000003,1228.995417854228,ad73d8d1e6b867155a017ec9ff9f54eaf94f057dc20abc56a2475ad1340aa00b,22899.189147000005,424.8281717452504,PPO-capacity-80-large-r1-B40320,solutions/test-Test-4-000--capacity-80/ad73d8d1e6b867155a017ec9ff9f54eaf94f057dc20abc56a2475ad1340aa00b.json
capacity-80,test-Test-4-000--capacity-80,18284.204703000003,1228.995417854228,e560ddd19d6d6a4c59e2632b6ac4edd9b1368b61048b072a79279196c452d127,22932.374147000002,420.8183340499389,PPO-capacity-80-large-r1-B40320,solutions/test-Test-4-000--capacity-80/e560ddd19d6d6a4c59e2632b6ac4edd9b1368b61048b072a79279196c452d127.json
capacity-80,test-Test-4-000--capacity-80,18284.204703000003,1228.995417854228,844851daa3b792846105eeeeb44860bba8901be78d30ae1fe522973dddcffc9d,23051.879147000007,418.54897859256795,PPO-capacity-80-large-r1-B40320,solutions/test-Test-4-000--capacity-80/844851daa3b792846105eeeeb44860bba8901be78d30ae1fe522973dddcffc9d.json
capacity-80,test-Test-4-000--capacity-80,18284.204703000003,1228.995417854228,488f080ef61cc40573d62a023dab1bb8b1f25a80a955968fd165c5e5f28434ff,23147.024147000004,418.0465603011104,PPO-capacity-80-large-r1-B40320,solutions/test-Test-4-000--capacity-80/488f080ef61cc40573d62a023dab1bb8b1f25a80a955968fd165c5e5f28434ff.json
capacity-80,test-Test-4-000--capacity-80,18284.204703000003,1228.995417854228,057531e447be6f25776b178083ca6d15c95abefa8e8b4e59e2f7a69c70b53a69,23250.837353000003,416.9486082643451,PPO-capacity-80-large-r1-B40320,solutions/test-Test-4-000--capacity-80/057531e447be6f25776b178083ca6d15c95abefa8e8b4e59e2f7a69c70b53a69.json
capacity-80,test-Test-4-000--capacity-80,18284.204703000003,1228.995417854228,179725eda257801a7875edb1c4da9425bb1b95d7527f27663504371eeeb4a588,25048.287072,415.11084251094803,PPO-capacity-80-large-r0-B40320,solutions/test-Test-4-000--capacity-80/179725eda257801a7875edb1c4da9425bb1b95d7527f27663504371eeeb4a588.json
capacity-120,test-Test-4-000--capacity-120,18284.204703000003,1228.995417854228,131b5c35f482b3f75bf2e3b52f18d6303482a85c173f0ebc0ff17da653465364,10516.059833000001,670.6263778018726,PPO-capacity-120-large-r1-B40320,solutions/test-Test-4-000--capacity-120/131b5c35f482b3f75bf2e3b52f18d6303482a85c173f0ebc0ff17da653465364.json
capacity-120,test-Test-4-000--capacity-120,18284.204703000003,1228.995417854228,0bad579065d6f40d134007fc04537833f5bc2a6ea4b4098bde7265adf28205fe,10526.469833000001,668.216773799381,PPO-capacity-120-large-r1-B40320,solutions/test-Test-4-000--capacity-120/0bad579065d6f40d134007fc04537833f5bc2a6ea4b4098bde7265adf28205fe.json
capacity-120,test-Test-4-000--capacity-120,18284.204703000003,1228.995417854228,2d7013ed347fddcdf8ddf906542a7205bcc93918e88606011b6a86c80d8cd7d6,10529.814833000002,660.8296344470959,PPO-capacity-120-large-r1-B40320,solutions/test-Test-4-000--capacity-120/2d7013ed347fddcdf8ddf906542a7205bcc93918e88606011b6a86c80d8cd7d6.json
capacity-120,test-Test-4-000--capacity-120,18284.204703000003,1228.995417854228,ce0205b282d92103dcc4acecd95c8ebe7f5b9bc8c4a003c37e145fecd6827c05,10555.293833000003,656.3186103360857,PPO-capacity-120-large-r1-B40320,solutions/test-Test-4-000--capacity-120/ce0205b282d92103dcc4acecd95c8ebe7f5b9bc8c4a003c37e145fecd6827c05.json
capacity-120,test-Test-4-000--capacity-120,18284.204703000003,1228.995417854228,a5ae85223a2b3317e79540a3b3d2de3dbb7efa67294670f4e6aab42e3a2904e8,10819.014832999997,653.6913037969391,PPO-capacity-120-large-r0-B40320,solutions/test-Test-4-000--capacity-120/a5ae85223a2b3317e79540a3b3d2de3dbb7efa67294670f4e6aab42e3a2904e8.json
capacity-120,test-Test-4-000--capacity-120,18284.204703000003,1228.995417854228,dbfd6d940af47d8b00eef5323ee669e54e1f28ff7f6fdeef31882ec84bca90cd,10951.248832999998,652.33658769209,PPO-capacity-120-large-r0-B40320,solutions/test-Test-4-000--capacity-120/dbfd6d940af47d8b00eef5323ee669e54e1f28ff7f6fdeef31882ec84bca90cd.json
capacity-120,test-Test-4-000--capacity-120,18284.204703000003,1228.995417854228,1f15f1a7cd1412107b84e444dfc6af4aacb794bd4d0fbda1e65ceace1dc10465,10973.595707999999,629.4465978613576,PPO-capacity-120-large-r2-B40320,solutions/test-Test-4-000--capacity-120/1f15f1a7cd1412107b84e444dfc6af4aacb794bd4d0fbda1e65ceace1dc10465.json
capacity-120,test-Test-4-000--capacity-120,18284.204703000003,1228.995417854228,29cd903e8ff87c5d83b3ee5ecb7b8033745c57593e1e105dc9bc2071cc12630e,11016.501708,611.7095920255858,PPO-capacity-120-large-r2-B40320,solutions/test-Test-4-000--capacity-120/29cd903e8ff87c5d83b3ee5ecb7b8033745c57593e1e105dc9bc2071cc12630e.json
capacity-120,test-Test-4-000--capacity-120,18284.204703000003,1228.995417854228,40ba1a9ec59fb79082edc824dccf30869007771f1204615812f0bfaf921f1dcb,11039.301656,589.9716055467833,PPO-capacity-120-large-r2-B40320,solutions/test-Test-4-000--capacity-120/40ba1a9ec59fb79082edc824dccf30869007771f1204615812f0bfaf921f1dcb.json
capacity-120,test-Test-4-000--capacity-120,18284.204703000003,1228.995417854228,104a068021ae5827fbac71deaa3f2b75c1277330f4a3dbe08dc251a8f29c43e2,11047.404656,586.0182664221089,PPO-capacity-120-large-r2-B40320,solutions/test-Test-4-000--capacity-120/104a068021ae5827fbac71deaa3f2b75c1277330f4a3dbe08dc251a8f29c43e2.json
capacity-120,test-Test-4-000--capacity-120,18284.204703000003,1228.995417854228,c115745ee75b71a4cace0ba6059604ddf5e22596a1ac784c8c5051ed32599edd,11072.685656,583.5047527054862,PPO-capacity-120-large-r2-B40320,solutions/test-Test-4-000--capacity-120/c115745ee75b71a4cace0ba6059604ddf5e22596a1ac784c8c5051ed32599edd.json
capacity-120,test-Test-4-000--capacity-120,18284.204703000003,1228.995417854228,9f8a135445817be11c02e4d1459a2988edce1a5951bf531503cc4b040571b0f1,11090.358656,579.9893449720117,PPO-capacity-120-large-r2-B40320,solutions/test-Test-4-000--capacity-120/9f8a135445817be11c02e4d1459a2988edce1a5951bf531503cc4b040571b0f1.json
capacity-120,test-Test-4-000--capacity-120,18284.204703000003,1228.995417854228,8e3db1fbcea7e8b7190c3fed28cf57924da6c327b14f4096b0f84068bb21ae01,11123.319656,575.0369905132098,PPO-capacity-120-large-r2-B40320,solutions/test-Test-4-000--capacity-120/8e3db1fbcea7e8b7190c3fed28cf57924da6c327b14f4096b0f84068bb21ae01.json
capacity-120,test-Test-4-000--capacity-120,18284.204703000003,1228.995417854228,dc797e919b4c7ae5cb71a27c86188c279ff3bc8356cd3cc23e5dffa1f41ecc81,11149.857656,574.5709866075099,PPO-capacity-120-large-r2-B40320,solutions/test-Test-4-000--capacity-120/dc797e919b4c7ae5cb71a27c86188c279ff3bc8356cd3cc23e5dffa1f41ecc81.json
capacity-120,test-Test-4-000--capacity-120,18284.204703000003,1228.995417854228,23ed86e66d498299383eb5768abcc241254eabbf3d03e8d86422d5d30f6d2fb8,11211.399656,568.1920449659929,PPO-capacity-120-large-r2-B40320,solutions/test-Test-4-000--capacity-120/23ed86e66d498299383eb5768abcc241254eabbf3d03e8d86422d5d30f6d2fb8.json
capacity-120,test-Test-4-000--capacity-120,18284.204703000003,1228.995417854228,327e46721ed4686239074f85193f31bf7390eab77d35ad4f7f462c2224a1e09f,11438.099832999998,541.8402029776191,PPO-capacity-120-large-r2-B40320,solutions/test-Test-4-000--capacity-120/327e46721ed4686239074f85193f31bf7390eab77d35ad4f7f462c2224a1e09f.json
capacity-120,test-Test-4-000--capacity-120,18284.204703000003,1228.995417854228,e77c52504bfe0a7a477f3e7e55573617ed6d95c812bf17108eaaa4c3ab1fb546,11669.245832999997,539.3406925733292,PPO-capacity-120-large-r2-B40320,solutions/test-Test-4-000--capacity-120/e77c52504bfe0a7a477f3e7e55573617ed6d95c812bf17108eaaa4c3ab1fb546.json
capacity-120,test-Test-4-000--capacity-120,18284.204703000003,1228.995417854228,394dbf5bd1e3cfb6cbefb7f69377e8991c274164e345bf08955917e44ed40859,12143.686562000003,539.2653904870817,PPO-capacity-120-large-r2-B40320,solutions/test-Test-4-000--capacity-120/394dbf5bd1e3cfb6cbefb7f69377e8991c274164e345bf08955917e44ed40859.json
capacity-120,test-Test-4-000--capacity-120,18284.204703000003,1228.995417854228,d82832bf1819286671afad2a0f09a21b96e67c4af5d03c18aed4205b14653f67,12148.769132999998,533.0311782356032,PPO-capacity-120-large-r2-B40320,solutions/test-Test-4-000--capacity-120/d82832bf1819286671afad2a0f09a21b96e67c4af5d03c18aed4205b14653f67.json
capacity-120,test-Test-4-000--capacity-120,18284.204703000003,1228.995417854228,9aa4ad5ad299528ef443aafe77fc458ef91f64696519f1fcf8e92e5637d0ea07,12496.771833000003,527.6869650220578,PPO-capacity-120-large-r1-B40320,solutions/test-Test-4-000--capacity-120/9aa4ad5ad299528ef443aafe77fc458ef91f64696519f1fcf8e92e5637d0ea07.json
capacity-120,test-Test-4-000--capacity-120,18284.204703000003,1228.995417854228,b63d80e7d25d9b8bb19d852ccdab2ca49b02fc53867943aa54fd8971e3bece23,12560.266833000005,525.4784882409564,PPO-capacity-120-large-r1-B40320,solutions/test-Test-4-000--capacity-120/b63d80e7d25d9b8bb19d852ccdab2ca49b02fc53867943aa54fd8971e3bece23.json
capacity-120,test-Test-4-000--capacity-120,18284.204703000003,1228.995417854228,e7d9cce765db195a907aba36ba7497e52b15a23a56986528773e78fc8df58812,12659.142833000004,520.8846004956204,PPO-capacity-120-large-r1-B40320,solutions/test-Test-4-000--capacity-120/e7d9cce765db195a907aba36ba7497e52b15a23a56986528773e78fc8df58812.json
capacity-120,test-Test-4-000--capacity-120,18284.204703000003,1228.995417854228,a02e2b7449445c1d0e695c902393fedc9b85241b88d531b0b81fb882c05d8364,12833.452929000003,517.9933053015698,PPO-capacity-120-large-r1-B40320,solutions/test-Test-4-000--capacity-120/a02e2b7449445c1d0e695c902393fedc9b85241b88d531b0b81fb882c05d8364.json
capacity-120,test-Test-4-000--capacity-120,18284.204703000003,1228.995417854228,e217e81494c1467cb4d94bdb4d84fd1290109e4a3126a55c4fc2d6fc3abb1714,12834.974004,517.3218454846467,PPO-capacity-120-large-r1-B40320,solutions/test-Test-4-000--capacity-120/e217e81494c1467cb4d94bdb4d84fd1290109e4a3126a55c4fc2d6fc3abb1714.json
capacity-120,test-Test-4-000--capacity-120,18284.204703000003,1228.995417854228,4a2c7cddccb0f28d43d06bc881869d02071f605ba0beb8ad6caabad77aa031a0,13022.284436000002,509.75693473614314,PPO-capacity-120-large-r0-B40320,solutions/test-Test-4-000--capacity-120/4a2c7cddccb0f28d43d06bc881869d02071f605ba0beb8ad6caabad77aa031a0.json
capacity-120,test-Test-4-000--capacity-120,18284.204703000003,1228.995417854228,f7498d7931d14cdd6a2ca2abd66416f675e2e91cb4916a665b34ee090fb2f01f,13088.664773999999,496.2142068455618,PPO-capacity-120-large-r0-B40320,solutions/test-Test-4-000--capacity-120/f7498d7931d14cdd6a2ca2abd66416f675e2e91cb4916a665b34ee090fb2f01f.json
capacity-120,test-Test-4-000--capacity-120,18284.204703000003,1228.995417854228,2ab49bbc202a5c93349e7169b90b0a807081af6e57c8a54859021bd4e02ef267,13115.362436000001,494.111495999481,PPO-capacity-120-large-r0-B40320,solutions/test-Test-4-000--capacity-120/2ab49bbc202a5c93349e7169b90b0a807081af6e57c8a54859021bd4e02ef267.json
capacity-120,test-Test-4-000--capacity-120,18284.204703000003,1228.995417854228,0a3b889d878a889a58e5d2e3022bc7767c0f141ed7201c7e5251f07e4f7c43e5,13196.449435999999,492.4805397708151,PPO-capacity-120-large-r0-B40320,solutions/test-Test-4-000--capacity-120/0a3b889d878a889a58e5d2e3022bc7767c0f141ed7201c7e5251f07e4f7c43e5.json
capacity-120,test-Test-4-000--capacity-120,18284.204703000003,1228.995417854228,83c508cbbcee7fae9dd781192e6d06257da0b99f85ed9266b2dc3d5cad777125,13693.449525999999,489.7712598199503,PPO-capacity-120-large-r0-B40320,solutions/test-Test-4-000--capacity-120/83c508cbbcee7fae9dd781192e6d06257da0b99f85ed9266b2dc3d5cad777125.json
capacity-120,test-Test-4-000--capacity-120,18284.204703000003,1228.995417854228,b12ef097c14f17ced5c0e01c18bce104dfdbbf0e1185d825a31301358d127601,14724.538276,489.57256458655536,PPO-capacity-120-large-r1-B40320,solutions/test-Test-4-000--capacity-120/b12ef097c14f17ced5c0e01c18bce104dfdbbf0e1185d825a31301358d127601.json
capacity-120,test-Test-4-000--capacity-120,18284.204703000003,1228.995417854228,61abda97dda942e1625a1dca02b83d98b66c1ecfc28055fcfb681842f8ff3b22,14727.619276,489.29518415429925,PPO-capacity-120-large-r1-B40320,solutions/test-Test-4-000--capacity-120/61abda97dda942e1625a1dca02b83d98b66c1ecfc28055fcfb681842f8ff3b22.json
capacity-120,test-Test-4-000--capacity-120,18284.204703000003,1228.995417854228,21a2c3f6c709654401192c374e77d3e08bb99899fe24c675d3722a79a6f3bce9,14741.491275999999,488.0183150654136,PPO-capacity-120-large-r1-B40320,solutions/test-Test-4-000--capacity-120/21a2c3f6c709654401192c374e77d3e08bb99899fe24c675d3722a79a6f3bce9.json
capacity-120,test-Test-4-000--capacity-120,18284.204703000003,1228.995417854228,ab77e88c1688d62207e2525d19d1e2662c62a30c1d7eb93506567ac365fdc534,14835.645276,487.2324493106696,PPO-capacity-120-large-r1-B40320,solutions/test-Test-4-000--capacity-120/ab77e88c1688d62207e2525d19d1e2662c62a30c1d7eb93506567ac365fdc534.json
capacity-120,test-Test-4-000--capacity-120,18284.204703000003,1228.995417854228,6696f6d3469bd53ee9ad38b6ba8bf59985f621829d65d1c3c00f3177861b4d95,14869.452275999998,487.18255138258166,PPO-capacity-120-large-r1-B40320,solutions/test-Test-4-000--capacity-120/6696f6d3469bd53ee9ad38b6ba8bf59985f621829d65d1c3c00f3177861b4d95.json
capacity-120,test-Test-4-000--capacity-120,18284.204703000003,1228.995417854228,79ca868c3660379bd7ddc5f116372d6b35c68ad4076b06f4e0e4ade7ff7b88c1,14917.568275999998,486.44267032122065,PPO-capacity-120-large-r1-B40320,solutions/test-Test-4-000--capacity-120/79ca868c3660379bd7ddc5f116372d6b35c68ad4076b06f4e0e4ade7ff7b88c1.json
capacity-120,test-Test-4-000--capacity-120,18284.204703000003,1228.995417854228,d5b586d8560448e7040a745b6b2065fd8f32cde847c025c20b2b6a48c2b2518d,15149.179863000003,485.0526076631351,PPO-capacity-120-large-r1-B40320,solutions/test-Test-4-000--capacity-120/d5b586d8560448e7040a745b6b2065fd8f32cde847c025c20b2b6a48c2b2518d.json
capacity-120,test-Test-4-000--capacity-120,18284.204703000003,1228.995417854228,4a66769e00a5491039f2589a4f58adc7e44edf660476c092004bffd9cb812bf3,15276.969604000002,484.2250147170604,PPO-capacity-120-large-r1-B40320,solutions/test-Test-4-000--capacity-120/4a66769e00a5491039f2589a4f58adc7e44edf660476c092004bffd9cb812bf3.json
capacity-120,test-Test-4-000--capacity-120,18284.204703000003,1228.995417854228,bc857a925d00593e5779f45c9cde5d04829839005963fc9cb96c7aa9c83a0653,16010.682830999998,481.6837278747872,PPO-capacity-120-large-r2-B40320,solutions/test-Test-4-000--capacity-120/bc857a925d00593e5779f45c9cde5d04829839005963fc9cb96c7aa9c83a0653.json
capacity-120,test-Test-4-000--capacity-120,18284.204703000003,1228.995417854228,37feb3d1cefe5b611597a92f81377f6a489e92722bb1ba51565d3a1b7e5a874e,16498.506983,480.7183575255406,PPO-capacity-120-large-r2-B40320,solutions/test-Test-4-000--capacity-120/37feb3d1cefe5b611597a92f81377f6a489e92722bb1ba51565d3a1b7e5a874e.json
capacity-120,test-Test-4-000--capacity-120,18284.204703000003,1228.995417854228,e7e0cbd053872d12aae77bede13bb77ca270d61256413cbbfc6ddf9884f98fb5,18232.424701999997,465.4624123110774,PPO-capacity-120-large-r2-B40320,solutions/test-Test-4-000--capacity-120/e7e0cbd053872d12aae77bede13bb77ca270d61256413cbbfc6ddf9884f98fb5.json
capacity-120,test-Test-4-000--capacity-120,18284.204703000003,1228.995417854228,eb96f9eb0b546a9e2f5070fe7f817d22b191b04a4a31056a184dad975c101902,18524.453913999998,461.8952184644593,PPO-capacity-120-large-r2-B40320,solutions/test-Test-4-000--capacity-120/eb96f9eb0b546a9e2f5070fe7f817d22b191b04a4a31056a184dad975c101902.json
capacity-120,test-Test-4-000--capacity-120,18284.204703000003,1228.995417854228,5dea0c5330ab01c4e25ed040c86e97759ef9c1d99d28815f7c45fde43388bb6a,18563.257702,456.7090960572336,PPO-capacity-120-large-r2-B40320,solutions/test-Test-4-000--capacity-120/5dea0c5330ab01c4e25ed040c86e97759ef9c1d99d28815f7c45fde43388bb6a.json
capacity-120,test-Test-4-000--capacity-120,18284.204703000003,1228.995417854228,b4a3e4afa269b4f3f0a1d9ba1c0d4350c167fb050dcdbd605fc6873914395e7b,18695.405914,456.6522236796909,PPO-capacity-120-large-r2-B40320,solutions/test-Test-4-000--capacity-120/b4a3e4afa269b4f3f0a1d9ba1c0d4350c167fb050dcdbd605fc6873914395e7b.json
capacity-120,test-Test-4-000--capacity-120,18284.204703000003,1228.995417854228,aac7640c1782a253b1a58f44a0ab375defb1c068bed55d9ab4dc98a079fcb9d8,18787.204913999998,456.2088008176967,PPO-capacity-120-large-r2-B40320,solutions/test-Test-4-000--capacity-120/aac7640c1782a253b1a58f44a0ab375defb1c068bed55d9ab4dc98a079fcb9d8.json
capacity-120,test-Test-4-000--capacity-120,18284.204703000003,1228.995417854228,551e00a5dadb1807933dafd3c293d9cf708a03f63dbac59b726cf05055fc3089,18893.703405999997,455.307499758131,PPO-capacity-120-large-r2-B40320,solutions/test-Test-4-000--capacity-120/551e00a5dadb1807933dafd3c293d9cf708a03f63dbac59b726cf05055fc3089.json
capacity-120,test-Test-4-000--capacity-120,18284.204703000003,1228.995417854228,b98c6887140ce1cc07d320bb2979d43ad3e894d3bb208fe3d3b995c78464a0e3,18943.085758,453.09552898260006,PPO-capacity-120-large-r2-B40320,solutions/test-Test-4-000--capacity-120/b98c6887140ce1cc07d320bb2979d43ad3e894d3bb208fe3d3b995c78464a0e3.json
capacity-120,test-Test-4-000--capacity-120,18284.204703000003,1228.995417854228,4daebf51e29981e18eb164c5a7086a71d059cfbe00b9f7610ebad8f0e50b39c2,18958.139758,451.9808658236222,PPO-capacity-120-large-r2-B40320,solutions/test-Test-4-000--capacity-120/4daebf51e29981e18eb164c5a7086a71d059cfbe00b9f7610ebad8f0e50b39c2.json
capacity-120,test-Test-4-000--capacity-120,18284.204703000003,1228.995417854228,84f89e8325242b33f095d537169da4ec9223b5376a197d4ad1c6b9ea66c29f2b,19269.620966000002,449.6528632250431,PPO-capacity-120-large-r2-B40320,solutions/test-Test-4-000--capacity-120/84f89e8325242b33f095d537169da4ec9223b5376a197d4ad1c6b9ea66c29f2b.json
capacity-120,test-Test-4-000--capacity-120,18284.204703000003,1228.995417854228,041272e48c60dd6bd664cbade60d0727742b74dd9294779295171d42cdb23fb8,21381.598477,445.51848252844866,PPO-capacity-120-large-r1-B40320,solutions/test-Test-4-000--capacity-120/041272e48c60dd6bd664cbade60d0727742b74dd9294779295171d42cdb23fb8.json
capacity-120,test-Test-4-000--capacity-120,18284.204703000003,1228.995417854228,9353c226ccc3ff269f0008c368bd274576032cbcab8741d88ee29eba93669008,21742.336477,434.86737115804704,PPO-capacity-120-large-r1-B40320,solutions/test-Test-4-000--capacity-120/9353c226ccc3ff269f0008c368bd274576032cbcab8741d88ee29eba93669008.json
capacity-120,test-Test-4-000--capacity-120,18284.204703000003,1228.995417854228,6c49854bf7401e9bc545475ae69cd56aa00718802adb58e984ed92942c643bc4,21804.958516,432.39101772916166,PPO-capacity-120-large-r1-B40320,solutions/test-Test-4-000--capacity-120/6c49854bf7401e9bc545475ae69cd56aa00718802adb58e984ed92942c643bc4.json
capacity-120,test-Test-4-000--capacity-120,18284.204703000003,1228.995417854228,d518a498d121f36d6705ebc236c73c5ec03bcf4b3a5421c0619f98b988785f96,21892.575869,430.0506503105146,PPO-capacity-120-large-r1-B40320,solutions/test-Test-4-000--capacity-120/d518a498d121f36d6705ebc236c73c5ec03bcf4b3a5421c0619f98b988785f96.json
capacity-120,test-Test-4-000--capacity-120,18284.204703000003,1228.995417854228,44cb0e8a305da43ca5253c97409dfbf8151c900a022ab0e1724d18e7b994e22a,21978.658064999996,427.06672486360765,PPO-capacity-120-large-r1-B40320,solutions/test-Test-4-000--capacity-120/44cb0e8a305da43ca5253c97409dfbf8151c900a022ab0e1724d18e7b994e22a.json
capacity-120,test-Test-4-000--capacity-120,18284.204703000003,1228.995417854228,abc7b62919b5ca57b75378a4dfb89c4c00240f0fd897acafc5bb4c2848db7f71,22155.211476999997,427.0393879003168,PPO-capacity-120-large-r1-B40320,solutions/test-Test-4-000--capacity-120/abc7b62919b5ca57b75378a4dfb89c4c00240f0fd897acafc5bb4c2848db7f71.json
capacity-120,test-Test-4-000--capacity-120,18284.204703000003,1228.995417854228,1607042173be6e7c27b2758235c31d2373c88e0fcc001057425c9e226bb51b38,22155.283476999997,425.9560505652777,PPO-capacity-120-large-r1-B40320,solutions/test-Test-4-000--capacity-120/1607042173be6e7c27b2758235c31d2373c88e0fcc001057425c9e226bb51b38.json
capacity-120,test-Test-4-000--capacity-120,18284.204703000003,1228.995417854228,cebb5436c70f8870df30fd3cc0db2943bb84a3bd2da747be17305650ff3d43c1,22215.783002999997,425.91497683919204,PPO-capacity-120-large-r1-B40320,solutions/test-Test-4-000--capacity-120/cebb5436c70f8870df30fd3cc0db2943bb84a3bd2da747be17305650ff3d43c1.json
capacity-120,test-Test-4-000--capacity-120,18284.204703000003,1228.995417854228,b1fd894a8c50641aefa172ce143216bef437fb41e6ccc674d019d4cee9121ec9,22264.030477,425.15970956974616,PPO-capacity-120-large-r1-B40320,solutions/test-Test-4-000--capacity-120/b1fd894a8c50641aefa172ce143216bef437fb41e6ccc674d019d4cee9121ec9.json
capacity-130,test-Test-4-000--capacity-130,18284.204703000003,1228.995417854228,131b5c35f482b3f75bf2e3b52f18d6303482a85c173f0ebc0ff17da653465364,10516.059833000001,670.6263778018726,PPO-capacity-130-large-r1-B40320,solutions/test-Test-4-000--capacity-130/131b5c35f482b3f75bf2e3b52f18d6303482a85c173f0ebc0ff17da653465364.json
capacity-130,test-Test-4-000--capacity-130,18284.204703000003,1228.995417854228,0bad579065d6f40d134007fc04537833f5bc2a6ea4b4098bde7265adf28205fe,10526.469833000001,668.216773799381,PPO-capacity-130-large-r1-B40320,solutions/test-Test-4-000--capacity-130/0bad579065d6f40d134007fc04537833f5bc2a6ea4b4098bde7265adf28205fe.json
capacity-130,test-Test-4-000--capacity-130,18284.204703000003,1228.995417854228,2d7013ed347fddcdf8ddf906542a7205bcc93918e88606011b6a86c80d8cd7d6,10529.814833000002,660.8296344470959,PPO-capacity-130-large-r1-B40320,solutions/test-Test-4-000--capacity-130/2d7013ed347fddcdf8ddf906542a7205bcc93918e88606011b6a86c80d8cd7d6.json
capacity-130,test-Test-4-000--capacity-130,18284.204703000003,1228.995417854228,ce0205b282d92103dcc4acecd95c8ebe7f5b9bc8c4a003c37e145fecd6827c05,10555.293833000003,656.3186103360857,PPO-capacity-130-large-r1-B40320,solutions/test-Test-4-000--capacity-130/ce0205b282d92103dcc4acecd95c8ebe7f5b9bc8c4a003c37e145fecd6827c05.json
capacity-130,test-Test-4-000--capacity-130,18284.204703000003,1228.995417854228,d33fe559a588d655d2d1d0b53be5966f1cb114d0d0988825c813b2ea9faee2f8,10808.531833,609.2475374408408,PPO-capacity-130-large-r2-B40320,solutions/test-Test-4-000--capacity-130/d33fe559a588d655d2d1d0b53be5966f1cb114d0d0988825c813b2ea9faee2f8.json
capacity-130,test-Test-4-000--capacity-130,18284.204703000003,1228.995417854228,26de2aa4e8df1af57e5d9e2514f40c5550073d923c0623f04fa77b69d742c814,10822.556832999999,608.2411458688038,PPO-capacity-130-large-r2-B40320,solutions/test-Test-4-000--capacity-130/26de2aa4e8df1af57e5d9e2514f40c5550073d923c0623f04fa77b69d742c814.json
capacity-130,test-Test-4-000--capacity-130,18284.204703000003,1228.995417854228,dba060bb347864c337cd83b7129399d56f08431a4ef48cec068e6b0908d2ab98,10901.174833,605.2882140109975,PPO-capacity-130-large-r2-B40320,solutions/test-Test-4-000--capacity-130/dba060bb347864c337cd83b7129399d56f08431a4ef48cec068e6b0908d2ab98.json
capacity-130,test-Test-4-000--capacity-130,18284.204703000003,1228.995417854228,4a4ce8de3c330a5cfcdcc491c3cbea030916d6fb31608af2fb2012269a5d1dd1,11000.615833,602.9426809827353,PPO-capacity-130-large-r2-B40320,solutions/test-Test-4-000--capacity-130/4a4ce8de3c330a5cfcdcc491c3cbea030916d6fb31608af2fb2012269a5d1dd1.json
capacity-130,test-Test-4-000--capacity-130,18284.204703000003,1228.995417854228,35cb52cfe2c53c7cee89205523dcbc67f867bc44a151bf0ed80bec153d72891a,11002.898833,589.9781794081674,PPO-capacity-130-large-r2-B40320,solutions/test-Test-4-000--capacity-130/35cb52cfe2c53c7cee89205523dcbc67f867bc44a151bf0ed80bec153d72891a.json
capacity-130,test-Test-4-000--capacity-130,18284.204703000003,1228.995417854228,6ec3c00f2a8e7a08032904bcc0a19e652522c169d18540d807f3586f73cd9b32,11390.416833,573.8058469792543,PPO-capacity-130-large-r2-B40320,solutions/test-Test-4-000--capacity-130/6ec3c00f2a8e7a08032904bcc0a19e652522c169d18540d807f3586f73cd9b32.json
capacity-130,test-Test-4-000--capacity-130,18284.204703000003,1228.995417854228,327e46721ed4686239074f85193f31bf7390eab77d35ad4f7f462c2224a1e09f,11438.099832999998,541.8402029776191,PPO-capacity-130-large-r2-B40320,solutions/test-Test-4-000--capacity-130/327e46721ed4686239074f85193f31bf7390eab77d35ad4f7f462c2224a1e09f.json
capacity-130,test-Test-4-000--capacity-130,18284.204703000003,1228.995417854228,e77c52504bfe0a7a477f3e7e55573617ed6d95c812bf17108eaaa4c3ab1fb546,11669.245832999997,539.3406925733292,PPO-capacity-130-large-r2-B40320,solutions/test-Test-4-000--capacity-130/e77c52504bfe0a7a477f3e7e55573617ed6d95c812bf17108eaaa4c3ab1fb546.json
capacity-130,test-Test-4-000--capacity-130,18284.204703000003,1228.995417854228,394dbf5bd1e3cfb6cbefb7f69377e8991c274164e345bf08955917e44ed40859,12143.686562000003,539.2653904870817,PPO-capacity-130-large-r2-B40320,solutions/test-Test-4-000--capacity-130/394dbf5bd1e3cfb6cbefb7f69377e8991c274164e345bf08955917e44ed40859.json
capacity-130,test-Test-4-000--capacity-130,18284.204703000003,1228.995417854228,d82832bf1819286671afad2a0f09a21b96e67c4af5d03c18aed4205b14653f67,12148.769132999998,533.0311782356032,PPO-capacity-130-large-r2-B40320,solutions/test-Test-4-000--capacity-130/d82832bf1819286671afad2a0f09a21b96e67c4af5d03c18aed4205b14653f67.json
capacity-130,test-Test-4-000--capacity-130,18284.204703000003,1228.995417854228,b7c40a6cebfdaf1782a834ccad0feadcec5dd2c8f562c1865129adcfe5fbbc92,12406.354833000001,529.6155710638856,PPO-capacity-130-large-r1-B40320,solutions/test-Test-4-000--capacity-130/b7c40a6cebfdaf1782a834ccad0feadcec5dd2c8f562c1865129adcfe5fbbc92.json
capacity-130,test-Test-4-000--capacity-130,18284.204703000003,1228.995417854228,e11d739742fce555426f10def14ca809717bddf69407ff2d95d1c2dcf565eeb7,12583.596833000003,525.1868116771755,PPO-capacity-130-large-r1-B40320,solutions/test-Test-4-000--capacity-130/e11d739742fce555426f10def14ca809717bddf69407ff2d95d1c2dcf565eeb7.json
capacity-130,test-Test-4-000--capacity-130,18284.204703000003,1228.995417854228,eb9a8858bd8bc3e3328346445a4a2f6925df7aab7cfdfe65bb9e4ff253f39a33,12696.878833000002,523.5638621111138,PPO-capacity-130-large-r1-B40320,solutions/test-Test-4-000--capacity-130/eb9a8858bd8bc3e3328346445a4a2f6925df7aab7cfdfe65bb9e4ff253f39a33.json
capacity-130,test-Test-4-000--capacity-130,18284.204703000003,1228.995417854228,93116c59657c7e7db1509a16c7ebab4efbc72a23073b89a80e6dddf3b1b3022c,12757.906929,521.3063175539638,PPO-capacity-130-large-r1-B40320,solutions/test-Test-4-000--capacity-130/93116c59657c7e7db1509a16c7ebab4efbc72a23073b89a80e6dddf3b1b3022c.json
capacity-130,test-Test-4-000--capacity-130,18284.204703000003,1228.995417854228,e217e81494c1467cb4d94bdb4d84fd1290109e4a3126a55c4fc2d6fc3abb1714,12834.974004,517.3218454846467,PPO-capacity-130-large-r1-B40320,solutions/test-Test-4-000--capacity-130/e217e81494c1467cb4d94bdb4d84fd1290109e4a3126a55c4fc2d6fc3abb1714.json
capacity-130,test-Test-4-000--capacity-130,18284.204703000003,1228.995417854228,4a2c7cddccb0f28d43d06bc881869d02071f605ba0beb8ad6caabad77aa031a0,13022.284436000002,509.75693473614314,PPO-capacity-130-large-r0-B40320,solutions/test-Test-4-000--capacity-130/4a2c7cddccb0f28d43d06bc881869d02071f605ba0beb8ad6caabad77aa031a0.json
capacity-130,test-Test-4-000--capacity-130,18284.204703000003,1228.995417854228,f7498d7931d14cdd6a2ca2abd66416f675e2e91cb4916a665b34ee090fb2f01f,13088.664773999999,496.2142068455618,PPO-capacity-130-large-r0-B40320,solutions/test-Test-4-000--capacity-130/f7498d7931d14cdd6a2ca2abd66416f675e2e91cb4916a665b34ee090fb2f01f.json
capacity-130,test-Test-4-000--capacity-130,18284.204703000003,1228.995417854228,2ab49bbc202a5c93349e7169b90b0a807081af6e57c8a54859021bd4e02ef267,13115.362436000001,494.111495999481,PPO-capacity-130-large-r0-B40320,solutions/test-Test-4-000--capacity-130/2ab49bbc202a5c93349e7169b90b0a807081af6e57c8a54859021bd4e02ef267.json
capacity-130,test-Test-4-000--capacity-130,18284.204703000003,1228.995417854228,0a3b889d878a889a58e5d2e3022bc7767c0f141ed7201c7e5251f07e4f7c43e5,13196.449435999999,492.4805397708151,PPO-capacity-130-large-r0-B40320,solutions/test-Test-4-000--capacity-130/0a3b889d878a889a58e5d2e3022bc7767c0f141ed7201c7e5251f07e4f7c43e5.json
capacity-130,test-Test-4-000--capacity-130,18284.204703000003,1228.995417854228,83c508cbbcee7fae9dd781192e6d06257da0b99f85ed9266b2dc3d5cad777125,13693.449525999999,489.7712598199503,PPO-capacity-130-large-r0-B40320,solutions/test-Test-4-000--capacity-130/83c508cbbcee7fae9dd781192e6d06257da0b99f85ed9266b2dc3d5cad777125.json
capacity-130,test-Test-4-000--capacity-130,18284.204703000003,1228.995417854228,b12ef097c14f17ced5c0e01c18bce104dfdbbf0e1185d825a31301358d127601,14724.538276,489.57256458655536,PPO-capacity-130-large-r1-B40320,solutions/test-Test-4-000--capacity-130/b12ef097c14f17ced5c0e01c18bce104dfdbbf0e1185d825a31301358d127601.json
capacity-130,test-Test-4-000--capacity-130,18284.204703000003,1228.995417854228,61abda97dda942e1625a1dca02b83d98b66c1ecfc28055fcfb681842f8ff3b22,14727.619276,489.29518415429925,PPO-capacity-130-large-r1-B40320,solutions/test-Test-4-000--capacity-130/61abda97dda942e1625a1dca02b83d98b66c1ecfc28055fcfb681842f8ff3b22.json
capacity-130,test-Test-4-000--capacity-130,18284.204703000003,1228.995417854228,21a2c3f6c709654401192c374e77d3e08bb99899fe24c675d3722a79a6f3bce9,14741.491275999999,488.0183150654136,PPO-capacity-130-large-r1-B40320,solutions/test-Test-4-000--capacity-130/21a2c3f6c709654401192c374e77d3e08bb99899fe24c675d3722a79a6f3bce9.json
capacity-130,test-Test-4-000--capacity-130,18284.204703000003,1228.995417854228,ab77e88c1688d62207e2525d19d1e2662c62a30c1d7eb93506567ac365fdc534,14835.645276,487.2324493106696,PPO-capacity-130-large-r1-B40320,solutions/test-Test-4-000--capacity-130/ab77e88c1688d62207e2525d19d1e2662c62a30c1d7eb93506567ac365fdc534.json
capacity-130,test-Test-4-000--capacity-130,18284.204703000003,1228.995417854228,6696f6d3469bd53ee9ad38b6ba8bf59985f621829d65d1c3c00f3177861b4d95,14869.452275999998,487.18255138258166,PPO-capacity-130-large-r1-B40320,solutions/test-Test-4-000--capacity-130/6696f6d3469bd53ee9ad38b6ba8bf59985f621829d65d1c3c00f3177861b4d95.json
capacity-130,test-Test-4-000--capacity-130,18284.204703000003,1228.995417854228,79ca868c3660379bd7ddc5f116372d6b35c68ad4076b06f4e0e4ade7ff7b88c1,14917.568275999998,486.44267032122065,PPO-capacity-130-large-r1-B40320,solutions/test-Test-4-000--capacity-130/79ca868c3660379bd7ddc5f116372d6b35c68ad4076b06f4e0e4ade7ff7b88c1.json
capacity-130,test-Test-4-000--capacity-130,18284.204703000003,1228.995417854228,d5b586d8560448e7040a745b6b2065fd8f32cde847c025c20b2b6a48c2b2518d,15149.179863000003,485.0526076631351,PPO-capacity-130-large-r1-B40320,solutions/test-Test-4-000--capacity-130/d5b586d8560448e7040a745b6b2065fd8f32cde847c025c20b2b6a48c2b2518d.json
capacity-130,test-Test-4-000--capacity-130,18284.204703000003,1228.995417854228,4a66769e00a5491039f2589a4f58adc7e44edf660476c092004bffd9cb812bf3,15276.969604000002,484.2250147170604,PPO-capacity-130-large-r1-B40320,solutions/test-Test-4-000--capacity-130/4a66769e00a5491039f2589a4f58adc7e44edf660476c092004bffd9cb812bf3.json
capacity-130,test-Test-4-000--capacity-130,18284.204703000003,1228.995417854228,bc857a925d00593e5779f45c9cde5d04829839005963fc9cb96c7aa9c83a0653,16010.682830999998,481.6837278747872,PPO-capacity-130-large-r2-B40320,solutions/test-Test-4-000--capacity-130/bc857a925d00593e5779f45c9cde5d04829839005963fc9cb96c7aa9c83a0653.json
capacity-130,test-Test-4-000--capacity-130,18284.204703000003,1228.995417854228,37feb3d1cefe5b611597a92f81377f6a489e92722bb1ba51565d3a1b7e5a874e,16498.506983,480.7183575255406,PPO-capacity-130-large-r2-B40320,solutions/test-Test-4-000--capacity-130/37feb3d1cefe5b611597a92f81377f6a489e92722bb1ba51565d3a1b7e5a874e.json
capacity-130,test-Test-4-000--capacity-130,18284.204703000003,1228.995417854228,6f1cf8db82dd9b20d41fa7974270951f14ca9761e4c761e47326904734c337f7,16805.534064,476.1596420117294,PPO-capacity-130-large-r0-B40320,solutions/test-Test-4-000--capacity-130/6f1cf8db82dd9b20d41fa7974270951f14ca9761e4c761e47326904734c337f7.json
capacity-130,test-Test-4-000--capacity-130,18284.204703000003,1228.995417854228,3f6182e2c8c26c982275e28396b8ee000dc5b746c72d89a37a8ea56c2afca870,16848.788064,474.22176296893383,PPO-capacity-130-large-r0-B40320,solutions/test-Test-4-000--capacity-130/3f6182e2c8c26c982275e28396b8ee000dc5b746c72d89a37a8ea56c2afca870.json
capacity-130,test-Test-4-000--capacity-130,18284.204703000003,1228.995417854228,c85e54405697fcdb9784b9c8f7697b7df7fca13deaf21bf350112a09810236cd,16855.234063999997,471.9186125000079,PPO-capacity-130-large-r0-B40320,solutions/test-Test-4-000--capacity-130/c85e54405697fcdb9784b9c8f7697b7df7fca13deaf21bf350112a09810236cd.json
capacity-130,test-Test-4-000--capacity-130,18284.204703000003,1228.995417854228,e208852b8c6f99f05d8dca495b253bf31b6313a0acdf87d8fa68aa5cbfe805a5,16924.271064,460.6025627548298,PPO-capacity-130-large-r0-B40320,solutions/test-Test-4-000--capacity-130/e208852b8c6f99f05d8dca495b253bf31b6313a0acdf87d8fa68aa5cbfe805a5.json
capacity-130,test-Test-4-000--capacity-130,18284.204703000003,1228.995417854228,5dea0c5330ab01c4e25ed040c86e97759ef9c1d99d28815f7c45fde43388bb6a,18563.257702,456.7090960572336,PPO-capacity-130-large-r2-B40320,solutions/test-Test-4-000--capacity-130/5dea0c5330ab01c4e25ed040c86e97759ef9c1d99d28815f7c45fde43388bb6a.json
capacity-130,test-Test-4-000--capacity-130,18284.204703000003,1228.995417854228,b4a3e4afa269b4f3f0a1d9ba1c0d4350c167fb050dcdbd605fc6873914395e7b,18695.405914,456.6522236796909,PPO-capacity-130-large-r2-B40320,solutions/test-Test-4-000--capacity-130/b4a3e4afa269b4f3f0a1d9ba1c0d4350c167fb050dcdbd605fc6873914395e7b.json
capacity-130,test-Test-4-000--capacity-130,18284.204703000003,1228.995417854228,aac7640c1782a253b1a58f44a0ab375defb1c068bed55d9ab4dc98a079fcb9d8,18787.204913999998,456.2088008176967,PPO-capacity-130-large-r2-B40320,solutions/test-Test-4-000--capacity-130/aac7640c1782a253b1a58f44a0ab375defb1c068bed55d9ab4dc98a079fcb9d8.json
capacity-130,test-Test-4-000--capacity-130,18284.204703000003,1228.995417854228,551e00a5dadb1807933dafd3c293d9cf708a03f63dbac59b726cf05055fc3089,18893.703405999997,455.307499758131,PPO-capacity-130-large-r2-B40320,solutions/test-Test-4-000--capacity-130/551e00a5dadb1807933dafd3c293d9cf708a03f63dbac59b726cf05055fc3089.json
capacity-130,test-Test-4-000--capacity-130,18284.204703000003,1228.995417854228,b98c6887140ce1cc07d320bb2979d43ad3e894d3bb208fe3d3b995c78464a0e3,18943.085758,453.09552898260006,PPO-capacity-130-large-r2-B40320,solutions/test-Test-4-000--capacity-130/b98c6887140ce1cc07d320bb2979d43ad3e894d3bb208fe3d3b995c78464a0e3.json
capacity-130,test-Test-4-000--capacity-130,18284.204703000003,1228.995417854228,4daebf51e29981e18eb164c5a7086a71d059cfbe00b9f7610ebad8f0e50b39c2,18958.139758,451.9808658236222,PPO-capacity-130-large-r2-B40320,solutions/test-Test-4-000--capacity-130/4daebf51e29981e18eb164c5a7086a71d059cfbe00b9f7610ebad8f0e50b39c2.json
capacity-130,test-Test-4-000--capacity-130,18284.204703000003,1228.995417854228,84f89e8325242b33f095d537169da4ec9223b5376a197d4ad1c6b9ea66c29f2b,19269.620966000002,449.6528632250431,PPO-capacity-130-large-r2-B40320,solutions/test-Test-4-000--capacity-130/84f89e8325242b33f095d537169da4ec9223b5376a197d4ad1c6b9ea66c29f2b.json
capacity-130,test-Test-4-000--capacity-130,18284.204703000003,1228.995417854228,83cea914d07d1f664f1f26d211a597faabab4c7449a185b424ffc6b28a0167ff,22073.024263,441.44371867574756,PPO-capacity-130-large-r1-B40320,solutions/test-Test-4-000--capacity-130/83cea914d07d1f664f1f26d211a597faabab4c7449a185b424ffc6b28a0167ff.json
capacity-130,test-Test-4-000--capacity-130,18284.204703000003,1228.995417854228,38e5ef4c5ca8ba54105ad0314961a0336f7e53d1a84004b3037634d2a464da03,22170.898617,435.33425841739023,PPO-capacity-130-large-r1-B40320,solutions/test-Test-4-000--capacity-130/38e5ef4c5ca8ba54105ad0314961a0336f7e53d1a84004b3037634d2a464da03.json
capacity-130,test-Test-4-000--capacity-130,18284.204703000003,1228.995417854228,603ccb21486ae1d0df88636867372dc972de22a0eefaf5f327fcb607eddf29cc,22175.901713,435.32598694039024,PPO-capacity-130-large-r1-B40320,solutions/test-Test-4-000--capacity-130/603ccb21486ae1d0df88636867372dc972de22a0eefaf5f327fcb607eddf29cc.json
capacity-130,test-Test-4-000--capacity-130,18284.204703000003,1228.995417854228,37735e163969a723dda77113cf735adb40dc04a183ed709d36128dff93407504,22360.495901,434.38826134180664,PPO-capacity-130-large-r1-B40320,solutions/test-Test-4-000--capacity-130/37735e163969a723dda77113cf735adb40dc04a183ed709d36128dff93407504.json
capacity-130,test-Test-4-000--capacity-130,18284.204703000003,1228.995417854228,9630d0af464ce2424b353a6078a3611f019bf3cb53563199c211d9955e9bbb3b,22430.334900999995,430.86785873273584,PPO-capacity-130-large-r1-B40320,solutions/test-Test-4-000--capacity-130/9630d0af464ce2424b353a6078a3611f019bf3cb53563199c211d9955e9bbb3b.json
capacity-130,test-Test-4-000--capacity-130,18284.204703000003,1228.995417854228,c288be278b2891c0052583afbd6252ea33afc3dcec38a6ef267216fefdd38278,22764.054901,427.95145033881334,PPO-capacity-130-large-r1-B40320,solutions/test-Test-4-000--capacity-130/c288be278b2891c0052583afbd6252ea33afc3dcec38a6ef267216fefdd38278.json
capacity-130,test-Test-4-000--capacity-130,18284.204703000003,1228.995417854228,e01b33d5e228563a598be84a63f763529245cc9ba8de60014c9c57d992fed3fe,22883.710905000004,427.4010947011632,PPO-capacity-130-large-r1-B40320,solutions/test-Test-4-000--capacity-130/e01b33d5e228563a598be84a63f763529245cc9ba8de60014c9c57d992fed3fe.json
capacity-130,test-Test-4-000--capacity-130,18284.204703000003,1228.995417854228,3c0b6325dc25f787f94fe43f8e070dd492f20b8a5282cdffbc2d902eb88ea2ee,22891.364107000005,426.91925462933125,PPO-capacity-130-large-r1-B40320,solutions/test-Test-4-000--capacity-130/3c0b6325dc25f787f94fe43f8e070dd492f20b8a5282cdffbc2d902eb88ea2ee.json
coload-70,test-Test-4-000--coload-70,18284.204703000003,1156.3616847237363,71fe5d4f8bf1b5acc6884a260e53730a3b478c4a6157e6828f9aa6c6ab4b13ef,10321.603833000001,708.848863946188,PPO-coload-70-large-r0-B40320,solutions/test-Test-4-000--coload-70/71fe5d4f8bf1b5acc6884a260e53730a3b478c4a6157e6828f9aa6c6ab4b13ef.json
coload-70,test-Test-4-000--coload-70,18284.204703000003,1156.3616847237363,c2b8f8157103991294611708c4ceb0dd052ab5e44f0cac156f3f782a07c6650b,10452.130833000003,704.7053023788172,PPO-coload-70-large-r0-B40320,solutions/test-Test-4-000--coload-70/c2b8f8157103991294611708c4ceb0dd052ab5e44f0cac156f3f782a07c6650b.json
coload-70,test-Test-4-000--coload-70,18284.204703000003,1156.3616847237363,5bd2eb1548dea95236f8d51a9326eed793a7bfd77d123ce0ef6e3cbf7eed1624,10549.305833,702.4459164658961,PPO-coload-70-large-r0-B40320,solutions/test-Test-4-000--coload-70/5bd2eb1548dea95236f8d51a9326eed793a7bfd77d123ce0ef6e3cbf7eed1624.json
coload-70,test-Test-4-000--coload-70,18284.204703000003,1156.3616847237363,fd2554184e1090b70e8434d0e845e4e4728cc16b9a12dfcc22dc711d0713150f,10563.645833000002,698.8649665339282,PPO-coload-70-large-r0-B40320,solutions/test-Test-4-000--coload-70/fd2554184e1090b70e8434d0e845e4e4728cc16b9a12dfcc22dc711d0713150f.json
coload-70,test-Test-4-000--coload-70,18284.204703000003,1156.3616847237363,bf0b81c7b0abc316fb7862efc32fe9a4e22b7055714e8229bac87db02055df89,10587.358833000002,698.4180689682803,PPO-coload-70-large-r0-B40320,solutions/test-Test-4-000--coload-70/bf0b81c7b0abc316fb7862efc32fe9a4e22b7055714e8229bac87db02055df89.json
coload-70,test-Test-4-000--coload-70,18284.204703000003,1156.3616847237363,3fd363daaa43fd856d1ceba675f78486534b603ba874be7f96de0d5ee3d7bf7a,10612.531833000003,693.6399773814351,PPO-coload-70-large-r0-B40320,solutions/test-Test-4-000--coload-70/3fd363daaa43fd856d1ceba675f78486534b603ba874be7f96de0d5ee3d7bf7a.json
coload-70,test-Test-4-000--coload-70,18284.204703000003,1156.3616847237363,f2f181bdb1a1b6cdc8ff0946a4cff2b2a0d9641fff58a56cf81f4b61f82926f8,10657.542833000001,686.0883947879182,PPO-coload-70-large-r0-B40320,solutions/test-Test-4-000--coload-70/f2f181bdb1a1b6cdc8ff0946a4cff2b2a0d9641fff58a56cf81f4b61f82926f8.json
coload-70,test-Test-4-000--coload-70,18284.204703000003,1156.3616847237363,686d967271288ab462d690ea0c343502dc8cbbb10e84242ad91d197d7adc7f3d,10739.283833,623.632368702182,PPO-coload-70-large-r1-B40320,solutions/test-Test-4-000--coload-70/686d967271288ab462d690ea0c343502dc8cbbb10e84242ad91d197d7adc7f3d.json
coload-70,test-Test-4-000--coload-70,18284.204703000003,1156.3616847237363,8cb5e7e02a10379d4c533f1a8ee1c3872aa0408e6674613273c80eb61139ede0,10784.115833,622.1009105548683,PPO-coload-70-large-r1-B40320,solutions/test-Test-4-000--coload-70/8cb5e7e02a10379d4c533f1a8ee1c3872aa0408e6674613273c80eb61139ede0.json
coload-70,test-Test-4-000--coload-70,18284.204703000003,1156.3616847237363,2d8f0da400b729d3e699c85b60cea6d177801f8bf5f4db80e38fc2e21e7c79b5,10788.375833,621.2079430457408,PPO-coload-70-large-r1-B40320,solutions/test-Test-4-000--coload-70/2d8f0da400b729d3e699c85b60cea6d177801f8bf5f4db80e38fc2e21e7c79b5.json
coload-70,test-Test-4-000--coload-70,18284.204703000003,1156.3616847237363,602a4f0fa15d404aa936c665b380b307948b291572708ecc7189c5df49dfadaf,10849.569833000001,617.9790806838113,PPO-coload-70-large-r1-B40320,solutions/test-Test-4-000--coload-70/602a4f0fa15d404aa936c665b380b307948b291572708ecc7189c5df49dfadaf.json
coload-70,test-Test-4-000--coload-70,18284.204703000003,1156.3616847237363,927e0e9d65b3b49a537c642d6a74dd64f1df561e1d5b6eac8bbbcc09c9bac1ad,10982.202833,610.2979389499624,PPO-coload-70-large-r0-B40320,solutions/test-Test-4-000--coload-70/927e0e9d65b3b49a537c642d6a74dd64f1df561e1d5b6eac8bbbcc09c9bac1ad.json
coload-70,test-Test-4-000--coload-70,18284.204703000003,1156.3616847237363,47e48a7ad9bfa9ed0f96e3dddd4c98492357e4fc3c2c01a5adee55046a50b61a,11041.449833,606.0113480763075,PPO-coload-70-large-r0-B40320,solutions/test-Test-4-000--coload-70/47e48a7ad9bfa9ed0f96e3dddd4c98492357e4fc3c2c01a5adee55046a50b61a.json
coload-70,test-Test-4-000--coload-70,18284.204703000003,1156.3616847237363,d591cb294dc7a22d08cddd6930b4be5aec0192b458875458e3bd114eda08eb71,11376.966832999999,595.0554062917946,PPO-coload-70-large-r2-B40320,solutions/test-Test-4-000--coload-70/d591cb294dc7a22d08cddd6930b4be5aec0192b458875458e3bd114eda08eb71.json
coload-70,test-Test-4-000--coload-70,18284.204703000003,1156.3616847237363,9c6a03506fd1df92c546489e63d9cabb849bd6b7158cee7f313ad9020373aa64,11414.633833,593.6670939737043,PPO-coload-70-large-r1-B40320,solutions/test-Test-4-000--coload-70/9c6a03506fd1df92c546489e63d9cabb849bd6b7158cee7f313ad9020373aa64.json
coload-70,test-Test-4-000--coload-70,18284.204703000003,1156.3616847237363,a43015db0007932c230a6effea0cb7b952389c9f2d8a040757cd606edc321eea,11427.050762999997,578.6748099291076,PPO-coload-70-large-r2-B40320,solutions/test-Test-4-000--coload-70/a43015db0007932c230a6effea0cb7b952389c9f2d8a040757cd606edc321eea.json
coload-70,test-Test-4-000--coload-70,18284.204703000003,1156.3616847237363,869b29e6ec7bfc2482c7e96cea612fcf75a2a3a4c21af20cdde79c8d96880b4f,11604.915493000004,563.6607581098442,PPO-coload-70-large-r2-B40320,solutions/test-Test-4-000--coload-70/869b29e6ec7bfc2482c7e96cea612fcf75a2a3a4c21af20cdde79c8d96880b4f.json
coload-70,test-Test-4-000--coload-70,18284.204703000003,1156.3616847237363,695011e69961a79cbc0252031ed4aec07fad5f779e7f867dd274b7041c6404d2,11665.302493000005,561.6336226968319,PPO-coload-70-large-r2-B40320,solutions/test-Test-4-000--coload-70/695011e69961a79cbc0252031ed4aec07fad5f779e7f867dd274b7041c6404d2.json
coload-70,test-Test-4-000--coload-70,18284.204703000003,1156.3616847237363,eabb3f7c9da8d81987d1e6e0f91d465f9415632a7890c6aa9cc61a5d1368bfd8,11677.068493000004,559.9120479225085,PPO-coload-70-large-r2-B40320,solutions/test-Test-4-000--coload-70/eabb3f7c9da8d81987d1e6e0f91d465f9415632a7890c6aa9cc61a5d1368bfd8.json
coload-70,test-Test-4-000--coload-70,18284.204703000003,1156.3616847237363,ffb73de015e26a2cfbd2d171fbf23f903114f1d7662421062f4a5a15650419ff,11686.616325,555.6375279634676,PPO-coload-70-large-r1-B40320,solutions/test-Test-4-000--coload-70/ffb73de015e26a2cfbd2d171fbf23f903114f1d7662421062f4a5a15650419ff.json
coload-70,test-Test-4-000--coload-70,18284.204703000003,1156.3616847237363,eb2523a52796ee39b894df4093636dcee348663b286691ed29852f9188147b63,11700.642493000005,551.3688503638294,PPO-coload-70-large-r2-B40320,solutions/test-Test-4-000--coload-70/eb2523a52796ee39b894df4093636dcee348663b286691ed29852f9188147b63.json
coload-70,test-Test-4-000--coload-70,18284.204703000003,1156.3616847237363,efbd0c4a8d017b2961aa3cdb8ac190b8c20bfc4437f40a3c43bced34265679cd,11721.523325000002,550.720911507068,PPO-coload-70-large-r1-B40320,solutions/test-Test-4-000--coload-70/efbd0c4a8d017b2961aa3cdb8ac190b8c20bfc4437f40a3c43bced34265679cd.json
coload-70,test-Test-4-000--coload-70,18284.204703000003,1156.3616847237363,db976ea563cf9f7334aa9ebd41d0b273d34e00949229c31a68d1d30862c3a218,11761.270325000001,547.0024430434546,PPO-coload-70-large-r1-B40320,solutions/test-Test-4-000--coload-70/db976ea563cf9f7334aa9ebd41d0b273d34e00949229c31a68d1d30862c3a218.json
coload-70,test-Test-4-000--coload-70,18284.204703000003,1156.3616847237363,fff0a3ecb3151d56bf2e066fa041f7390fcd8bbb1fb76e4ce39ec2a08c646c6c,11809.912228000001,523.0598627755487,PPO-coload-70-large-r1-B40320,solutions/test-Test-4-000--coload-70/fff0a3ecb3151d56bf2e066fa041f7390fcd8bbb1fb76e4ce39ec2a08c646c6c.json
coload-70,test-Test-4-000--coload-70,18284.204703000003,1156.3616847237363,0924402d7fff5537ace37b3b5b6876b29fcacf48dc0d03353f7546d81c90c96d,11878.292285,507.3637810299983,PPO-coload-70-large-r1-B40320,solutions/test-Test-4-000--coload-70/0924402d7fff5537ace37b3b5b6876b29fcacf48dc0d03353f7546d81c90c96d.json
coload-70,test-Test-4-000--coload-70,18284.204703000003,1156.3616847237363,6e34e278637d0ce231747244955ee0fa660499233feb1aa808f82b5a1cbd223e,11968.454285,506.9891194038188,PPO-coload-70-large-r1-B40320,solutions/test-Test-4-000--coload-70/6e34e278637d0ce231747244955ee0fa660499233feb1aa808f82b5a1cbd223e.json
coload-70,test-Test-4-000--coload-70,18284.204703000003,1156.3616847237363,b0563d5f127535855a7de5a7d91b23b5e09277a80baed3873be3ec67756d4d4f,11981.066285,502.4001916420349,PPO-coload-70-large-r1-B40320,solutions/test-Test-4-000--coload-70/b0563d5f127535855a7de5a7d91b23b5e09277a80baed3873be3ec67756d4d4f.json
coload-70,test-Test-4-000--coload-70,18284.204703000003,1156.3616847237363,c482d2e13d5b48613515b8d81dd77235a36b33a89768c20a095d46cb9940a904,12174.798925000003,501.7341418486104,PPO-coload-70-large-r1-B40320,solutions/test-Test-4-000--coload-70/c482d2e13d5b48613515b8d81dd77235a36b33a89768c20a095d46cb9940a904.json
coload-70,test-Test-4-000--coload-70,18284.204703000003,1156.3616847237363,47ea53ff48e3e043535e2f9a49fdf5170face88e78e2544883b31dfd7b6e50ce,12253.833263,498.87008583219773,PPO-coload-70-large-r1-B40320,solutions/test-Test-4-000--coload-70/47ea53ff48e3e043535e2f9a49fdf5170face88e78e2544883b31dfd7b6e50ce.json
coload-70,test-Test-4-000--coload-70,18284.204703000003,1156.3616847237363,8272f53d63b670c58d1918354665e2faca38b85fc873d20a471905149102c7dc,13059.742832999998,497.73143772740843,PPO-coload-70-large-r1-B40320,solutions/test-Test-4-000--coload-70/8272f53d63b670c58d1918354665e2faca38b85fc873d20a471905149102c7dc.json
coload-70,test-Test-4-000--coload-70,18284.204703000003,1156.3616847237363,17fc7ba7f5c9a46ca2df7f159ad72404456130816a4c719a48a93f8d2482f377,13072.842011999997,496.1999619834641,PPO-coload-70-large-r1-B40320,solutions/test-Test-4-000--coload-70/17fc7ba7f5c9a46ca2df7f159ad72404456130816a4c719a48a93f8d2482f377.json
coload-70,test-Test-4-000--coload-70,18284.204703000003,1156.3616847237363,a43fdd88b1c4f1eaf84ac0bc8a1c1c9c2510eb58780fc4abd1435938ec7ca6fa,13781.611434,490.5654643779619,PPO-coload-70-large-r0-B40320,solutions/test-Test-4-000--coload-70/a43fdd88b1c4f1eaf84ac0bc8a1c1c9c2510eb58780fc4abd1435938ec7ca6fa.json
coload-70,test-Test-4-000--coload-70,18284.204703000003,1156.3616847237363,f89d0cb4f5c818e6d937c05d63e029f45adb331f2a21d7030596b8a138f4f974,13989.565434000002,490.1598536975931,PPO-coload-70-large-r0-B40320,solutions/test-Test-4-000--coload-70/f89d0cb4f5c818e6d937c05d63e029f45adb331f2a21d7030596b8a138f4f974.json
coload-70,test-Test-4-000--coload-70,18284.204703000003,1156.3616847237363,a26b3f0075e7fd4c4d6be3c366304b70646ef2c9e57544f3a176f1535cd9e7fd,13990.026848999998,486.14047618144184,PPO-coload-70-large-r0-B40320,solutions/test-Test-4-000--coload-70/a26b3f0075e7fd4c4d6be3c366304b70646ef2c9e57544f3a176f1535cd9e7fd.json
coload-70,test-Test-4-000--coload-70,18284.204703000003,1156.3616847237363,aedaa2c7a6ed4f7819d5e83e9c7caf24e8f6d7ebb23ff108fd3e8d65a11f1168,14049.994649999997,486.04255429236684,PPO-coload-70-large-r2-B40320,solutions/test-Test-4-000--coload-70/aedaa2c7a6ed4f7819d5e83e9c7caf24e8f6d7ebb23ff108fd3e8d65a11f1168.json
coload-70,test-Test-4-000--coload-70,18284.204703000003,1156.3616847237363,1f22a484c2d8035292b24ee05a36a861e73964acc798ab0e01dbeca86428307b,14127.711615999997,481.9223535566692,PPO-coload-70-large-r0-B40320,solutions/test-Test-4-000--coload-70/1f22a484c2d8035292b24ee05a36a861e73964acc798ab0e01dbeca86428307b.json
coload-70,test-Test-4-000--coload-70,18284.204703000003,1156.3616847237363,72466deefc7872c81bcdc1bdbd7cdccdf406b463d1c47630764093a7e4263442,14347.510452999997,480.62192123659725,PPO-coload-70-large-r0-B40320,solutions/test-Test-4-000--coload-70/72466deefc7872c81bcdc1bdbd7cdccdf406b463d1c47630764093a7e4263442.json
coload-70,test-Test-4-000--coload-70,18284.204703000003,1156.3616847237363,43fc57fbda55b43cd790ce8b4434685be2025f565bf736d6a91bb63da457933b,14360.212452999996,479.76154337689553,PPO-coload-70-large-r0-B40320,solutions/test-Test-4-000--coload-70/43fc57fbda55b43cd790ce8b4434685be2025f565bf736d6a91bb63da457933b.json
coload-70,test-Test-4-000--coload-70,18284.204703000003,1156.3616847237363,08f61b517fd7ea05946236f13ecf81c9cb5ad67d4da65c5aaba3daa6cef54622,14393.409051999999,475.80894997547625,PPO-coload-70-large-r0-B40320,solutions/test-Test-4-000--coload-70/08f61b517fd7ea05946236f13ecf81c9cb5ad67d4da65c5aaba3daa6cef54622.json
coload-70,test-Test-4-000--coload-70,18284.204703000003,1156.3616847237363,c47b7dd9605b680fb19e6b6b7471c1f69d8509fa3ef1ef9b408a7ce56784672b,14473.839903999997,470.86821246728084,PPO-coload-70-large-r0-B40320,solutions/test-Test-4-000--coload-70/c47b7dd9605b680fb19e6b6b7471c1f69d8509fa3ef1ef9b408a7ce56784672b.json
coload-70,test-Test-4-000--coload-70,18284.204703000003,1156.3616847237363,cd25aabbced1e72e48d276ac06b3549f4d30609bc0d33122474b3c7ceaa93194,14608.450254999996,463.89407137310366,PPO-coload-70-large-r0-B40320,solutions/test-Test-4-000--coload-70/cd25aabbced1e72e48d276ac06b3549f4d30609bc0d33122474b3c7ceaa93194.json
coload-70,test-Test-4-000--coload-70,18284.204703000003,1156.3616847237363,317b54d4c70d39bd4e612c741e49c4c766f2e2a309b779af4e2ee36e2861f98a,17939.830075,452.428745690559,PPO-coload-70-large-r1-B40320,solutions/test-Test-4-000--coload-70/317b54d4c70d39bd4e612c741e49c4c766f2e2a309b779af4e2ee36e2861f98a.json
coload-70,test-Test-4-000--coload-70,18284.204703000003,1156.3616847237363,70f06dc8051749dbe4a20079b110ad51a82c92096fc9ea5f397734c50e7bb1f9,18117.444075,447.55215687725524,PPO-coload-70-large-r1-B40320,solutions/test-Test-4-000--coload-70/70f06dc8051749dbe4a20079b110ad51a82c92096fc9ea5f397734c50e7bb1f9.json
coload-70,test-Test-4-000--coload-70,18284.204703000003,1156.3616847237363,d322cf088717828158fb0443479f5846354ab6329dd7509763ba33632a1103eb,18428.418901,445.32332021614184,PPO-coload-70-large-r1-B40320,solutions/test-Test-4-000--coload-70/d322cf088717828158fb0443479f5846354ab6329dd7509763ba33632a1103eb.json
coload-70,test-Test-4-000--coload-70,18284.204703000003,1156.3616847237363,fbfffaab03c9f3832c5838c25cf29fcd7676414cbd73f9a9bc283b685669a95e,18487.842901,444.2032733218442,PPO-coload-70-large-r1-B40320,solutions/test-Test-4-000--coload-70/fbfffaab03c9f3832c5838c25cf29fcd7676414cbd73f9a9bc283b685669a95e.json
coload-70,test-Test-4-000--coload-70,18284.204703000003,1156.3616847237363,86a7c3a9cc2b1a979af48e835e22f5f717b89b220eae2cc612c9a2c1c8749b31,18634.400259000002,440.9144614933074,PPO-coload-70-large-r1-B40320,solutions/test-Test-4-000--coload-70/86a7c3a9cc2b1a979af48e835e22f5f717b89b220eae2cc612c9a2c1c8749b31.json
coload-70,test-Test-4-000--coload-70,18284.204703000003,1156.3616847237363,7fb9a33f46ab1dcd33a4df5624142b7dc23bf63164f405edbf49d23941f6f3d6,19627.610683,440.64353024010643,PPO-coload-70-large-r2-B40320,solutions/test-Test-4-000--coload-70/7fb9a33f46ab1dcd33a4df5624142b7dc23bf63164f405edbf49d23941f6f3d6.json
coload-70,test-Test-4-000--coload-70,18284.204703000003,1156.3616847237363,ef95b03d468fa57fa64f4ef6bd6b7475620dc41aad58b8ca1a39a7d51311c52f,19958.440683,439.3055542564032,PPO-coload-70-large-r2-B40320,solutions/test-Test-4-000--coload-70/ef95b03d468fa57fa64f4ef6bd6b7475620dc41aad58b8ca1a39a7d51311c52f.json
coload-70,test-Test-4-000--coload-70,18284.204703000003,1156.3616847237363,0247bea33748df4fee1ac8173068677b370025de4b1ecde68c3b2656aeed6f23,21505.734862999998,438.7500721976911,PPO-coload-70-large-r1-B40320,solutions/test-Test-4-000--coload-70/0247bea33748df4fee1ac8173068677b370025de4b1ecde68c3b2656aeed6f23.json
coload-70,test-Test-4-000--coload-70,18284.204703000003,1156.3616847237363,246181638231a3b20e735c5d204d1f4060df822a232377f16cddd02fc788e617,21583.182862999995,438.40497657840837,PPO-coload-70-large-r1-B40320,solutions/test-Test-4-000--coload-70/246181638231a3b20e735c5d204d1f4060df822a232377f16cddd02fc788e617.json
coload-70,test-Test-4-000--coload-70,18284.204703000003,1156.3616847237363,290439dd0434cc9b6f4909b3fc86cc9cc6ad96b2f5728e060b9b3a6c441c65c3,21735.915862999995,437.4685110251945,PPO-coload-70-large-r1-B40320,solutions/test-Test-4-000--coload-70/290439dd0434cc9b6f4909b3fc86cc9cc6ad96b2f5728e060b9b3a6c441c65c3.json
coload-70,test-Test-4-000--coload-70,18284.204703000003,1156.3616847237363,0cbdf19008dbe4b7fa72841c1722595275dcaa97ad4377dd38d0b1f5d7d54e60,21800.217862999998,437.16961827232217,PPO-coload-70-large-r1-B40320,solutions/test-Test-4-000--coload-70/0cbdf19008dbe4b7fa72841c1722595275dcaa97ad4377dd38d0b1f5d7d54e60.json
coload-70,test-Test-4-000--coload-70,18284.204703000003,1156.3616847237363,3e4b01f108aaa77107fb021d9f7889f5f9727736a854380dcaa82463e94048af,22007.388863,432.5378414765381,PPO-coload-70-large-r1-B40320,solutions/test-Test-4-000--coload-70/3e4b01f108aaa77107fb021d9f7889f5f9727736a854380dcaa82463e94048af.json
coload-70,test-Test-4-000--coload-70,18284.204703000003,1156.3616847237363,16e5f92b4d36d5c422a81463fb7bef26cf12dc7b47bd88f806dff2e08137ca84,22092.764862999997,425.29986110811933,PPO-coload-70-large-r1-B40320,solutions/test-Test-4-000--coload-70/16e5f92b4d36d5c422a81463fb7bef26cf12dc7b47bd88f806dff2e08137ca84.json
coload-70,test-Test-4-000--coload-70,18284.204703000003,1156.3616847237363,8c5bad66abc936a7e7aa296d08569c94faa67bdc72a139b8178afce6d1b26cc3,22153.364862999995,424.3689953515608,PPO-coload-70-large-r1-B40320,solutions/test-Test-4-000--coload-70/8c5bad66abc936a7e7aa296d08569c94faa67bdc72a139b8178afce6d1b26cc3.json
coload-70,test-Test-4-000--coload-70,18284.204703000003,1156.3616847237363,be90a8531be3c5f139749bedf27f11b4067b979d564a3e3f51d6e99789629b02,22323.230862999997,424.3644730533625,PPO-coload-70-large-r1-B40320,solutions/test-Test-4-000--coload-70/be90a8531be3c5f139749bedf27f11b4067b979d564a3e3f51d6e99789629b02.json
coload-70,test-Test-4-000--coload-70,18284.204703000003,1156.3616847237363,8fde6421f8a39b3d333a53646b3bebbca35f1178d2aa13b55aba1aaf632280fb,22407.329863,420.9950668348393,PPO-coload-70-large-r1-B40320,solutions/test-Test-4-000--coload-70/8fde6421f8a39b3d333a53646b3bebbca35f1178d2aa13b55aba1aaf632280fb.json
coload-70,test-Test-4-000--coload-70,18284.204703000003,1156.3616847237363,062249120967449d6f6ba8b25a7d31ca0069323ed2d12c7483ffcc6fe820c1fb,22487.473727,420.2349451887858,PPO-coload-70-large-r1-B40320,solutions/test-Test-4-000--coload-70/062249120967449d6f6ba8b25a7d31ca0069323ed2d12c7483ffcc6fe820c1fb.json
coload-70,test-Test-4-000--coload-70,18284.204703000003,1156.3616847237363,b2461a62fe9ebe8603a06e8aa06ca602e2bec6986a634d38e53b923af1d5a3b4,22618.955863000003,420.10115968943285,PPO-coload-70-large-r1-B40320,solutions/test-Test-4-000--coload-70/b2461a62fe9ebe8603a06e8aa06ca602e2bec6986a634d38e53b923af1d5a3b4.json
coload-70,test-Test-4-000--coload-70,18284.204703000003,1156.3616847237363,4dea17051c4f10d206742e39689e0556eec15acea756d24fb2a3dd564e6810a5,22637.795863,420.0596787800824,PPO-coload-70-large-r1-B40320,solutions/test-Test-4-000--coload-70/4dea17051c4f10d206742e39689e0556eec15acea756d24fb2a3dd564e6810a5.json
coload-70,test-Test-4-000--coload-70,18284.204703000003,1156.3616847237363,9a51bad6a1a2ad33b2489bfd6fad68ce1075d1956f0dfe4276f4bf2dd2d79023,22643.150863000003,419.39901826679386,PPO-coload-70-large-r1-B40320,solutions/test-Test-4-000--coload-70/9a51bad6a1a2ad33b2489bfd6fad68ce1075d1956f0dfe4276f4bf2dd2d79023.json
coload-70,test-Test-4-000--coload-70,18284.204703000003,1156.3616847237363,622d8bf2459421548eab8bf97fe62418ba4a68ad8ce241e2586004722d172745,22647.539862999998,417.7375047321093,PPO-coload-70-large-r1-B40320,solutions/test-Test-4-000--coload-70/622d8bf2459421548eab8bf97fe62418ba4a68ad8ce241e2586004722d172745.json
coload-70,test-Test-4-000--coload-70,18284.204703000003,1156.3616847237363,93a7f7f9a9ab3a9df59a50dcb2a8fbff44c3cfac7b8018de64600914c33e90ec,22669.027803,415.8547340426351,PPO-coload-70-large-r1-B40320,solutions/test-Test-4-000--coload-70/93a7f7f9a9ab3a9df59a50dcb2a8fbff44c3cfac7b8018de64600914c33e90ec.json
coload-70,test-Test-4-000--coload-70,18284.204703000003,1156.3616847237363,ad73d8d1e6b867155a017ec9ff9f54eaf94f057dc20abc56a2475ad1340aa00b,22899.189147000005,415.64665320792346,PPO-coload-70-large-r1-B40320,solutions/test-Test-4-000--coload-70/ad73d8d1e6b867155a017ec9ff9f54eaf94f057dc20abc56a2475ad1340aa00b.json
coload-70,test-Test-4-000--coload-70,18284.204703000003,1156.3616847237363,e560ddd19d6d6a4c59e2632b6ac4edd9b1368b61048b072a79279196c452d127,22932.374147000002,411.8082607217582,PPO-coload-70-large-r1-B40320,solutions/test-Test-4-000--coload-70/e560ddd19d6d6a4c59e2632b6ac4edd9b1368b61048b072a79279196c452d127.json
coload-70,test-Test-4-000--coload-70,18284.204703000003,1156.3616847237363,844851daa3b792846105eeeeb44860bba8901be78d30ae1fe522973dddcffc9d,23051.879147000007,409.5192567488508,PPO-coload-70-large-r1-B40320,solutions/test-Test-4-000--coload-70/844851daa3b792846105eeeeb44860bba8901be78d30ae1fe522973dddcffc9d.json
coload-70,test-Test-4-000--coload-70,18284.204703000003,1156.3616847237363,488f080ef61cc40573d62a023dab1bb8b1f25a80a955968fd165c5e5f28434ff,23147.024147000004,408.9945087231938,PPO-coload-70-large-r1-B40320,solutions/test-Test-4-000--coload-70/488f080ef61cc40573d62a023dab1bb8b1f25a80a955968fd165c5e5f28434ff.json
coload-70,test-Test-4-000--coload-70,18284.204703000003,1156.3616847237363,057531e447be6f25776b178083ca6d15c95abefa8e8b4e59e2f7a69c70b53a69,23250.837353000003,408.0781609317228,PPO-coload-70-large-r1-B40320,solutions/test-Test-4-000--coload-70/057531e447be6f25776b178083ca6d15c95abefa8e8b4e59e2f7a69c70b53a69.json
coload-80,test-Test-4-000--coload-80,18284.204703000003,1180.5729291005669,71fe5d4f8bf1b5acc6884a260e53730a3b478c4a6157e6828f9aa6c6ab4b13ef,10321.603833000001,721.8110454150014,PPO-coload-80-large-r0-B40320,solutions/test-Test-4-000--coload-80/71fe5d4f8bf1b5acc6884a260e53730a3b478c4a6157e6828f9aa6c6ab4b13ef.json
coload-80,test-Test-4-000--coload-80,18284.204703000003,1180.5729291005669,c2b8f8157103991294611708c4ceb0dd052ab5e44f0cac156f3f782a07c6650b,10452.130833000003,717.674086816488,PPO-coload-80-large-r0-B40320,solutions/test-Test-4-000--coload-80/c2b8f8157103991294611708c4ceb0dd052ab5e44f0cac156f3f782a07c6650b.json
coload-80,test-Test-4-000--coload-80,18284.204703000003,1180.5729291005669,5bd2eb1548dea95236f8d51a9326eed793a7bfd77d123ce0ef6e3cbf7eed1624,10549.305833,715.1592958828796,PPO-coload-80-large-r0-B40320,solutions/test-Test-4-000--coload-80/5bd2eb1548dea95236f8d51a9326eed793a7bfd77d123ce0ef6e3cbf7eed1624.json
coload-80,test-Test-4-000--coload-80,18284.204703000003,1180.5729291005669,fd2554184e1090b70e8434d0e845e4e4728cc16b9a12dfcc22dc711d0713150f,10563.645833000002,711.4990955647753,PPO-coload-80-large-r0-B40320,solutions/test-Test-4-000--coload-80/fd2554184e1090b70e8434d0e845e4e4728cc16b9a12dfcc22dc711d0713150f.json
coload-80,test-Test-4-000--coload-80,18284.204703000003,1180.5729291005669,bf0b81c7b0abc316fb7862efc32fe9a4e22b7055714e8229bac87db02055df89,10587.358833000002,711.2798687387481,PPO-coload-80-large-r0-B40320,solutions/test-Test-4-000--coload-80/bf0b81c7b0abc316fb7862efc32fe9a4e22b7055714e8229bac87db02055df89.json
coload-80,test-Test-4-000--coload-80,18284.204703000003,1180.5729291005669,3fd363daaa43fd856d1ceba675f78486534b603ba874be7f96de0d5ee3d7bf7a,10612.531833000003,706.468870726284,PPO-coload-80-large-r0-B40320,solutions/test-Test-4-000--coload-80/3fd363daaa43fd856d1ceba675f78486534b603ba874be7f96de0d5ee3d7bf7a.json
coload-80,test-Test-4-000--coload-80,18284.204703000003,1180.5729291005669,f2f181bdb1a1b6cdc8ff0946a4cff2b2a0d9641fff58a56cf81f4b61f82926f8,10657.542833000001,697.8542989154977,PPO-coload-80-large-r0-B40320,solutions/test-Test-4-000--coload-80/f2f181bdb1a1b6cdc8ff0946a4cff2b2a0d9641fff58a56cf81f4b61f82926f8.json
coload-80,test-Test-4-000--coload-80,18284.204703000003,1180.5729291005669,686d967271288ab462d690ea0c343502dc8cbbb10e84242ad91d197d7adc7f3d,10739.283833,632.7392683078019,PPO-coload-80-large-r1-B40320,solutions/test-Test-4-000--coload-80/686d967271288ab462d690ea0c343502dc8cbbb10e84242ad91d197d7adc7f3d.json
coload-80,test-Test-4-000--coload-80,18284.204703000003,1180.5729291005669,8cb5e7e02a10379d4c533f1a8ee1c3872aa0408e6674613273c80eb61139ede0,10784.115833,631.2223251448531,PPO-coload-80-large-r1-B40320,solutions/test-Test-4-000--coload-80/8cb5e7e02a10379d4c533f1a8ee1c3872aa0408e6674613273c80eb61139ede0.json
coload-80,test-Test-4-000--coload-80,18284.204703000003,1180.5729291005669,2d8f0da400b729d3e699c85b60cea6d177801f8bf5f4db80e38fc2e21e7c79b5,10788.375833,630.2073577949069,PPO-coload-80-large-r1-B40320,solutions/test-Test-4-000--coload-80/2d8f0da400b729d3e699c85b60cea6d177801f8bf5f4db80e38fc2e21e7c79b5.json
coload-80,test-Test-4-000--coload-80,18284.204703000003,1180.5729291005669,86fe2a907efc0dc9374f923855b0c9fa28ff919266afeed3a5797084fd4b7a0f,10822.83543,624.7901260187106,PPO-coload-80-large-r2-B40320,solutions/test-Test-4-000--coload-80/86fe2a907efc0dc9374f923855b0c9fa28ff919266afeed3a5797084fd4b7a0f.json
coload-80,test-Test-4-000--coload-80,18284.204703000003,1180.5729291005669,291a8ff3add95a750512e4971c966c9b10983de16aec0e433cf1edeb46f0f10e,10824.275429999998,622.3271067150116,PPO-coload-80-large-r2-B40320,solutions/test-Test-4-000--coload-80/291a8ff3add95a750512e4971c966c9b10983de16aec0e433cf1edeb46f0f10e.json
coload-80,test-Test-4-000--coload-80,18284.204703000003,1180.5729291005669,aafa80c64f54cce062b5c02444a58121cba8b87bf1c5841b34c9fb015ce67834,10838.06943,620.9187905753474,PPO-coload-80-large-r2-B40320,solutions/test-Test-4-000--coload-80/aafa80c64f54cce062b5c02444a58121cba8b87bf1c5841b34c9fb015ce67834.json
coload-80,test-Test-4-000--coload-80,18284.204703000003,1180.5729291005669,0979c6c903aa4c2ae65751d3d2f0cc8120bcfe9804bc7fba254c7edd902bb733,10946.419429999998,619.3649284465437,PPO-coload-80-large-r2-B40320,solutions/test-Test-4-000--coload-80/0979c6c903aa4c2ae65751d3d2f0cc8120bcfe9804bc7fba254c7edd902bb733.json
coload-80,test-Test-4-000--coload-80,18284.204703000003,1180.5729291005669,927e0e9d65b3b49a537c642d6a74dd64f1df561e1d5b6eac8bbbcc09c9bac1ad,10982.202833,618.2178748179866,PPO-coload-80-large-r0-B40320,solutions/test-Test-4-000--coload-80/927e0e9d65b3b49a537c642d6a74dd64f1df561e1d5b6eac8bbbcc09c9bac1ad.json
coload-80,test-Test-4-000--coload-80,18284.204703000003,1180.5729291005669,d21f8e976b931b5dce97195fd0ce04751b5cb3d593788d6099df4162c1cc1bd7,11015.534704999998,616.1829229938953,PPO-coload-80-large-r2-B40320,solutions/test-Test-4-000--coload-80/d21f8e976b931b5dce97195fd0ce04751b5cb3d593788d6099df4162c1cc1bd7.json
coload-80,test-Test-4-000--coload-80,18284.204703000003,1180.5729291005669,1180b9e33bab07819190dda6b7ef667de9b10635909bfe234375a3d99f694b3c,11037.948833,613.846270029554,PPO-coload-80-large-r1-B40320,solutions/test-Test-4-000--coload-80/1180b9e33bab07819190dda6b7ef667de9b10635909bfe234375a3d99f694b3c.json
coload-80,test-Test-4-000--coload-80,18284.204703000003,1180.5729291005669,ff65fe29c3a68d3be3bfa85ab9e7d0fa5eb2a992a2d93769a88eb54a9013e19b,11059.119833000002,611.5261972310595,PPO-coload-80-large-r1-B40320,solutions/test-Test-4-000--coload-80/ff65fe29c3a68d3be3bfa85ab9e7d0fa5eb2a992a2d93769a88eb54a9013e19b.json
coload-80,test-Test-4-000--coload-80,18284.204703000003,1180.5729291005669,bc0ec932424bd56a83b0d57700e2c634cb42793acfc834b2f32ecc834e58dee8,11121.249833000003,610.6167657620554,PPO-coload-80-large-r1-B40320,solutions/test-Test-4-000--coload-80/bc0ec932424bd56a83b0d57700e2c634cb42793acfc834b2f32ecc834e58dee8.json
coload-80,test-Test-4-000--coload-80,18284.204703000003,1180.5729291005669,3b5699eb5fbd17a5457dac874bc0bbde80b1082219c3fd99ee6ebfbabe95a521,11122.347833000002,608.5928208844981,PPO-coload-80-large-r1-B40320,solutions/test-Test-4-000--coload-80/3b5699eb5fbd17a5457dac874bc0bbde80b1082219c3fd99ee6ebfbabe95a521.json
coload-80,test-Test-4-000--coload-80,18284.204703000003,1180.5729291005669,717bf32aa3f878e9fe37eab605c54be780392c58a8f68001fb7eba4d119647de,11262.402833,602.8539146429341,PPO-coload-80-large-r2-B40320,solutions/test-Test-4-000--coload-80/717bf32aa3f878e9fe37eab605c54be780392c58a8f68001fb7eba4d119647de.json
coload-80,test-Test-4-000--coload-80,18284.204703000003,1180.5729291005669,d93fb77443ad93a71cfdb8c02bb65607b75e5a46d38059ea18e229e677b4812d,11285.196832999998,601.9166802201509,PPO-coload-80-large-r2-B40320,solutions/test-Test-4-000--coload-80/d93fb77443ad93a71cfdb8c02bb65607b75e5a46d38059ea18e229e677b4812d.json
coload-80,test-Test-4-000--coload-80,18284.204703000003,1180.5729291005669,ae3f7c7a4d221bb49ecfff266c65c4b0b997e2e089b568a12f66250ff145013c,11408.996833,601.4122902680947,PPO-coload-80-large-r2-B40320,solutions/test-Test-4-000--coload-80/ae3f7c7a4d221bb49ecfff266c65c4b0b997e2e089b568a12f66250ff145013c.json
coload-80,test-Test-4-000--coload-80,18284.204703000003,1180.5729291005669,ded2e3339b51ecd67e40526462659f541640569fb33177de5d23d928a77d0538,11420.324832999999,599.6101833125033,PPO-coload-80-large-r2-B40320,solutions/test-Test-4-000--coload-80/ded2e3339b51ecd67e40526462659f541640569fb33177de5d23d928a77d0538.json
coload-80,test-Test-4-000--coload-80,18284.204703000003,1180.5729291005669,a43015db0007932c230a6effea0cb7b952389c9f2d8a040757cd606edc321eea,11427.050762999997,586.3392792050257,PPO-coload-80-large-r2-B40320,solutions/test-Test-4-000--coload-80/a43015db0007932c230a6effea0cb7b952389c9f2d8a040757cd606edc321eea.json
coload-80,test-Test-4-000--coload-80,18284.204703000003,1180.5729291005669,d6187dc6ccbea734dd76adeee4edad67dcfa40a36fe61b21962df532703b0372,11441.715833,577.7720088698757,PPO-coload-80-large-r1-B40320,solutions/test-Test-4-000--coload-80/d6187dc6ccbea734dd76adeee4edad67dcfa40a36fe61b21962df532703b0372.json
coload-80,test-Test-4-000--coload-80,18284.204703000003,1180.5729291005669,b296a2a2129bc0804047594ff61d09710d09ade30475f6e471fd2c9869a9b9f7,11473.806833,577.7155383597244,PPO-coload-80-large-r1-B40320,solutions/test-Test-4-000--coload-80/b296a2a2129bc0804047594ff61d09710d09ade30475f6e471fd2c9869a9b9f7.json
coload-80,test-Test-4-000--coload-80,18284.204703000003,1180.5729291005669,943f5b4b5a861953bcd581661ee321ef1eb75d7e185bfb18ee03300ce45642cb,11496.392533000004,545.9753531983795,PPO-coload-80-large-r0-B40320,solutions/test-Test-4-000--coload-80/943f5b4b5a861953bcd581661ee321ef1eb75d7e185bfb18ee03300ce45642cb.json
coload-80,test-Test-4-000--coload-80,18284.204703000003,1180.5729291005669,ffc1b1f1190fdcfacecdc6e2cf52fbe43321720d49fab7cf10f4ccb0e162891c,11610.278235000003,545.1722419797343,PPO-coload-80-large-r0-B40320,solutions/test-Test-4-000--coload-80/ffc1b1f1190fdcfacecdc6e2cf52fbe43321720d49fab7cf10f4ccb0e162891c.json
coload-80,test-Test-4-000--coload-80,18284.204703000003,1180.5729291005669,59b58c0f6d96caed2297c9c5a7c9efb069401cf3c47692c50ab93e0514a721e4,11635.809207999997,543.3613266878667,PPO-coload-80-large-r0-B40320,solutions/test-Test-4-000--coload-80/59b58c0f6d96caed2297c9c5a7c9efb069401cf3c47692c50ab93e0514a721e4.json
coload-80,test-Test-4-000--coload-80,18284.204703000003,1180.5729291005669,821b305787897cbd34518c86d5fc75dea2ad2568dc6945eeab89442915906d46,11665.022207999998,539.8311923386464,PPO-coload-80-large-r0-B40320,solutions/test-Test-4-000--coload-80/821b305787897cbd34518c86d5fc75dea2ad2568dc6945eeab89442915906d46.json
coload-80,test-Test-4-000--coload-80,18284.204703000003,1180.5729291005669,fff0a3ecb3151d56bf2e066fa041f7390fcd8bbb1fb76e4ce39ec2a08c646c6c,11809.912228000001,528.3355791981774,PPO-coload-80-large-r1-B40320,solutions/test-Test-4-000--coload-80/fff0a3ecb3151d56bf2e066fa041f7390fcd8bbb1fb76e4ce39ec2a08c646c6c.json
coload-80,test-Test-4-000--coload-80,18284.204703000003,1180.5729291005669,0924402d7fff5537ace37b3b5b6876b29fcacf48dc0d03353f7546d81c90c96d,11878.292285,512.2974365088752,PPO-coload-80-large-r1-B40320,solutions/test-Test-4-000--coload-80/0924402d7fff5537ace37b3b5b6876b29fcacf48dc0d03353f7546d81c90c96d.json
coload-80,test-Test-4-000--coload-80,18284.204703000003,1180.5729291005669,6e34e278637d0ce231747244955ee0fa660499233feb1aa808f82b5a1cbd223e,11968.454285,511.90115469266095,PPO-coload-80-large-r1-B40320,solutions/test-Test-4-000--coload-80/6e34e278637d0ce231747244955ee0fa660499233feb1aa808f82b5a1cbd223e.json
coload-80,test-Test-4-000--coload-80,18284.204703000003,1180.5729291005669,b0563d5f127535855a7de5a7d91b23b5e09277a80baed3873be3ec67756d4d4f,11981.066285,507.11701497885645,PPO-coload-80-large-r1-B40320,solutions/test-Test-4-000--coload-80/b0563d5f127535855a7de5a7d91b23b5e09277a80baed3873be3ec67756d4d4f.json
coload-80,test-Test-4-000--coload-80,18284.204703000003,1180.5729291005669,c482d2e13d5b48613515b8d81dd77235a36b33a89768c20a095d46cb9940a904,12174.798925000003,506.4863380770254,PPO-coload-80-large-r1-B40320,solutions/test-Test-4-000--coload-80/c482d2e13d5b48613515b8d81dd77235a36b33a89768c20a095d46cb9940a904.json
coload-80,test-Test-4-000--coload-80,18284.204703000003,1180.5729291005669,47ea53ff48e3e043535e2f9a49fdf5170face88e78e2544883b31dfd7b6e50ce,12253.833263,503.46483421924836,PPO-coload-80-large-r1-B40320,solutions/test-Test-4-000--coload-80/47ea53ff48e3e043535e2f9a49fdf5170face88e78e2544883b31dfd7b6e50ce.json
coload-80,test-Test-4-000--coload-80,18284.204703000003,1180.5729291005669,d2d32bce98251d37f897fa629861d94b7f7bafd6699a47c9c758f92a17f559d0,12915.654672999997,503.1878673542945,PPO-coload-80-large-r0-B40320,solutions/test-Test-4-000--coload-80/d2d32bce98251d37f897fa629861d94b7f7bafd6699a47c9c758f92a17f559d0.json
coload-80,test-Test-4-000--coload-80,18284.204703000003,1180.5729291005669,3fd369b6c70cc0a8c0d1fd7ae543d34e58c8de88bc8fe02b3f57f1ff3d91f9c0,12973.418152999999,499.71774624897364,PPO-coload-80-large-r0-B40320,solutions/test-Test-4-000--coload-80/3fd369b6c70cc0a8c0d1fd7ae543d34e58c8de88bc8fe02b3f57f1ff3d91f9c0.json
coload-80,test-Test-4-000--coload-80,18284.204703000003,1180.5729291005669,5b7f6aa4eb15770e95a4ef89ce6326f155e517c0b054db6ff22d2dd42ec692e4,13183.109672999999,498.8460290144302,PPO-coload-80-large-r0-B40320,solutions/test-Test-4-000--coload-80/5b7f6aa4eb15770e95a4ef89ce6326f155e517c0b054db6ff22d2dd42ec692e4.json
coload-80,test-Test-4-000--coload-80,18284.204703000003,1180.5729291005669,72e0cd13cc9a61109b4059d68acb2b96aa967b734cfa5c6e1253ee7372debd82,13279.168152999997,495.4109109251707,PPO-coload-80-large-r0-B40320,solutions/test-Test-4-000--coload-80/72e0cd13cc9a61109b4059d68acb2b96aa967b734cfa5c6e1253ee7372debd82.json
coload-80,test-Test-4-000--coload-80,18284.204703000003,1180.5729291005669,a40c21b945dafa1035eac633dc2b3ef301b2029885c43e1e3c965705e446edc8,13317.625340999997,494.61049744070726,PPO-coload-80-large-r0-B40320,solutions/test-Test-4-000--coload-80/a40c21b945dafa1035eac633dc2b3ef301b2029885c43e1e3c965705e446edc8.json
coload-80,test-Test-4-000--coload-80,18284.204703000003,1180.5729291005669,74cbbaeddb39964f828aed8632b0b4100f964aa5e82aab5834a1666150ab2c44,13330.795152999997,493.27347017855385,PPO-coload-80-large-r0-B40320,solutions/test-Test-4-000--coload-80/74cbbaeddb39964f828aed8632b0b4100f964aa5e82aab5834a1666150ab2c44.json
coload-80,test-Test-4-000--coload-80,18284.204703000003,1180.5729291005669,6d5284648f83e8bc1758b81acbee283240265cd2efa75ea211d61a51a3343008,13393.609152999998,492.876742916174,PPO-coload-80-large-r0-B40320,solutions/test-Test-4-000--coload-80/6d5284648f83e8bc1758b81acbee283240265cd2efa75ea211d61a51a3343008.json
coload-80,test-Test-4-000--coload-80,18284.204703000003,1180.5729291005669,555a4b049624b497c13bfc205d9656ba20a282bc3c7eeb2b57089025756acf71,13776.168242999995,492.32401735543874,PPO-coload-80-large-r0-B40320,solutions/test-Test-4-000--coload-80/555a4b049624b497c13bfc205d9656ba20a282bc3c7eeb2b57089025756acf71.json
coload-80,test-Test-4-000--coload-80,18284.204703000003,1180.5729291005669,a26b3f0075e7fd4c4d6be3c366304b70646ef2c9e57544f3a176f1535cd9e7fd,13990.026848999998,490.2701787016689,PPO-coload-80-large-r0-B40320,solutions/test-Test-4-000--coload-80/a26b3f0075e7fd4c4d6be3c366304b70646ef2c9e57544f3a176f1535cd9e7fd.json
coload-80,test-Test-4-000--coload-80,18284.204703000003,1180.5729291005669,1f22a484c2d8035292b24ee05a36a861e73964acc798ab0e01dbeca86428307b,14127.711615999997,486.05580085129867,PPO-coload-80-large-r0-B40320,solutions/test-Test-4-000--coload-80/1f22a484c2d8035292b24ee05a36a861e73964acc798ab0e01dbeca86428307b.json
coload-80,test-Test-4-000--coload-80,18284.204703000003,1180.5729291005669,72466deefc7872c81bcdc1bdbd7cdccdf406b463d1c47630764093a7e4263442,14347.510452999997,484.7347622610001,PPO-coload-80-large-r0-B40320,solutions/test-Test-4-000--coload-80/72466deefc7872c81bcdc1bdbd7cdccdf406b463d1c47630764093a7e4263442.json
coload-80,test-Test-4-000--coload-80,18284.204703000003,1180.5729291005669,43fc57fbda55b43cd790ce8b4434685be2025f565bf736d6a91bb63da457933b,14360.212452999996,483.8743844012984,PPO-coload-80-large-r0-B40320,solutions/test-Test-4-000--coload-80/43fc57fbda55b43cd790ce8b4434685be2025f565bf736d6a91bb63da457933b.json
coload-80,test-Test-4-000--coload-80,18284.204703000003,1180.5729291005669,08f61b517fd7ea05946236f13ecf81c9cb5ad67d4da65c5aaba3daa6cef54622,14393.409051999999,479.92667984224124,PPO-coload-80-large-r0-B40320,solutions/test-Test-4-000--coload-80/08f61b517fd7ea05946236f13ecf81c9cb5ad67d4da65c5aaba3daa6cef54622.json
coload-80,test-Test-4-000--coload-80,18284.204703000003,1180.5729291005669,c47b7dd9605b680fb19e6b6b7471c1f69d8509fa3ef1ef9b408a7ce56784672b,14473.839903999997,474.97292091722574,PPO-coload-80-large-r0-B40320,solutions/test-Test-4-000--coload-80/c47b7dd9605b680fb19e6b6b7471c1f69d8509fa3ef1ef9b408a7ce56784672b.json
coload-80,test-Test-4-000--coload-80,18284.204703000003,1180.5729291005669,cd25aabbced1e72e48d276ac06b3549f4d30609bc0d33122474b3c7ceaa93194,14608.450254999996,467.7893301609945,PPO-coload-80-large-r0-B40320,solutions/test-Test-4-000--coload-80/cd25aabbced1e72e48d276ac06b3549f4d30609bc0d33122474b3c7ceaa93194.json
coload-80,test-Test-4-000--coload-80,18284.204703000003,1180.5729291005669,feb030a1d11f6146859e89c0dd5ed10f40cb119356e638244c5a892365653522,16501.617539,461.7676565790913,PPO-coload-80-large-r2-B40320,solutions/test-Test-4-000--coload-80/feb030a1d11f6146859e89c0dd5ed10f40cb119356e638244c5a892365653522.json
coload-80,test-Test-4-000--coload-80,18284.204703000003,1180.5729291005669,afcd4aa4b2d52feed479007fa8e3a048c312cea2514f13bc957ac5045bd7eaae,19202.433229000002,461.7353797600861,PPO-coload-80-large-r1-B40320,solutions/test-Test-4-000--coload-80/afcd4aa4b2d52feed479007fa8e3a048c312cea2514f13bc957ac5045bd7eaae.json
coload-80,test-Test-4-000--coload-80,18284.204703000003,1180.5729291005669,32229fa579c51da7ced15c9e2c7d6f6cdd3dff87042cd475f1ae26fa7b32c666,19276.248229000004,461.40647544417544,PPO-coload-80-large-r1-B40320,solutions/test-Test-4-000--coload-80/32229fa579c51da7ced15c9e2c7d6f6cdd3dff87042cd475f1ae26fa7b32c666.json
coload-80,test-Test-4-000--coload-80,18284.204703000003,1180.5729291005669,f89e7320ebf3ba8e9b47c23e39ac1fd578da22823da9f96d7192340f7a4afc63,19312.959409000003,456.25513912699057,PPO-coload-80-large-r1-B40320,solutions/test-Test-4-000--coload-80/f89e7320ebf3ba8e9b47c23e39ac1fd578da22823da9f96d7192340f7a4afc63.json
coload-80,test-Test-4-000--coload-80,18284.204703000003,1180.5729291005669,fe3b09b9b4eaf3297df5803ec683a0214fe4cbd5dd929b8c920251612976cf21,19962.563143999996,455.50548621714483,PPO-coload-80-large-r2-B40320,solutions/test-Test-4-000--coload-80/fe3b09b9b4eaf3297df5803ec683a0214fe4cbd5dd929b8c920251612976cf21.json
coload-80,test-Test-4-000--coload-80,18284.204703000003,1180.5729291005669,d60651a46e52fba214cd1f50fae7a2322e6806f3665a752235e8abb6edcb66dd,19982.135322999995,453.39838691367754,PPO-coload-80-large-r2-B40320,solutions/test-Test-4-000--coload-80/d60651a46e52fba214cd1f50fae7a2322e6806f3665a752235e8abb6edcb66dd.json
coload-80,test-Test-4-000--coload-80,18284.204703000003,1180.5729291005669,11a16a723129c75aa6ebff06ce55deddef86372464ebb0ffc59180d3a551c0c4,20073.157877,452.5732946408267,PPO-coload-80-large-r2-B40320,solutions/test-Test-4-000--coload-80/11a16a723129c75aa6ebff06ce55deddef86372464ebb0ffc59180d3a551c0c4.json
coload-80,test-Test-4-000--coload-80,18284.204703000003,1180.5729291005669,04d5b622ae4c12835bc62cf96092d51316a5a08020057da478e936f4645ddde2,20115.674323,450.74864806025323,PPO-coload-80-large-r2-B40320,solutions/test-Test-4-000--coload-80/04d5b622ae4c12835bc62cf96092d51316a5a08020057da478e936f4645ddde2.json
coload-80,test-Test-4-000--coload-80,18284.204703000003,1180.5729291005669,2ff9d070d9ff89132ed591899c54905a4b2855ae3fbc232ee332ac02edebbac9,20144.143073,450.3268788523096,PPO-coload-80-large-r2-B40320,solutions/test-Test-4-000--coload-80/2ff9d070d9ff89132ed591899c54905a4b2855ae3fbc232ee332ac02edebbac9.json
coload-80,test-Test-4-000--coload-80,18284.204703000003,1180.5729291005669,ed27d3fae34bab2bea7d95b64f47ce42aff14f4a92581910f1400ab89d460a2e,20198.203684999993,444.1031217276236,PPO-coload-80-large-r2-B40320,solutions/test-Test-4-000--coload-80/ed27d3fae34bab2bea7d95b64f47ce42aff14f4a92581910f1400ab89d460a2e.json
coload-80,test-Test-4-000--coload-80,18284.204703000003,1180.5729291005669,9216d2a1a8943669242a599ef75f82d9c60150a7dbac9e924da618e4d841fb02,20333.377292999994,440.2744167440587,PPO-coload-80-large-r2-B40320,solutions/test-Test-4-000--coload-80/9216d2a1a8943669242a599ef75f82d9c60150a7dbac9e924da618e4d841fb02.json
coload-80,test-Test-4-000--coload-80,18284.204703000003,1180.5729291005669,f584f860a08b547f67a7a2648d79e0ccf4f9eae517b55b0bf4dd312e38cac41c,20556.664684999996,439.78337798471307,PPO-coload-80-large-r2-B40320,solutions/test-Test-4-000--coload-80/f584f860a08b547f67a7a2648d79e0ccf4f9eae517b55b0bf4dd312e38cac41c.json
coload-80,test-Test-4-000--coload-80,18284.204703000003,1180.5729291005669,9be86dc662e024275c2b065c4a64fcbc394a21a1b98dc1f17ce11681037ae8fa,20559.934684999993,438.8052846815644,PPO-coload-80-large-r2-B40320,solutions/test-Test-4-000--coload-80/9be86dc662e024275c2b065c4a64fcbc394a21a1b98dc1f17ce11681037ae8fa.json
coload-80,test-Test-4-000--coload-80,18284.204703000003,1180.5729291005669,88f7c6ecc55e1b7b1ed8f7251be13200665c33e5a0390c36aa18a14cdeba2a4a,20711.214684999995,438.62533998471315,PPO-coload-80-large-r2-B40320,solutions/test-Test-4-000--coload-80/88f7c6ecc55e1b7b1ed8f7251be13200665c33e5a0390c36aa18a14cdeba2a4a.json
coload-80,test-Test-4-000--coload-80,18284.204703000003,1180.5729291005669,c2bab8b2bfc9bb8d5bc62241b923e520ea29b23baa84e0afa8f1e5f11de07db2,20791.299968999996,437.5621503204824,PPO-coload-80-large-r2-B40320,solutions/test-Test-4-000--coload-80/c2bab8b2bfc9bb8d5bc62241b923e520ea29b23baa84e0afa8f1e5f11de07db2.json
coload-80,test-Test-4-000--coload-80,18284.204703000003,1180.5729291005669,a7ed4b36193caaecf1d8379b0941f1d131ffe956cc0c0324a8544ac5c0b3b8eb,20871.415892999994,437.3902869672433,PPO-coload-80-large-r2-B40320,solutions/test-Test-4-000--coload-80/a7ed4b36193caaecf1d8379b0941f1d131ffe956cc0c0324a8544ac5c0b3b8eb.json
coload-80,test-Test-4-000--coload-80,18284.204703000003,1180.5729291005669,d8ccad7840c1ad17dff49fbc64fe8a6c7784dabf440243517686067bfbf66f91,20931.900684999993,437.24352692920684,PPO-coload-80-large-r2-B40320,solutions/test-Test-4-000--coload-80/d8ccad7840c1ad17dff49fbc64fe8a6c7784dabf440243517686067bfbf66f91.json
coload-80,test-Test-4-000--coload-80,18284.204703000003,1180.5729291005669,2978b83f81ea0856b251f20444245c175bc9e6f466850e9e5817317edbf5839e,20954.456916999996,437.2065055560315,PPO-coload-80-large-r2-B40320,solutions/test-Test-4-000--coload-80/2978b83f81ea0856b251f20444245c175bc9e6f466850e9e5817317edbf5839e.json
coload-80,test-Test-4-000--coload-80,18284.204703000003,1180.5729291005669,c56ab960635d7f10da3c987dc81f966f256060c2cd323ed994c93281d3716f31,21126.234684999996,436.3970593099084,PPO-coload-80-large-r2-B40320,solutions/test-Test-4-000--coload-80/c56ab960635d7f10da3c987dc81f966f256060c2cd323ed994c93281d3716f31.json
coload-80,test-Test-4-000--coload-80,18284.204703000003,1180.5729291005669,3e4b01f108aaa77107fb021d9f7889f5f9727736a854380dcaa82463e94048af,22007.388863,435.61792620147696,PPO-coload-80-large-r1-B40320,solutions/test-Test-4-000--coload-80/3e4b01f108aaa77107fb021d9f7889f5f9727736a854380dcaa82463e94048af.json
coload-80,test-Test-4-000--coload-80,18284.204703000003,1180.5729291005669,16e5f92b4d36d5c422a81463fb7bef26cf12dc7b47bd88f806dff2e08137ca84,22092.764862999997,428.246221828937,PPO-coload-80-large-r1-B40320,solutions/test-Test-4-000--coload-80/16e5f92b4d36d5c422a81463fb7bef26cf12dc7b47bd88f806dff2e08137ca84.json
coload-80,test-Test-4-000--coload-80,18284.204703000003,1180.5729291005669,8c5bad66abc936a7e7aa296d08569c94faa67bdc72a139b8178afce6d1b26cc3,22153.364862999995,427.3386260724237,PPO-coload-80-large-r1-B40320,solutions/test-Test-4-000--coload-80/8c5bad66abc936a7e7aa296d08569c94faa67bdc72a139b8178afce6d1b26cc3.json
coload-80,test-Test-4-000--coload-80,18284.204703000003,1180.5729291005669,8fde6421f8a39b3d333a53646b3bebbca35f1178d2aa13b55aba1aaf632280fb,22407.329863,423.9357812391397,PPO-coload-80-large-r1-B40320,solutions/test-Test-4-000--coload-80/8fde6421f8a39b3d333a53646b3bebbca35f1178d2aa13b55aba1aaf632280fb.json
coload-80,test-Test-4-000--coload-80,18284.204703000003,1180.5729291005669,062249120967449d6f6ba8b25a7d31ca0069323ed2d12c7483ffcc6fe820c1fb,22487.473727,423.26203206812636,PPO-coload-80-large-r1-B40320,solutions/test-Test-4-000--coload-80/062249120967449d6f6ba8b25a7d31ca0069323ed2d12c7483ffcc6fe820c1fb.json
coload-80,test-Test-4-000--coload-80,18284.204703000003,1180.5729291005669,b2461a62fe9ebe8603a06e8aa06ca602e2bec6986a634d38e53b923af1d5a3b4,22618.955863000003,423.1187526619479,PPO-coload-80-large-r1-B40320,solutions/test-Test-4-000--coload-80/b2461a62fe9ebe8603a06e8aa06ca602e2bec6986a634d38e53b923af1d5a3b4.json
coload-80,test-Test-4-000--coload-80,18284.204703000003,1180.5729291005669,4dea17051c4f10d206742e39689e0556eec15acea756d24fb2a3dd564e6810a5,22637.795863,423.0326153389076,PPO-coload-80-large-r1-B40320,solutions/test-Test-4-000--coload-80/4dea17051c4f10d206742e39689e0556eec15acea756d24fb2a3dd564e6810a5.json
coload-80,test-Test-4-000--coload-80,18284.204703000003,1180.5729291005669,9a51bad6a1a2ad33b2489bfd6fad68ce1075d1956f0dfe4276f4bf2dd2d79023,22643.150863000003,422.36649590747436,PPO-coload-80-large-r1-B40320,solutions/test-Test-4-000--coload-80/9a51bad6a1a2ad33b2489bfd6fad68ce1075d1956f0dfe4276f4bf2dd2d79023.json
coload-80,test-Test-4-000--coload-80,18284.204703000003,1180.5729291005669,622d8bf2459421548eab8bf97fe62418ba4a68ad8ce241e2586004722d172745,22647.539862999998,420.70395604655755,PPO-coload-80-large-r1-B40320,solutions/test-Test-4-000--coload-80/622d8bf2459421548eab8bf97fe62418ba4a68ad8ce241e2586004722d172745.json
coload-80,test-Test-4-000--coload-80,18284.204703000003,1180.5729291005669,93a7f7f9a9ab3a9df59a50dcb2a8fbff44c3cfac7b8018de64600914c33e90ec,22669.027803,418.87556472601034,PPO-coload-80-large-r1-B40320,solutions/test-Test-4-000--coload-80/93a7f7f9a9ab3a9df59a50dcb2a8fbff44c3cfac7b8018de64600914c33e90ec.json
coload-80,test-Test-4-000--coload-80,18284.204703000003,1180.5729291005669,ad73d8d1e6b867155a017ec9ff9f54eaf94f057dc20abc56a2475ad1340aa00b,22899.189147000005,418.70715938703245,PPO-coload-80-large-r1-B40320,solutions/test-Test-4-000--coload-80/ad73d8d1e6b867155a017ec9ff9f54eaf94f057dc20abc56a2475ad1340aa00b.json
coload-80,test-Test-4-000--coload-80,18284.204703000003,1180.5729291005669,e560ddd19d6d6a4c59e2632b6ac4edd9b1368b61048b072a79279196c452d127,22932.374147000002,414.8116184978185,PPO-coload-80-large-r1-B40320,solutions/test-Test-4-000--coload-80/e560ddd19d6d6a4c59e2632b6ac4edd9b1368b61048b072a79279196c452d127.json
coload-80,test-Test-4-000--coload-80,18284.204703000003,1180.5729291005669,844851daa3b792846105eeeeb44860bba8901be78d30ae1fe522973dddcffc9d,23051.879147000007,412.5291640300898,PPO-coload-80-large-r1-B40320,solutions/test-Test-4-000--coload-80/844851daa3b792846105eeeeb44860bba8901be78d30ae1fe522973dddcffc9d.json
coload-80,test-Test-4-000--coload-80,18284.204703000003,1180.5729291005669,488f080ef61cc40573d62a023dab1bb8b1f25a80a955968fd165c5e5f28434ff,23147.024147000004,412.011859249166,PPO-coload-80-large-r1-B40320,solutions/test-Test-4-000--coload-80/488f080ef61cc40573d62a023dab1bb8b1f25a80a955968fd165c5e5f28434ff.json
coload-80,test-Test-4-000--coload-80,18284.204703000003,1180.5729291005669,057531e447be6f25776b178083ca6d15c95abefa8e8b4e59e2f7a69c70b53a69,23250.837353000003,411.03497670926356,PPO-coload-80-large-r1-B40320,solutions/test-Test-4-000--coload-80/057531e447be6f25776b178083ca6d15c95abefa8e8b4e59e2f7a69c70b53a69.json
coload-120,test-Test-4-000--coload-120,18284.204703000003,1277.417906607889,71fe5d4f8bf1b5acc6884a260e53730a3b478c4a6157e6828f9aa6c6ab4b13ef,10321.603833000001,773.6597712902559,PPO-coload-120-large-r0-B40320,solutions/test-Test-4-000--coload-120/71fe5d4f8bf1b5acc6884a260e53730a3b478c4a6157e6828f9aa6c6ab4b13ef.json
coload-120,test-Test-4-000--coload-120,18284.204703000003,1277.417906607889,c2b8f8157103991294611708c4ceb0dd052ab5e44f0cac156f3f782a07c6650b,10452.130833000003,769.5492245671714,PPO-coload-120-large-r0-B40320,solutions/test-Test-4-000--coload-120/c2b8f8157103991294611708c4ceb0dd052ab5e44f0cac156f3f782a07c6650b.json
coload-120,test-Test-4-000--coload-120,18284.204703000003,1277.417906607889,13387378648604b1b7e315a036a48ebe7a2fee38390aa2fa9869594254a93192,10453.036833000002,769.4583843524116,PPO-coload-120-large-r0-B40320,solutions/test-Test-4-000--coload-120/13387378648604b1b7e315a036a48ebe7a2fee38390aa2fa9869594254a93192.json
coload-120,test-Test-4-000--coload-120,18284.204703000003,1277.417906607889,7fc36e8867aa60beff4055d371480abd59a018f703c5804e99f5047dbb6069c5,10548.924833,712.8681784724582,PPO-coload-120-large-r0-B40320,solutions/test-Test-4-000--coload-120/7fc36e8867aa60beff4055d371480abd59a018f703c5804e99f5047dbb6069c5.json
coload-120,test-Test-4-000--coload-120,18284.204703000003,1277.417906607889,14c90cba00a378107f77cfc052f5b73a2cac8cb581c70b0bffc756640f868407,10609.014833,696.2055364729766,PPO-coload-120-large-r0-B40320,solutions/test-Test-4-000--coload-120/14c90cba00a378107f77cfc052f5b73a2cac8cb581c70b0bffc756640f868407.json
coload-120,test-Test-4-000--coload-120,18284.204703000003,1277.417906607889,686d967271288ab462d690ea0c343502dc8cbbb10e84242ad91d197d7adc7f3d,10739.283833,669.1668667302815,PPO-coload-120-large-r1-B40320,solutions/test-Test-4-000--coload-120/686d967271288ab462d690ea0c343502dc8cbbb10e84242ad91d197d7adc7f3d.json
coload-120,test-Test-4-000--coload-120,18284.204703000003,1277.417906607889,8cb5e7e02a10379d4c533f1a8ee1c3872aa0408e6674613273c80eb61139ede0,10784.115833,667.7079835047928,PPO-coload-120-large-r1-B40320,solutions/test-Test-4-000--coload-120/8cb5e7e02a10379d4c533f1a8ee1c3872aa0408e6674613273c80eb61139ede0.json
coload-120,test-Test-4-000--coload-120,18284.204703000003,1277.417906607889,2d8f0da400b729d3e699c85b60cea6d177801f8bf5f4db80e38fc2e21e7c79b5,10788.375833,666.2050167915717,PPO-coload-120-large-r1-B40320,solutions/test-Test-4-000--coload-120/2d8f0da400b729d3e699c85b60cea6d177801f8bf5f4db80e38fc2e21e7c79b5.json
coload-120,test-Test-4-000--coload-120,18284.204703000003,1277.417906607889,958686f03390e460c05aace4d0b52b8e57703e6c4688d08dba048509cbfb0fd9,10846.299833000001,628.2357852159596,PPO-coload-120-large-r1-B40320,solutions/test-Test-4-000--coload-120/958686f03390e460c05aace4d0b52b8e57703e6c4688d08dba048509cbfb0fd9.json
coload-120,test-Test-4-000--coload-120,18284.204703000003,1277.417906607889,bf623265c954085d88ec5cf76faff36ebee73836bb04a7d6442e7815279c16e7,10846.548833,617.9500157678063,PPO-coload-120-large-r1-B40320,solutions/test-Test-4-000--coload-120/bf623265c954085d88ec5cf76faff36ebee73836bb04a7d6442e7815279c16e7.json
coload-120,test-Test-4-000--coload-120,18284.204703000003,1277.417906607889,2539f81e5c4acebe7d7fc41e45e3af8b5f03e4598ff36ccb5bb9179d64694ec9,10928.748833000003,611.9982467494539,PPO-coload-120-large-r1-B40320,solutions/test-Test-4-000--coload-120/2539f81e5c4acebe7d7fc41e45e3af8b5f03e4598ff36ccb5bb9179d64694ec9.json
coload-120,test-Test-4-000--coload-120,18284.204703000003,1277.417906607889,cf6559c20ef334c178e298b807da56b918a4079a78855aaae5ec7daa26053df5,11017.365833000002,608.7279075835684,PPO-coload-120-large-r1-B40320,solutions/test-Test-4-000--coload-120/cf6559c20ef334c178e298b807da56b918a4079a78855aaae5ec7daa26053df5.json
coload-120,test-Test-4-000--coload-120,18284.204703000003,1277.417906607889,c27d784ecca226ea641b34c7880964d674cfa666f2370ab6e810251b5cb3dde1,11081.860012000001,606.4926366273462,PPO-coload-120-large-r1-B40320,solutions/test-Test-4-000--coload-120/c27d784ecca226ea641b34c7880964d674cfa666f2370ab6e810251b5cb3dde1.json
coload-120,test-Test-4-000--coload-120,18284.204703000003,1277.417906607889,3a096ec98b7c9cf02e2240183244c9ca22d423a274ef044b7fb92b4ad34c73c0,11359.216012000003,603.6737075378918,PPO-coload-120-large-r1-B40320,solutions/test-Test-4-000--coload-120/3a096ec98b7c9cf02e2240183244c9ca22d423a274ef044b7fb92b4ad34c73c0.json
coload-120,test-Test-4-000--coload-120,18284.204703000003,1277.417906607889,327e46721ed4686239074f85193f31bf7390eab77d35ad4f7f462c2224a1e09f,11438.099832999998,552.0720787278133,PPO-coload-120-large-r2-B40320,solutions/test-Test-4-000--coload-120/327e46721ed4686239074f85193f31bf7390eab77d35ad4f7f462c2224a1e09f.json
coload-120,test-Test-4-000--coload-120,18284.204703000003,1277.417906607889,e77c52504bfe0a7a477f3e7e55573617ed6d95c812bf17108eaaa4c3ab1fb546,11669.245832999997,549.7654728251941,PPO-coload-120-large-r2-B40320,solutions/test-Test-4-000--coload-120/e77c52504bfe0a7a477f3e7e55573617ed6d95c812bf17108eaaa4c3ab1fb546.json
coload-120,test-Test-4-000--coload-120,18284.204703000003,1277.417906607889,780c1db0f2076f8218f7f9f0b58416f1dc36bcfc9f0df28319c4c4f99ff6d808,11684.833671,549.3804119537062,PPO-coload-120-large-r2-B40320,solutions/test-Test-4-000--coload-120/780c1db0f2076f8218f7f9f0b58416f1dc36bcfc9f0df28319c4c4f99ff6d808.json
coload-120,test-Test-4-000--coload-120,18284.204703000003,1277.417906607889,258c2126027ffdd33fef13350d32836dd2bfc8a323026be510c20e07064cd689,11689.606671000001,537.4080186782296,PPO-coload-120-large-r2-B40320,solutions/test-Test-4-000--coload-120/258c2126027ffdd33fef13350d32836dd2bfc8a323026be510c20e07064cd689.json
coload-120,test-Test-4-000--coload-120,18284.204703000003,1277.417906607889,637b60e7f95187160b0f6af79fb8e8c81ec6bee6d6451cf7484557752a6e257a,11995.356671000001,531.823413989734,PPO-coload-120-large-r2-B40320,solutions/test-Test-4-000--coload-120/637b60e7f95187160b0f6af79fb8e8c81ec6bee6d6451cf7484557752a6e257a.json
coload-120,test-Test-4-000--coload-120,18284.204703000003,1277.417906607889,83f4a2f9d081d38d2e7a0f95b3a1e5877335716c2f6b62e5b148453e48bbd64f,12271.614671000001,530.9483220166104,PPO-coload-120-large-r2-B40320,solutions/test-Test-4-000--coload-120/83f4a2f9d081d38d2e7a0f95b3a1e5877335716c2f6b62e5b148453e48bbd64f.json
coload-120,test-Test-4-000--coload-120,18284.204703000003,1277.417906607889,0d36a260abccd56848275e7b8d40d7e80be2101941f5fb519a400b77d90cef04,12386.693879000002,530.143794600426,PPO-coload-120-large-r2-B40320,solutions/test-Test-4-000--coload-120/0d36a260abccd56848275e7b8d40d7e80be2101941f5fb519a400b77d90cef04.json
coload-120,test-Test-4-000--coload-120,18284.204703000003,1277.417906607889,e09c7587e2e290ed9d2741ef96a9757c126422e95bce4322bbee1fa58ba76b0d,13031.768801000002,527.8881619744998,PPO-coload-120-large-r0-B40320,solutions/test-Test-4-000--coload-120/e09c7587e2e290ed9d2741ef96a9757c126422e95bce4322bbee1fa58ba76b0d.json
coload-120,test-Test-4-000--coload-120,18284.204703000003,1277.417906607889,1fcedf36e949b1aa54d72e8096fa99444d425a4ff7c51b1be72341555f9419e2,13092.638801000001,522.5857336434991,PPO-coload-120-large-r0-B40320,solutions/test-Test-4-000--coload-120/1fcedf36e949b1aa54d72e8096fa99444d425a4ff7c51b1be72341555f9419e2.json
coload-120,test-Test-4-000--coload-120,18284.204703000003,1277.417906607889,f3ae147fdd3fbc5463d5786386a3f90415457860277d17b0979f8c6b59d512d3,13450.294801,522.0925366103363,PPO-coload-120-large-r0-B40320,solutions/test-Test-4-000--coload-120/f3ae147fdd3fbc5463d5786386a3f90415457860277d17b0979f8c6b59d512d3.json
coload-120,test-Test-4-000--coload-120,18284.204703000003,1277.417906607889,06bc67591ccb65cd766117672c42bdb56b6cf6c9fc19a4f7e4c56c0918f9fe0c,13454.861673,515.6465536919446,PPO-coload-120-large-r0-B40320,solutions/test-Test-4-000--coload-120/06bc67591ccb65cd766117672c42bdb56b6cf6c9fc19a4f7e4c56c0918f9fe0c.json
coload-120,test-Test-4-000--coload-120,18284.204703000003,1277.417906607889,0821deb998bf5566aeb43745448a01a3f4dfdfbd5aa4e71eb85e2a8f0f54fd6e,13553.737673,514.2540821654277,PPO-coload-120-large-r0-B40320,solutions/test-Test-4-000--coload-120/0821deb998bf5566aeb43745448a01a3f4dfdfbd5aa4e71eb85e2a8f0f54fd6e.json
coload-120,test-Test-4-000--coload-120,18284.204703000003,1277.417906607889,bc390ccfb14bf3f918e72094f57e4150a944c96f611563ddfbb0e268c600c905,13591.037639000002,512.2826864124949,PPO-coload-120-large-r0-B40320,solutions/test-Test-4-000--coload-120/bc390ccfb14bf3f918e72094f57e4150a944c96f611563ddfbb0e268c600c905.json
coload-120,test-Test-4-000--coload-120,18284.204703000003,1277.417906607889,35f2443b41a3dc0e8de923d288861300d6c2c18b211a58783ba6637cfa636633,13889.154767999999,503.3105379041869,PPO-coload-120-large-r0-B40320,solutions/test-Test-4-000--coload-120/35f2443b41a3dc0e8de923d288861300d6c2c18b211a58783ba6637cfa636633.json
coload-120,test-Test-4-000--coload-120,18284.204703000003,1277.417906607889,3c949700f217dfc0a067a7c66e5a7f11f9bbbc4d955455cefad093102e50e257,13949.718767999999,501.4096368662331,PPO-coload-120-large-r0-B40320,solutions/test-Test-4-000--coload-120/3c949700f217dfc0a067a7c66e5a7f11f9bbbc4d955455cefad093102e50e257.json
coload-120,test-Test-4-000--coload-120,18284.204703000003,1277.417906607889,9e979821b52ad2ba4357dd086a5837ed29e1d58091055a6e4819006b92ebb132,14048.594767999999,498.2910081979361,PPO-coload-120-large-r0-B40320,solutions/test-Test-4-000--coload-120/9e979821b52ad2ba4357dd086a5837ed29e1d58091055a6e4819006b92ebb132.json
coload-120,test-Test-4-000--coload-120,18284.204703000003,1277.417906607889,4f4c0501354bee53a96ee2ef5706ea3fb9e289ba7a5de808b5b0911cf5cc4f36,14112.580018,498.0023665542406,PPO-coload-120-large-r0-B40320,solutions/test-Test-4-000--coload-120/4f4c0501354bee53a96ee2ef5706ea3fb9e289ba7a5de808b5b0911cf5cc4f36.json
coload-120,test-Test-4-000--coload-120,18284.204703000003,1277.417906607889,aaaa14c22c97e53098ef1e122b44fc23f9a5b6c7a9d0e2ec0e397549066fbea2,14148.716017999997,496.93637135125226,PPO-coload-120-large-r0-B40320,solutions/test-Test-4-000--coload-120/aaaa14c22c97e53098ef1e122b44fc23f9a5b6c7a9d0e2ec0e397549066fbea2.json
coload-120,test-Test-4-000--coload-120,18284.204703000003,1277.417906607889,3e5f34ad841abf61360ae41db5f5ae4df365020204d594359b750590be957ed8,14159.480767999998,495.3351112699406,PPO-coload-120-large-r0-B40320,solutions/test-Test-4-000--coload-120/3e5f34ad841abf61360ae41db5f5ae4df365020204d594359b750590be957ed8.json
coload-120,test-Test-4-000--coload-120,18284.204703000003,1277.417906607889,848054d886f38af4a6aada377c5eea862d791c0e35defa7702d67023c14d8c25,14433.101148999998,490.67546261437957,PPO-coload-120-large-r0-B40320,solutions/test-Test-4-000--coload-120/848054d886f38af4a6aada377c5eea862d791c0e35defa7702d67023c14d8c25.json
coload-120,test-Test-4-000--coload-120,18284.204703000003,1277.417906607889,bdb60762f3c905a634609433d81d4b2d74d2a0539b3c18ccd09955df77cf51c8,14613.238768,489.8962252129972,PPO-coload-120-large-r0-B40320,solutions/test-Test-4-000--coload-120/bdb60762f3c905a634609433d81d4b2d74d2a0539b3c18ccd09955df77cf51c8.json
coload-120,test-Test-4-000--coload-120,18284.204703000003,1277.417906607889,a5cab89c71ece9e14444a9b691adb6374538b6a529b9e95d3d1e332d6283c8ef,17823.600884999996,484.4765551308725,PPO-coload-120-large-r1-B40320,solutions/test-Test-4-000--coload-120/a5cab89c71ece9e14444a9b691adb6374538b6a529b9e95d3d1e332d6283c8ef.json
coload-120,test-Test-4-000--coload-120,18284.204703000003,1277.417906607889,dd85eb4c60011f2d118b74594b06525feaaf45737b2967e14561be6577ba833f,17912.310783,481.988902658039,PPO-coload-120-large-r1-B40320,solutions/test-Test-4-000--coload-120/dd85eb4c60011f2d118b74594b06525feaaf45737b2967e14561be6577ba833f.json
coload-120,test-Test-4-000--coload-120,18284.204703000003,1277.417906607889,4f677efdd1100ad066c2e137872f7ab85de1bb06fa802379f014406ae8752393,18094.320702999998,471.64821715612,PPO-coload-120-large-r1-B40320,solutions/test-Test-4-000--coload-120/4f677efdd1100ad066c2e137872f7ab85de1bb06fa802379f014406ae8752393.json
coload-120,test-Test-4-000--coload-120,18284.204703000003,1277.417906607889,e7d5c8d1104b8268ab432e7ff83a0e8ccacafa7969d8c75383a2819678e92c6a,18271.416783,470.4205906877981,PPO-coload-120-large-r1-B40320,solutions/test-Test-4-000--coload-120/e7d5c8d1104b8268ab432e7ff83a0e8ccacafa7969d8c75383a2819678e92c6a.json
coload-120,test-Test-4-000--coload-120,18284.204703000003,1277.417906607889,5af6e0a03d924656d8315e63959c174c847394622930fea7dd43c0ff1337fb65,18356.112783,468.44331591722613,PPO-coload-120-large-r1-B40320,solutions/test-Test-4-000--coload-120/5af6e0a03d924656d8315e63959c174c847394622930fea7dd43c0ff1337fb65.json
coload-120,test-Test-4-000--coload-120,18284.204703000003,1277.417906607889,b291cf1b1cc8f582b3294723672de6bc70d85b10cad3a5e399edba94e19a0c34,20851.735128,462.47349867971354,PPO-coload-120-large-r1-B40320,solutions/test-Test-4-000--coload-120/b291cf1b1cc8f582b3294723672de6bc70d85b10cad3a5e399edba94e19a0c34.json
coload-120,test-Test-4-000--coload-120,18284.204703000003,1277.417906607889,0fef6f1c01814c6c513578913d698fba0021f2a8f82d60e3fb996972e0dd0bb7,20969.662862999998,462.1933517536311,PPO-coload-120-large-r1-B40320,solutions/test-Test-4-000--coload-120/0fef6f1c01814c6c513578913d698fba0021f2a8f82d60e3fb996972e0dd0bb7.json
coload-120,test-Test-4-000--coload-120,18284.204703000003,1277.417906607889,b8f782d0284ed8d50b20d56c4eecdf701edee3d2f552a1b5cc95a8c5515ae34e,20979.363519,460.3510749845431,PPO-coload-120-large-r1-B40320,solutions/test-Test-4-000--coload-120/b8f782d0284ed8d50b20d56c4eecdf701edee3d2f552a1b5cc95a8c5515ae34e.json
coload-120,test-Test-4-000--coload-120,18284.204703000003,1277.417906607889,ec0079a6902fa0cb567ce94593924729f632571ceb29f0c615e41f7112cd9a1f,21049.656518999996,458.28133227994715,PPO-coload-120-large-r1-B40320,solutions/test-Test-4-000--coload-120/ec0079a6902fa0cb567ce94593924729f632571ceb29f0c615e41f7112cd9a1f.json
coload-120,test-Test-4-000--coload-120,18284.204703000003,1277.417906607889,29b8d9cfd3e7d8df9e987f8e8c7af02ed20c5fcf6f26632a33010b7a2d8a4535,21161.767863,458.1165390124861,PPO-coload-120-large-r1-B40320,solutions/test-Test-4-000--coload-120/29b8d9cfd3e7d8df9e987f8e8c7af02ed20c5fcf6f26632a33010b7a2d8a4535.json
coload-120,test-Test-4-000--coload-120,18284.204703000003,1277.417906607889,f54c97d14132d5fbdb24da076c6f7b2b3de8d400c3ec367596476d9a98173141,21170.578863000002,458.10846693599945,PPO-coload-120-large-r1-B40320,solutions/test-Test-4-000--coload-120/f54c97d14132d5fbdb24da076c6f7b2b3de8d400c3ec367596476d9a98173141.json
coload-120,test-Test-4-000--coload-120,18284.204703000003,1277.417906607889,5f721ac540244567c3453536092497e488cf57f33d97bcd43d9406ebff851ff0,21294.433863,457.71901071523973,PPO-coload-120-large-r1-B40320,solutions/test-Test-4-000--coload-120/5f721ac540244567c3453536092497e488cf57f33d97bcd43d9406ebff851ff0.json
coload-120,test-Test-4-000--coload-120,18284.204703000003,1277.417906607889,565d81ee4d740fc407b3a950635fc5a06c6eee611ba12000cb1cfa81b8ce0c9c,21390.304847,457.27581533156024,PPO-coload-120-large-r1-B40320,solutions/test-Test-4-000--coload-120/565d81ee4d740fc407b3a950635fc5a06c6eee611ba12000cb1cfa81b8ce0c9c.json
coload-120,test-Test-4-000--coload-120,18284.204703000003,1277.417906607889,f001dbd0a730c351a14e6f2ad94d4118381b6289ec78011148f47ab6e15942d5,21454.983862999998,457.26347819158207,PPO-coload-120-large-r1-B40320,solutions/test-Test-4-000--coload-120/f001dbd0a730c351a14e6f2ad94d4118381b6289ec78011148f47ab6e15942d5.json
coload-120,test-Test-4-000--coload-120,18284.204703000003,1277.417906607889,0247bea33748df4fee1ac8173068677b370025de4b1ecde68c3b2656aeed6f23,21505.734862999998,454.1117985780958,PPO-coload-120-large-r1-B40320,solutions/test-Test-4-000--coload-120/0247bea33748df4fee1ac8173068677b370025de4b1ecde68c3b2656aeed6f23.json
coload-120,test-Test-4-000--coload-120,18284.204703000003,1277.417906607889,246181638231a3b20e735c5d204d1f4060df822a232377f16cddd02fc788e617,21583.182862999995,453.9674350530284,PPO-coload-120-large-r1-B40320,solutions/test-Test-4-000--coload-120/246181638231a3b20e735c5d204d1f4060df822a232377f16cddd02fc788e617.json
coload-120,test-Test-4-000--coload-120,18284.204703000003,1277.417906607889,290439dd0434cc9b6f4909b3fc86cc9cc6ad96b2f5728e060b9b3a6c441c65c3,21735.915862999995,453.1864713222087,PPO-coload-120-large-r1-B40320,solutions/test-Test-4-000--coload-120/290439dd0434cc9b6f4909b3fc86cc9cc6ad96b2f5728e060b9b3a6c441c65c3.json
coload-120,test-Test-4-000--coload-120,18284.204703000003,1277.417906607889,0cbdf19008dbe4b7fa72841c1722595275dcaa97ad4377dd38d0b1f5d7d54e60,21800.217862999998,452.6008661163497,PPO-coload-120-large-r1-B40320,solutions/test-Test-4-000--coload-120/0cbdf19008dbe4b7fa72841c1722595275dcaa97ad4377dd38d0b1f5d7d54e60.json
coload-120,test-Test-4-000--coload-120,18284.204703000003,1277.417906607889,3e4b01f108aaa77107fb021d9f7889f5f9727736a854380dcaa82463e94048af,22007.388863,447.9382651012321,PPO-coload-120-large-r1-B40320,solutions/test-Test-4-000--coload-120/3e4b01f108aaa77107fb021d9f7889f5f9727736a854380dcaa82463e94048af.json
coload-120,test-Test-4-000--coload-120,18284.204703000003,1277.417906607889,16e5f92b4d36d5c422a81463fb7bef26cf12dc7b47bd88f806dff2e08137ca84,22092.764862999997,440.0316647122076,PPO-coload-120-large-r1-B40320,solutions/test-Test-4-000--coload-120/16e5f92b4d36d5c422a81463fb7bef26cf12dc7b47bd88f806dff2e08137ca84.json
coload-120,test-Test-4-000--coload-120,18284.204703000003,1277.417906607889,8c5bad66abc936a7e7aa296d08569c94faa67bdc72a139b8178afce6d1b26cc3,22153.364862999995,439.21714895587536,PPO-coload-120-large-r1-B40320,solutions/test-Test-4-000--coload-120/8c5bad66abc936a7e7aa296d08569c94faa67bdc72a139b8178afce6d1b26cc3.json
coload-120,test-Test-4-000--coload-120,18284.204703000003,1277.417906607889,8fde6421f8a39b3d333a53646b3bebbca35f1178d2aa13b55aba1aaf632280fb,22407.329863,435.6986388563413,PPO-coload-120-large-r1-B40320,solutions/test-Test-4-000--coload-120/8fde6421f8a39b3d333a53646b3bebbca35f1178d2aa13b55aba1aaf632280fb.json
coload-120,test-Test-4-000--coload-120,18284.204703000003,1277.417906607889,062249120967449d6f6ba8b25a7d31ca0069323ed2d12c7483ffcc6fe820c1fb,22487.473727,435.37037958548876,PPO-coload-120-large-r1-B40320,solutions/test-Test-4-000--coload-120/062249120967449d6f6ba8b25a7d31ca0069323ed2d12c7483ffcc6fe820c1fb.json
coload-120,test-Test-4-000--coload-120,18284.204703000003,1277.417906607889,b2461a62fe9ebe8603a06e8aa06ca602e2bec6986a634d38e53b923af1d5a3b4,22618.955863000003,435.1891245520082,PPO-coload-120-large-r1-B40320,solutions/test-Test-4-000--coload-120/b2461a62fe9ebe8603a06e8aa06ca602e2bec6986a634d38e53b923af1d5a3b4.json
coload-120,test-Test-4-000--coload-120,18284.204703000003,1277.417906607889,4dea17051c4f10d206742e39689e0556eec15acea756d24fb2a3dd564e6810a5,22637.795863,434.92436157420855,PPO-coload-120-large-r1-B40320,solutions/test-Test-4-000--coload-120/4dea17051c4f10d206742e39689e0556eec15acea756d24fb2a3dd564e6810a5.json
coload-120,test-Test-4-000--coload-120,18284.204703000003,1277.417906607889,9a51bad6a1a2ad33b2489bfd6fad68ce1075d1956f0dfe4276f4bf2dd2d79023,22643.150863000003,434.2364064701966,PPO-coload-120-large-r1-B40320,solutions/test-Test-4-000--coload-120/9a51bad6a1a2ad33b2489bfd6fad68ce1075d1956f0dfe4276f4bf2dd2d79023.json
coload-120,test-Test-4-000--coload-120,18284.204703000003,1277.417906607889,622d8bf2459421548eab8bf97fe62418ba4a68ad8ce241e2586004722d172745,22647.539862999998,432.5697613043506,PPO-coload-120-large-r1-B40320,solutions/test-Test-4-000--coload-120/622d8bf2459421548eab8bf97fe62418ba4a68ad8ce241e2586004722d172745.json
coload-120,test-Test-4-000--coload-120,18284.204703000003,1277.417906607889,93a7f7f9a9ab3a9df59a50dcb2a8fbff44c3cfac7b8018de64600914c33e90ec,22669.027803,430.95888745951146,PPO-coload-120-large-r1-B40320,solutions/test-Test-4-000--coload-120/93a7f7f9a9ab3a9df59a50dcb2a8fbff44c3cfac7b8018de64600914c33e90ec.json
coload-120,test-Test-4-000--coload-120,18284.204703000003,1277.417906607889,066470a4a3ceddc6b601b049c40986be90bcc6167ae821535c666e9406deb9b7,22987.311147000004,430.57138100031375,PPO-coload-120-large-r1-B40320,solutions/test-Test-4-000--coload-120/066470a4a3ceddc6b601b049c40986be90bcc6167ae821535c666e9406deb9b7.json
coload-120,test-Test-4-000--coload-120,18284.204703000003,1277.417906607889,811112f123eaa80fbc4947518b6e03994fb7a0f15a6fb7f9eb9e057593d766e9,23020.496147000005,426.44724649890486,PPO-coload-120-large-r1-B40320,solutions/test-Test-4-000--coload-120/811112f123eaa80fbc4947518b6e03994fb7a0f15a6fb7f9eb9e057593d766e9.json
coload-120,test-Test-4-000--coload-120,18284.204703000003,1277.417906607889,fdb159fb525e79412a83d48d7876e9e2cb78933c6fd2605af8a27b6957cd5caa,23140.001147000003,424.1909900518914,PPO-coload-120-large-r1-B40320,solutions/test-Test-4-000--coload-120/fdb159fb525e79412a83d48d7876e9e2cb78933c6fd2605af8a27b6957cd5caa.json
coload-120,test-Test-4-000--coload-120,18284.204703000003,1277.417906607889,e1925f09bf1001fa2513d540ed7c54114783b8a505ccef9eab794228a1fb0d9f,23145.374147000006,423.2689759147104,PPO-coload-120-large-r1-B40320,solutions/test-Test-4-000--coload-120/e1925f09bf1001fa2513d540ed7c54114783b8a505ccef9eab794228a1fb0d9f.json
coload-120,test-Test-4-000--coload-120,18284.204703000003,1277.417906607889,c6d76ea9aa6dc7178bdf5b354f257f1660f57a90060d5f30d435b0594031c02d,23338.959353000002,422.48443671627206,PPO-coload-120-large-r1-B40320,solutions/test-Test-4-000--coload-120/c6d76ea9aa6dc7178bdf5b354f257f1660f57a90060d5f30d435b0594031c02d.json
coload-130,test-Test-4-000--coload-130,18284.204703000003,1301.6291509847197,71fe5d4f8bf1b5acc6884a260e53730a3b478c4a6157e6828f9aa6c6ab4b13ef,10321.603833000001,786.6219527590696,PPO-coload-130-large-r0-B40320,solutions/test-Test-4-000--coload-130/71fe5d4f8bf1b5acc6884a260e53730a3b478c4a6157e6828f9aa6c6ab4b13ef.json
coload-130,test-Test-4-000--coload-130,18284.204703000003,1301.6291509847197,c2b8f8157103991294611708c4ceb0dd052ab5e44f0cac156f3f782a07c6650b,10452.130833000003,782.5180090048423,PPO-coload-130-large-r0-B40320,solutions/test-Test-4-000--coload-130/c2b8f8157103991294611708c4ceb0dd052ab5e44f0cac156f3f782a07c6650b.json
coload-130,test-Test-4-000--coload-130,18284.204703000003,1301.6291509847197,13387378648604b1b7e315a036a48ebe7a2fee38390aa2fa9869594254a93192,10453.036833000002,782.3231702614248,PPO-coload-130-large-r0-B40320,solutions/test-Test-4-000--coload-130/13387378648604b1b7e315a036a48ebe7a2fee38390aa2fa9869594254a93192.json
coload-130,test-Test-4-000--coload-130,18284.204703000003,1301.6291509847197,7fc36e8867aa60beff4055d371480abd59a018f703c5804e99f5047dbb6069c5,10548.924833,723.8955596190433,PPO-coload-130-large-r0-B40320,solutions/test-Test-4-000--coload-130/7fc36e8867aa60beff4055d371480abd59a018f703c5804e99f5047dbb6069c5.json
coload-130,test-Test-4-000--coload-130,18284.204703000003,1301.6291509847197,14c90cba00a378107f77cfc052f5b73a2cac8cb581c70b0bffc756640f868407,10609.014833,706.6253279969633,PPO-coload-130-large-r0-B40320,solutions/test-Test-4-000--coload-130/14c90cba00a378107f77cfc052f5b73a2cac8cb581c70b0bffc756640f868407.json
coload-130,test-Test-4-000--coload-130,18284.204703000003,1301.6291509847197,a03d27401c5303b39c94d5693facf9459db583f803956ef8276081db91234648,10716.815833,600.1797363056589,PPO-coload-130-large-r1-B40320,solutions/test-Test-4-000--coload-130/a03d27401c5303b39c94d5693facf9459db583f803956ef8276081db91234648.json
coload-130,test-Test-4-000--coload-130,18284.204703000003,1301.6291509847197,d52cc14db7368abe5812fcd6fddbe09d6275cb9e851869cbf739b03be1b04a93,10997.471833,598.242963664425,PPO-coload-130-large-r1-B40320,solutions/test-Test-4-000--coload-130/d52cc14db7368abe5812fcd6fddbe09d6275cb9e851869cbf739b03be1b04a93.json
coload-130,test-Test-4-000--coload-130,18284.204703000003,1301.6291509847197,cc1e206e6e01bd487d6a34ac46761fdbc05d88434bb93d34a94750534cbabc27,11095.324833000002,597.1554447117611,PPO-coload-130-large-r1-B40320,solutions/test-Test-4-000--coload-130/cc1e206e6e01bd487d6a34ac46761fdbc05d88434bb93d34a94750534cbabc27.json
coload-130,test-Test-4-000--coload-130,18284.204703000003,1301.6291509847197,327e46721ed4686239074f85193f31bf7390eab77d35ad4f7f462c2224a1e09f,11438.099832999998,557.1880166029104,PPO-coload-130-large-r2-B40320,solutions/test-Test-4-000--coload-130/327e46721ed4686239074f85193f31bf7390eab77d35ad4f7f462c2224a1e09f.json
coload-130,test-Test-4-000--coload-130,18284.204703000003,1301.6291509847197,dea1bcee6188f31d4df99e81b426b64feee7192c8ca0a25efe789fe4c03da70d,11509.72179,556.1090056868163,PPO-coload-130-large-r2-B40320,solutions/test-Test-4-000--coload-130/dea1bcee6188f31d4df99e81b426b64feee7192c8ca0a25efe789fe4c03da70d.json
coload-130,test-Test-4-000--coload-130,18284.204703000003,1301.6291509847197,7fd047aac3e38cac407dbab4c2586026b8125658abcebff53d939d2aab9b4c2f,11561.757454,555.108909521401,PPO-coload-130-large-r2-B40320,solutions/test-Test-4-000--coload-130/7fd047aac3e38cac407dbab4c2586026b8125658abcebff53d939d2aab9b4c2f.json
coload-130,test-Test-4-000--coload-130,18284.204703000003,1301.6291509847197,9d9594734f31b943cb1705aa20e40cb56af239bf69fec62ffb8b8a0ecae49f47,11573.093789999999,550.80186687652,PPO-coload-130-large-r2-B40320,solutions/test-Test-4-000--coload-130/9d9594734f31b943cb1705aa20e40cb56af239bf69fec62ffb8b8a0ecae49f47.json
coload-130,test-Test-4-000--coload-130,18284.204703000003,1301.6291509847197,85c5efea930720e52c27e3c640031416178804feda740cbd2f8c9836a0ab0bd6,11612.15553,546.9510216450503,PPO-coload-130-large-r1-B40320,solutions/test-Test-4-000--coload-130/85c5efea930720e52c27e3c640031416178804feda740cbd2f8c9836a0ab0bd6.json
coload-130,test-Test-4-000--coload-130,18284.204703000003,1301.6291509847197,de7f50c43a8baa2c31d7f0c51e210e43dd2a92b6d6c64520f8271980872dc795,11612.335529999998,545.7439466073912,PPO-coload-130-large-r1-B40320,solutions/test-Test-4-000--coload-130/de7f50c43a8baa2c31d7f0c51e210e43dd2a92b6d6c64520f8271980872dc795.json
coload-130,test-Test-4-000--coload-130,18284.204703000003,1301.6291509847197,4e6e45c671424ade16867239da73d05413d9018f880c6276819c339cb48de25b,11672.09253,543.3005112833375,PPO-coload-130-large-r1-B40320,solutions/test-Test-4-000--coload-130/4e6e45c671424ade16867239da73d05413d9018f880c6276819c339cb48de25b.json
coload-130,test-Test-4-000--coload-130,18284.204703000003,1301.6291509847197,ff2be9aeb7dbb4c0f6b4af5ac654a7c79d42523088e23537b1291a4985a0705d,11703.673529999998,542.1407350792015,PPO-coload-130-large-r1-B40320,solutions/test-Test-4-000--coload-130/ff2be9aeb7dbb4c0f6b4af5ac654a7c79d42523088e23537b1291a4985a0705d.json
coload-130,test-Test-4-000--coload-130,18284.204703000003,1301.6291509847197,add3d719a8038c49b2001106818749a9ce9fae5a08a5746498f11e5087bc23a8,11799.685789999998,541.6234572192006,PPO-coload-130-large-r2-B40320,solutions/test-Test-4-000--coload-130/add3d719a8038c49b2001106818749a9ce9fae5a08a5746498f11e5087bc23a8.json
coload-130,test-Test-4-000--coload-130,18284.204703000003,1301.6291509847197,e0eeb7bd9bb1d79b195bba18006f742264456affd47f64e25a659b95f1cc3a6a,11854.117565999999,541.1798994274579,PPO-coload-130-large-r1-B40320,solutions/test-Test-4-000--coload-130/e0eeb7bd9bb1d79b195bba18006f742264456affd47f64e25a659b95f1cc3a6a.json
coload-130,test-Test-4-000--coload-130,18284.204703000003,1301.6291509847197,73edafa21ac85c888bf72e45f97613c47384cceb2cfe9c39bc3bf0b1c4e3fc9c,11868.687529999997,540.9649977576755,PPO-coload-130-large-r1-B40320,solutions/test-Test-4-000--coload-130/73edafa21ac85c888bf72e45f97613c47384cceb2cfe9c39bc3bf0b1c4e3fc9c.json
coload-130,test-Test-4-000--coload-130,18284.204703000003,1301.6291509847197,aed447e667f9d67996221870dc57bff199c4623b852c6430d8e9cef0dea52ac4,11927.216826,540.2978594427854,PPO-coload-130-large-r2-B40320,solutions/test-Test-4-000--coload-130/aed447e667f9d67996221870dc57bff199c4623b852c6430d8e9cef0dea52ac4.json
coload-130,test-Test-4-000--coload-130,18284.204703000003,1301.6291509847197,c592bb99d54bc32bff6e1285f3fe67c47f7064ce99042c86609cac44f33ebbab,12059.139565999998,537.7037381021506,PPO-coload-130-large-r1-B40320,solutions/test-Test-4-000--coload-130/c592bb99d54bc32bff6e1285f3fe67c47f7064ce99042c86609cac44f33ebbab.json
coload-130,test-Test-4-000--coload-130,18284.204703000003,1301.6291509847197,9d8adc19bc8379bc4e4e8befb60b3e97307801acdf36d1b8f8ce8e93647710ec,12158.008145,537.6007043992377,PPO-coload-130-large-r1-B40320,solutions/test-Test-4-000--coload-130/9d8adc19bc8379bc4e4e8befb60b3e97307801acdf36d1b8f8ce8e93647710ec.json
coload-130,test-Test-4-000--coload-130,18284.204703000003,1301.6291509847197,d0208af5c0e00f69f9954954df0bf5eeec9daafe81499d5d2984e4bbabf5d8d7,12364.201237999994,537.4231193399958,PPO-coload-130-large-r1-B40320,solutions/test-Test-4-000--coload-130/d0208af5c0e00f69f9954954df0bf5eeec9daafe81499d5d2984e4bbabf5d8d7.json
coload-130,test-Test-4-000--coload-130,18284.204703000003,1301.6291509847197,7d918d68406bf434afeccd9cb330eb86f702b65882e5f705facb3a0f9e507612,12383.281098,535.4754904045005,PPO-coload-130-large-r1-B40320,solutions/test-Test-4-000--coload-130/7d918d68406bf434afeccd9cb330eb86f702b65882e5f705facb3a0f9e507612.json
coload-130,test-Test-4-000--coload-130,18284.204703000003,1301.6291509847197,e09c7587e2e290ed9d2741ef96a9757c126422e95bce4322bbee1fa58ba76b0d,13031.768801000002,532.6427081280207,PPO-coload-130-large-r0-B40320,solutions/test-Test-4-000--coload-130/e09c7587e2e290ed9d2741ef96a9757c126422e95bce4322bbee1fa58ba76b0d.json
coload-130,test-Test-4-000--coload-130,18284.204703000003,1301.6291509847197,23f9ac7f8f3eb4ba6a8e7950d264d7e0cecbfaae5911bb190017e4fe8cc42c9c,13089.374801000002,532.4914377186698,PPO-coload-130-large-r0-B40320,solutions/test-Test-4-000--coload-130/23f9ac7f8f3eb4ba6a8e7950d264d7e0cecbfaae5911bb190017e4fe8cc42c9c.json
coload-130,test-Test-4-000--coload-130,18284.204703000003,1301.6291509847197,1fcedf36e949b1aa54d72e8096fa99444d425a4ff7c51b1be72341555f9419e2,13092.638801000001,526.9201152370729,PPO-coload-130-large-r0-B40320,solutions/test-Test-4-000--coload-130/1fcedf36e949b1aa54d72e8096fa99444d425a4ff7c51b1be72341555f9419e2.json
coload-130,test-Test-4-000--coload-130,18284.204703000003,1301.6291509847197,f3ae147fdd3fbc5463d5786386a3f90415457860277d17b0979f8c6b59d512d3,13450.294801,526.432749743471,PPO-coload-130-large-r0-B40320,solutions/test-Test-4-000--coload-130/f3ae147fdd3fbc5463d5786386a3f90415457860277d17b0979f8c6b59d512d3.json
coload-130,test-Test-4-000--coload-130,18284.204703000003,1301.6291509847197,06bc67591ccb65cd766117672c42bdb56b6cf6c9fc19a4f7e4c56c0918f9fe0c,13454.861673,519.9539878944827,PPO-coload-130-large-r0-B40320,solutions/test-Test-4-000--coload-130/06bc67591ccb65cd766117672c42bdb56b6cf6c9fc19a4f7e4c56c0918f9fe0c.json
coload-130,test-Test-4-000--coload-130,18284.204703000003,1301.6291509847197,0821deb998bf5566aeb43745448a01a3f4dfdfbd5aa4e71eb85e2a8f0f54fd6e,13553.737673,518.5609817407561,PPO-coload-130-large-r0-B40320,solutions/test-Test-4-000--coload-130/0821deb998bf5566aeb43745448a01a3f4dfdfbd5aa4e71eb85e2a8f0f54fd6e.json
coload-130,test-Test-4-000--coload-130,18284.204703000003,1301.6291509847197,bc390ccfb14bf3f918e72094f57e4150a944c96f611563ddfbb0e268c600c905,13591.037639000002,516.5425851900525,PPO-coload-130-large-r0-B40320,solutions/test-Test-4-000--coload-130/bc390ccfb14bf3f918e72094f57e4150a944c96f611563ddfbb0e268c600c905.json
coload-130,test-Test-4-000--coload-130,18284.204703000003,1301.6291509847197,35f2443b41a3dc0e8de923d288861300d6c2c18b211a58783ba6637cfa636633,13889.154767999999,506.4200306700958,PPO-coload-130-large-r0-B40320,solutions/test-Test-4-000--coload-130/35f2443b41a3dc0e8de923d288861300d6c2c18b211a58783ba6637cfa636633.json
coload-130,test-Test-4-000--coload-130,18284.204703000003,1301.6291509847197,3c949700f217dfc0a067a7c66e5a7f11f9bbbc4d955455cefad093102e50e257,13949.718767999999,504.489215139758,PPO-coload-130-large-r0-B40320,solutions/test-Test-4-000--coload-130/3c949700f217dfc0a067a7c66e5a7f11f9bbbc4d955455cefad093102e50e257.json
coload-130,test-Test-4-000--coload-130,18284.204703000003,1301.6291509847197,9e979821b52ad2ba4357dd086a5837ed29e1d58091055a6e4819006b92ebb132,14048.594767999999,501.3692630824363,PPO-coload-130-large-r0-B40320,solutions/test-Test-4-000--coload-130/9e979821b52ad2ba4357dd086a5837ed29e1d58091055a6e4819006b92ebb132.json
coload-130,test-Test-4-000--coload-130,18284.204703000003,1301.6291509847197,4f4c0501354bee53a96ee2ef5706ea3fb9e289ba7a5de808b5b0911cf5cc4f36,14112.580018,501.0806214387409,PPO-coload-130-large-r0-B40320,solutions/test-Test-4-000--coload-130/4f4c0501354bee53a96ee2ef5706ea3fb9e289ba7a5de808b5b0911cf5cc4f36.json
coload-130,test-Test-4-000--coload-130,18284.204703000003,1301.6291509847197,aaaa14c22c97e53098ef1e122b44fc23f9a5b6c7a9d0e2ec0e397549066fbea2,14148.716017999997,499.99341138061055,PPO-coload-130-large-r0-B40320,solutions/test-Test-4-000--coload-130/aaaa14c22c97e53098ef1e122b44fc23f9a5b6c7a9d0e2ec0e397549066fbea2.json
coload-130,test-Test-4-000--coload-130,18284.204703000003,1301.6291509847197,3e5f34ad841abf61360ae41db5f5ae4df365020204d594359b750590be957ed8,14159.480767999998,498.3921512992989,PPO-coload-130-large-r0-B40320,solutions/test-Test-4-000--coload-130/3e5f34ad841abf61360ae41db5f5ae4df365020204d594359b750590be957ed8.json
coload-130,test-Test-4-000--coload-130,18284.204703000003,1301.6291509847197,848054d886f38af4a6aada377c5eea862d791c0e35defa7702d67023c14d8c25,14433.101148999998,493.67647865282487,PPO-coload-130-large-r0-B40320,solutions/test-Test-4-000--coload-130/848054d886f38af4a6aada377c5eea862d791c0e35defa7702d67023c14d8c25.json
coload-130,test-Test-4-000--coload-130,18284.204703000003,1301.6291509847197,bdb60762f3c905a634609433d81d4b2d74d2a0539b3c18ccd09955df77cf51c8,14613.238768,492.8868837922984,PPO-coload-130-large-r0-B40320,solutions/test-Test-4-000--coload-130/bdb60762f3c905a634609433d81d4b2d74d2a0539b3c18ccd09955df77cf51c8.json
coload-130,test-Test-4-000--coload-130,18284.204703000003,1301.6291509847197,a5cab89c71ece9e14444a9b691adb6374538b6a529b9e95d3d1e332d6283c8ef,17823.600884999996,488.0611301459834,PPO-coload-130-large-r1-B40320,solutions/test-Test-4-000--coload-130/a5cab89c71ece9e14444a9b691adb6374538b6a529b9e95d3d1e332d6283c8ef.json
coload-130,test-Test-4-000--coload-130,18284.204703000003,1301.6291509847197,dd85eb4c60011f2d118b74594b06525feaaf45737b2967e14561be6577ba833f,17912.310783,485.6608067354673,PPO-coload-130-large-r1-B40320,solutions/test-Test-4-000--coload-130/dd85eb4c60011f2d118b74594b06525feaaf45737b2967e14561be6577ba833f.json
coload-130,test-Test-4-000--coload-130,18284.204703000003,1301.6291509847197,e4cca45bf78f9c0aafa8117c48e0585b888362d18a1e2b11c399814985c7b012,18111.790191,484.89332396197005,PPO-coload-130-large-r1-B40320,solutions/test-Test-4-000--coload-130/e4cca45bf78f9c0aafa8117c48e0585b888362d18a1e2b11c399814985c7b012.json
coload-130,test-Test-4-000--coload-130,18284.204703000003,1301.6291509847197,2dd25966ab2233d0aa98cf65e3d3d14206994952f5cb83fe987b6ed1a59eedf6,18167.874759,482.86961546156687,PPO-coload-130-large-r1-B40320,solutions/test-Test-4-000--coload-130/2dd25966ab2233d0aa98cf65e3d3d14206994952f5cb83fe987b6ed1a59eedf6.json
coload-130,test-Test-4-000--coload-130,18284.204703000003,1301.6291509847197,83b5aca1828f37b0a595fb9e04f9d2f0ad6baa8c5654edbbca7e49d47545a3fe,18268.755782999997,480.7714139900136,PPO-coload-130-large-r1-B40320,solutions/test-Test-4-000--coload-130/83b5aca1828f37b0a595fb9e04f9d2f0ad6baa8c5654edbbca7e49d47545a3fe.json
coload-130,test-Test-4-000--coload-130,18284.204703000003,1301.6291509847197,442c7edc335257e0a9f099c4b3755f07863ad1b69af21d2326ef1cae9be146fd,18272.742782999998,480.6629617720248,PPO-coload-130-large-r1-B40320,solutions/test-Test-4-000--coload-130/442c7edc335257e0a9f099c4b3755f07863ad1b69af21d2326ef1cae9be146fd.json
coload-130,test-Test-4-000--coload-130,18284.204703000003,1301.6291509847197,d5c790daebef3c41b24d0cb99e2f7ea61863c99c9a0c12ba36075cbc7f5ac21b,18301.890783,479.01170677130443,PPO-coload-130-large-r1-B40320,solutions/test-Test-4-000--coload-130/d5c790daebef3c41b24d0cb99e2f7ea61863c99c9a0c12ba36075cbc7f5ac21b.json
coload-130,test-Test-4-000--coload-130,18284.204703000003,1301.6291509847197,c8f387cb222967047286ca417c6fedc8b74dbe658fefbbfe9e65ddaed72475e7,18531.812875999996,478.3541353257299,PPO-coload-130-large-r1-B40320,solutions/test-Test-4-000--coload-130/c8f387cb222967047286ca417c6fedc8b74dbe658fefbbfe9e65ddaed72475e7.json
coload-130,test-Test-4-000--coload-130,18284.204703000003,1301.6291509847197,f1200437f5dcdc071830f7c1e1eadec87af3710b9a19241422ec22eea504f014,18630.684631000004,471.1141605406608,PPO-coload-130-large-r1-B40320,solutions/test-Test-4-000--coload-130/f1200437f5dcdc071830f7c1e1eadec87af3710b9a19241422ec22eea504f014.json
coload-130,test-Test-4-000--coload-130,18284.204703000003,1301.6291509847197,32ba82ceefd455562b7e7f01e9dae0450aac53cced9c065eb4e4164b3529d496,18736.074235,468.23965135013106,PPO-coload-130-large-r1-B40320,solutions/test-Test-4-000--coload-130/32ba82ceefd455562b7e7f01e9dae0450aac53cced9c065eb4e4164b3529d496.json
coload-130,test-Test-4-000--coload-130,18284.204703000003,1301.6291509847197,a942356a4348f68f84402c74ae8d01fe796a44fdc43fdf2c7fb69dbbe6a9c27c,18759.818235000002,463.94060340642454,PPO-coload-130-large-r1-B40320,solutions/test-Test-4-000--coload-130/a942356a4348f68f84402c74ae8d01fe796a44fdc43fdf2c7fb69dbbe6a9c27c.json
coload-130,test-Test-4-000--coload-130,18284.204703000003,1301.6291509847197,3633b68bd3b8cee3da7e1b8ffcd2b5a7917058ffbf6243449b6421141eb5f1ce,20908.373531999998,462.7307625055523,PPO-coload-130-large-r1-B40320,solutions/test-Test-4-000--coload-130/3633b68bd3b8cee3da7e1b8ffcd2b5a7917058ffbf6243449b6421141eb5f1ce.json
coload-130,test-Test-4-000--coload-130,18284.204703000003,1301.6291509847197,38e1afd5dc9b262cbac39ff84708c7ce0cbacac1175ea57a8d09bf5c78302acd,20914.598532,462.49715406779876,PPO-coload-130-large-r1-B40320,solutions/test-Test-4-000--coload-130/38e1afd5dc9b262cbac39ff84708c7ce0cbacac1175ea57a8d09bf5c78302acd.json
coload-130,test-Test-4-000--coload-130,18284.204703000003,1301.6291509847197,23f9edb757276dc75345a47f5efe0d7d7434667d466195e68d72d688deba4ac0,20918.891968,462.3173287893927,PPO-coload-130-large-r1-B40320,solutions/test-Test-4-000--coload-130/23f9edb757276dc75345a47f5efe0d7d7434667d466195e68d72d688deba4ac0.json
coload-130,test-Test-4-000--coload-130,18284.204703000003,1301.6291509847197,331833681cb19943e992e533a7d3b7450278d0eb3839724b4b1172c8afd90238,21143.135515999995,461.39897302079214,PPO-coload-130-large-r1-B40320,solutions/test-Test-4-000--coload-130/331833681cb19943e992e533a7d3b7450278d0eb3839724b4b1172c8afd90238.json
coload-130,test-Test-4-000--coload-130,18284.204703000003,1301.6291509847197,c575f68ca8760bf52f23e66d404d1837aaab666849a2df3654a6ea5793959235,21247.232554000002,452.27249383108324,PPO-coload-130-large-r1-B40320,solutions/test-Test-4-000--coload-130/c575f68ca8760bf52f23e66d404d1837aaab666849a2df3654a6ea5793959235.json
coload-130,test-Test-4-000--coload-130,18284.204703000003,1301.6291509847197,637af920626f6dec84ca4d87cb7b2dbc58e3fd8a7b13e878d5a0b8b11e28868a,21467.026553999996,452.15172579773093,PPO-coload-130-large-r1-B40320,solutions/test-Test-4-000--coload-130/637af920626f6dec84ca4d87cb7b2dbc58e3fd8a7b13e878d5a0b8b11e28868a.json
coload-130,test-Test-4-000--coload-130,18284.204703000003,1301.6291509847197,3e20f68788fdeb6bc5978a10ce239539b854d00d6e46ff901dd4bdb3d350c158,21482.882553999996,451.89707169538815,PPO-coload-130-large-r1-B40320,solutions/test-Test-4-000--coload-130/3e20f68788fdeb6bc5978a10ce239539b854d00d6e46ff901dd4bdb3d350c158.json
coload-130,test-Test-4-000--coload-130,18284.204703000003,1301.6291509847197,2e7e2c61202848f7d49f778f96a2f0d3eff3320eb54e39ed9db2e4d0742a61a5,21540.791553999996,448.4622230450081,PPO-coload-130-large-r1-B40320,solutions/test-Test-4-000--coload-130/2e7e2c61202848f7d49f778f96a2f0d3eff3320eb54e39ed9db2e4d0742a61a5.json
coload-130,test-Test-4-000--coload-130,18284.204703000003,1301.6291509847197,523aaa7933de400f8dc7595cce4732c369affa3ef7ee36121ddb1353cceb4ae5,21706.621553999998,447.0269175515337,PPO-coload-130-large-r1-B40320,solutions/test-Test-4-000--coload-130/523aaa7933de400f8dc7595cce4732c369affa3ef7ee36121ddb1353cceb4ae5.json
coload-130,test-Test-4-000--coload-130,18284.204703000003,1301.6291509847197,21f44286387b107235d91aca741fa10a76ed03fed8da17c06c5f439e46cb6762,21780.386553999997,443.33741479881087,PPO-coload-130-large-r1-B40320,solutions/test-Test-4-000--coload-130/21f44286387b107235d91aca741fa10a76ed03fed8da17c06c5f439e46cb6762.json
coload-130,test-Test-4-000--coload-130,18284.204703000003,1301.6291509847197,0ed3ca80a6e468758eb5c453c288cf0d3a97dee209c45997a483d38b5c21a408,22015.154533999998,442.44474416560286,PPO-coload-130-large-r1-B40320,solutions/test-Test-4-000--coload-130/0ed3ca80a6e468758eb5c453c288cf0d3a97dee209c45997a483d38b5c21a408.json
coload-130,test-Test-4-000--coload-130,18284.204703000003,1301.6291509847197,6602e50decfd87e6a916514db6dd0d2c3dfe9de27280ef07a35732154995f845,22167.370553999997,440.83616911121703,PPO-coload-130-large-r1-B40320,solutions/test-Test-4-000--coload-130/6602e50decfd87e6a916514db6dd0d2c3dfe9de27280ef07a35732154995f845.json
coload-130,test-Test-4-000--coload-130,18284.204703000003,1301.6291509847197,83db30d61471ad4c17e9a45125cba92f2912bcffb429f2228b40e3eb540cb28d,22171.760533999994,440.2131162342677,PPO-coload-130-large-r1-B40320,solutions/test-Test-4-000--coload-130/83db30d61471ad4c17e9a45125cba92f2912bcffb429f2228b40e3eb540cb28d.json
coload-130,test-Test-4-000--coload-130,18284.204703000003,1301.6291509847197,0a8c61f1da11710b543c8a6fc37898b0f6964116ef4e7385cedc223179ae4c6e,22210.778533999997,440.21074883906397,PPO-coload-130-large-r1-B40320,solutions/test-Test-4-000--coload-130/0a8c61f1da11710b543c8a6fc37898b0f6964116ef4e7385cedc223179ae4c6e.json
coload-130,test-Test-4-000--coload-130,18284.204703000003,1301.6291509847197,bc78e8a858012213322083d5a1c30affcb5f46606122d04467b653aebbb72d45,22518.330776,429.9257621822209,PPO-coload-130-large-r1-B40320,solutions/test-Test-4-000--coload-130/bc78e8a858012213322083d5a1c30affcb5f46606122d04467b653aebbb72d45.json
coload-130,test-Test-4-000--coload-130,18284.204703000003,1301.6291509847197,2dcf900fd934d3f65bf52999ff15f30bfc38812e2ffeed5cd7dd652022337a16,22572.089818,429.1417477049239,PPO-coload-130-large-r1-B40320,solutions/test-Test-4-000--coload-130/2dcf900fd934d3f65bf52999ff15f30bfc38812e2ffeed5cd7dd652022337a16.json
coload-130,test-Test-4-000--coload-130,18284.204703000003,1301.6291509847197,084518c6584fd9e6beaff069299b34aa0b44b2378ff9a3aee818fef649d293ed,22737.262818000003,428.4089452876985,PPO-coload-130-large-r1-B40320,solutions/test-Test-4-000--coload-130/084518c6584fd9e6beaff069299b34aa0b44b2378ff9a3aee818fef649d293ed.json
coload-130,test-Test-4-000--coload-130,18284.204703000003,1301.6291509847197,2d4f2a5f37daea33a10f0a3c5627d95274da3b6e55a119ce18a68938cd1c27c1,22829.499344000003,427.12597299503227,PPO-coload-130-large-r1-B40320,solutions/test-Test-4-000--coload-130/2d4f2a5f37daea33a10f0a3c5627d95274da3b6e55a119ce18a68938cd1c27c1.json
coload-130,test-Test-4-000--coload-130,18284.204703000003,1301.6291509847197,57b866840005eee1e577ce7626b685e1f6a67ece928c616da228b9139d48f4ab,22864.503024000005,426.92742176150716,PPO-coload-130-large-r1-B40320,solutions/test-Test-4-000--coload-130/57b866840005eee1e577ce7626b685e1f6a67ece928c616da228b9139d48f4ab.json
coload-130,test-Test-4-000--coload-130,18284.204703000003,1301.6291509847197,4d218222cc5cb12ef9adbd2d8fe103f82541ab14c2aa09706699e258b6104430,22938.097818000006,426.30885238185806,PPO-coload-130-large-r1-B40320,solutions/test-Test-4-000--coload-130/4d218222cc5cb12ef9adbd2d8fe103f82541ab14c2aa09706699e258b6104430.json
